id,status,chance_of_playing_next_round,chance_of_playing_this_round,now_cost,now_cost_rank,now_cost_rank_type,cost_change_event,cost_change_event_fall,cost_change_start,cost_change_start_fall,selected_by_percent,selected_rank,selected_rank_type,total_points,event_points,points_per_game,points_per_game_rank,points_per_game_rank_type,bonus,bps,form,form_rank,form_rank_type,value_form,value_season,dreamteam_count,transfers_in,transfers_in_event,transfers_out,transfers_out_event,ep_next,ep_this,expected_goals,expected_assists,expected_goal_involvements,expected_goals_conceded,expected_goals_per_90,expected_assists_per_90,expected_goal_involvements_per_90,expected_goals_conceded_per_90,influence,influence_rank,influence_rank_type,creativity,creativity_rank,creativity_rank_type,threat,threat_rank,threat_rank_type,ict_index,ict_index_rank,ict_index_rank_type,corners_and_indirect_freekicks_order,direct_freekicks_order,penalties_order,gw,set_piece_threat,first_name,second_name,web_name,news,news_added,minutes,goals_scored,assists,clean_sheets,goals_conceded,own_goals,penalties_saved,penalties_missed,yellow_cards,red_cards,saves,starts,defensive_contribution,corners_and_indirect_freekicks_text,direct_freekicks_text,penalties_text,saves_per_90,clean_sheets_per_90,goals_conceded_per_90,starts_per_90,defensive_contribution_per_90,tackles,clearances_blocks_interceptions,recoveries
22,a,,,5.5,194,120,0,0,0,0,0.0,556,236,0,0,1.3,347,159,0,0,0.0,452,171,0.0,1.5,0,0,0,0,0,2.0,,0.0,0.0,0.0,0.0,0.13,0.04,0.17,0.4,0.0,372,171,0.0,321,165,0.0,306,158,0.0,356,166,,,,1,,Ethan,Nwaneri,Nwaneri,,,0,0,0,0,0,0,0,0,0,0,0,0,0,,,,0.0,0.55,0.0,0.0,7.09,0,0,0
23,a,,,5.5,160,100,0,0,0,0,0.0,571,248,0,0,0.0,565,243,0,0,0.0,418,151,0.0,0.0,0,0,0,0,0,2.0,,0.0,0.0,0.0,0.0,0.0,0.0,0.0,0.0,0.0,565,243,0.0,565,243,0.0,564,243,0.0,565,243,,,,1,,Fábio,Ferreira Vieira,Fábio Vieira,,,0,0,0,0,0,0,0,0,0,0,0,0,0,,,,0.0,0.0,0.0,0.0,0.0,0,0,0
14,a,,,6.5,41,28,0,0,0,0,2.6,110,36,0,0,3.4,122,50,0,0,0.0,546,230,0.0,17.4,0,0,0,0,0,2.3,,0.0,0.0,0.0,0.0,0.25,0.13,0.38,0.68,0.0,156,61,0.0,123,85,0.0,47,28,0.0,95,54,,3.0,,1,,Eberechi,Eze,Eze,,,0,0,0,0,0,0,0,0,0,0,0,0,0,,,,0.0,0.53,0.67,1.05,5.73,0,0,0
15,a,,,6.5,35,23,0,0,0,0,4.6,78,27,0,0,3.1,163,62,0,0,0.0,540,225,0.0,11.4,0,0,0,0,0,2.3,,0.0,0.0,0.0,0.0,0.08,0.24,0.32,1.07,0.0,196,85,0.0,39,36,0.0,180,98,0.0,120,68,4.0,,3.0,1,,Martin,Ødegaard,Ødegaard,,,0,0,0,0,0,0,0,0,0,0,0,0,0,,,,0.0,0.4,0.86,1.06,6.74,0,0,0
20,a,,,5.5,219,137,0,0,0,0,0.2,387,144,0,0,2.7,212,83,0,0,0.0,477,188,0.0,2.9,0,0,0,0,0,2.0,,0.0,0.0,0.0,0.0,0.7,0.18,0.88,0.52,0.0,338,154,0.0,279,153,0.0,264,140,0.0,318,152,,,,1,,Max,Dowman,Dowman,,,0,0,0,0,0,0,0,0,0,0,0,0,0,,,,0.0,0.59,0.59,0.59,9.47,0,0,0
25,a,,,7.5,15,6,0,0,0,0,11.5,39,8,0,0,3.6,97,10,0,0,0.0,571,64,0.0,17.1,0,0,0,0,0,2.3,,0.0,0.0,0.0,0.0,0.5,0.08,0.58,0.72,0.0,99,9,0.0,133,11,0.0,19,11,0.0,46,8,,,2.0,1,,Viktor,Gyökeres,Gyökeres,,,0,0,0,0,0,0,0,0,0,0,0,0,0,,,,0.0,0.49,0.57,1.06,3.45,0,0,0
26,a,,,7.5,14,5,0,0,0,0,4.1,83,12,0,0,3.0,177,17,0,0,0.0,570,63,0.0,4.8,0,0,0,0,0,2.3,,0.0,0.0,0.0,0.0,0.52,0.1,0.62,1.04,0.0,274,27,0.0,211,23,0.0,145,32,0.0,245,27,,,,1,,Kai,Havertz,Havertz,,,0,0,0,0,0,0,0,0,0,0,0,0,0,,,,0.0,0.62,0.62,1.09,4.99,0,0,0
586,a,,,4.0,586,190,0,0,0,0,0.4,275,102,0,0,0.0,453,169,0,0,0.0,65,45,0.0,0.0,0,0,0,0,0,1.0,,0.0,0.0,0.0,0.0,0.0,0.0,0.0,0.0,0.0,448,169,0.0,434,169,0.0,416,166,0.0,450,169,,,,1,,Nobel,Mendy,Mendy,,,0,0,0,0,0,0,0,0,0,0,0,0,0,,,,0.0,0.0,0.0,0.0,0.0,0,0,0
27,a,,,6.0,68,17,0,0,0,0,0.4,290,50,0,0,1.7,319,35,0,0,0.0,493,48,0.0,4.0,0,0,0,0,0,2.0,,0.0,0.0,0.0,0.0,0.58,0.06,0.64,0.85,0.0,280,30,0.0,281,33,0.0,107,27,0.0,252,30,,,,1,,Gabriel,Fernando de Jesus,G.Jesus,,,0,0,0,0,0,0,0,0,0,0,0,0,0,,,,0.0,0.22,1.29,0.65,6.46,0,0,0
452,a,,,7.0,24,15,0,0,0,0,9.4,50,18,0,0,5.3,7,3,0,0,0.0,562,243,0.0,22.0,0,0,0,0,0,2.5,,0.0,0.0,0.0,0.0,0.2,0.18,0.38,1.17,0.0,32,9,0.0,18,17,0.0,45,27,0.0,20,16,5.0,,4.0,1,,Bruno,Guimarães Rodriguez Moura,Bruno G.,,,0,0,0,0,0,0,0,0,0,0,0,0,0,,,,0.0,0.22,1.36,0.99,9.2,0,0,0
16,a,,,6.5,43,30,0,0,0,0,0.3,299,98,0,0,2.8,201,77,0,0,0.0,548,232,0.0,11.1,0,0,0,0,0,2.3,,0.0,0.0,0.0,0.0,0.09,0.21,0.3,0.95,0.0,221,98,0.0,98,71,0.0,64,38,0.0,126,72,6.0,,,1,,Noni,Madueke,Madueke,,,0,0,0,0,0,0,0,0,0,0,0,0,0,,,,0.0,0.6,0.67,1.2,5.23,0,0,0
17,a,,,6.0,64,42,0,0,0,0,0.9,197,67,0,0,3.0,175,68,0,0,0.0,489,191,0.0,11.2,0,0,0,0,0,2.1,,0.0,0.0,0.0,0.0,0.3,0.13,0.43,0.65,0.0,199,88,0.0,176,118,0.0,119,69,0.0,189,94,,,,1,,Mikel,Merino Zazón,Merino,,,0,0,0,0,0,0,0,0,0,0,0,0,0,,,,0.0,0.35,0.88,0.88,9.93,0,0,0
24,a,,,5.5,131,82,0,0,0,0,0.0,572,249,0,0,1.3,345,157,0,0,0.0,389,133,0.0,2.4,0,0,0,0,0,2.0,,0.0,0.0,0.0,0.0,0.54,0.08,0.62,2.3,0.0,340,156,0.0,306,161,0.0,301,156,0.0,337,157,,,,1,,Reiss,Nelson,Nelson,,,0,0,0,0,0,0,0,0,0,0,0,0,0,,,,0.0,0.0,1.53,0.0,17.54,0,0,0
557,a,,,6.5,44,31,0,0,0,0,11.9,34,10,0,0,0.0,586,257,0,0,0.0,549,233,0.0,0.0,0,0,0,0,0,2.3,,0.0,0.0,0.0,0.0,0.0,0.0,0.0,0.0,0.0,586,257,0.0,586,257,0.0,586,257,0.0,586,257,3.0,,,1,,Christos,Tzolis,Tzolis,,,0,0,0,0,0,0,0,0,0,0,0,0,0,,,,0.0,0.0,0.0,0.0,0.0,0,0,0
28,a,,,5.0,230,7,0,0,0,0,4.9,73,10,0,0,3.8,69,7,0,0,0.0,207,49,0.0,24.0,0,0,0,0,0,2.6,,0.0,0.0,0.0,0.0,0.0,0.0,0.0,1.36,0.0,34,10,0.0,319,4,0.0,488,52,0.0,175,10,,,,1,,Emiliano,Martínez Romero,Martinez,,,0,0,0,0,0,0,0,0,0,0,0,0,0,,,,3.02,0.22,1.24,1.02,0.0,0,0,0
29,a,,,4.5,394,22,0,0,0,0,0.1,412,44,0,0,2.3,253,25,0,0,0.0,72,22,0.0,3.6,0,0,0,0,0,1.9,,0.0,0.0,0.0,0.0,0.0,0.0,0.0,1.7,0.0,283,21,0.0,438,35,0.0,421,26,0.0,323,21,,,,1,,Marco,Bizot,M.Bizot,,,0,0,0,0,0,0,0,0,0,0,0,0,0,,,,2.92,0.15,1.54,0.92,0.0,0,0,0
6,i,0.0,,6.0,88,9,0,0,0,0,0.4,283,107,0,0,4.4,34,13,0,0,0.0,513,189,0.0,22.8,0,0,0,0,0,0.0,,0.0,0.0,0.0,0.0,0.03,0.04,0.07,0.7,0.0,92,41,0.0,167,41,0.0,245,76,0.0,164,57,,,,1,,William,Saliba,Saliba,Back injury - Unknown return date,,0,0,0,0,0,0,0,0,0,0,0,0,0,,,,0.0,0.52,0.69,1.03,6.64,0,0,0
7,a,,,5.5,193,119,0,0,0,0,0.5,271,87,0,0,1.4,341,155,0,0,0.0,451,170,0.0,5.3,0,0,0,0,0,2.0,,0.0,0.0,0.0,0.0,0.01,0.03,0.04,1.16,0.0,318,144,0.0,262,145,0.0,302,157,0.0,315,150,,,,1,,Myles,Lewis-Skelly,Lewis-Skelly,,,0,0,0,0,0,0,0,0,0,0,0,0,0,,,,0.0,0.26,1.03,0.65,3.23,0,0,0
8,a,,,5.5,178,25,0,0,0,0,24.2,11,2,0,0,4.2,41,16,0,0,0.0,436,175,0.0,19.8,0,0,0,0,0,2.5,,0.0,0.0,0.0,0.0,0.18,0.04,0.22,0.52,0.0,211,80,0.0,182,46,0.0,93,12,0.0,178,62,,,,1,,Riccardo,Calafiori,Calafiori,,,0,0,0,0,0,0,0,0,0,0,0,0,0,,,,0.0,0.69,0.42,1.17,5.41,0,0,0
9,a,,,5.5,168,22,0,0,0,0,3.0,100,38,0,0,3.5,105,43,0,0,0.0,426,172,0.0,15.8,0,0,0,0,0,2.5,,0.0,0.0,0.0,0.0,0.02,0.08,0.1,0.88,0.0,129,54,0.0,180,45,0.0,258,82,0.0,196,65,,,,1,,Piero,Hincapié,Hincapie,,,0,0,0,0,0,0,0,0,0,0,0,0,0,,,,0.0,0.25,0.96,1.01,8.61,0,0,0
10,a,100.0,,5.5,129,13,0,0,0,0,2.3,119,48,0,0,3.8,71,27,0,0,0.0,387,163,0.0,8.2,0,0,0,0,0,2.5,,0.0,0.0,0.0,0.0,0.06,0.09,0.15,1.12,0.0,272,101,0.0,213,58,0.0,275,89,0.0,280,92,,,,1,,Benjamin,White,White,,,0,0,0,0,0,0,0,0,0,0,0,0,0,,,,0.0,0.64,0.77,1.16,6.82,0,0,0
11,a,,,5.5,195,29,0,0,0,0,12.0,33,12,0,0,2.0,288,110,0,0,0.0,453,179,0.0,7.3,0,0,0,0,0,2.5,,0.0,0.0,0.0,0.0,0.01,0.06,0.07,0.83,0.0,239,90,0.0,243,79,0.0,310,108,0.0,282,93,,,,1,,Cristhian,Mosquera,Mosquera,,,0,0,0,0,0,0,0,0,0,0,0,0,0,,,,0.0,0.27,0.73,0.82,8.67,0,0,0
12,a,,,9.5,3,2,0,0,0,0,10.0,46,16,0,0,5.1,12,6,0,0,0.0,587,258,0.0,16.5,0,0,0,0,0,3.2,,0.0,0.0,0.0,0.0,0.31,0.29,0.6,0.63,0.0,68,20,0.0,12,11,0.0,11,6,0.0,10,8,2.0,2.0,1.0,1,,Bukayo,Saka,Saka,,,0,0,0,0,0,0,0,0,0,0,0,0,0,,,,0.0,0.49,0.65,1.01,7.47,0,0,0
13,a,,,7.5,13,8,0,0,0,0,20.4,17,6,0,0,5.1,9,4,0,0,0.0,569,248,0.0,24.5,0,0,0,0,0,2.6,,0.0,0.0,0.0,0.0,0.09,0.21,0.3,0.69,0.0,24,8,0.0,4,4,0.0,100,63,0.0,14,11,1.0,1.0,,1,,Declan,Rice,Rice,,,0,0,0,0,0,0,0,0,0,0,0,0,0,,,,0.0,0.52,0.73,1.02,10.94,0,0,0
18,a,,,6.5,45,32,0,0,0,0,0.3,317,108,0,0,1.9,298,130,0,0,0.0,550,234,0.0,8.8,0,0,0,0,0,2.3,,0.0,0.0,0.0,0.0,0.35,0.11,0.46,0.89,0.0,249,112,0.0,166,111,0.0,69,42,0.0,177,86,,,,1,,Gabriel,Martinelli Silva,Martinelli,,,0,0,0,0,0,0,0,0,0,0,0,0,0,,,,0.0,0.17,0.68,0.93,6.51,0,0,0
19,a,,,5.5,185,113,0,0,0,0,1.4,168,55,0,0,3.5,107,42,0,0,0.0,443,164,0.0,24.2,0,0,0,0,0,2.0,,0.0,0.0,0.0,0.0,0.09,0.07,0.16,0.79,0.0,74,24,0.0,85,63,0.0,110,64,0.0,78,49,,,,1,,Martín,Zubimendi Ibáñez,Zubimendi,,,0,0,0,0,0,0,0,0,0,0,0,0,0,,,,0.0,0.48,0.75,1.02,9.24,0,0,0
1,a,,,6.0,60,1,0,0,0,0,33.3,5,1,0,0,4.4,32,3,0,0,0.0,485,66,0.0,27.0,0,0,0,0,0,4.0,,0.0,0.0,0.0,0.0,0.0,0.0,0.0,0.74,0.0,96,16,0.0,304,3,0.0,580,66,0.0,229,16,,,,1,,David,Raya Martín,Raya,,,0,0,0,0,0,0,0,0,0,0,0,0,0,,,,1.62,0.51,0.7,1.0,0.0,0,0,0
2,a,,,5.0,233,9,0,0,0,0,0.1,422,47,0,0,2.0,285,28,0,0,0.0,210,51,0.0,0.4,0,0,0,0,0,2.6,,0.0,0.0,0.0,0.0,0.0,0.0,0.0,0.98,0.0,357,30,0.0,496,59,0.0,490,54,0.0,373,30,,,,1,,Kepa,Arrizabalaga Revuelta,Arrizabalaga,,,0,0,0,0,0,0,0,0,0,0,0,0,0,,,,2.0,0.0,1.0,1.0,0.0,0,0,0
3,a,,,5.0,297,15,0,0,0,0,0.1,497,56,0,0,0.0,519,65,0,0,0.0,274,57,0.0,0.0,0,0,0,0,0,2.6,,0.0,0.0,0.0,0.0,0.0,0.0,0.0,0.0,0.0,519,65,0.0,516,62,0.0,513,60,0.0,519,65,,,,1,,Illan,Meslier,Meslier,,,0,0,0,0,0,0,0,0,0,0,0,0,0,,,,0.0,0.0,0.0,0.0,0.0,0,0,0
4,a,,,8.0,9,1,0,0,0,0,28.3,7,1,0,0,6.5,4,1,0,0,0.0,581,194,0.0,26.1,0,0,0,0,0,4.0,,0.0,0.0,0.0,0.0,0.1,0.06,0.16,0.72,0.0,25,9,0.0,219,61,0.0,101,15,0.0,80,18,,,,1,,Gabriel,dos Santos Magalhães,Gabriel,,,0,0,0,0,0,0,0,0,0,0,0,0,0,,,,0.0,0.59,0.65,0.98,9.07,0,0,0
5,i,0.0,,6.5,47,3,0,0,0,0,0.3,328,122,0,0,5.0,13,3,0,0,0.0,552,192,0.0,22.9,0,0,0,0,0,0.0,,0.0,0.0,0.0,0.0,0.17,0.06,0.23,0.64,0.0,114,49,0.0,76,18,0.0,76,9,0.0,79,17,,,,1,,Jurriën,Timber,J.Timber,Groin injury - Unknown return date,,0,0,0,0,0,0,0,0,0,0,0,0,0,,,,0.0,0.48,0.73,1.03,5.43,0,0,0
30,u,0.0,,4.5,399,82,0,0,0,0,0.5,251,93,0,0,3.1,154,61,0,0,0.0,77,53,0.0,21.6,0,0,0,0,0,0.0,,0.0,0.0,0.0,0.0,0.03,0.16,0.19,1.36,0.0,153,63,0.0,60,11,0.0,206,56,0.0,134,43,,,,1,,Lucas,Digne,Digne,Has joined Paris Saint-Germain permanently,,0,0,0,0,0,0,0,0,0,0,0,0,0,,,,0.0,0.34,1.12,1.03,5.52,0,0,0
31,a,,,4.5,424,96,0,0,0,0,15.3,26,9,0,0,2.9,180,74,0,0,0.0,102,67,0.0,22.2,0,0,0,0,0,1.7,,0.0,0.0,0.0,0.0,0.04,0.02,0.06,1.45,0.0,76,31,0.0,233,72,0.0,210,58,0.0,165,58,,,,1,,Ezri,Konsa Ngoyo,Konsa,,,0,0,0,0,0,0,0,0,0,0,0,0,0,,,,0.0,0.27,1.3,1.01,5.81,0,0,0
32,a,,,4.5,423,95,0,0,0,0,8.6,54,21,0,0,3.3,125,48,0,0,0.0,101,66,0.0,26.0,0,0,0,0,0,1.7,,0.0,0.0,0.0,0.0,0.03,0.09,0.12,1.36,0.0,65,29,0.0,49,6,0.0,136,28,0.0,67,13,1.0,,,1,,Matty,Cash,Cash,,,0,0,0,0,0,0,0,0,0,0,0,0,0,,,,0.0,0.24,1.13,1.01,5.55,0,0,0
33,a,,,4.5,411,86,0,0,0,0,0.3,318,118,0,0,2.9,178,73,0,0,0.0,89,57,0.0,11.1,0,0,0,0,0,1.7,,0.0,0.0,0.0,0.0,0.09,0.03,0.12,1.59,0.0,212,81,0.0,256,85,0.0,226,68,0.0,255,81,,,,1,,Tyrone,Mings,Mings,,,0,0,0,0,0,0,0,0,0,0,0,0,0,,,,0.0,0.2,1.57,1.02,7.28,0,0,0
34,a,,,4.5,450,116,0,0,0,0,0.3,302,112,0,0,3.0,167,70,0,0,0.0,128,87,0.0,14.2,0,0,0,0,0,1.7,,0.0,0.0,0.0,0.0,0.07,0.02,0.09,1.23,0.0,193,74,0.0,290,99,0.0,251,79,0.0,260,85,,,,1,,Pau,Torres,Pau,,,0,0,0,0,0,0,0,0,0,0,0,0,0,,,,0.0,0.27,1.02,0.97,6.03,0,0,0
35,a,,,5.0,353,206,0,0,0,0,0.1,480,198,0,0,1.4,339,153,0,0,0.0,330,94,0.0,8.0,0,0,0,0,0,1.5,,0.0,0.0,0.0,0.0,0.0,0.02,0.02,1.33,0.0,288,133,0.0,277,152,0.0,322,164,0.0,309,147,,,,1,,Lamare,Bogarde,Bogarde,,,0,0,0,0,0,0,0,0,0,0,0,0,0,,,,0.0,0.17,1.47,0.95,5.18,0,0,0
36,a,,,4.5,456,121,0,0,0,0,0.8,204,75,0,0,1.8,299,111,0,0,0.0,134,92,0.0,12.0,0,0,0,0,0,1.7,,0.0,0.0,0.0,0.0,0.07,0.14,0.21,1.51,0.0,180,71,0.0,90,21,0.0,130,25,0.0,142,47,,,,1,,Ian,Maatsen,Maatsen,,,0,0,0,0,0,0,0,0,0,0,0,0,0,,,,0.0,0.11,1.53,0.96,7.25,0,0,0
37,a,,,4.5,420,92,0,0,0,0,0.2,344,127,0,0,1.7,311,114,0,0,0.0,98,63,0.0,6.4,0,0,0,0,0,1.7,,0.0,0.0,0.0,0.0,0.03,0.01,0.04,1.52,0.0,262,99,0.0,302,103,0.0,307,106,0.0,307,106,,,,1,,Victor,Lindelöf,Lindelöf,,,0,0,0,0,0,0,0,0,0,0,0,0,0,,,,0.0,0.1,1.43,1.05,5.16,0,0,0
38,a,,,4.0,585,189,0,0,0,0,1.7,149,61,0,0,0.8,395,132,0,0,0.0,64,44,0.0,1.2,0,0,0,0,0,1.0,,0.0,0.0,0.0,0.0,0.0,0.01,0.01,2.97,0.0,360,125,0.0,359,126,0.0,348,126,0.0,369,128,,,,1,,Andrés,García,A.García,,,0,0,0,0,0,0,0,0,0,0,0,0,0,,,,0.0,0.0,3.25,1.08,10.84,0,0,0
39,a,,,4.0,582,187,0,0,0,0,0.8,207,77,0,0,0.0,450,167,0,0,0.0,61,42,0.0,0.0,0,0,0,0,0,1.0,,0.0,0.0,0.0,0.0,0.0,0.0,0.0,0.0,0.0,445,167,0.0,431,167,0.0,413,164,0.0,447,167,,,,1,,Kosta,Nedeljkovic,Nedeljkovic,,,0,0,0,0,0,0,0,0,0,0,0,0,0,,,,0.0,0.0,0.0,0.0,0.0,0,0,0
41,a,,,6.0,65,43,0,0,0,0,1.2,174,58,0,0,2.8,199,75,0,0,0.0,490,192,0.0,17.0,0,0,0,0,0,2.1,,0.0,0.0,0.0,0.0,0.17,0.11,0.28,1.44,0.0,144,55,0.0,77,58,0.0,67,40,0.0,87,51,,1.0,1.0,1,,Emiliano,Buendía Stati,Buendía,,,0,0,0,0,0,0,0,0,0,0,0,0,0,,,,0.0,0.15,1.23,1.08,10.11,0,0,0
44,a,,,5.5,140,87,0,0,0,0,0.1,403,156,0,0,1.6,325,143,0,0,0.0,398,138,0.0,3.8,0,0,0,0,0,2.0,,0.0,0.0,0.0,0.0,0.1,0.29,0.39,1.41,0.0,319,145,0.0,192,125,0.0,263,139,0.0,288,139,,,,1,,Leon,Bailey,Bailey,,,0,0,0,0,0,0,0,0,0,0,0,0,0,,,,0.0,0.0,1.8,0.6,9.6,0,0,0
45,a,,,5.5,117,76,0,0,0,0,3.2,96,32,0,0,3.4,114,44,0,0,0.0,375,127,0.0,18.7,0,0,0,0,0,2.0,,0.0,0.0,0.0,0.0,0.13,0.17,0.3,1.39,0.0,127,46,0.0,33,32,0.0,96,61,0.0,68,43,2.0,,,1,,John,McGinn,McGinn,,,0,0,0,0,0,0,0,0,0,0,0,0,0,,,,0.0,0.34,1.18,1.18,6.32,0,0,0
46,a,,,5.0,227,140,0,0,0,0,0.2,368,131,0,0,2.7,204,78,0,0,0.0,204,28,0.0,11.2,0,0,0,0,0,1.5,,0.0,0.0,0.0,0.0,0.17,0.13,0.3,1.41,0.0,234,104,0.0,187,123,0.0,161,86,0.0,226,115,,,,1,,Ross,Barkley,Barkley,,,0,0,0,0,0,0,0,0,0,0,0,0,0,,,,0.0,0.11,1.6,0.75,7.89,0,0,0
47,a,100.0,,5.0,279,166,0,0,0,0,0.2,337,118,0,0,3.4,111,43,0,0,0.0,256,54,0.0,12.2,0,0,0,0,0,1.5,,0.0,0.0,0.0,0.0,0.03,0.05,0.08,1.33,0.0,190,81,0.0,141,97,0.0,253,135,0.0,212,108,,,,1,,Boubacar,Kamara,Kamara,,,0,0,0,0,0,0,0,0,0,0,0,0,0,,,,0.0,0.32,0.96,1.09,9.51,0,0,0
48,i,0.0,,5.0,305,180,0,0,0,0,0.0,541,224,0,0,3.0,170,64,0,0,0.0,282,68,0.0,15.2,0,0,0,0,0,0.0,,0.0,0.0,0.0,0.0,0.09,0.04,0.13,1.46,0.0,148,56,0.0,203,130,0.0,175,94,0.0,185,93,,,,1,,Amadou,Onana,Onana,Knee injury - Unknown return date,,0,0,0,0,0,0,0,0,0,0,0,0,0,,,,0.0,0.31,1.33,1.08,11.23,0,0,0
49,u,0.0,,5.0,317,185,0,0,0,0,0.0,561,240,0,0,0.0,528,219,0,0,0.0,294,73,0.0,0.0,0,0,0,0,0,0.0,,0.0,0.0,0.0,0.0,0.0,0.0,0.0,0.0,0.0,528,219,0.0,527,219,0.0,523,218,0.0,528,219,,,,1,,Samuel,Iling-Junior,Iling Jr,Has joined Bolton Wanderers on loan for the rest of the season,,0,0,0,0,0,0,0,0,0,0,0,0,0,,,,0.0,0.0,0.0,0.0,0.0,0,0,0
50,a,,,4.5,519,258,0,0,0,0,0.7,221,72,0,0,1.0,375,171,0,0,0.0,197,23,0.0,0.2,0,0,0,0,0,1.0,,0.0,0.0,0.0,0.0,0.0,0.0,0.0,5.06,0.0,498,199,0.0,375,187,0.0,484,197,0.0,498,199,,,,1,,Bradley,Burrowes,Burrowes,,,0,0,0,0,0,0,0,0,0,0,0,0,0,,,,0.0,0.0,5.62,0.0,5.62,0,0,0
51,a,,,4.5,506,254,0,0,0,0,0.4,282,91,0,0,1.0,371,169,0,0,0.0,184,19,0.0,0.4,0,0,0,0,0,1.0,,0.0,0.0,0.0,0.0,0.14,0.04,0.18,2.2,0.0,491,197,0.0,369,185,0.0,353,179,0.0,392,184,,,,1,,George,Hemmings,George Hemmings,,,0,0,0,0,0,0,0,0,0,0,0,0,0,,,,0.0,0.0,0.0,0.0,3.6,0,0,0
52,a,,,5.0,387,232,0,0,0,0,0.0,508,212,0,0,1.0,385,181,0,0,0.0,364,120,0.0,0.6,0,0,0,0,0,1.5,,0.0,0.0,0.0,0.0,0.1,0.1,0.2,3.58,0.0,384,179,0.0,358,177,0.0,329,168,0.0,380,179,,,,1,,Alysson Edward Franco,da Rocha dos Santos,Alysson,,,0,0,0,0,0,0,0,0,0,0,0,0,0,,,,0.0,0.0,3.83,0.0,7.66,0,0,0
53,i,0.0,,6.0,110,72,0,0,0,0,1.1,187,64,0,0,0.0,585,256,0,0,0.0,535,221,0.0,0.0,0,0,0,0,0,0.0,,0.0,0.0,0.0,0.0,0.0,0.0,0.0,0.0,0.0,585,256,0.0,585,256,0.0,585,256,0.0,585,256,,,,1,,Johan,Manzambi,Manzambi,Knee injury - Unknown return date,,0,0,0,0,0,0,0,0,0,0,0,0,0,,,,0.0,0.0,0.0,0.0,0.0,0,0,0
54,i,0.0,,5.5,167,105,0,0,0,0,0.2,339,119,0,0,3.0,173,66,0,0,0.0,425,156,0.0,15.5,0,0,0,0,0,0.0,,0.0,0.0,0.0,0.0,0.05,0.05,0.1,1.98,0.0,117,41,0.0,96,70,0.0,177,96,0.0,125,71,,,,1,,Joao,Gomes,Gomes,Calf injury - Unknown return date,,0,0,0,0,0,0,0,0,0,0,0,0,0,,,,0.0,0.16,1.67,1.02,15.78,0,0,0
55,a,,,8.0,7,3,0,0,0,0,12.5,30,7,0,0,4.5,29,5,0,0,0.0,579,67,0.0,20.9,0,0,0,0,0,2.5,,0.0,0.0,0.0,0.0,0.49,0.04,0.53,1.38,0.0,42,4,0.0,107,5,0.0,2,2,0.0,11,3,,,2.0,1,,Ollie,Watkins,Watkins,,,0,0,0,0,0,0,0,0,0,0,0,0,0,,,,0.0,0.29,1.21,1.05,2.99,0,0,0
56,d,75.0,,5.5,122,31,0,0,0,0,0.2,341,58,0,0,1.9,292,29,0,0,0.0,380,27,0.0,4.2,0,0,0,0,0,1.3,,0.0,0.0,0.0,0.0,0.66,0.12,0.78,1.66,0.0,311,34,0.0,286,34,0.0,200,36,0.0,297,35,,,,1,,Tammy,Abraham,Abraham,Knock - 75% chance of playing,,0,0,0,0,0,0,0,0,0,0,0,0,0,,,,0.0,0.0,2.59,0.65,4.21,0,0,0
160,a,,,6.0,95,60,0,0,0,0,0.8,219,71,0,0,2.3,260,108,0,0,0.0,520,209,0.0,9.3,0,0,0,0,0,2.1,,0.0,0.0,0.0,0.0,0.25,0.26,0.51,1.46,0.0,243,109,0.0,73,55,0.0,66,39,0.0,127,73,,,,1,,Alejandro,Garnacho Ferreyra,Garnacho,,,0,0,0,0,0,0,0,0,0,0,0,0,0,,,,0.0,0.29,1.43,1.0,5.07,0,0,0
582,i,0.0,,5.5,222,47,0,0,0,0,1.1,188,31,0,0,0.0,580,67,0,0,0.0,480,43,0.0,0.0,0,0,0,0,0,0.0,,0.0,0.0,0.0,0.0,0.0,0.0,0.0,0.0,0.0,580,67,0.0,580,67,0.0,579,67,0.0,580,67,,,,1,,Brian,Madjo,Madjo,Unspecified injury - Unknown return date,,0,0,0,0,0,0,0,0,0,0,0,0,0,,,,0.0,0.0,0.0,0.0,0.0,0,0,0
57,a,,,4.5,459,37,0,0,0,0,3.6,88,14,0,0,3.3,126,16,0,0,0.0,137,37,0.0,27.6,0,0,0,0,0,1.9,,0.0,0.0,0.0,0.0,0.0,0.0,0.0,1.49,0.0,26,7,0.0,461,48,0.0,447,41,0.0,167,8,,,,1,,Đorđe,Petrović,Petrović,,,0,0,0,0,0,0,0,0,0,0,0,0,0,,,,2.87,0.29,1.42,1.0,0.0,0,0,0
58,a,,,4.0,523,48,0,0,0,0,3.2,94,16,0,0,0.0,402,33,0,0,0.0,2,2,0.0,0.0,0,0,0,0,0,1.0,,0.0,0.0,0.0,0.0,0.0,0.0,0.0,0.0,0.0,396,33,0.0,379,15,0.0,360,6,0.0,398,33,,,,1,,Fraser,Forster,Forster,,,0,0,0,0,0,0,0,0,0,0,0,0,0,,,,0.0,0.0,0.0,0.0,0.0,0,0,0
59,a,,,4.0,556,60,0,0,0,0,0.2,365,40,0,0,0.0,429,43,0,0,0.0,35,14,0.0,0.0,0,0,0,0,0,1.0,,0.0,0.0,0.0,0.0,0.0,0.0,0.0,0.0,0.0,423,43,0.0,408,27,0.0,389,18,0.0,425,43,,,,1,,Will,Dennis,Dennis,,,0,0,0,0,0,0,0,0,0,0,0,0,0,,,,0.0,0.0,0.0,0.0,0.0,0,0,0
60,a,,,5.5,174,24,0,0,0,0,1.1,190,67,0,0,3.8,73,28,0,0,0.0,432,174,0.0,20.0,0,0,0,0,0,2.5,,0.0,0.0,0.0,0.0,0.04,0.05,0.09,1.43,0.0,83,35,0.0,189,48,0.0,218,63,0.0,157,53,,,,1,,James,Hill,Hill,,,0,0,0,0,0,0,0,0,0,0,0,0,0,,,,0.0,0.34,1.03,0.94,11.13,0,0,0
61,a,,,5.5,190,28,0,0,0,0,4.9,72,27,0,0,4.3,39,15,0,0,0.0,448,178,0.0,30.0,0,0,0,0,0,2.5,,0.0,0.0,0.0,0.0,0.04,0.08,0.12,1.45,0.0,19,7,0.0,37,2,0.0,160,43,0.0,43,7,,,,1,,Adrien,Truffert,Truffert,,,0,0,0,0,0,0,0,0,0,0,0,0,0,,,,0.0,0.29,1.36,1.01,8.02,0,0,0
62,a,,,5.0,289,52,0,0,0,0,0.2,364,137,0,0,2.6,224,91,0,0,0.0,266,134,0.0,9.2,0,0,0,0,0,2.2,,0.0,0.0,0.0,0.0,0.0,0.01,0.01,1.59,0.0,217,83,0.0,280,95,0.0,308,107,0.0,279,91,,,,1,,Bafodé,Diakité,Diakité,,,0,0,0,0,0,0,0,0,0,0,0,0,0,,,,0.0,0.28,1.91,1.06,8.26,0,0,0
63,i,0.0,,5.0,382,77,0,0,0,0,0.0,527,177,0,0,2.7,207,85,0,0,0.0,359,159,0.0,3.8,0,0,0,0,0,0.0,,0.0,0.0,0.0,0.0,0.04,0.05,0.09,1.08,0.0,306,111,0.0,331,117,0.0,328,118,0.0,330,114,,,,1,,Veljko,Milosavljevic,Milosavljević,Unspecified injury - Unknown return date,,0,0,0,0,0,0,0,0,0,0,0,0,0,,,,0.0,0.25,1.47,0.98,9.56,0,0,0
64,a,,,4.5,392,79,0,0,0,0,0.1,433,148,0,0,2.6,217,86,0,0,0.0,70,50,0.0,12.9,0,0,0,0,0,1.7,,0.0,0.0,0.0,0.0,0.0,0.02,0.02,1.52,0.0,259,97,0.0,260,87,0.0,314,112,0.0,296,100,,,,1,,Adam,Smith,Smith,,,0,0,0,0,0,0,0,0,0,0,0,0,0,,,,0.0,0.5,1.34,1.17,5.87,0,0,0
65,i,0.0,,4.5,454,119,0,0,0,0,0.1,495,168,0,0,0.0,472,176,0,0,0.0,132,90,0.0,0.0,0,0,0,0,0,0.0,,0.0,0.0,0.0,0.0,0.0,0.0,0.0,0.0,0.0,467,176,0.0,459,176,0.0,444,175,0.0,469,176,,,,1,,Julián,Araujo Zúñiga,J.Araujo,Thigh injury - Unknown return date,,0,0,0,0,0,0,0,0,0,0,0,0,0,,,,0.0,0.0,0.0,0.0,0.0,0,0,0
66,d,75.0,,4.0,579,184,0,0,0,0,0.5,264,99,0,0,1.0,360,125,0,0,0.0,58,39,0.0,0.8,0,0,0,0,0,0.8,,0.0,0.0,0.0,0.0,0.0,0.0,0.0,4.29,0.0,388,132,0.0,362,127,0.0,347,125,0.0,387,131,,,,1,,Julio,Soler Barreto,Soler,Hamstring injury - 75% chance of playing,,0,0,0,0,0,0,0,0,0,0,0,0,0,,,,0.0,0.0,5.29,0.0,2.65,0,0,0
67,a,,,6.5,50,35,0,0,0,0,3.1,97,33,0,0,4.5,27,12,0,0,0.0,555,237,0.0,10.3,0,0,0,0,0,2.3,,0.0,0.0,0.0,0.0,0.22,0.15,0.37,1.55,0.0,213,94,0.0,157,105,0.0,112,65,0.0,182,90,,,,1,,Rayan Vitor,Simplício Rocha,Rayan,,,0,0,0,0,0,0,0,0,0,0,0,0,0,,,,0.0,0.49,0.81,1.05,6.65,0,0,0
68,a,,,6.0,66,44,0,0,0,0,1.8,142,43,0,0,4.0,57,24,0,0,0.0,491,193,0.0,22.8,0,0,0,0,0,2.1,,0.0,0.0,0.0,0.0,0.3,0.15,0.45,1.35,0.0,60,17,0.0,15,14,0.0,30,16,0.0,19,15,1.0,1.0,3.0,1,,Marcus,Tavernier,Tavernier,,,0,0,0,0,0,0,0,0,0,0,0,0,0,,,,0.0,0.36,1.45,1.02,8.27,0,0,0
69,a,,,6.0,98,63,0,0,0,0,1.6,158,48,0,0,3.7,81,35,0,0,0.0,523,212,0.0,22.7,0,0,0,0,0,2.1,,0.0,0.0,0.0,0.0,0.12,0.09,0.21,1.49,0.0,77,25,0.0,53,46,0.0,91,57,0.0,63,41,2.0,4.0,,1,,Alex,Scott,Scott,,,0,0,0,0,0,0,0,0,0,0,0,0,0,,,,0.0,0.35,1.3,1.07,12.2,0,0,0
70,a,,,6.0,74,47,0,0,0,0,1.1,182,62,0,0,2.0,290,124,0,0,0.0,499,196,0.0,6.8,0,0,0,0,0,2.1,,0.0,0.0,0.0,0.0,0.22,0.15,0.37,1.71,0.0,276,127,0.0,124,86,0.0,202,112,0.0,224,114,3.0,2.0,2.0,1,,Justin,Kluivert,Kluivert,,,0,0,0,0,0,0,0,0,0,0,0,0,0,,,,0.0,0.38,1.81,0.95,6.19,0,0,0
71,a,,,5.0,242,146,0,0,0,0,0.1,413,160,0,0,2.2,266,111,0,0,0.0,219,34,0.0,8.0,0,0,0,0,0,1.5,,0.0,0.0,0.0,0.0,0.01,0.05,0.06,1.44,0.0,247,111,0.0,181,120,0.0,324,165,0.0,269,131,5.0,,,1,,Lewis,Cook,Cook,,,0,0,0,0,0,0,0,0,0,0,0,0,0,,,,0.0,0.1,1.96,0.83,14.76,0,0,0
72,a,,,5.0,337,196,0,0,0,0,0.1,430,173,0,0,1.4,337,151,0,0,0.0,314,84,0.0,2.2,0,0,0,0,0,1.5,,0.0,0.0,0.0,0.0,0.22,0.11,0.33,4.06,0.0,347,160,0.0,326,167,0.0,286,150,0.0,341,161,,,,1,,Ben,Gannon-Doak,Gannon-Doak,,,0,0,0,0,0,0,0,0,0,0,0,0,0,,,,0.0,0.0,0.86,0.0,11.14,0,0,0
73,d,75.0,,5.0,255,155,0,0,0,0,0.5,250,82,0,0,3.1,158,60,0,0,0.0,232,43,0.0,15.4,0,0,0,0,0,1.1,,0.0,0.0,0.0,0.0,0.03,0.03,0.06,1.38,0.0,157,62,0.0,197,126,0.0,223,121,0.0,208,105,,,,1,,Tyler,Adams,Adams,Unspecified injury - 75% chance of playing,,0,0,0,0,0,0,0,0,0,0,0,0,0,,,,0.0,0.36,1.42,1.07,11.8,0,0,0
74,d,75.0,,5.0,234,141,0,0,0,0,0.1,402,155,0,0,1.9,291,125,0,0,0.0,211,29,0.0,11.8,0,0,0,0,0,1.1,,0.0,0.0,0.0,0.0,0.44,0.26,0.7,1.53,0.0,230,102,0.0,87,65,0.0,53,32,0.0,121,69,4.0,3.0,,1,,David,Brooks,Brooks,Unspecified injury - 75% chance of playing,,0,0,0,0,0,0,0,0,0,0,0,0,0,,,,0.0,0.38,1.52,0.98,7.12,0,0,0
75,s,0.0,,5.0,243,147,0,0,0,0,0.0,550,232,0,0,1.8,302,131,0,0,0.0,220,35,0.0,9.4,0,0,0,0,0,0.0,,0.0,0.0,0.0,0.0,0.17,0.07,0.24,1.76,0.0,235,105,0.0,173,115,0.0,138,78,0.0,210,107,6.0,,,1,,Ryan,Christie,Christie,Suspended until 29 Aug,,0,0,0,0,0,0,0,0,0,0,0,0,0,,,,0.0,0.28,1.29,0.83,11.32,0,0,0
76,a,,,5.0,381,228,0,0,0,0,0.0,562,241,0,0,0.9,394,185,0,0,0.0,358,116,0.0,1.6,0,0,0,0,0,1.5,,0.0,0.0,0.0,0.0,0.07,0.22,0.29,3.27,0.0,359,166,0.0,276,151,0.0,315,160,0.0,339,159,,,,1,,Alex,Tóth,Tóth.A,,,0,0,0,0,0,0,0,0,0,0,0,0,0,,,,0.0,0.0,2.0,1.33,11.33,0,0,0
77,i,0.0,,5.0,329,191,0,0,0,0,0.1,416,162,0,0,2.2,269,114,0,0,0.0,306,79,0.0,13.4,0,0,0,0,0,0.0,,0.0,0.0,0.0,0.0,0.22,0.14,0.36,1.53,0.0,216,95,0.0,145,98,0.0,113,66,0.0,180,88,,,,1,,Amine,Adli,Adli,Unspecified injury - Unknown return date,,0,0,0,0,0,0,0,0,0,0,0,0,0,,,,0.0,0.25,1.42,0.84,10.31,0,0,0
78,i,0.0,,7.5,22,13,0,0,0,0,1.9,137,41,0,0,3.4,123,51,0,0,0.0,578,253,0.0,15.1,0,0,0,0,0,0.0,,0.0,0.0,0.0,0.0,0.45,0.08,0.53,1.4,0.0,103,33,0.0,122,84,0.0,37,22,0.0,60,39,,,1.0,1,,Junior,Kroupi,Kroupi.Jr,Foot injury - Unknown return date,,0,0,0,0,0,0,0,0,0,0,0,0,0,,,,0.0,0.54,1.14,1.14,6.06,0,0,0
79,a,,,6.0,84,22,0,0,0,0,2.1,126,17,0,0,3.2,152,13,0,0,0.0,509,53,0.0,19.2,0,0,0,0,0,2.0,,0.0,0.0,0.0,0.0,0.35,0.05,0.4,1.28,0.0,171,15,0.0,78,2,0.0,14,7,0.0,48,10,,,,1,,Francisco Evanilson,de Lima Barbosa,Evanilson,,,0,0,0,0,0,0,0,0,0,0,0,0,0,,,,0.0,0.36,1.31,1.05,4.43,0,0,0
80,u,0.0,,5.5,119,29,0,0,0,0,0.1,405,62,0,0,1.2,350,40,0,0,0.0,377,25,0.0,4.9,0,0,0,0,0,0.0,,0.0,0.0,0.0,0.0,0.84,0.03,0.87,2.59,0.0,322,35,0.0,315,40,0.0,229,38,0.0,311,37,,,,1,,Enes,Ünal,Enes Ünal,Has joined Getafe permanently,,0,0,0,0,0,0,0,0,0,0,0,0,0,,,,0.0,0.0,1.26,0.0,9.67,0,0,0
81,d,75.0,,6.0,105,27,0,0,0,0,0.2,330,55,0,0,0.0,583,69,0,0,0.0,530,58,0.0,0.0,0,0,0,0,0,1.5,,0.0,0.0,0.0,0.0,0.0,0.0,0.0,0.0,0.0,583,69,0.0,583,69,0.0,583,69,0.0,583,69,,,,1,,Álvaro,Rodríguez,Rodríguez,Unspecified injury - 75% chance of playing,,0,0,0,0,0,0,0,0,0,0,0,0,0,,,,0.0,0.0,0.0,0.0,0.0,0,0,0
566,a,,,5.0,323,64,0,0,0,0,0.2,334,124,0,0,0.0,532,186,0,0,0.0,300,146,0.0,0.0,0,0,0,0,0,2.2,,0.0,0.0,0.0,0.0,0.0,0.0,0.0,0.0,0.0,532,186,0.0,531,186,0.0,527,186,0.0,532,186,,,,1,,António João,Pereira de Albuquerque Tavares da Silva,Silva,,,0,0,0,0,0,0,0,0,0,0,0,0,0,,,,0.0,0.0,0.0,0.0,0.0,0,0,0
573,a,,,4.5,477,129,0,0,0,0,0.1,397,143,0,0,0.0,481,178,0,0,0.0,155,100,0.0,0.0,0,0,0,0,0,1.7,,0.0,0.0,0.0,0.0,0.0,0.0,0.0,0.0,0.0,476,178,0.0,470,178,0.0,457,177,0.0,478,178,,,,1,,Juanlu,Sánchez,Sanchez,,,0,0,0,0,0,0,0,0,0,0,0,0,0,,,,0.0,0.0,0.0,0.0,0.0,0,0,0
82,a,,,5.0,254,11,0,0,0,0,5.8,66,8,0,0,3.9,64,5,0,0,0.0,231,53,0.0,28.6,0,0,0,0,0,2.6,,0.0,0.0,0.0,0.0,0.0,0.01,0.01,1.45,0.0,12,3,0.0,320,5,0.0,497,56,0.0,143,3,,,,1,,Caoimhín,Kelleher,Kelleher,,,0,0,0,0,0,0,0,0,0,0,0,0,0,,,,2.95,0.27,1.32,1.0,0.0,0,0,0
83,a,,,4.5,482,42,0,0,0,0,0.1,432,49,0,0,1.0,364,31,0,0,0.0,160,42,0.0,0.2,0,0,0,0,0,1.9,,0.0,0.0,0.0,0.0,0.0,0.0,0.0,0.97,0.0,365,31,0.0,473,52,0.0,461,46,0.0,383,31,,,,1,,Hákon Rafn,Valdimarsson,Valdimarsson,,,0,0,0,0,0,0,0,0,0,0,0,0,0,,,,1.0,0.0,3.0,1.0,0.0,0,0,0
84,a,,,5.5,157,19,0,0,0,0,2.0,127,52,0,0,3.7,79,32,0,0,0.0,415,169,0.0,23.5,0,0,0,0,0,2.5,,0.0,0.0,0.0,0.0,0.07,0.05,0.12,1.44,0.0,20,8,0.0,206,54,0.0,86,10,0.0,73,16,,,,1,,Nathan,Collins,Collins,,,0,0,0,0,0,0,0,0,0,0,0,0,0,,,,0.0,0.27,1.33,0.97,9.66,0,0,0
85,i,0.0,,5.0,302,57,0,0,0,0,0.5,257,96,0,0,3.5,103,42,0,0,0.0,279,139,0.0,22.6,0,0,0,0,0,0.0,,0.0,0.0,0.0,0.0,0.11,0.05,0.16,1.36,0.0,58,25,0.0,239,76,0.0,97,13,0.0,115,34,,,,1,,Sepp,van den Berg,Van den Berg,Unspecified injury - Unknown return date,,0,0,0,0,0,0,0,0,0,0,0,0,0,,,,0.0,0.26,1.34,0.98,8.87,0,0,0
86,a,,,5.5,153,95,0,0,0,0,0.5,266,86,0,0,3.2,148,58,0,0,0.0,411,146,0.0,20.9,0,0,0,0,0,2.0,,0.0,0.0,0.0,0.0,0.14,0.12,0.26,1.55,0.0,159,63,0.0,106,76,0.0,75,46,0.0,114,64,,1.0,,1,,Keane,Lewis-Potter,Lewis-Potter,,,0,0,0,0,0,0,0,0,0,0,0,0,0,,,,0.0,0.41,1.47,1.01,3.4,0,0,0
87,a,,,4.5,421,93,0,0,0,0,2.0,130,53,0,0,2.8,189,77,0,0,0.0,99,64,0.0,16.9,0,0,0,0,0,1.7,,0.0,0.0,0.0,0.0,0.03,0.04,0.07,1.57,0.0,152,62,0.0,278,94,0.0,182,49,0.0,216,70,,,,1,,Kristoffer,Ajer,Ajer,,,0,0,0,0,0,0,0,0,0,0,0,0,0,,,,0.0,0.25,1.6,1.0,9.57,0,0,0
88,a,,,4.5,514,143,0,0,0,0,3.6,89,34,0,0,3.1,157,64,0,0,0.0,192,114,0.0,25.1,0,0,0,0,0,1.7,,0.0,0.0,0.0,0.0,0.04,0.08,0.12,1.45,0.0,71,30,0.0,55,8,0.0,207,57,0.0,84,21,,,,1,,Michael,Kayode,Kayode,,,0,0,0,0,0,0,0,0,0,0,0,0,0,,,,0.0,0.28,1.35,1.02,6.05,0,0,0
89,a,,,4.5,422,94,0,0,0,0,0.2,329,123,0,0,2.1,274,104,0,0,0.0,100,65,0.0,11.6,0,0,0,0,0,1.7,,0.0,0.0,0.0,0.0,0.01,0.04,0.05,1.63,0.0,275,102,0.0,254,84,0.0,292,98,0.0,299,101,,,,1,,Rico,Henry,Henry,,,0,0,0,0,0,0,0,0,0,0,0,0,0,,,,0.0,0.27,1.5,0.95,4.63,0,0,0
90,a,,,4.5,465,125,0,0,0,0,0.1,475,162,0,0,1.8,301,112,0,0,0.0,143,96,0.0,8.2,0,0,0,0,0,1.7,,0.0,0.0,0.0,0.0,0.06,0.02,0.08,1.2,0.0,304,109,0.0,328,114,0.0,281,91,0.0,320,109,,,,1,,Aaron,Hickey,Hickey,,,0,0,0,0,0,0,0,0,0,0,0,0,0,,,,0.0,0.27,1.19,1.06,6.76,0,0,0
91,a,,,4.5,438,107,0,0,0,0,0.1,448,153,0,0,3.5,99,39,0,0,0.0,116,78,0.0,3.1,0,0,0,0,0,1.7,,0.0,0.0,0.0,0.0,0.0,0.02,0.02,1.05,0.0,310,113,0.0,370,129,0.0,295,99,0.0,328,112,,,,1,,Ethan,Pinnock,Pinnock,,,0,0,0,0,0,0,0,0,0,0,0,0,0,,,,0.0,0.28,1.42,1.13,11.89,0,0,0
92,a,,,4.5,501,137,0,0,0,0,0.0,538,184,0,0,0.0,494,181,0,0,0.0,179,108,0.0,0.0,0,0,0,0,0,1.7,,0.0,0.0,0.0,0.0,0.0,0.0,0.0,0.0,0.0,490,181,0.0,486,181,0.0,477,181,0.0,492,181,,,,1,,Kim,Ji-soo,Ji-soo,,,0,0,0,0,0,0,0,0,0,0,0,0,0,,,,0.0,0.0,0.0,0.0,0.0,0,0,0
93,a,,,4.5,483,131,0,0,0,0,0.2,388,142,0,0,0.0,484,179,0,0,0.0,161,102,0.0,0.0,0,0,0,0,0,1.7,,0.0,0.0,0.0,0.0,0.0,0.0,0.0,0.0,0.0,479,179,0.0,474,179,0.0,462,178,0.0,481,179,,,,1,,Jannik,Schuster,Schuster,,,0,0,0,0,0,0,0,0,0,0,0,0,0,,,,0.0,0.0,0.0,0.0,0.0,0,0,0
94,a,,,6.0,100,65,0,0,0,0,2.9,104,34,0,0,3.6,94,40,0,0,0.0,525,214,0.0,20.8,0,0,0,0,0,2.1,,0.0,0.0,0.0,0.0,0.4,0.07,0.47,1.31,0.0,100,31,0.0,89,66,0.0,12,7,0.0,33,25,,,2.0,1,,Kevin,Schade,Schade,,,0,0,0,0,0,0,0,0,0,0,0,0,0,,,,0.0,0.36,1.12,1.05,6.23,0,0,0
95,a,,,6.5,53,37,0,0,0,0,1.4,165,53,0,0,4.2,44,20,0,0,0.0,558,239,0.0,20.9,0,0,0,0,0,2.3,,0.0,0.0,0.0,0.0,0.31,0.16,0.47,1.38,0.0,112,38,0.0,65,50,0.0,23,10,0.0,42,29,4.0,,,1,,Dango,Ouattara,O.Dango,,,0,0,0,0,0,0,0,0,0,0,0,0,0,,,,0.0,0.24,1.39,0.99,7.33,0,0,0
96,a,,,5.5,161,101,0,0,0,0,0.6,239,78,0,0,3.4,116,46,0,0,0.0,419,152,0.0,20.5,0,0,0,0,0,2.0,,0.0,0.0,0.0,0.0,0.11,0.24,0.35,1.39,0.0,106,34,0.0,26,25,0.0,85,53,0.0,49,31,3.0,3.0,,1,,Mikkel,Damsgaard,Damsgaard,,,0,0,0,0,0,0,0,0,0,0,0,0,0,,,,0.0,0.22,1.41,1.06,10.6,0,0,0
97,a,,,5.5,137,85,0,0,0,0,0.2,381,140,0,0,2.7,209,81,0,0,0.0,395,136,0.0,17.8,0,0,0,0,0,2.0,,0.0,0.0,0.0,0.0,0.09,0.24,0.33,1.44,0.0,140,52,0.0,29,28,0.0,155,84,0.0,77,48,1.0,2.0,3.0,1,,Mathias,Jensen,Jensen,,,0,0,0,0,0,0,0,0,0,0,0,0,0,,,,0.0,0.36,1.33,1.05,8.84,0,0,0
98,a,,,5.0,258,157,0,0,0,0,0.1,438,176,0,0,3.0,169,63,0,0,0.0,235,45,0.0,14.8,0,0,0,0,0,1.5,,0.0,0.0,0.0,0.0,0.05,0.14,0.19,1.67,0.0,172,69,0.0,99,72,0.0,234,126,0.0,176,85,2.0,,,1,,Vitaly,Janelt,Janelt,,,0,0,0,0,0,0,0,0,0,0,0,0,0,,,,0.0,0.31,1.32,0.94,11.49,0,0,0
99,d,75.0,,5.0,363,215,0,0,0,0,0.0,583,257,0,0,1.0,380,176,0,0,0.0,340,103,0.0,0.2,0,0,0,0,0,1.1,,0.0,0.0,0.0,0.0,0.0,0.02,0.02,2.98,0.0,380,176,0.0,368,184,0.0,543,230,0.0,388,182,,,,1,,Antoni,Milambo,Milambo,Knee injury - 75% chance of playing,,0,0,0,0,0,0,0,0,0,0,0,0,0,,,,0.0,0.0,6.0,2.0,8.0,0,0,0
100,a,100.0,,5.0,290,173,0,0,0,0,0.0,536,222,0,0,2.2,268,113,0,0,0.0,267,61,0.0,2.6,0,0,0,0,0,1.5,,0.0,0.0,0.0,0.0,0.63,0.03,0.66,1.87,0.0,343,158,0.0,349,173,0.0,291,152,0.0,345,162,,,,1,,Fábio,Freitas Gouveia Carvalho,Carvalho,,,0,0,0,0,0,0,0,0,0,0,0,0,0,,,,0.0,0.0,3.6,0.9,7.2,0,0,0
102,a,,,5.0,346,201,0,0,0,0,1.4,163,52,0,0,2.8,196,73,0,0,0.0,323,89,0.0,20.8,0,0,0,0,0,1.5,,0.0,0.0,0.0,0.0,0.04,0.05,0.09,1.37,0.0,132,47,0.0,132,90,0.0,219,119,0.0,166,81,,,,1,,Yehor,Yarmoliuk,Yarmoliuk,,,0,0,0,0,0,0,0,0,0,0,0,0,0,,,,0.0,0.27,1.43,1.02,11.47,0,0,0
103,a,,,5.0,251,152,0,0,0,0,0.0,533,221,0,0,1.0,378,174,0,0,0.0,228,40,0.0,0.4,0,0,0,0,0,1.5,,0.0,0.0,0.0,0.0,3.6,0.0,3.6,2.25,0.0,394,185,0.0,336,171,0.0,342,174,0.0,377,176,,,,1,,Josh,Dasilva,Dasilva,,,0,0,0,0,0,0,0,0,0,0,0,0,0,,,,0.0,0.0,0.0,0.0,45.0,0,0,0
105,a,,,6.0,85,54,0,0,0,0,0.2,359,127,0,0,0.0,581,254,0,0,0.0,510,203,0.0,0.0,0,0,0,0,0,2.1,,0.0,0.0,0.0,0.0,0.0,0.0,0.0,0.0,0.0,581,254,0.0,581,254,0.0,581,254,0.0,581,254,,,,1,,Jaidon,Anthony,Anthony,,,0,0,0,0,0,0,0,0,0,0,0,0,0,,,,0.0,0.0,0.0,0.0,0.0,0,0,0
106,a,,,8.0,12,4,0,0,0,0,17.2,23,4,0,0,4.8,15,3,0,0,0.0,584,68,0.0,22.6,0,0,0,0,0,2.5,,0.0,0.0,0.0,0.0,0.56,0.05,0.61,1.46,0.0,5,2,0.0,88,3,0.0,3,3,0.0,6,2,,,1.0,1,,Igor Thiago,Nascimento Rodrigues,Thiago,,,0,0,0,0,0,0,0,0,0,0,0,0,0,,,,0.0,0.27,1.37,1.01,5.87,0,0,0
107,a,,,4.5,509,67,0,0,0,0,0.8,211,35,0,0,1.0,373,44,0,0,0.0,187,9,0.0,0.2,0,0,0,0,0,1.0,,0.0,0.0,0.0,0.0,0.0,0.0,0.0,1.8,0.0,492,52,0.0,487,52,0.0,479,53,0.0,493,53,,,,1,,Kaye,Furo,Furo,,,0,0,0,0,0,0,0,0,0,0,0,0,0,,,,0.0,0.0,0.0,0.0,0.0,0,0,0
108,a,,,5.5,112,28,0,0,0,0,0.4,295,51,0,0,0.0,558,63,0,0,0.0,370,24,0.0,0.0,0,0,0,0,0,1.8,,0.0,0.0,0.0,0.0,0.0,0.0,0.0,0.0,0.0,558,63,0.0,558,63,0.0,556,63,0.0,558,63,,,,1,,Callum,Wilson,Wilson,,,0,0,0,0,0,0,0,0,0,0,0,0,0,,,,0.0,0.0,0.0,0.0,0.0,0,0,0
565,a,,,5.5,198,123,0,0,0,0,1.7,148,44,0,0,0.0,572,249,0,0,0.0,456,174,0.0,0.0,0,0,0,0,0,2.0,,0.0,0.0,0.0,0.0,0.0,0.0,0.0,0.0,0.0,572,249,0.0,572,249,0.0,571,249,0.0,572,249,,,,1,,Mamadou,Sangaré,Sangaré,,,0,0,0,0,0,0,0,0,0,0,0,0,0,,,,0.0,0.0,0.0,0.0,0.0,0,0,0
109,a,,,4.5,472,41,0,0,0,0,18.7,19,4,0,0,3.4,109,12,0,0,0.0,150,41,0.0,28.9,0,0,0,0,0,1.9,,0.0,0.0,0.0,0.0,0.0,0.0,0.0,1.29,0.0,9,2,0.0,341,10,0.0,454,45,0.0,141,2,,,,1,,Bart,Verbruggen,Verbruggen,,,0,0,0,0,0,0,0,0,0,0,0,0,0,,,,2.79,0.26,1.21,1.0,0.0,0,0,0
111,a,,,4.0,524,49,0,0,0,0,4.4,80,12,0,0,0.0,403,34,0,0,0.0,3,3,0.0,0.0,0,0,0,0,0,1.0,,0.0,0.0,0.0,0.0,0.0,0.0,0.0,0.0,0.0,397,34,0.0,380,16,0.0,361,7,0.0,399,34,,,,1,,Jason,Steele,Steele,,,0,0,0,0,0,0,0,0,0,0,0,0,0,,,,0.0,0.0,0.0,0.0,0.0,0,0,0
113,a,,,4.5,439,108,0,0,0,0,3.1,98,36,0,0,3.2,141,55,0,0,0.0,117,79,0.0,26.2,0,0,0,0,0,1.7,,0.0,0.0,0.0,0.0,0.06,0.1,0.16,1.28,0.0,113,48,0.0,62,13,0.0,104,17,0.0,83,20,3.0,,,1,,Ferdi,Kadıoğlu,F.Kadıoğlu,,,0,0,0,0,0,0,0,0,0,0,0,0,0,,,,0.0,0.29,1.18,0.98,4.89,0,0,0
114,a,,,4.5,426,97,0,0,0,0,0.2,362,136,0,0,3.2,139,53,0,0,0.0,104,68,0.0,8.7,0,0,0,0,0,1.7,,0.0,0.0,0.0,0.0,0.01,0.05,0.06,1.22,0.0,242,92,0.0,253,83,0.0,323,116,0.0,287,96,,,,1,,Olivier,Boscagli,Boscagli,,,0,0,0,0,0,0,0,0,0,0,0,0,0,,,,0.0,0.34,1.13,1.01,8.79,0,0,0
115,a,,,4.5,462,123,0,0,0,0,1.5,160,63,0,0,2.8,191,79,0,0,0.0,140,94,0.0,18.7,0,0,0,0,0,1.7,,0.0,0.0,0.0,0.0,0.11,0.26,0.37,1.54,0.0,187,72,0.0,47,5,0.0,193,52,0.0,129,38,2.0,4.0,,1,,Maxim,De Cuyper,De Cuyper,,,0,0,0,0,0,0,0,0,0,0,0,0,0,,,,0.0,0.32,1.47,1.09,4.1,0,0,0
117,a,,,4.5,493,135,0,0,0,0,0.0,540,185,0,0,2.0,283,108,0,0,0.0,171,106,0.0,2.2,0,0,0,0,0,1.7,,0.0,0.0,0.0,0.0,0.0,0.0,0.0,2.11,0.0,341,119,0.0,357,125,0.0,352,128,0.0,359,123,,,,1,,Diego,Coppola,Coppola,,,0,0,0,0,0,0,0,0,0,0,0,0,0,,,,0.0,0.47,1.4,0.93,8.39,0,0,0
118,a,,,4.5,433,102,0,0,0,0,0.1,449,154,0,0,1.5,329,118,0,0,0.0,111,73,0.0,1.3,0,0,0,0,0,1.7,,0.0,0.0,0.0,0.0,0.0,0.0,0.0,4.07,0.0,351,122,0.0,337,118,0.0,437,172,0.0,365,125,,,,1,,Igor Julio,dos Santos de Paulo,Igor,,,0,0,0,0,0,0,0,0,0,0,0,0,0,,,,0.0,0.0,2.62,0.87,11.36,0,0,0
119,a,,,4.5,458,122,0,0,0,0,0.0,528,178,0,0,0.0,473,177,0,0,0.0,136,93,0.0,0.0,0,0,0,0,0,1.7,,0.0,0.0,0.0,0.0,0.0,0.0,0.0,0.0,0.0,468,177,0.0,460,177,0.0,446,176,0.0,470,177,,,,1,,João Pedro,Loureiro da Costa,Costinha,,,0,0,0,0,0,0,0,0,0,0,0,0,0,,,,0.0,0.0,0.0,0.0,0.0,0,0,0
120,a,,,5.0,307,58,0,0,0,0,0.1,499,169,0,0,0.0,524,185,0,0,0.0,284,140,0.0,0.0,0,0,0,0,0,2.2,,0.0,0.0,0.0,0.0,0.0,0.0,0.0,0.0,0.0,524,185,0.0,522,185,0.0,519,185,0.0,524,185,,,,1,,Michael,Svoboda,Svoboda,,,0,0,0,0,0,0,0,0,0,0,0,0,0,,,,0.0,0.0,0.0,0.0,0.0,0,0,0
121,i,0.0,,6.0,87,56,0,0,0,0,0.1,441,178,0,0,2.5,240,94,0,0,0.0,512,205,0.0,10.3,0,0,0,0,0,0.0,,0.0,0.0,0.0,0.0,0.21,0.14,0.35,1.25,0.0,208,92,0.0,66,51,0.0,59,35,0.0,103,60,,,,1,,Mitoma,Kaoru,Mitoma,Hamstring injury - Unknown return date,,0,0,0,0,0,0,0,0,0,0,0,0,0,,,,0.0,0.26,1.05,1.0,5.62,0,0,0
122,i,0.0,,6.0,106,68,0,0,0,0,0.4,285,93,0,0,3.4,121,49,0,0,0.0,531,217,0.0,19.5,0,0,0,0,0,0.0,,0.0,0.0,0.0,0.0,0.14,0.19,0.33,1.28,0.0,116,40,0.0,25,24,0.0,28,14,0.0,30,24,5.0,,,1,,Yankuba,Minteh,Minteh,Leg injury - Expected back 28 Nov,,0,0,0,0,0,0,0,0,0,0,0,0,0,,,,0.0,0.41,1.24,0.98,6.97,0,0,0
123,a,,,6.0,101,66,0,0,0,0,0.3,307,102,0,0,3.4,120,48,0,0,0.0,526,215,0.0,15.2,0,0,0,0,0,2.1,,0.0,0.0,0.0,0.0,0.26,0.12,0.38,1.44,0.0,195,84,0.0,149,101,0.0,60,36,0.0,140,75,,,,1,,Jack,Hinshelwood,Hinshelwood,,,0,0,0,0,0,0,0,0,0,0,0,0,0,,,,0.0,0.36,1.19,1.04,5.91,0,0,0
124,a,,,5.5,111,73,0,0,0,0,11.7,36,12,0,0,4.1,46,21,0,0,0.0,369,124,0.0,14.2,0,0,0,0,0,2.0,,0.0,0.0,0.0,0.0,0.08,0.22,0.3,1.12,0.0,155,60,0.0,27,26,0.0,139,79,0.0,76,47,1.0,1.0,1.0,1,,Pascal,Groß,Groß,,,0,0,0,0,0,0,0,0,0,0,0,0,0,,,,0.0,0.33,0.94,0.99,7.98,0,0,0
125,a,,,5.5,173,40,0,0,0,0,1.0,194,32,0,0,2.7,211,20,0,0,0.0,431,36,0.0,15.8,0,0,0,0,0,1.8,,0.0,0.0,0.0,0.0,0.15,0.15,0.3,1.09,0.0,179,17,0.0,101,4,0.0,48,18,0.0,99,16,,,,1,,Georginio,Rutter,Georginio,,,0,0,0,0,0,0,0,0,0,0,0,0,0,,,,0.0,0.35,1.01,1.01,6.64,0,0,0
116,a,,,4.5,397,80,0,0,0,0,0.9,202,73,0,0,3.0,164,67,0,0,0.0,75,51,0.0,22.2,0,0,0,0,0,1.7,,0.0,0.0,0.0,0.0,0.06,0.02,0.08,1.33,0.0,63,27,0.0,221,62,0.0,144,33,0.0,133,42,,3.0,,1,,Lewis,Dunk,Dunk,,,0,0,0,0,0,0,0,0,0,0,0,0,0,,,,0.0,0.22,1.27,0.98,7.33,0,0,0
126,a,,,5.5,142,88,0,0,0,0,0.1,436,175,0,0,2.7,210,82,0,0,0.0,400,139,0.0,2.9,0,0,0,0,0,2.0,,0.0,0.0,0.0,0.0,0.54,0.08,0.62,1.13,0.0,328,147,0.0,265,147,0.0,267,143,0.0,310,148,,,2.0,1,,Matt,O'Riley,O'Riley,,,0,0,0,0,0,0,0,0,0,0,0,0,0,,,,0.0,0.45,1.34,0.89,4.46,0,0,0
127,a,,,5.0,350,203,0,0,0,0,2.7,108,35,0,0,3.0,171,65,0,0,0.0,327,91,0.0,19.4,0,0,0,0,0,1.5,,0.0,0.0,0.0,0.0,0.27,0.07,0.34,1.25,0.0,136,49,0.0,112,80,0.0,55,33,0.0,91,53,,5.0,,1,,Diego,Gómez Amarilla,Gomez,,,0,0,0,0,0,0,0,0,0,0,0,0,0,,,,0.0,0.34,1.23,1.11,10.12,0,0,0
128,u,0.0,,5.0,361,213,0,0,0,0,0.0,544,226,0,0,0.8,397,186,0,0,0.0,338,101,0.0,0.6,0,0,0,0,0,0.0,,0.0,0.0,0.0,0.0,0.07,0.31,0.38,2.79,0.0,363,167,0.0,298,159,0.0,309,159,0.0,351,164,,,,1,,Facundo,Buonanotte,Buonanotte,Has joined Elche on loan for the rest of the season,,0,0,0,0,0,0,0,0,0,0,0,0,0,,,,0.0,0.0,4.44,1.11,6.67,0,0,0
129,a,,,5.5,197,122,0,0,0,0,0.8,215,70,0,0,3.4,118,47,0,0,0.0,455,173,0.0,17.8,0,0,0,0,0,2.0,,0.0,0.0,0.0,0.0,0.13,0.05,0.18,1.26,0.0,169,67,0.0,137,94,0.0,131,75,0.0,163,80,4.0,2.0,,1,,Yasin,Ayari,Ayari,,,0,0,0,0,0,0,0,0,0,0,0,0,0,,,,0.0,0.28,1.12,0.94,10.54,0,0,0
130,a,,,5.0,315,61,0,0,0,0,0.3,311,116,0,0,3.6,89,36,0,0,0.0,292,143,0.0,18.8,0,0,0,0,0,2.2,,0.0,0.0,0.0,0.0,0.09,0.09,0.18,1.13,0.0,122,50,0.0,128,31,0.0,146,34,0.0,136,44,,,,1,,Mats,Wieffer,Wieffer,,,0,0,0,0,0,0,0,0,0,0,0,0,0,,,,0.0,0.28,1.23,1.09,12.74,0,0,0
131,i,0.0,,5.0,356,208,0,0,0,0,0.2,345,121,0,0,1.8,305,133,0,0,0.0,333,96,0.0,11.2,0,0,0,0,0,0.0,,0.0,0.0,0.0,0.0,0.04,0.04,0.08,1.12,0.0,264,120,0.0,198,127,0.0,279,149,0.0,275,133,,,,1,,Carlos,Baleba,Baleba,Ankle injury - Expected back 23 Aug,,0,0,0,0,0,0,0,0,0,0,0,0,0,,,,0.0,0.38,1.04,1.26,11.43,0,0,0
132,u,0.0,,4.5,511,256,0,0,0,0,0.3,322,110,0,0,1.3,343,156,0,0,0.0,189,21,0.0,0.9,0,0,0,0,0,0.0,,0.0,0.0,0.0,0.0,0.0,0.03,0.03,1.02,0.0,371,170,0.0,354,175,0.0,354,180,0.0,374,173,,,,1,,Harry,Howell,Howell,Has joined Leicester City on loan for the rest of the season,,0,0,0,0,0,0,0,0,0,0,0,0,0,,,,0.0,0.0,1.96,0.98,6.85,0,0,0
133,u,0.0,,5.0,366,218,0,0,0,0,0.0,578,253,0,0,0.8,398,187,0,0,0.0,343,106,0.0,1.0,0,0,0,0,0,0.0,,0.0,0.0,0.0,0.0,0.06,0.05,0.11,2.72,0.0,376,173,0.0,364,180,0.0,334,169,0.0,378,177,,,,1,,Tom,Watson,Watson,Has joined Leicester City on loan for the rest of the season,,0,0,0,0,0,0,0,0,0,0,0,0,0,,,,0.0,0.0,3.16,0.0,7.89,0,0,0
134,a,,,4.5,497,252,0,0,0,0,0.2,371,133,0,0,1.0,367,167,0,0,0.0,175,17,0.0,0.2,0,0,0,0,0,1.0,,0.0,0.0,0.0,0.0,0.0,0.0,0.0,0.0,0.0,487,196,0.0,483,198,0.0,473,194,0.0,489,197,,,,1,,Nehemiah,Oriola,Oriola,,,0,0,0,0,0,0,0,0,0,0,0,0,0,,,,0.0,0.0,0.0,0.0,0.0,0,0,0
135,a,,,5.0,391,235,0,0,0,0,0.1,455,185,0,0,0.0,557,238,0,0,0.0,368,123,0.0,0.0,0,0,0,0,0,1.5,,0.0,0.0,0.0,0.0,0.0,0.0,0.0,0.0,0.0,557,238,0.0,557,238,0.0,555,238,0.0,557,238,,,,1,,Zadok,Yohanna,Yohanna,,,0,0,0,0,0,0,0,0,0,0,0,0,0,,,,0.0,0.0,0.0,0.0,0.0,0,0,0
137,d,75.0,,5.5,218,45,0,0,0,0,0.0,554,69,0,0,1.8,309,32,0,0,0.0,476,41,0.0,2.9,0,0,0,0,0,1.3,,0.0,0.0,0.0,0.0,0.3,0.08,0.38,1.77,0.0,325,37,0.0,268,32,0.0,280,41,0.0,314,38,,,,1,,Stefanos,Tzimas,Tzimas,Knee injury - 75% chance of playing,,0,0,0,0,0,0,0,0,0,0,0,0,0,,,,0.0,0.0,1.36,0.68,10.23,0,0,0
138,a,,,5.5,221,46,0,0,0,0,0.2,331,56,0,0,1.7,318,34,0,0,0.0,479,42,0.0,6.4,0,0,0,0,0,1.8,,0.0,0.0,0.0,0.0,0.54,0.14,0.68,1.55,0.0,279,29,0.0,220,24,0.0,114,29,0.0,240,26,,,,1,,Charalampos,Kostoulas,Kostoulas,,,0,0,0,0,0,0,0,0,0,0,0,0,0,,,,0.0,0.26,2.31,0.51,10.51,0,0,0
139,i,0.0,,5.0,326,54,0,0,0,0,0.0,526,68,0,0,0.0,533,60,0,0,0.0,303,19,0.0,0.0,0,0,0,0,0,0.0,,0.0,0.0,0.0,0.0,0.0,0.0,0.0,0.0,0.0,533,60,0.0,532,60,0.0,528,60,0.0,533,60,,,,1,,Evan,Ferguson,Ferguson,Ankle injury - Expected back 10 Oct,,0,0,0,0,0,0,0,0,0,0,0,0,0,,,,0.0,0.0,0.0,0.0,0.0,0,0,0
328,d,75.0,,5.0,277,50,0,0,0,0,0.3,300,110,0,0,3.2,146,58,0,0,0.0,254,132,0.0,21.6,0,0,0,0,0,1.6,,0.0,0.0,0.0,0.0,0.09,0.02,0.11,1.32,0.0,47,19,0.0,190,49,0.0,109,19,0.0,101,27,,,,1,,Pascal,Struijk,Struijk,Knock - 75% chance of playing,,0,0,0,0,0,0,0,0,0,0,0,0,0,,,,0.0,0.21,1.47,1.01,9.11,0,0,0
40,a,,,7.5,16,9,0,0,0,0,26.8,9,5,0,0,4.6,25,11,0,0,0.0,572,249,0.0,22.5,0,0,0,0,0,2.6,,0.0,0.0,0.0,0.0,0.19,0.12,0.31,1.41,0.0,37,10,0.0,24,23,0.0,8,3,0.0,8,6,4.0,,,1,,Morgan,Rogers,Rogers,,,0,0,0,0,0,0,0,0,0,0,0,0,0,,,,0.0,0.25,1.32,1.02,6.31,0,0,0
101,d,75.0,,5.0,223,138,0,0,0,0,0.0,521,218,0,0,2.4,243,96,0,0,0.0,200,26,0.0,15.2,0,0,0,0,0,1.1,,0.0,0.0,0.0,0.0,0.02,0.11,0.13,1.33,0.0,181,75,0.0,95,69,0.0,277,147,0.0,184,92,,,,1,,Jordan,Henderson,Henderson,Wrist injury - 75% chance of playing,,0,0,0,0,0,0,0,0,0,0,0,0,0,,,,0.0,0.28,1.32,1.04,8.62,0,0,0
136,a,,,6.0,57,13,0,0,0,0,2.3,118,15,0,0,3.4,119,11,0,0,0.0,482,44,0.0,21.0,0,0,0,0,0,2.0,,0.0,0.0,0.0,0.0,0.49,0.06,0.55,1.27,0.0,84,7,0.0,119,9,0.0,15,8,0.0,35,6,,,,1,,Danny,Welbeck,Welbeck,,,0,0,0,0,0,0,0,0,0,0,0,0,0,,,,0.0,0.4,1.12,1.04,4.48,0,0,0
140,a,,,5.0,267,12,0,0,0,0,2.1,125,20,0,0,3.2,145,19,0,0,0.0,244,54,0.0,22.6,0,0,0,0,0,2.6,,0.0,0.0,0.0,0.0,0.0,0.0,0.0,1.44,0.0,27,8,0.0,282,1,0.0,502,57,0.0,156,6,,,,1,,Robert,Lynch Sánchez,Sánchez,,,0,0,0,0,0,0,0,0,0,0,0,0,0,,,,2.9,0.27,1.45,1.04,0.0,0,0,0
504,a,,,5.0,380,76,0,0,0,0,2.6,111,44,0,0,0.0,552,191,0,0,0.0,357,158,0.0,0.0,0,0,0,0,0,2.2,,0.0,0.0,0.0,0.0,0.0,0.0,0.0,0.0,0.0,552,191,0.0,552,191,0.0,550,191,0.0,552,191,,,,1,,Luka,Vušković,Vuskovic,,,0,0,0,0,0,0,0,0,0,0,0,0,0,,,,0.0,0.0,0.0,0.0,0.0,0,0,0
141,u,0.0,,5.0,347,20,0,0,0,0,0.1,473,54,0,0,1.8,304,30,0,0,0.0,324,62,0.0,1.8,0,0,0,0,0,0.0,,0.0,0.0,0.0,0.0,0.0,0.0,0.0,0.98,0.0,316,26,0.0,540,66,0.0,537,64,0.0,348,26,,,,1,,Filip,Jörgensen,Jörgensen,Has joined RC Strasbourg on loan for the rest of the season,,0,0,0,0,0,0,0,0,0,0,0,0,0,,,,1.9,0.0,1.19,0.71,0.0,0,0,0
142,a,,,5.5,144,16,0,0,0,0,8.7,52,20,0,0,4.0,56,23,0,0,0.0,402,166,0.0,20.9,0,0,0,0,0,2.5,,0.0,0.0,0.0,0.0,0.05,0.15,0.2,1.32,0.0,128,53,0.0,52,7,0.0,221,64,0.0,116,35,1.0,1.0,,1,,Reece,James,James,,,0,0,0,0,0,0,0,0,0,0,0,0,0,,,,0.0,0.37,0.92,0.92,5.89,0,0,0
143,u,0.0,,5.5,125,12,0,0,0,0,0.8,206,76,0,0,4.0,54,22,0,0,0.0,383,162,0.0,24.7,0,0,0,0,0,0.0,,0.0,0.0,0.0,0.0,0.05,0.03,0.08,1.32,0.0,43,17,0.0,231,70,0.0,188,50,0.0,132,41,,,,1,,Trevoh,Chalobah,Chalobah,Has joined Como permanently,,0,0,0,0,0,0,0,0,0,0,0,0,0,,,,0.0,0.29,1.29,1.0,8.58,0,0,0
144,a,,,5.0,322,63,0,0,0,0,1.1,183,66,0,0,2.8,194,82,0,0,0.0,299,145,0.0,19.2,0,0,0,0,0,2.2,,0.0,0.0,0.0,0.0,0.06,0.12,0.18,1.48,0.0,133,55,0.0,61,12,0.0,149,37,0.0,106,29,,,,1,,Malo,Gusto,Gusto,,,0,0,0,0,0,0,0,0,0,0,0,0,0,,,,0.0,0.28,1.44,1.04,5.03,0,0,0
145,s,0.0,,5.0,301,56,0,0,0,0,0.0,573,191,0,0,2.6,225,92,0,0,0.0,278,138,0.0,13.0,0,0,0,0,0,0.0,,0.0,0.0,0.0,0.0,0.04,0.03,0.07,1.35,0.0,126,52,0.0,269,89,0.0,256,81,0.0,221,71,,,,1,,Wesley,Fofana,Fofana,Suspended until 6 Sep,,0,0,0,0,0,0,0,0,0,0,0,0,0,,,,0.0,0.21,1.31,1.05,10.79,0,0,0
146,a,,,4.5,445,112,0,0,0,0,0.0,524,175,0,0,0.9,391,130,0,0,0.0,123,83,0.0,1.6,0,0,0,0,0,1.7,,0.0,0.0,0.0,0.0,0.0,0.01,0.01,1.42,0.0,302,108,0.0,346,120,0.0,349,127,0.0,334,115,,,,1,,Benoît,Badiashile Mukinayi,B.Badiashile,,,0,0,0,0,0,0,0,0,0,0,0,0,0,,,,0.0,0.0,1.91,1.15,9.19,0,0,0
147,a,,,4.5,405,84,0,0,0,0,0.2,356,133,0,0,2.1,272,103,0,0,0.0,83,55,0.0,7.6,0,0,0,0,0,1.7,,0.0,0.0,0.0,0.0,0.01,0.05,0.06,1.51,0.0,226,85,0.0,305,104,0.0,311,109,0.0,290,97,,,,1,,Tosin,Adarabioyo,Tosin,,,0,0,0,0,0,0,0,0,0,0,0,0,0,,,,0.0,0.23,1.6,0.91,11.08,0,0,0
148,a,,,4.5,494,136,0,0,0,0,0.7,226,85,0,0,0.9,392,131,0,0,0.0,172,107,0.0,4.2,0,0,0,0,0,1.7,,0.0,0.0,0.0,0.0,0.02,0.05,0.07,1.46,0.0,232,88,0.0,227,66,0.0,290,97,0.0,270,89,,,,1,,Jorrel,Hato,Hato,,,0,0,0,0,0,0,0,0,0,0,0,0,0,,,,0.0,0.0,2.13,0.95,7.82,0,0,0
149,a,,,5.0,308,59,0,0,0,0,1.7,144,59,0,0,2.7,205,84,0,0,0.0,285,141,0.0,1.6,0,0,0,0,0,2.2,,0.0,0.0,0.0,0.0,0.0,0.05,0.05,1.34,0.0,326,116,0.0,347,121,0.0,336,122,0.0,347,118,,,,1,,Levi,Samuels Colwill,Colwill,,,0,0,0,0,0,0,0,0,0,0,0,0,0,,,,0.0,0.0,1.6,0.8,10.0,0,0,0
150,a,,,4.5,502,138,0,0,0,0,0.1,461,159,0,0,1.0,369,128,0,0,0.0,180,109,0.0,0.7,0,0,0,0,0,1.7,,0.0,0.0,0.0,0.0,0.32,0.0,0.32,1.47,0.0,375,130,0.0,376,132,0.0,333,121,0.0,384,130,,,,1,,Mamadou,Sarr,M.Sarr,,,0,0,0,0,0,0,0,0,0,0,0,0,0,,,,0.0,0.0,2.7,0.9,7.2,0,0,0
151,a,,,4.5,505,140,0,0,0,0,0.3,321,120,0,0,2.3,255,100,0,0,0.0,183,111,0.0,8.7,0,0,0,0,0,1.7,,0.0,0.0,0.0,0.0,0.08,0.02,0.1,2.15,0.0,289,104,0.0,296,101,0.0,261,84,0.0,302,102,,,,1,,Josh,Acheampong,Acheampong,,,0,0,0,0,0,0,0,0,0,0,0,0,0,,,,0.0,0.27,1.78,1.1,6.03,0,0,0
152,a,,,5.5,220,34,0,0,0,0,2.5,113,46,0,0,0.0,579,194,0,0,0.0,478,184,0.0,0.0,0,0,0,0,0,2.5,,0.0,0.0,0.0,0.0,0.0,0.0,0.0,0.0,0.0,579,194,0.0,579,194,0.0,578,194,0.0,579,194,,,,1,,Marco,Palestra,Palestra,,,0,0,0,0,0,0,0,0,0,0,0,0,0,,,,0.0,0.0,0.0,0.0,0.0,0,0,0
153,a,,,4.5,430,100,0,0,0,0,0.1,483,164,0,0,0.0,465,173,0,0,0.0,108,71,0.0,0.0,0,0,0,0,0,1.7,,0.0,0.0,0.0,0.0,0.0,0.0,0.0,0.0,0.0,460,173,0.0,451,173,0.0,435,171,0.0,462,173,,,,1,,Axel,Disasi,Disasi,,,0,0,0,0,0,0,0,0,0,0,0,0,0,,,,0.0,0.0,0.0,0.0,0.0,0,0,0
154,a,,,9.5,4,3,0,0,0,0,10.7,44,15,0,0,4.4,37,16,0,0,0.0,588,259,0.0,12.0,0,0,0,0,0,3.2,,0.0,0.0,0.0,0.0,0.49,0.11,0.6,1.43,0.0,101,32,0.0,83,61,0.0,39,23,0.0,52,32,,3.0,1.0,1,,Cole,Palmer,Palmer,,,0,0,0,0,0,0,0,0,0,0,0,0,0,,,,0.0,0.14,1.52,1.11,6.22,0,0,0
155,a,,,7.0,29,19,0,0,0,0,5.4,68,24,0,0,4.4,36,15,0,0,0.0,567,247,0.0,22.4,0,0,0,0,0,2.5,,0.0,0.0,0.0,0.0,0.33,0.21,0.54,1.3,0.0,23,7,0.0,3,3,0.0,20,9,0.0,3,2,3.0,2.0,2.0,1,,Enzo,Fernández,Enzo,,,0,0,0,0,0,0,0,0,0,0,0,0,0,,,,0.0,0.23,1.33,1.01,7.05,0,0,0
156,a,,,6.5,42,29,0,0,0,0,1.3,169,56,0,0,3.7,83,37,0,0,0.0,547,231,0.0,19.2,0,0,0,0,0,2.3,,0.0,0.0,0.0,0.0,0.16,0.23,0.39,1.29,0.0,110,36,0.0,14,13,0.0,41,25,0.0,29,23,2.0,4.0,,1,,Pedro,Lomba Neto,Neto,,,0,0,0,0,0,0,0,0,0,0,0,0,0,,,,0.0,0.38,1.13,1.03,4.18,0,0,0
157,a,,,6.5,55,39,0,0,0,0,1.5,162,51,0,0,2.6,229,89,0,0,0.0,560,241,0.0,8.9,0,0,0,0,0,2.3,,0.0,0.0,0.0,0.0,0.31,0.23,0.54,1.1,0.0,257,117,0.0,148,100,0.0,92,58,0.0,192,97,5.0,,3.0,1,,Estêvão,Almeida de Oliveira Gonçalves,Estêvão,,,0,0,0,0,0,0,0,0,0,0,0,0,0,,,,0.0,0.43,1.18,1.29,6.01,0,0,0
158,a,,,6.0,89,57,0,0,0,0,0.0,502,209,0,0,1.6,327,144,0,0,0.0,514,206,0.0,4.2,0,0,0,0,0,2.1,,0.0,0.0,0.0,0.0,0.15,0.17,0.32,1.65,0.0,309,140,0.0,216,134,0.0,242,130,0.0,285,138,,,,1,,Jamie,Bynoe-Gittens,Gittens,,,0,0,0,0,0,0,0,0,0,0,0,0,0,,,,0.0,0.19,1.3,0.93,5.37,0,0,0
159,a,,,5.5,188,115,0,0,0,0,4.0,84,29,0,0,3.3,131,53,0,0,0.0,446,166,0.0,20.0,0,0,0,0,0,2.0,,0.0,0.0,0.0,0.0,0.05,0.08,0.13,1.37,0.0,88,28,0.0,75,57,0.0,208,115,0.0,107,62,,,,1,,Moisés,Caicedo Corozo,Caicedo,,,0,0,0,0,0,0,0,0,0,0,0,0,0,,,,0.0,0.19,1.51,1.03,11.78,0,0,0
161,a,,,5.0,351,204,0,0,0,0,0.1,498,208,0,0,1.1,354,163,0,0,0.0,328,92,0.0,2.6,0,0,0,0,0,1.5,,0.0,0.0,0.0,0.0,0.05,0.13,0.18,2.05,0.0,344,159,0.0,292,156,0.0,321,163,0.0,340,160,,,,1,,Roméo,Lavia,Lavia,,,0,0,0,0,0,0,0,0,0,0,0,0,0,,,,0.0,0.0,2.41,0.96,8.9,0,0,0
163,a,,,4.5,474,246,0,0,0,0,0.2,355,125,0,0,0.3,400,188,0,0,0.0,152,11,0.0,0.2,0,0,0,0,0,1.0,,0.0,0.0,0.0,0.0,0.0,0.03,0.03,1.9,0.0,369,169,0.0,365,181,0.0,351,178,0.0,376,175,,,,1,,Dário,Luís Essugo,D.Essugo,,,0,0,0,0,0,0,0,0,0,0,0,0,0,,,,0.0,0.0,3.46,0.0,27.69,0,0,0
164,a,100.0,,5.5,217,136,0,0,0,0,0.1,491,204,0,0,0.0,578,253,0,0,0.0,475,187,0.0,0.0,0,0,0,0,0,2.0,,0.0,0.0,0.0,0.0,0.0,0.0,0.0,0.0,0.0,578,253,0.0,578,253,0.0,577,253,0.0,578,253,,,,1,,Geovany,Quenda,Quenda,,,0,0,0,0,0,0,0,0,0,0,0,0,0,,,,0.0,0.0,0.0,0.0,0.0,0,0,0
165,a,,,7.5,19,7,0,0,0,0,58.9,2,2,0,0,5.1,10,2,0,0,0.0,575,65,0.0,23.6,0,0,0,0,0,2.3,,0.0,0.0,0.0,0.0,0.5,0.07,0.57,1.26,0.0,35,3,0.0,59,1,0.0,6,5,0.0,15,4,,,,1,,João Pedro,Junqueira de Jesus,João Pedro,,,0,0,0,0,0,0,0,0,0,0,0,0,0,,,,0.0,0.34,1.22,1.05,4.67,0,0,0
166,a,,,6.5,52,12,0,0,0,0,0.4,296,52,0,0,0.0,588,70,0,0,0.0,557,60,0.0,0.0,0,0,0,0,0,2.1,,0.0,0.0,0.0,0.0,0.0,0.0,0.0,0.0,0.0,588,70,0.0,588,70,0.0,588,70,0.0,588,70,,,,1,,Nicolas,Jackson,N.Jackson,,,0,0,0,0,0,0,0,0,0,0,0,0,0,,,,0.0,0.0,0.0,0.0,0.0,0,0,0
167,a,,,5.5,172,39,0,0,0,0,0.5,259,45,0,0,1.6,326,36,0,0,0.0,430,35,0.0,8.2,0,0,0,0,0,1.8,,0.0,0.0,0.0,0.0,0.37,0.02,0.39,1.37,0.0,323,36,0.0,263,31,0.0,77,22,0.0,254,32,,,4.0,1,,Liam,Delap,Delap,,,0,0,0,0,0,0,0,0,0,0,0,0,0,,,,0.0,0.16,1.48,0.99,3.46,0,0,0
168,a,,,5.0,340,55,0,0,0,0,0.4,273,48,0,0,1.3,344,38,0,0,0.0,317,20,0.0,2.6,0,0,0,0,0,1.4,,0.0,0.0,0.0,0.0,0.52,0.1,0.62,2.0,0.0,353,39,0.0,297,36,0.0,247,39,0.0,325,40,,,,1,,Marc,Guiu Paz,Marc Guiu,,,0,0,0,0,0,0,0,0,0,0,0,0,0,,,,0.0,0.0,1.02,0.34,2.72,0,0,0
169,a,,,4.5,500,66,0,0,0,0,0.4,298,54,0,0,1.0,368,43,0,0,0.0,178,8,0.0,0.2,0,0,0,0,0,1.0,,0.0,0.0,0.0,0.0,0.0,0.0,0.0,4.5,0.0,387,44,0.0,374,45,0.0,476,52,0.0,395,46,,,,1,,Shumaira,Mheuka,Mheuka,,,0,0,0,0,0,0,0,0,0,0,0,0,0,,,,0.0,0.0,0.0,0.0,90.0,0,0,0
170,d,75.0,,5.0,345,56,0,0,0,0,0.1,435,64,0,0,0.0,540,61,0,0,0.0,322,21,0.0,0.0,0,0,0,0,0,1.0,,0.0,0.0,0.0,0.0,0.0,0.0,0.0,0.0,0.0,540,61,0.0,539,61,0.0,536,61,0.0,540,61,,,,1,,Emmanuel,Emegha,Emegha,Hamstring injury - 75% chance of playing,,0,0,0,0,0,0,0,0,0,0,0,0,0,,,,0.0,0.0,0.0,0.0,0.0,0,0,0
200,a,,,6.0,80,8,0,0,0,0,10.8,43,16,0,0,4.4,33,12,0,0,0.0,505,188,0.0,25.7,0,0,0,0,0,2.8,,0.0,0.0,0.0,0.0,0.07,0.02,0.09,1.28,0.0,28,10,0.0,236,74,0.0,89,11,0.0,82,19,,,,1,,Maxence,Lacroix,Lacroix,,,0,0,0,0,0,0,0,0,0,0,0,0,0,,,,0.0,0.32,1.37,1.02,10.79,0,0,0
560,a,,,4.5,492,45,0,0,0,0,0.1,472,53,0,0,0.0,489,61,0,0,0.0,170,45,0.0,0.0,0,0,0,0,0,1.9,,0.0,0.0,0.0,0.0,0.0,0.0,0.0,0.0,0.0,484,61,0.0,480,55,0.0,470,49,0.0,486,61,,,,1,,Mike,Penders,Penders,,,0,0,0,0,0,0,0,0,0,0,0,0,0,,,,0.0,0.0,0.0,0.0,0.0,0,0,0
561,a,,,4.5,516,145,0,0,0,0,0.0,559,188,0,0,0.0,497,183,0,0,0.0,194,116,0.0,0.0,0,0,0,0,0,1.7,,0.0,0.0,0.0,0.0,0.0,0.0,0.0,0.0,0.0,496,183,0.0,491,183,0.0,482,183,0.0,496,183,,,,1,,Aaron,Anselmino,Anselmino,,,0,0,0,0,0,0,0,0,0,0,0,0,0,,,,0.0,0.0,0.0,0.0,0.0,0,0,0
568,a,,,5.5,201,126,0,0,0,0,0.1,426,169,0,0,0.0,574,251,0,0,0.0,459,177,0.0,0.0,0,0,0,0,0,2.0,,0.0,0.0,0.0,0.0,0.0,0.0,0.0,0.0,0.0,574,251,0.0,574,251,0.0,573,251,0.0,574,251,,,,1,,Valentín,Barco,Barco,,,0,0,0,0,0,0,0,0,0,0,0,0,0,,,,0.0,0.0,0.0,0.0,0.0,0,0,0
578,a,,,5.5,177,108,0,0,0,0,0.0,545,227,0,0,0.0,569,246,0,0,0.0,435,159,0.0,0.0,0,0,0,0,0,2.0,,0.0,0.0,0.0,0.0,0.0,0.0,0.0,0.0,0.0,569,246,0.0,569,246,0.0,568,246,0.0,569,246,,,,1,,Mykhailo,Mudryk,Mudryk,,,0,0,0,0,0,0,0,0,0,0,0,0,0,,,,0.0,0.0,0.0,0.0,0.0,0,0,0
583,a,,,5.0,339,70,0,0,0,0,0.1,410,146,0,0,0.0,536,187,0,0,0.0,316,152,0.0,0.0,0,0,0,0,0,2.2,,0.0,0.0,0.0,0.0,0.0,0.0,0.0,0.0,0.0,536,187,0.0,535,187,0.0,532,187,0.0,536,187,,,,1,,Pep,Chavarría,Chavarria,,,0,0,0,0,0,0,0,0,0,0,0,0,0,,,,0.0,0.0,0.0,0.0,0.0,0,0,0
104,a,,,5.0,294,176,0,0,0,0,0.2,392,147,0,0,2.0,286,121,0,0,0.0,271,64,0.0,2.4,0,0,0,0,0,1.5,,0.0,0.0,0.0,0.0,0.0,0.37,0.37,2.07,0.0,350,163,0.0,332,168,0.0,343,175,0.0,361,168,,,,1,,Frank,Onyeka,Onyeka,,,0,0,0,0,0,0,0,0,0,0,0,0,0,,,,0.0,0.0,2.05,0.0,10.23,0,0,0
110,a,,,4.5,466,38,0,0,0,0,0.9,198,28,0,0,0.0,477,58,0,0,0.0,144,38,0.0,0.0,0,0,0,0,0,1.9,,0.0,0.0,0.0,0.0,0.0,0.0,0.0,0.0,0.0,472,58,0.0,465,49,0.0,451,42,0.0,474,58,,,,1,,Carl,Rushworth,Rushworth,,,0,0,0,0,0,0,0,0,0,0,0,0,0,,,,0.0,0.0,0.0,0.0,0.0,0,0,0
171,a,,,4.0,566,63,0,0,0,0,2.2,124,19,0,0,0.0,439,46,0,0,0.0,45,17,0.0,0.0,0,0,0,0,0,1.0,,0.0,0.0,0.0,0.0,0.0,0.0,0.0,0.0,0.0,433,46,0.0,418,30,0.0,399,21,0.0,435,46,,,,1,,Oliver,Dovin,Dovin,,,0,0,0,0,0,0,0,0,0,0,0,0,0,,,,0.0,0.0,0.0,0.0,0.0,0,0,0
172,a,,,4.5,406,27,0,0,0,0,0.6,247,32,0,0,0.0,461,53,0,0,0.0,84,27,0.0,0.0,0,0,0,0,0,1.9,,0.0,0.0,0.0,0.0,0.0,0.0,0.0,0.0,0.0,456,53,0.0,445,40,0.0,428,31,0.0,458,53,,,,1,,Ben,Wilson,Wilson,,,0,0,0,0,0,0,0,0,0,0,0,0,0,,,,0.0,0.0,0.0,0.0,0.0,0,0,0
173,a,,,4.0,562,171,0,0,0,0,7.9,56,22,0,0,0.0,435,156,0,0,0.0,41,26,0.0,0.0,0,0,0,0,0,1.0,,0.0,0.0,0.0,0.0,0.0,0.0,0.0,0.0,0.0,429,155,0.0,414,154,0.0,395,150,0.0,431,155,,,,1,,Bobby,Thomas,Thomas,,,0,0,0,0,0,0,0,0,0,0,0,0,0,,,,0.0,0.0,0.0,0.0,0.0,0,0,0
174,a,,,4.0,555,166,0,0,0,0,0.7,230,86,0,0,0.0,428,151,0,0,0.0,34,21,0.0,0.0,0,0,0,0,0,1.0,,0.0,0.0,0.0,0.0,0.0,0.0,0.0,0.0,0.0,422,150,0.0,407,149,0.0,388,145,0.0,424,150,,,,1,,Liam,Kitching,Kitching,,,0,0,0,0,0,0,0,0,0,0,0,0,0,,,,0.0,0.0,0.0,0.0,0.0,0,0,0
175,a,,,4.0,560,169,0,0,0,0,14.9,27,10,0,0,0.0,433,154,0,0,0.0,39,24,0.0,0.0,0,0,0,0,0,1.0,,0.0,0.0,0.0,0.0,0.0,0.0,0.0,0.0,0.0,427,153,0.0,412,152,0.0,393,148,0.0,429,153,,,,1,,Milan,van Ewijk,van Ewijk,,,0,0,0,0,0,0,0,0,0,0,0,0,0,,,,0.0,0.0,0.0,0.0,0.0,0,0,0
176,a,,,4.0,540,154,0,0,0,0,0.8,216,81,0,0,0.0,414,140,0,0,0.0,19,9,0.0,0.0,0,0,0,0,0,1.0,,0.0,0.0,0.0,0.0,0.0,0.0,0.0,0.0,0.0,408,139,0.0,393,138,0.0,374,134,0.0,410,139,,,,1,,Jay,Dasilva,Dasilva,,,0,0,0,0,0,0,0,0,0,0,0,0,0,,,,0.0,0.0,0.0,0.0,0.0,0,0,0
177,a,,,4.0,564,172,0,0,0,0,0.1,453,156,0,0,0.0,437,157,0,0,0.0,43,27,0.0,0.0,0,0,0,0,0,1.0,,0.0,0.0,0.0,0.0,0.0,0.0,0.0,0.0,0.0,431,156,0.0,416,155,0.0,397,151,0.0,433,156,,,,1,,Kaine,Kesler-Hayden,Kesler-Hayden,,,0,0,0,0,0,0,0,0,0,0,0,0,0,,,,0.0,0.0,0.0,0.0,0.0,0,0,0
178,a,,,4.0,527,146,0,0,0,0,0.1,439,150,0,0,0.0,405,135,0,0,0.0,6,1,0.0,0.0,0,0,0,0,0,1.0,,0.0,0.0,0.0,0.0,0.0,0.0,0.0,0.0,0.0,399,134,0.0,383,133,0.0,364,129,0.0,401,134,,,,1,,Jake,Bidwell,Bidwell,,,0,0,0,0,0,0,0,0,0,0,0,0,0,,,,0.0,0.0,0.0,0.0,0.0,0,0,0
179,a,,,4.0,544,158,0,0,0,0,0.1,484,165,0,0,0.0,418,144,0,0,0.0,23,13,0.0,0.0,0,0,0,0,0,1.0,,0.0,0.0,0.0,0.0,0.0,0.0,0.0,0.0,0.0,412,143,0.0,397,142,0.0,378,138,0.0,414,143,,,,1,,Joel,Latibeaudiere,Latibeaudiere,,,0,0,0,0,0,0,0,0,0,0,0,0,0,,,,0.0,0.0,0.0,0.0,0.0,0,0,0
180,a,,,4.0,549,162,0,0,0,0,0.2,348,130,0,0,0.0,422,147,0,0,0.0,28,17,0.0,0.0,0,0,0,0,0,1.0,,0.0,0.0,0.0,0.0,0.0,0.0,0.0,0.0,0.0,416,146,0.0,401,145,0.0,382,141,0.0,418,146,,,,1,,Luke,Woolfenden,Woolfenden,,,0,0,0,0,0,0,0,0,0,0,0,0,0,,,,0.0,0.0,0.0,0.0,0.0,0,0,0
181,a,,,4.0,580,185,0,0,0,0,0.1,501,170,0,0,0.0,448,165,0,0,0.0,59,40,0.0,0.0,0,0,0,0,0,1.0,,0.0,0.0,0.0,0.0,0.0,0.0,0.0,0.0,0.0,443,165,0.0,429,165,0.0,411,162,0.0,445,165,,,,1,,Miguel,Brau,Brau,,,0,0,0,0,0,0,0,0,0,0,0,0,0,,,,0.0,0.0,0.0,0.0,0.0,0,0,0
182,a,,,4.0,575,180,0,0,0,0,0.8,217,82,0,0,0.0,447,164,0,0,0.0,54,35,0.0,0.0,0,0,0,0,0,1.0,,0.0,0.0,0.0,0.0,0.0,0.0,0.0,0.0,0.0,442,164,0.0,427,163,0.0,408,159,0.0,444,164,,,,1,,Aurèle,Amenda,Amenda,,,0,0,0,0,0,0,0,0,0,0,0,0,0,,,,0.0,0.0,0.0,0.0,0.0,0,0,0
183,d,75.0,,5.0,320,187,0,0,0,0,0.1,396,150,0,0,0.0,531,221,0,0,0.0,297,75,0.0,0.0,0,0,0,0,0,1.1,,0.0,0.0,0.0,0.0,0.0,0.0,0.0,0.0,0.0,531,221,0.0,530,221,0.0,526,220,0.0,531,221,3.0,1.0,,1,,Jack,Rudoni,Rudoni,Shoulder injury - 75% chance of playing,,0,0,0,0,0,0,0,0,0,0,0,0,0,,,,0.0,0.0,0.0,0.0,0.0,0,0,0
184,a,,,5.0,245,149,0,0,0,0,0.2,353,123,0,0,0.0,504,203,0,0,0.0,222,37,0.0,0.0,0,0,0,0,0,1.5,,0.0,0.0,0.0,0.0,0.0,0.0,0.0,0.0,0.0,504,203,0.0,500,203,0.0,494,202,0.0,504,203,1.0,,3.0,1,,Matt,Grimes,Grimes,,,0,0,0,0,0,0,0,0,0,0,0,0,0,,,,0.0,0.0,0.0,0.0,0.0,0,0,0
185,a,,,5.0,343,199,0,0,0,0,0.1,399,152,0,0,0.0,539,226,0,0,0.0,320,87,0.0,0.0,0,0,0,0,0,1.5,,0.0,0.0,0.0,0.0,0.0,0.0,0.0,0.0,0.0,539,226,0.0,538,226,0.0,535,225,0.0,539,226,,,,1,,Tatsuhiro,Sakamoto,Sakamoto,,,0,0,0,0,0,0,0,0,0,0,0,0,0,,,,0.0,0.0,0.0,0.0,0.0,0,0,0
186,d,75.0,,5.5,148,92,0,0,0,0,0.2,373,135,0,0,0.0,563,241,0,0,0.0,406,143,0.0,0.0,0,0,0,0,0,1.5,,0.0,0.0,0.0,0.0,0.0,0.0,0.0,0.0,0.0,563,241,0.0,563,241,0.0,562,241,0.0,563,241,,,,1,,Ephron,Mason-Clark,Mason-Clark,Hamstring injury - 75% chance of playing,,0,0,0,0,0,0,0,0,0,0,0,0,0,,,,0.0,0.0,0.0,0.0,0.0,0,0,0
187,a,,,5.0,299,178,0,0,0,0,0.0,539,223,0,0,0.0,521,214,0,0,0.0,276,66,0.0,0.0,0,0,0,0,0,1.5,,0.0,0.0,0.0,0.0,0.0,0.0,0.0,0.0,0.0,521,214,0.0,518,214,0.0,515,213,0.0,521,214,,,,1,,Josh,Eccles,Eccles,,,0,0,0,0,0,0,0,0,0,0,0,0,0,,,,0.0,0.0,0.0,0.0,0.0,0,0,0
188,a,,,5.5,145,90,0,0,0,0,0.2,361,128,0,0,0.0,562,240,0,0,0.0,403,141,0.0,0.0,0,0,0,0,0,2.0,,0.0,0.0,0.0,0.0,0.0,0.0,0.0,0.0,0.0,562,240,0.0,562,240,0.0,561,240,0.0,562,240,2.0,2.0,2.0,1,,Victor,Torp,Torp,,,0,0,0,0,0,0,0,0,0,0,0,0,0,,,,0.0,0.0,0.0,0.0,0.0,0,0,0
189,a,,,4.5,521,260,0,0,0,0,0.3,315,106,0,0,0.0,499,200,0,0,0.0,199,25,0.0,0.0,0,0,0,0,0,1.0,,0.0,0.0,0.0,0.0,0.0,0.0,0.0,0.0,0.0,499,200,0.0,493,200,0.0,486,199,0.0,499,200,,,,1,,George,Shepherd,Shepherd,,,0,0,0,0,0,0,0,0,0,0,0,0,0,,,,0.0,0.0,0.0,0.0,0.0,0,0,0
190,a,,,5.5,179,109,0,0,0,0,0.1,407,158,0,0,0.0,570,247,0,0,0.0,437,160,0.0,0.0,0,0,0,0,0,2.0,,0.0,0.0,0.0,0.0,0.0,0.0,0.0,0.0,0.0,570,247,0.0,570,247,0.0,569,247,0.0,570,247,,,,1,,Loum,Tchaouna,Tchaouna,,,0,0,0,0,0,0,0,0,0,0,0,0,0,,,,0.0,0.0,0.0,0.0,0.0,0,0,0
191,a,,,4.5,476,248,0,0,0,0,0.2,363,129,0,0,0.0,480,197,0,0,0.0,154,13,0.0,0.0,0,0,0,0,0,1.0,,0.0,0.0,0.0,0.0,0.0,0.0,0.0,0.0,0.0,475,194,0.0,469,196,0.0,456,190,0.0,477,195,,,,1,,Raphael,Borges Rodrigues,Borges Rodrigues,,,0,0,0,0,0,0,0,0,0,0,0,0,0,,,,0.0,0.0,0.0,0.0,0.0,0,0,0
192,a,,,4.5,517,257,0,0,0,0,0.7,228,76,0,0,0.0,498,199,0,0,0.0,195,22,0.0,0.0,0,0,0,0,0,1.0,,0.0,0.0,0.0,0.0,0.0,0.0,0.0,0.0,0.0,497,198,0.0,492,199,0.0,483,196,0.0,497,198,,,,1,,Kaine,Andrews,Andrews,,,0,0,0,0,0,0,0,0,0,0,0,0,0,,,,0.0,0.0,0.0,0.0,0.0,0,0,0
193,i,0.0,,5.5,124,33,0,0,0,0,0.9,200,33,0,0,0.0,560,65,0,0,0.0,382,29,0.0,0.0,0,0,0,0,0,0.0,,0.0,0.0,0.0,0.0,0.0,0.0,0.0,0.0,0.0,560,65,0.0,560,65,0.0,559,65,0.0,560,65,,,1.0,1,,Haji,Wright,Wright,Thigh injury - Unknown return date,,0,0,0,0,0,0,0,0,0,0,0,0,0,,,,0.0,0.0,0.0,0.0,0.0,0,0,0
194,a,,,5.0,282,51,0,0,0,0,0.8,208,34,0,0,0.0,515,58,0,0,0.0,259,16,0.0,0.0,0,0,0,0,0,1.4,,0.0,0.0,0.0,0.0,0.0,0.0,0.0,0.0,0.0,515,58,0.0,511,58,0.0,508,58,0.0,515,58,,,4.0,1,,Brandon,Thomas-Asante,Thomas-Asante,,,0,0,0,0,0,0,0,0,0,0,0,0,0,,,,0.0,0.0,0.0,0.0,0.0,0,0,0
195,a,,,5.0,271,49,0,0,0,0,0.8,213,37,0,0,0.0,511,56,0,0,0.0,248,14,0.0,0.0,0,0,0,0,0,1.4,,0.0,0.0,0.0,0.0,0.0,0.0,0.0,0.0,0.0,511,56,0.0,507,56,0.0,504,56,0.0,511,56,,,,1,,Ellis,Simms,Simms,,,0,0,0,0,0,0,0,0,0,0,0,0,0,,,,0.0,0.0,0.0,0.0,0.0,0,0,0
196,u,0.0,,5.0,368,57,0,0,0,0,0.1,458,65,0,0,0.0,546,62,0,0,0.0,345,22,0.0,0.0,0,0,0,0,0,0.0,,0.0,0.0,0.0,0.0,0.0,0.0,0.0,0.0,0.0,546,62,0.0,546,62,0.0,544,62,0.0,546,62,,,,1,,Jahnoah,Markelo,Markelo,Has joined Shabab Al-Ahli Dubai permanently,,0,0,0,0,0,0,0,0,0,0,0,0,0,,,,0.0,0.0,0.0,0.0,0.0,0,0,0
197,u,0.0,,4.5,491,63,0,0,0,0,0.2,376,60,0,0,0.0,488,51,0,0,0.0,169,5,0.0,0.0,0,0,0,0,0,0.0,,0.0,0.0,0.0,0.0,0.0,0.0,0.0,0.0,0.0,483,49,0.0,479,49,0.0,469,49,0.0,485,50,,,,1,,Norman,Bassette,Bassette,Has joined KVC Westerlo on loan for the rest of the season,,0,0,0,0,0,0,0,0,0,0,0,0,0,,,,0.0,0.0,0.0,0.0,0.0,0,0,0
575,a,,,5.0,389,233,0,0,0,0,0.2,386,143,0,0,0.0,556,237,0,0,0.0,366,121,0.0,0.0,0,0,0,0,0,1.5,,0.0,0.0,0.0,0.0,0.0,0.0,0.0,0.0,0.0,556,237,0.0,556,237,0.0,554,237,0.0,556,237,,,,1,,Caleb,Yirenkyi,Yirenkyi,,,0,0,0,0,0,0,0,0,0,0,0,0,0,,,,0.0,0.0,0.0,0.0,0.0,0,0,0
584,a,,,5.5,128,80,0,0,0,0,0.1,452,183,0,0,0.0,561,239,0,0,0.0,386,131,0.0,0.0,0,0,0,0,0,2.0,,0.0,0.0,0.0,0.0,0.0,0.0,0.0,0.0,0.0,561,239,0.0,561,239,0.0,560,239,0.0,561,239,,,,1,,Gustavo,Hamer,Hamer,,,0,0,0,0,0,0,0,0,0,0,0,0,0,,,,0.0,0.0,0.0,0.0,0.0,0,0,0
42,a,,,5.5,186,114,0,0,0,0,0.0,518,216,0,0,2.1,278,119,0,0,0.0,444,165,0.0,8.0,0,0,0,0,0,2.0,,0.0,0.0,0.0,0.0,0.15,0.08,0.23,1.43,0.0,269,124,0.0,261,144,0.0,164,87,0.0,265,127,,,,1,,Evann,Guessand,Guessand,,,0,0,0,0,0,0,0,0,0,0,0,0,0,,,,0.0,0.2,1.49,0.89,8.22,0,0,0
198,a,,,5.0,248,10,0,0,0,0,3.2,95,17,0,0,3.5,100,10,0,0,0.0,225,52,0.0,26.2,0,0,0,0,0,2.6,,0.0,0.0,0.0,0.0,0.0,0.0,0.0,1.39,0.0,22,6,0.0,343,12,0.0,496,55,0.0,160,7,,,,1,,Dean,Henderson,Henderson,,,0,0,0,0,0,0,0,0,0,0,0,0,0,,,,2.86,0.3,1.38,1.0,0.0,0,0,0
199,a,,,4.5,407,28,0,0,0,0,0.1,415,45,0,0,7.0,1,1,0,0,0.0,85,28,0.0,1.6,0,0,0,0,0,1.9,,0.0,0.0,0.0,0.0,0.0,0.0,0.0,1.12,0.0,355,29,0.0,446,41,0.0,429,32,0.0,370,29,,,,1,,Walter,Benítez,Benitez,,,0,0,0,0,0,0,0,0,0,0,0,0,0,,,,3.0,1.0,0.0,1.0,0.0,0,0,0
201,a,,,5.5,152,18,0,0,0,0,11.1,41,15,0,0,4.7,17,5,0,0,0.0,410,168,0.0,24.7,0,0,0,0,0,2.5,,0.0,0.0,0.0,0.0,0.09,0.15,0.24,1.29,0.0,79,33,0.0,79,19,0.0,63,5,0.0,62,10,,,,1,,Daniel,Muñoz Mejía,Muñoz,,,0,0,0,0,0,0,0,0,0,0,0,0,0,,,,0.0,0.38,1.24,1.09,7.35,0,0,0
202,a,,,5.0,293,53,0,0,0,0,0.8,209,78,0,0,3.9,65,25,0,0,0.0,270,135,0.0,25.6,0,0,0,0,0,2.2,,0.0,0.0,0.0,0.0,0.08,0.05,0.13,1.31,0.0,40,16,0.0,196,51,0.0,167,47,0.0,109,31,,,,1,,Chris,Richards,Richards,,,0,0,0,0,0,0,0,0,0,0,0,0,0,,,,0.0,0.35,1.34,0.99,9.91,0,0,0
203,a,,,5.0,386,78,0,0,0,0,0.5,252,94,0,0,3.6,90,37,0,0,0.0,363,160,0.0,14.4,0,0,0,0,0,2.2,,0.0,0.0,0.0,0.0,0.1,0.02,0.12,1.61,0.0,168,70,0.0,271,90,0.0,272,87,0.0,248,80,,,,1,,Jaydee,Canvot,Canvot,,,0,0,0,0,0,0,0,0,0,0,0,0,0,,,,0.0,0.34,1.56,0.95,11.43,0,0,0
204,a,,,4.5,449,115,0,0,0,0,6.8,60,24,0,0,3.6,85,33,0,0,0.0,127,86,0.0,30.0,0,0,0,0,0,1.7,,0.0,0.0,0.0,0.0,0.04,0.07,0.11,1.38,0.0,64,28,0.0,56,9,0.0,124,24,0.0,70,14,,,,1,,Tyrick,Mitchell,Mitchell,,,0,0,0,0,0,0,0,0,0,0,0,0,0,,,,0.0,0.33,1.3,1.0,6.78,0,0,0
205,a,,,4.5,429,99,0,0,0,0,0.0,520,174,0,0,0.9,390,129,0,0,0.0,107,70,0.0,1.3,0,0,0,0,0,1.7,,0.0,0.0,0.0,0.0,0.04,0.06,0.1,0.82,0.0,367,128,0.0,317,110,0.0,330,119,0.0,362,124,,,,1,,Borna,Sosa,Sosa,,,0,0,0,0,0,0,0,0,0,0,0,0,0,,,,0.0,0.0,1.82,0.0,8.18,0,0,0
206,a,,,4.5,485,132,0,0,0,0,0.1,456,157,0,0,2.2,264,102,0,0,0.0,163,103,0.0,4.4,0,0,0,0,0,1.7,,0.0,0.0,0.0,0.0,0.05,0.02,0.07,1.49,0.0,296,106,0.0,318,111,0.0,283,93,0.0,312,107,,,,1,,Chadi,Riad Dnanou,Chadi Riad,,,0,0,0,0,0,0,0,0,0,0,0,0,0,,,,0.0,0.16,1.31,0.98,7.36,0,0,0
207,a,,,4.5,444,111,0,0,0,0,0.1,446,152,0,0,0.0,469,175,0,0,0.0,122,82,0.0,0.0,0,0,0,0,0,1.7,,0.0,0.0,0.0,0.0,0.0,0.0,0.0,0.0,0.0,464,175,0.0,456,175,0.0,441,174,0.0,466,175,,,,1,,Oscar,Mingueza,Mingueza,,,0,0,0,0,0,0,0,0,0,0,0,0,0,,,,0.0,0.0,0.0,0.0,0.0,0,0,0
208,a,,,6.5,40,27,0,0,0,0,6.7,61,21,0,0,4.2,43,19,0,0,0.0,545,229,0.0,18.0,0,0,0,0,0,2.3,,0.0,0.0,0.0,0.0,0.45,0.05,0.5,1.29,0.0,121,43,0.0,134,91,0.0,32,18,0.0,71,44,,,2.0,1,,Ismaïla,Sarr,Sarr,,,0,0,0,0,0,0,0,0,0,0,0,0,0,,,,0.0,0.37,1.2,0.99,5.67,0,0,0
210,a,100.0,,5.5,191,117,0,0,0,0,0.6,245,80,0,0,3.3,132,54,0,0,0.0,449,168,0.0,20.4,0,0,0,0,0,2.0,,0.0,0.0,0.0,0.0,0.05,0.26,0.31,1.38,0.0,115,39,0.0,21,20,0.0,174,93,0.0,61,40,1.0,,,1,,Adam,Wharton,Wharton,,,0,0,0,0,0,0,0,0,0,0,0,0,0,,,,0.0,0.28,1.52,1.02,10.69,0,0,0
211,a,,,5.5,189,116,0,0,0,0,0.2,350,122,0,0,2.3,259,107,0,0,0.0,447,167,0.0,14.0,0,0,0,0,0,2.0,,0.0,0.0,0.0,0.0,0.2,0.27,0.47,1.3,0.0,189,80,0.0,22,21,0.0,71,43,0.0,57,36,2.0,1.0,,1,,Yéremy,Pino Santos,Yeremy,,,0,0,0,0,0,0,0,0,0,0,0,0,0,,,,0.0,0.3,1.22,1.13,7.25,0,0,0
212,a,,,4.5,403,237,0,0,0,0,11.0,42,14,0,0,1.5,328,145,0,0,0.0,81,2,0.0,10.0,0,0,0,0,0,1.0,,0.0,0.0,0.0,0.0,0.06,0.11,0.17,1.46,0.0,253,115,0.0,110,79,0.0,243,131,0.0,220,111,3.0,,,1,,Will,Hughes,Hughes,,,0,0,0,0,0,0,0,0,0,0,0,0,0,,,,0.0,0.29,1.04,1.1,8.54,0,0,0
213,a,,,5.0,240,144,0,0,0,0,0.1,417,163,0,0,2.2,265,110,0,0,0.0,217,32,0.0,13.8,0,0,0,0,0,1.5,,0.0,0.0,0.0,0.0,0.1,0.08,0.18,1.31,0.0,209,93,0.0,161,107,0.0,129,74,0.0,193,98,,,,1,,Jefferson,Lerma Solís,Lerma,,,0,0,0,0,0,0,0,0,0,0,0,0,0,,,,0.0,0.37,1.31,0.94,11.5,0,0,0
214,a,,,5.0,262,160,0,0,0,0,0.3,327,114,0,0,2.4,245,98,0,0,0.0,239,48,0.0,13.4,0,0,0,0,0,1.5,,0.0,0.0,0.0,0.0,0.08,0.15,0.23,1.23,0.0,228,100,0.0,100,73,0.0,192,106,0.0,183,91,4.0,,,1,,Daichi,Kamada,Kamada,,,0,0,0,0,0,0,0,0,0,0,0,0,0,,,,0.0,0.28,1.33,1.04,9.86,0,0,0
215,a,,,5.0,328,190,0,0,0,0,0.0,566,244,0,0,1.7,315,138,0,0,0.0,305,78,0.0,7.2,0,0,0,0,0,1.5,,0.0,0.0,0.0,0.0,0.27,0.04,0.31,1.69,0.0,297,136,0.0,238,139,0.0,179,97,0.0,271,132,,2.0,3.0,1,,Justin,Devenny,Devenny,,,0,0,0,0,0,0,0,0,0,0,0,0,0,,,,0.0,0.11,1.72,0.8,8.25,0,0,0
216,a,,,5.0,377,225,0,0,0,0,0.0,504,210,0,0,1.0,384,180,0,0,0.0,354,113,0.0,0.8,0,0,0,0,0,1.5,,0.0,0.0,0.0,0.0,0.0,0.09,0.09,3.92,0.0,373,172,0.0,361,179,0.0,337,171,0.0,379,178,,,,1,,Romain,Esse,Esse,,,0,0,0,0,0,0,0,0,0,0,0,0,0,,,,0.0,0.0,0.0,0.0,11.25,0,0,0
217,a,,,5.0,360,212,0,0,0,0,0.0,509,213,0,0,0.0,544,229,0,0,0.0,337,100,0.0,0.0,0,0,0,0,0,1.5,,0.0,0.0,0.0,0.0,0.0,0.0,0.0,0.0,0.0,544,229,0.0,544,229,0.0,541,228,0.0,544,229,,,,1,,Matheus,França de Oliveira,M.França,,,0,0,0,0,0,0,0,0,0,0,0,0,0,,,,0.0,0.0,0.0,0.0,0.0,0,0,0
218,a,,,5.0,298,177,0,0,0,0,0.1,474,194,0,0,0.0,520,213,0,0,0.0,275,65,0.0,0.0,0,0,0,0,0,1.5,,0.0,0.0,0.0,0.0,0.0,0.0,0.0,0.0,0.0,520,213,0.0,517,213,0.0,514,212,0.0,520,213,,,,1,,Cheick,Doucouré,Doucouré,,,0,0,0,0,0,0,0,0,0,0,0,0,0,,,,0.0,0.0,0.0,0.0,0.0,0,0,0
219,a,,,5.0,306,181,0,0,0,0,0.0,576,251,0,0,0.0,523,216,0,0,0.0,283,69,0.0,0.0,0,0,0,0,0,1.5,,0.0,0.0,0.0,0.0,0.0,0.0,0.0,0.0,0.0,523,216,0.0,521,216,0.0,518,215,0.0,523,216,,,,1,,Jesurun,Rak-Sakyi,J.Rak-Sakyi,,,0,0,0,0,0,0,0,0,0,0,0,0,0,,,,0.0,0.0,0.0,0.0,0.0,0,0,0
220,u,0.0,,4.5,507,141,0,0,0,0,0.0,569,190,0,0,2.0,284,109,0,0,0.0,185,112,0.0,0.4,0,0,0,0,0,0.0,,0.0,0.0,0.0,0.0,0.02,0.16,0.18,2.53,0.0,361,126,0.0,312,108,0.0,340,123,0.0,358,122,,,,1,,Rio,Cardines,Cardines,Has joined Bristol City on loan for the rest of the season,,0,0,0,0,0,0,0,0,0,0,0,0,0,,,,0.0,0.0,2.0,1.0,7.0,0,0,0
221,a,,,4.5,520,259,0,0,0,0,0.1,442,179,0,0,1.0,376,172,0,0,0.0,198,24,0.0,0.4,0,0,0,0,0,1.0,,0.0,0.0,0.0,0.0,0.0,0.0,0.0,9.39,0.0,389,182,0.0,371,186,0.0,485,198,0.0,393,185,,,,1,,Joél,Drakes-Thomas,Drakes-Thomas,,,0,0,0,0,0,0,0,0,0,0,0,0,0,,,,0.0,0.0,12.86,0.0,38.57,0,0,0
222,a,,,6.0,77,20,0,0,0,0,0.6,244,42,0,0,2.1,280,28,0,0,0.0,502,51,0.0,12.5,0,0,0,0,0,2.0,,0.0,0.0,0.0,0.0,0.21,0.04,0.25,1.41,0.0,218,20,0.0,165,15,0.0,46,17,0.0,147,19,,,,1,,Jørgen,Strand Larsen,Strand Larsen,,,0,0,0,0,0,0,0,0,0,0,0,0,0,,,,0.0,0.2,1.6,1.02,3.72,0,0,0
223,a,,,6.5,39,11,0,0,0,0,6.2,64,10,0,0,3.6,95,9,0,0,0.0,544,59,0.0,17.5,0,0,0,0,0,2.1,,0.0,0.0,0.0,0.0,0.59,0.05,0.64,1.29,0.0,87,8,0.0,191,18,0.0,18,10,0.0,51,11,,,1.0,1,,Jean-Philippe,Mateta,Mateta,,,0,0,0,0,0,0,0,0,0,0,0,0,0,,,,0.0,0.33,1.18,1.02,5.09,0,0,0
224,a,,,5.5,135,34,0,0,0,0,0.5,269,47,0,0,1.9,293,30,0,0,0.0,393,30,0.0,4.2,0,0,0,0,0,1.8,,0.0,0.0,0.0,0.0,0.38,0.1,0.48,2.06,0.0,293,32,0.0,247,27,0.0,178,34,0.0,272,33,,,,1,,Eddie,Nketiah,Nketiah,,,0,0,0,0,0,0,0,0,0,0,0,0,0,,,,0.0,0.0,2.61,0.43,8.26,0,0,0
225,u,0.0,,5.0,388,58,0,0,0,0,0.0,588,70,0,0,1.2,349,39,0,0,0.0,365,23,0.0,3.4,0,0,0,0,0,0.0,,0.0,0.0,0.0,0.0,0.28,0.01,0.29,2.62,0.0,364,41,0.0,348,43,0.0,257,40,0.0,343,41,,,,1,,Christantus,Uche,Uche,has returned to Getafe CF,,0,0,0,0,0,0,0,0,0,0,0,0,0,,,,0.0,0.0,2.26,0.0,7.36,0,0,0
241,a,,,5.5,158,99,0,0,0,0,0.2,374,136,0,0,2.4,252,104,0,0,0.0,416,150,0.0,9.6,0,0,0,0,0,2.0,,0.0,0.0,0.0,0.0,0.11,0.15,0.26,1.46,0.0,281,129,0.0,140,96,0.0,199,110,0.0,241,123,,,,1,,Dwight,McNeil,McNeil,,,0,0,0,0,0,0,0,0,0,0,0,0,0,,,,0.0,0.47,0.7,1.09,8.6,0,0,0
555,a,,,4.0,539,56,0,0,0,0,1.7,150,22,0,0,0.0,413,39,0,0,0.0,18,10,0.0,0.0,0,0,0,0,0,1.0,,0.0,0.0,0.0,0.0,0.0,0.0,0.0,0.0,0.0,407,39,0.0,392,23,0.0,373,14,0.0,409,39,,,,1,,Remi,Matthews,Matthews,,,0,0,0,0,0,0,0,0,0,0,0,0,0,,,,0.0,0.0,0.0,0.0,0.0,0,0,0
577,a,,,4.5,434,103,0,0,0,0,0.2,349,131,0,0,0.0,466,174,0,0,0.0,112,74,0.0,0.0,0,0,0,0,0,1.7,,0.0,0.0,0.0,0.0,0.0,0.0,0.0,0.0,0.0,461,174,0.0,453,174,0.0,438,173,0.0,463,174,,,,1,,Takehiro,Tomiyasu,Tomiyasu,,,0,0,0,0,0,0,0,0,0,0,0,0,0,,,,0.0,0.0,0.0,0.0,0.0,0,0,0
588,a,,,5.0,371,74,0,0,0,0,0.0,587,194,0,0,0.0,548,189,0,0,0.0,348,156,0.0,0.0,0,0,0,0,0,2.2,,0.0,0.0,0.0,0.0,0.0,0.0,0.0,0.0,0.0,548,189,0.0,548,189,0.0,546,189,0.0,548,189,,,,1,,Anan,Khalaili,Khalaili,,,0,0,0,0,0,0,0,0,0,0,0,0,0,,,,0.0,0.0,0.0,0.0,0.0,0,0,0
21,d,75.0,,5.0,236,142,0,0,0,0,0.5,262,84,0,0,1.0,377,173,0,0,0.0,213,30,0.0,1.4,0,0,0,0,0,1.1,,0.0,0.0,0.0,0.0,0.07,0.04,0.11,2.03,0.0,354,164,0.0,353,174,0.0,327,167,0.0,363,169,,,,1,,Christian,Nørgaard,Nørgaard,Lack of match fitness - 75% chance of playing,,0,0,0,0,0,0,0,0,0,0,0,0,0,,,,0.0,0.0,0.89,0.89,14.26,0,0,0
209,a,,,6.0,76,49,0,0,0,0,0.2,358,126,0,0,1.9,297,129,0,0,0.0,501,198,0.0,10.8,0,0,0,0,0,2.1,,0.0,0.0,0.0,0.0,0.13,0.07,0.2,1.49,0.0,237,107,0.0,118,82,0.0,132,76,0.0,181,89,,,,1,,Brennan,Johnson,Johnson,,,0,0,0,0,0,0,0,0,0,0,0,0,0,,,,0.0,0.32,1.26,1.0,6.37,0,0,0
226,a,,,5.5,115,2,0,0,0,0,8.6,53,7,0,0,3.6,92,9,0,0,0.0,373,63,0.0,24.5,0,0,0,0,0,3.3,,0.0,0.0,0.0,0.0,0.0,0.01,0.01,1.48,0.0,15,4,0.0,323,6,0.0,357,3,0.0,149,5,,,,1,,Jordan,Pickford,Pickford,,,0,0,0,0,0,0,0,0,0,0,0,0,0,,,,2.63,0.29,1.32,1.0,0.0,0,0,0
227,a,,,5.0,281,13,0,0,0,0,0.0,503,58,0,0,0.0,514,64,0,0,0.0,258,55,0.0,0.0,0,0,0,0,0,2.6,,0.0,0.0,0.0,0.0,0.0,0.0,0.0,0.0,0.0,514,64,0.0,510,60,0.0,507,58,0.0,514,64,,,,1,,Mark,Travers,Travers,,,0,0,0,0,0,0,0,0,0,0,0,0,0,,,,0.0,0.0,0.0,0.0,0.0,0,0,0
228,a,,,4.5,410,30,0,0,0,0,0.1,500,57,0,0,0.0,463,55,0,0,0.0,88,30,0.0,0.0,0,0,0,0,0,1.9,,0.0,0.0,0.0,0.0,0.0,0.0,0.0,0.0,0.0,458,55,0.0,448,43,0.0,431,34,0.0,460,55,,,,1,,Tom,King,King,,,0,0,0,0,0,0,0,0,0,0,0,0,0,,,,0.0,0.0,0.0,0.0,0.0,0,0,0
229,a,,,6.0,56,5,0,0,0,0,9.6,49,18,0,0,4.6,23,8,0,0,0.0,481,185,0.0,28.3,0,0,0,0,0,2.8,,0.0,0.0,0.0,0.0,0.07,0.06,0.13,1.45,0.0,6,3,0.0,146,35,0.0,57,3,0.0,38,5,,,,1,,James,Tarkowski,Tarkowski,,,0,0,0,0,0,0,0,0,0,0,0,0,0,,,,0.0,0.3,1.3,1.0,10.16,0,0,0
230,a,,,5.5,183,27,0,0,0,0,1.9,136,57,0,0,3.2,149,59,0,0,0.0,441,177,0.0,5.8,0,0,0,0,0,2.5,,0.0,0.0,0.0,0.0,0.05,0.01,0.06,1.25,0.0,261,98,0.0,295,100,0.0,255,80,0.0,291,98,,,,1,,Jarrad,Branthwaite,Branthwaite,,,0,0,0,0,0,0,0,0,0,0,0,0,0,,,,0.0,0.13,1.19,0.93,8.89,0,0,0
231,a,,,5.0,231,37,0,0,0,0,1.7,147,60,0,0,4.0,50,18,0,0,0.0,208,119,0.0,26.2,0,0,0,0,0,2.2,,0.0,0.0,0.0,0.0,0.08,0.02,0.1,1.55,0.0,33,13,0.0,288,97,0.0,99,14,0.0,104,28,,,,1,,Michael,Keane,Keane,,,0,0,0,0,0,0,0,0,0,0,0,0,0,,,,0.0,0.24,1.46,1.01,10.5,0,0,0
232,a,,,5.0,348,71,0,0,0,0,0.5,253,95,0,0,3.1,159,65,0,0,0.0,325,153,0.0,23.2,0,0,0,0,0,2.2,,0.0,0.0,0.0,0.0,0.05,0.03,0.08,1.54,0.0,82,34,0.0,130,32,0.0,148,36,0.0,111,32,,,,1,,Jake,O'Brien,O'Brien,,,0,0,0,0,0,0,0,0,0,0,0,0,0,,,,0.0,0.29,1.33,1.01,6.67,0,0,0
233,a,,,4.5,435,104,0,0,0,0,1.3,170,64,0,0,2.9,181,75,0,0,0.0,113,75,0.0,21.1,0,0,0,0,0,1.7,,0.0,0.0,0.0,0.0,0.01,0.07,0.08,1.47,0.0,91,40,0.0,81,20,0.0,260,83,0.0,124,36,,,,1,,Vitalii,Mykolenko,Mykolenko,,,0,0,0,0,0,0,0,0,0,0,0,0,0,,,,0.0,0.27,1.43,1.0,7.03,0,0,0
234,a,,,4.5,448,114,0,0,0,0,0.0,515,173,0,0,3.1,156,63,0,0,0.0,126,85,0.0,4.9,0,0,0,0,0,1.7,,0.0,0.0,0.0,0.0,0.01,0.02,0.03,1.39,0.0,327,117,0.0,351,123,0.0,317,114,0.0,342,117,,,,1,,Nathan,Patterson,Patterson,,,0,0,0,0,0,0,0,0,0,0,0,0,0,,,,0.0,0.76,0.76,1.13,11.72,0,0,0
235,a,,,4.0,569,175,0,0,0,0,0.2,370,139,0,0,0.0,442,160,0,0,0.0,48,30,0.0,0.0,0,0,0,0,0,1.0,,0.0,0.0,0.0,0.0,0.0,0.0,0.0,0.0,0.0,436,159,0.0,421,158,0.0,402,154,0.0,438,159,,,,1,,Adam,Aznou,Aznou,,,0,0,0,0,0,0,0,0,0,0,0,0,0,,,,0.0,0.0,0.0,0.0,0.0,0,0,0
236,a,,,6.5,37,25,0,0,0,0,3.5,91,31,0,0,4.9,14,7,0,0,0.0,542,227,0.0,23.2,0,0,0,0,0,2.3,,0.0,0.0,0.0,0.0,0.15,0.18,0.33,1.38,0.0,70,21,0.0,34,33,0.0,50,29,0.0,37,27,2.0,,,1,,Kiernan,Dewsbury-Hall,Dewsbury-Hall,,,0,0,0,0,0,0,0,0,0,0,0,0,0,,,,0.0,0.27,1.34,1.03,7.87,0,0,0
237,a,,,6.0,81,52,0,0,0,0,15.6,25,7,0,0,4.0,58,25,0,0,0.0,506,201,0.0,21.3,0,0,0,0,0,2.1,,0.0,0.0,0.0,0.0,0.22,0.14,0.36,1.38,0.0,72,22,0.0,54,47,0.0,35,21,0.0,36,26,,,1.0,1,,Iliman,Ndiaye,Ndiaye,,,0,0,0,0,0,0,0,0,0,0,0,0,0,,,,0.0,0.26,1.42,1.04,9.16,0,0,0
239,i,0.0,,6.0,75,48,0,0,0,0,0.3,303,99,0,0,4.2,42,18,0,0,0.0,500,197,0.0,26.5,0,0,0,0,0,0.0,,0.0,0.0,0.0,0.0,0.06,0.16,0.22,1.48,0.0,14,4,0.0,7,7,0.0,125,71,0.0,17,13,1.0,1.0,3.0,1,,James,Garner,Garner,Groin injury - Expected back 22 Aug,,0,0,0,0,0,0,0,0,0,0,0,0,0,,,,0.0,0.29,1.32,1.0,12.08,0,0,0
240,i,0.0,,5.0,330,192,0,0,0,0,0.1,492,205,0,0,2.3,256,105,0,0,0.0,307,80,0.0,13.6,0,0,0,0,0,0.0,,0.0,0.0,0.0,0.0,0.03,0.04,0.07,1.5,0.0,223,99,0.0,222,136,0.0,250,133,0.0,258,125,,,,1,,Tim,Iroegbunam,Iroegbunam,Groin injury - Unknown return date,,0,0,0,0,0,0,0,0,0,0,0,0,0,,,,0.0,0.49,1.1,1.04,11.52,0,0,0
242,a,,,5.5,207,130,0,0,0,0,0.3,316,107,0,0,1.1,355,164,0,0,0.0,465,181,0.0,2.9,0,0,0,0,0,2.0,,0.0,0.0,0.0,0.0,0.16,0.31,0.47,1.66,0.0,339,155,0.0,267,148,0.0,204,114,0.0,303,145,,,,1,,Tyrique,George,George,,,0,0,0,0,0,0,0,0,0,0,0,0,0,,,,0.0,0.26,2.31,0.26,5.9,0,0,0
243,a,,,5.0,344,200,0,0,0,0,0.1,460,187,0,0,1.4,338,152,0,0,0.0,321,88,0.0,5.8,0,0,0,0,0,1.5,,0.0,0.0,0.0,0.0,0.16,0.07,0.23,1.8,0.0,308,139,0.0,188,124,0.0,186,102,0.0,266,128,,,,1,,Carlos,Alcaraz Durán,Alcaraz,,,0,0,0,0,0,0,0,0,0,0,0,0,0,,,,0.0,0.4,1.33,0.8,9.28,0,0,0
244,a,,,5.0,379,227,0,0,0,0,0.1,468,191,0,0,1.6,324,142,0,0,0.0,356,115,0.0,4.2,0,0,0,0,0,1.5,,0.0,0.0,0.0,0.0,0.14,0.04,0.18,1.88,0.0,330,148,0.0,264,146,0.0,252,134,0.0,308,146,,,,1,,Harrison,Armstrong,Armstrong,,,0,0,0,0,0,0,0,0,0,0,0,0,0,,,,0.0,0.17,1.89,1.03,8.59,0,0,0
245,a,,,5.5,192,118,0,0,0,0,0.0,505,211,0,0,1.3,346,158,0,0,0.0,450,169,0.0,3.3,0,0,0,0,0,2.0,,0.0,0.0,0.0,0.0,0.05,0.04,0.09,1.71,0.0,336,152,0.0,274,150,0.0,296,154,0.0,324,153,,,,1,,Tyler,Dibling,Dibling,,,0,0,0,0,0,0,0,0,0,0,0,0,0,,,,0.0,0.52,0.52,1.03,10.32,0,0,0
246,a,,,5.0,349,202,0,0,0,0,0.1,479,197,0,0,2.2,270,115,0,0,0.0,326,90,0.0,7.2,0,0,0,0,0,1.5,,0.0,0.0,0.0,0.0,0.09,0.05,0.14,1.77,0.0,300,138,0.0,245,140,0.0,269,144,0.0,300,144,,,,1,,Merlin,Röhl,Röhl,,,0,0,0,0,0,0,0,0,0,0,0,0,0,,,,0.0,0.27,1.73,0.8,9.07,0,0,0
247,a,,,5.5,151,94,0,0,0,0,0.3,309,103,0,0,0.0,564,242,0,0,0.0,409,145,0.0,0.0,0,0,0,0,0,2.0,,0.0,0.0,0.0,0.0,0.0,0.0,0.0,0.0,0.0,564,242,0.0,564,242,0.0,563,242,0.0,564,242,,,,1,,Hayden,Hackney,Hackney,,,0,0,0,0,0,0,0,0,0,0,0,0,0,,,,0.0,0.0,0.0,0.0,0.0,0,0,0
248,a,,,5.5,187,42,0,0,0,0,3.0,102,13,0,0,2.8,198,19,0,0,0.0,445,38,0.0,18.9,0,0,0,0,0,1.8,,0.0,0.0,0.0,0.0,0.52,0.01,0.53,1.4,0.0,131,13,0.0,194,19,0.0,26,14,0.0,81,14,,,4.0,1,,Norberto Bercique,Gomes Betuncal,Beto,,,0,0,0,0,0,0,0,0,0,0,0,0,0,,,,0.0,0.29,1.1,0.99,5.16,0,0,0
249,a,,,5.5,216,44,0,0,0,0,1.2,179,28,0,0,2.5,238,25,0,0,0.0,474,40,0.0,17.3,0,0,0,0,0,1.8,,0.0,0.0,0.0,0.0,0.39,0.02,0.41,1.59,0.0,177,16,0.0,160,14,0.0,42,16,0.0,123,18,,,2.0,1,,Thierno,Barry,Barry,,,0,0,0,0,0,0,0,0,0,0,0,0,0,,,,0.0,0.33,1.61,1.0,3.51,0,0,0
250,a,,,4.5,395,23,0,0,0,0,3.2,92,15,0,0,3.2,138,18,0,0,0.0,73,23,0.0,27.1,0,0,0,0,0,1.9,,0.0,0.0,0.0,0.0,0.0,0.0,0.0,1.39,0.0,29,9,0.0,439,36,0.0,422,27,0.0,170,9,,,,1,,Bernd,Leno,Leno,,,0,0,0,0,0,0,0,0,0,0,0,0,0,,,,2.58,0.24,1.34,1.0,0.0,0,0,0
251,a,,,4.0,528,52,0,0,0,0,1.4,166,24,0,0,0.0,406,36,0,0,0.0,7,6,0.0,0.0,0,0,0,0,0,1.0,,0.0,0.0,0.0,0.0,0.0,0.0,0.0,0.0,0.0,400,36,0.0,384,19,0.0,365,10,0.0,402,36,,,,1,,Benjamin,Lecomte,Lecomte,,,0,0,0,0,0,0,0,0,0,0,0,0,0,,,,0.0,0.0,0.0,0.0,0.0,0,0,0
252,a,,,4.0,572,65,0,0,0,0,0.2,391,43,0,0,0.0,444,48,0,0,0.0,51,19,0.0,0.0,0,0,0,0,0,1.0,,0.0,0.0,0.0,0.0,0.0,0.0,0.0,0.0,0.0,439,48,0.0,424,32,0.0,405,23,0.0,441,48,,,,1,,Alfie,McNally,McNally,,,0,0,0,0,0,0,0,0,0,0,0,0,0,,,,0.0,0.0,0.0,0.0,0.0,0,0,0
253,s,0.0,,5.0,249,41,0,0,0,0,0.0,507,171,0,0,3.7,78,31,0,0,0.0,226,123,0.0,24.6,0,0,0,0,0,0.0,,0.0,0.0,0.0,0.0,0.04,0.06,0.1,1.4,0.0,31,12,0.0,215,59,0.0,195,53,0.0,112,33,,,,1,,Joachim,Andersen,Andersen,Suspended until 30 Aug,,0,0,0,0,0,0,0,0,0,0,0,0,0,,,,0.0,0.25,1.41,1.03,10.27,0,0,0
254,a,,,4.5,416,90,0,0,0,0,2.2,122,51,0,0,3.0,166,69,0,0,0.0,94,61,0.0,14.4,0,0,0,0,0,1.7,,0.0,0.0,0.0,0.0,0.06,0.1,0.16,1.46,0.0,161,66,0.0,104,26,0.0,248,77,0.0,174,61,,,2.0,1,,Antonee,Robinson,Robinson,,,0,0,0,0,0,0,0,0,0,0,0,0,0,,,,0.0,0.24,1.15,1.03,8.23,0,0,0
255,a,,,4.5,451,117,0,0,0,0,0.0,543,186,0,0,2.6,220,89,0,0,0.0,129,88,0.0,8.7,0,0,0,0,0,1.7,,0.0,0.0,0.0,0.0,0.0,0.05,0.05,1.41,0.0,224,84,0.0,289,98,0.0,320,115,0.0,286,95,,,,1,,Jorge,Cuenca Barreno,J.Cuenca,,,0,0,0,0,0,0,0,0,0,0,0,0,0,,,,0.0,0.19,1.06,1.06,11.26,0,0,0
256,a,,,4.5,415,89,0,0,0,0,0.3,324,121,0,0,3.7,77,30,0,0,0.0,93,60,0.0,18.0,0,0,0,0,0,1.7,,0.0,0.0,0.0,0.0,0.05,0.07,0.12,1.3,0.0,146,59,0.0,155,39,0.0,224,66,0.0,188,64,,,,1,,Kenny,Tete,Tete,,,0,0,0,0,0,0,0,0,0,0,0,0,0,,,,0.0,0.3,1.26,1.06,8.29,0,0,0
257,a,,,4.5,442,110,0,0,0,0,0.7,231,87,0,0,3.4,108,45,0,0,0.0,120,81,0.0,22.9,0,0,0,0,0,1.7,,0.0,0.0,0.0,0.0,0.06,0.01,0.07,1.35,0.0,86,37,0.0,204,52,0.0,222,65,0.0,162,56,,,,1,,Calvin,Bassey,Bassey,,,0,0,0,0,0,0,0,0,0,0,0,0,0,,,,0.0,0.25,1.42,1.0,7.29,0,0,0
258,a,,,4.5,414,88,0,0,0,0,0.3,319,119,0,0,2.0,282,107,0,0,0.0,92,59,0.0,13.6,0,0,0,0,0,1.7,,0.0,0.0,0.0,0.0,0.07,0.07,0.14,1.6,0.0,163,67,0.0,127,30,0.0,159,42,0.0,158,54,,,,1,,Timothy,Castagne,Castagne,,,0,0,0,0,0,0,0,0,0,0,0,0,0,,,,0.0,0.15,1.52,0.98,7.15,0,0,0
261,a,,,5.5,118,77,0,0,0,0,1.0,193,66,0,0,3.6,93,39,0,0,0.0,376,128,0.0,18.7,0,0,0,0,0,2.0,,0.0,0.0,0.0,0.0,0.07,0.17,0.24,1.33,0.0,111,37,0.0,20,19,0.0,79,48,0.0,45,30,1.0,1.0,3.0,1,,Alex,Iwobi,Iwobi,,,0,0,0,0,0,0,0,0,0,0,0,0,0,,,,0.0,0.19,1.49,1.08,6.99,0,0,0
262,a,,,5.5,138,86,0,0,0,0,0.4,288,94,0,0,2.2,271,116,0,0,0.0,396,137,0.0,14.5,0,0,0,0,0,2.0,,0.0,0.0,0.0,0.0,0.22,0.05,0.27,1.47,0.0,204,91,0.0,109,78,0.0,62,37,0.0,122,70,,,,1,,Emile,Smith Rowe,Smith Rowe,,,0,0,0,0,0,0,0,0,0,0,0,0,0,,,,0.0,0.28,1.27,1.04,6.98,0,0,0
263,a,,,5.5,209,132,0,0,0,0,0.1,467,190,0,0,1.9,296,128,0,0,0.0,467,183,0.0,8.9,0,0,0,0,0,2.0,,0.0,0.0,0.0,0.0,0.11,0.13,0.24,1.27,0.0,241,108,0.0,138,95,0.0,121,70,0.0,199,99,3.0,,,1,,Kevin,Santos Lopes de Macedo,Kevin,,,0,0,0,0,0,0,0,0,0,0,0,0,0,,,,0.0,0.35,1.31,0.79,7.51,0,0,0
264,a,,,5.5,182,111,0,0,0,0,0.4,294,97,0,0,1.8,308,134,0,0,0.0,440,162,0.0,7.6,0,0,0,0,0,2.0,,0.0,0.0,0.0,0.0,0.13,0.18,0.31,1.11,0.0,282,130,0.0,114,81,0.0,150,81,0.0,207,104,2.0,,,1,,Oscar,Bobb,Bobb,,,0,0,0,0,0,0,0,0,0,0,0,0,0,,,,0.0,0.35,1.14,0.96,6.64,0,0,0
265,a,,,5.0,259,158,0,0,0,0,0.4,280,90,0,0,2.6,222,85,0,0,0.0,236,46,0.0,18.2,0,0,0,0,0,1.5,,0.0,0.0,0.0,0.0,0.05,0.05,0.1,1.34,0.0,137,50,0.0,92,67,0.0,227,122,0.0,148,77,,,,1,,Sander,Berge,Berge,,,0,0,0,0,0,0,0,0,0,0,0,0,0,,,,0.0,0.25,1.39,1.05,8.68,0,0,0
266,i,0.0,,5.0,224,139,0,0,0,0,0.0,560,239,0,0,1.7,313,136,0,0,0.0,201,27,0.0,8.2,0,0,0,0,0,0.0,,0.0,0.0,0.0,0.0,0.14,0.1,0.24,1.39,0.0,273,126,0.0,174,116,0.0,265,141,0.0,268,130,,,,1,,Tom,Cairney,Cairney,Knee injury - Expected back 10 Oct,,0,0,0,0,0,0,0,0,0,0,0,0,0,,,,0.0,0.24,1.19,0.71,7.26,0,0,0
268,a,,,5.5,214,135,0,0,0,0,0.2,393,148,0,0,2.0,289,123,0,0,0.0,472,186,0.0,11.5,0,0,0,0,0,2.0,,0.0,0.0,0.0,0.0,0.17,0.05,0.22,1.32,0.0,245,110,0.0,170,112,0.0,82,50,0.0,190,95,,,,1,,Josh,King,King,,,0,0,0,0,0,0,0,0,0,0,0,0,0,,,,0.0,0.35,1.26,1.05,7.47,0,0,0
269,a,,,4.5,419,91,0,0,0,0,0.4,276,103,0,0,3.5,98,38,0,0,0.0,97,62,0.0,21.1,0,0,0,0,0,1.7,,0.0,0.0,0.0,0.0,0.08,0.09,0.17,1.3,0.0,147,60,0.0,150,36,0.0,133,26,0.0,155,52,,,,1,,Ryan,Sessegnon,Sessegnon,,,0,0,0,0,0,0,0,0,0,0,0,0,0,,,,0.0,0.3,1.44,0.99,10.8,0,0,0
270,a,,,4.5,412,238,0,0,0,0,1.1,185,63,0,0,2.1,273,117,0,0,0.0,90,3,0.0,3.3,0,0,0,0,0,1.0,,0.0,0.0,0.0,0.0,0.13,0.46,0.59,3.47,0.0,342,157,0.0,293,157,0.0,325,166,0.0,338,158,,,,1,,Harrison,Reed,Reed,,,0,0,0,0,0,0,0,0,0,0,0,0,0,,,,0.0,0.0,4.04,1.01,6.07,0,0,0
271,a,,,5.5,150,36,0,0,0,0,0.6,234,40,0,0,1.7,317,33,0,0,0.0,408,32,0.0,6.5,0,0,0,0,0,1.8,,0.0,0.0,0.0,0.0,0.3,0.01,0.31,1.26,0.0,299,33,0.0,242,25,0.0,103,24,0.0,253,31,,,,1,,Rodrigo,Muniz Carvalho,Muniz,,,0,0,0,0,0,0,0,0,0,0,0,0,0,,,,0.0,0.27,1.19,0.91,4.74,0,0,0
272,a,,,4.5,518,70,0,0,0,0,7.1,59,9,0,0,0.9,393,47,0,0,0.0,196,12,0.0,1.3,0,0,0,0,0,1.0,,0.0,0.0,0.0,0.0,0.0,0.13,0.13,2.02,0.0,383,43,0.0,334,42,0.0,331,43,0.0,371,43,,,,1,,Jonah,Kusi-Asare,Kusi-Asare,,,0,0,0,0,0,0,0,0,0,0,0,0,0,,,,0.0,0.0,3.67,0.0,9.18,0,0,0
569,a,,,6.0,104,26,0,0,0,0,1.8,138,19,0,0,0.0,582,68,0,0,0.0,529,57,0.0,0.0,0,0,0,0,0,2.0,,0.0,0.0,0.0,0.0,0.0,0.0,0.0,0.0,0.0,582,68,0.0,582,68,0.0,582,68,0.0,582,68,,,1.0,1,,Gonzalo,García,Gonzalo,,,0,0,0,0,0,0,0,0,0,0,0,0,0,,,,0.0,0.0,0.0,0.0,0.0,0,0,0
570,a,,,5.5,212,134,0,0,0,0,0.1,401,154,0,0,0.0,577,252,0,0,0.0,470,185,0.0,0.0,0,0,0,0,0,2.0,,0.0,0.0,0.0,0.0,0.0,0.0,0.0,0.0,0.0,577,252,0.0,577,252,0.0,576,252,0.0,577,252,,,,1,,César,Palacios,Palacios,,,0,0,0,0,0,0,0,0,0,0,0,0,0,,,,0.0,0.0,0.0,0.0,0.0,0,0,0
580,a,,,5.0,312,184,0,0,0,0,0.1,469,192,0,0,0.0,527,218,0,0,0.0,289,72,0.0,0.0,0,0,0,0,0,1.5,,0.0,0.0,0.0,0.0,0.0,0.0,0.0,0.0,0.0,527,218,0.0,525,218,0.0,522,217,0.0,527,218,,,,1,,Shea,Charles,Charles,,,0,0,0,0,0,0,0,0,0,0,0,0,0,,,,0.0,0.0,0.0,0.0,0.0,0,0,0
277,a,,,4.0,530,148,0,0,0,0,1.9,132,54,0,0,0.0,407,136,0,0,0.0,9,3,0.0,0.0,0,0,0,0,0,1.0,,0.0,0.0,0.0,0.0,0.0,0.0,0.0,0.0,0.0,401,135,0.0,385,134,0.0,366,130,0.0,403,135,,,,1,,John,Egan,Egan,,,0,0,0,0,0,0,0,0,0,0,0,0,0,,,,0.0,0.0,0.0,0.0,0.0,0,0,0
278,i,0.0,,4.0,571,177,0,0,0,0,0.4,287,108,0,0,0.0,443,161,0,0,0.0,50,32,0.0,0.0,0,0,0,0,0,0.0,,0.0,0.0,0.0,0.0,0.0,0.0,0.0,0.0,0.0,438,161,0.0,423,160,0.0,404,156,0.0,440,161,,,,1,,Charlie,Hughes,Hughes,Groin injury - Unknown return date,,0,0,0,0,0,0,0,0,0,0,0,0,0,,,,0.0,0.0,0.0,0.0,0.0,0,0,0
273,a,,,4.0,537,55,0,0,0,0,1.9,134,21,0,0,0.0,411,38,0,0,0.0,16,9,0.0,0.0,0,0,0,0,0,1.0,,0.0,0.0,0.0,0.0,0.0,0.0,0.0,0.0,0.0,405,38,0.0,390,22,0.0,371,13,0.0,407,38,,,,1,,Dillon,Phillips,Phillips,,,0,0,0,0,0,0,0,0,0,0,0,0,0,,,,0.0,0.0,0.0,0.0,0.0,0,0,0
274,i,0.0,,4.5,401,25,0,0,0,0,0.4,291,38,0,0,0.0,459,51,0,0,0.0,79,25,0.0,0.0,0,0,0,0,0,0.0,,0.0,0.0,0.0,0.0,0.0,0.0,0.0,0.0,0.0,454,51,0.0,443,38,0.0,426,29,0.0,456,51,,,,1,,Jack,Butland,Butland,Arm injury - Unknown return date,,0,0,0,0,0,0,0,0,0,0,0,0,0,,,,0.0,0.0,0.0,0.0,0.0,0,0,0
275,u,0.0,,4.0,568,64,0,0,0,0,0.0,516,61,0,0,0.0,441,47,0,0,0.0,47,18,0.0,0.0,0,0,0,0,0,0.0,,0.0,0.0,0.0,0.0,0.0,0.0,0.0,0.0,0.0,435,47,0.0,420,31,0.0,401,22,0.0,437,47,,,,1,,Harvey,Cartwright,Cartwright,Has joined Grimsby Town on loan for the rest of the season,,0,0,0,0,0,0,0,0,0,0,0,0,0,,,,0.0,0.0,0.0,0.0,0.0,0,0,0
276,u,0.0,,4.0,557,61,0,0,0,0,0.2,378,41,0,0,0.0,430,44,0,0,0.0,36,15,0.0,0.0,0,0,0,0,0,0.0,,0.0,0.0,0.0,0.0,0.0,0.0,0.0,0.0,0.0,424,44,0.0,409,28,0.0,390,19,0.0,426,44,,,,1,,Thimothée,Lo-Tutala,Lo-Tutala,Has joined Colchester United on loan for the rest of the season,,0,0,0,0,0,0,0,0,0,0,0,0,0,,,,0.0,0.0,0.0,0.0,0.0,0,0,0
279,a,,,4.0,533,150,0,0,0,0,0.9,201,72,0,0,0.0,409,137,0,0,0.0,12,5,0.0,0.0,0,0,0,0,0,1.0,,0.0,0.0,0.0,0.0,0.0,0.0,0.0,0.0,0.0,403,136,0.0,387,135,0.0,368,131,0.0,405,136,,,,1,,Semi,Ajayi,Ajayi,,,0,0,0,0,0,0,0,0,0,0,0,0,0,,,,0.0,0.0,0.0,0.0,0.0,0,0,0
280,a,,,4.0,543,157,0,0,0,0,0.6,233,88,0,0,0.0,417,143,0,0,0.0,22,12,0.0,0.0,0,0,0,0,0,1.0,,0.0,0.0,0.0,0.0,0.0,0.0,0.0,0.0,0.0,411,142,0.0,396,141,0.0,377,137,0.0,413,142,,,,1,,Lewie,Coyle,Coyle,,,0,0,0,0,0,0,0,0,0,0,0,0,0,,,,0.0,0.0,0.0,0.0,0.0,0,0,0
281,i,0.0,,4.0,554,165,0,0,0,0,0.0,529,179,0,0,0.0,427,150,0,0,0.0,33,20,0.0,0.0,0,0,0,0,0,0.0,,0.0,0.0,0.0,0.0,0.0,0.0,0.0,0.0,0.0,421,149,0.0,406,148,0.0,387,144,0.0,423,149,,,,1,,Cody,Drameh,Drameh,Hamstring injury - Expected back 29 Aug,,0,0,0,0,0,0,0,0,0,0,0,0,0,,,,0.0,0.0,0.0,0.0,0.0,0,0,0
282,a,,,4.0,551,164,0,0,0,0,0.8,214,80,0,0,0.0,424,149,0,0,0.0,30,19,0.0,0.0,0,0,0,0,0,1.0,,0.0,0.0,0.0,0.0,0.0,0.0,0.0,0.0,0.0,418,148,0.0,403,147,0.0,384,143,0.0,420,148,1.0,1.0,,1,,Ryan,Giles,Giles,,,0,0,0,0,0,0,0,0,0,0,0,0,0,,,,0.0,0.0,0.0,0.0,0.0,0,0,0
283,d,75.0,,4.0,558,167,0,0,0,0,0.0,534,182,0,0,0.0,431,152,0,0,0.0,37,22,0.0,0.0,0,0,0,0,0,0.8,,0.0,0.0,0.0,0.0,0.0,0.0,0.0,0.0,0.0,425,151,0.0,410,150,0.0,391,146,0.0,427,151,,,,1,,Matty,Jacob,Jacob,Hip injury - 75% chance of playing,,0,0,0,0,0,0,0,0,0,0,0,0,0,,,,0.0,0.0,0.0,0.0,0.0,0,0,0
284,a,,,4.0,590,194,0,0,0,0,0.1,437,149,0,0,0.0,455,171,0,0,0.0,69,49,0.0,0.0,0,0,0,0,0,1.0,,0.0,0.0,0.0,0.0,0.0,0.0,0.0,0.0,0.0,450,171,0.0,436,171,0.0,419,169,0.0,452,171,,,,1,,Cathal,McCarthy,McCarthy,,,0,0,0,0,0,0,0,0,0,0,0,0,0,,,,0.0,0.0,0.0,0.0,0.0,0,0,0
285,a,,,4.0,535,151,0,0,0,0,0.1,424,147,0,0,0.0,410,138,0,0,0.0,14,6,0.0,0.0,0,0,0,0,0,1.0,,0.0,0.0,0.0,0.0,0.0,0.0,0.0,0.0,0.0,404,137,0.0,389,136,0.0,370,132,0.0,406,137,,,,1,,Paddy,McNair,McNair,,,0,0,0,0,0,0,0,0,0,0,0,0,0,,,,0.0,0.0,0.0,0.0,0.0,0,0,0
286,a,,,5.0,362,214,0,0,0,0,0.5,265,85,0,0,0.0,545,230,0,0,0.0,339,102,0.0,0.0,0,0,0,0,0,1.5,,0.0,0.0,0.0,0.0,0.0,0.0,0.0,0.0,0.0,545,230,0.0,545,230,0.0,542,229,0.0,545,230,3.0,2.0,,1,,Mohamed,Belloumi,Belloumi,,,0,0,0,0,0,0,0,0,0,0,0,0,0,,,,0.0,0.0,0.0,0.0,0.0,0,0,0
287,a,,,5.0,286,171,0,0,0,0,0.1,457,186,0,0,0.0,517,211,0,0,0.0,263,59,0.0,0.0,0,0,0,0,0,1.5,,0.0,0.0,0.0,0.0,0.0,0.0,0.0,0.0,0.0,517,211,0.0,513,211,0.0,510,210,0.0,517,211,,,,1,,Liam,Millar,Millar,,,0,0,0,0,0,0,0,0,0,0,0,0,0,,,,0.0,0.0,0.0,0.0,0.0,0,0,0
288,a,,,4.5,417,239,0,0,0,0,0.4,274,89,0,0,0.0,464,190,0,0,0.0,95,4,0.0,0.0,0,0,0,0,0,1.0,,0.0,0.0,0.0,0.0,0.0,0.0,0.0,0.0,0.0,459,187,0.0,449,189,0.0,432,183,0.0,461,188,,,,1,,Kieran,Dowell,Dowell,,,0,0,0,0,0,0,0,0,0,0,0,0,0,,,,0.0,0.0,0.0,0.0,0.0,0,0,0
289,a,,,4.5,400,236,0,0,0,0,0.6,235,77,0,0,0.0,458,189,0,0,0.0,78,1,0.0,0.0,0,0,0,0,0,1.0,,0.0,0.0,0.0,0.0,0.0,0.0,0.0,0.0,0.0,453,186,0.0,442,188,0.0,425,182,0.0,455,187,,,,1,,Matt,Crooks,Crooks,,,0,0,0,0,0,0,0,0,0,0,0,0,0,,,,0.0,0.0,0.0,0.0,0.0,0,0,0
291,i,0.0,,4.5,461,244,0,0,0,0,0.0,580,255,0,0,0.0,475,194,0,0,0.0,139,9,0.0,0.0,0,0,0,0,0,0.0,,0.0,0.0,0.0,0.0,0.0,0.0,0.0,0.0,0.0,470,191,0.0,463,193,0.0,449,187,0.0,472,192,,,,1,,Eliot,Matazo,Matazo,Knee injury - Unknown return date,,0,0,0,0,0,0,0,0,0,0,0,0,0,,,,0.0,0.0,0.0,0.0,0.0,0,0,0
292,a,,,5.0,260,159,0,0,0,0,0.0,542,225,0,0,0.0,507,206,0,0,0.0,237,47,0.0,0.0,0,0,0,0,0,1.5,,0.0,0.0,0.0,0.0,0.0,0.0,0.0,0.0,0.0,507,206,0.0,503,206,0.0,499,205,0.0,507,206,,,,1,,Abdülkadir,Ömür,Ömür,,,0,0,0,0,0,0,0,0,0,0,0,0,0,,,,0.0,0.0,0.0,0.0,0.0,0,0,0
290,a,,,4.5,446,242,0,0,0,0,2.4,116,38,0,0,0.0,470,192,0,0,0.0,124,7,0.0,0.0,0,0,0,0,0,1.0,,0.0,0.0,0.0,0.0,0.0,0.0,0.0,0.0,0.0,465,189,0.0,457,191,0.0,442,185,0.0,467,190,2.0,,,1,,Regan,Slater,Slater,,,0,0,0,0,0,0,0,0,0,0,0,0,0,,,,0.0,0.0,0.0,0.0,0.0,0,0,0
293,u,0.0,,5.0,331,193,0,0,0,0,0.0,546,228,0,0,0.0,534,222,0,0,0.0,308,81,0.0,0.0,0,0,0,0,0,0.0,,0.0,0.0,0.0,0.0,0.0,0.0,0.0,0.0,0.0,534,222,0.0,533,222,0.0,529,221,0.0,534,222,,,,1,,Abu,Kamara,Kamara,Has joined Portsmouth permanently,,0,0,0,0,0,0,0,0,0,0,0,0,0,,,,0.0,0.0,0.0,0.0,0.0,0,0,0
294,i,0.0,,4.5,495,251,0,0,0,0,0.2,332,115,0,0,0.0,490,198,0,0,0.0,173,16,0.0,0.0,0,0,0,0,0,0.0,,0.0,0.0,0.0,0.0,0.0,0.0,0.0,0.0,0.0,485,195,0.0,481,197,0.0,471,193,0.0,487,196,,,,1,,Óscar,Zambrano,Zambrano,Thigh injury - Unknown return date,,0,0,0,0,0,0,0,0,0,0,0,0,0,,,,0.0,0.0,0.0,0.0,0.0,0,0,0
295,a,,,5.5,120,30,0,0,0,0,1.4,164,26,0,0,0.0,559,64,0,0,0.0,378,26,0.0,0.0,0,0,0,0,0,1.8,,0.0,0.0,0.0,0.0,0.0,0.0,0.0,0.0,0.0,559,64,0.0,559,64,0.0,558,64,0.0,559,64,,,1.0,1,,Oli,McBurnie,McBurnie,,,0,0,0,0,0,0,0,0,0,0,0,0,0,,,,0.0,0.0,0.0,0.0,0.0,0,0,0
296,a,,,5.0,265,163,0,0,0,0,0.0,519,217,0,0,0.0,508,207,0,0,0.0,242,51,0.0,0.0,0,0,0,0,0,1.5,,0.0,0.0,0.0,0.0,0.0,0.0,0.0,0.0,0.0,508,207,0.0,504,207,0.0,500,206,0.0,508,207,,,,1,,David,Akintola,Akintola,,,0,0,0,0,0,0,0,0,0,0,0,0,0,,,,0.0,0.0,0.0,0.0,0.0,0,0,0
297,i,0.0,,4.5,463,245,0,0,0,0,0.1,465,189,0,0,0.0,476,195,0,0,0.0,141,10,0.0,0.0,0,0,0,0,0,0.0,,0.0,0.0,0.0,0.0,0.0,0.0,0.0,0.0,0.0,471,192,0.0,464,194,0.0,450,188,0.0,473,193,,,,1,,Darko,Gyabi,Gyabi,Thigh injury - Unknown return date,,0,0,0,0,0,0,0,0,0,0,0,0,0,,,,0.0,0.0,0.0,0.0,0.0,0,0,0
298,u,0.0,,4.5,481,61,0,0,0,0,2.2,123,16,0,0,0.0,483,49,0,0,0.0,159,3,0.0,0.0,0,0,0,0,0,0.0,,0.0,0.0,0.0,0.0,0.0,0.0,0.0,0.0,0.0,478,47,0.0,472,47,0.0,460,47,0.0,480,48,,,,1,,Enis,Destan,Destan,Has joined Konyaspor permanently,,0,0,0,0,0,0,0,0,0,0,0,0,0,,,,0.0,0.0,0.0,0.0,0.0,0,0,0
299,u,0.0,,4.5,488,62,0,0,0,0,0.2,333,57,0,0,0.0,485,50,0,0,0.0,166,4,0.0,0.0,0,0,0,0,0,0.0,,0.0,0.0,0.0,0.0,0.0,0.0,0.0,0.0,0.0,480,48,0.0,476,48,0.0,466,48,0.0,482,49,,,,1,,Mason,Burstow,Burstow,Has joined Sheffield Wednesday on loan for the rest of the season,,0,0,0,0,0,0,0,0,0,0,0,0,0,,,,0.0,0.0,0.0,0.0,0.0,0,0,0
556,a,,,4.0,538,153,0,0,0,0,2.9,106,42,0,0,0.0,412,139,0,0,0.0,17,8,0.0,0.0,0,0,0,0,0,1.0,,0.0,0.0,0.0,0.0,0.0,0.0,0.0,0.0,0.0,406,138,0.0,391,137,0.0,372,133,0.0,408,138,,,,1,,Matt,Targett,Targett,,,0,0,0,0,0,0,0,0,0,0,0,0,0,,,,0.0,0.0,0.0,0.0,0.0,0,0,0
563,d,50.0,,5.0,303,179,0,0,0,0,0.1,489,202,0,0,0.0,522,215,0,0,0.0,280,67,0.0,0.0,0,0,0,0,0,0.7,,0.0,0.0,0.0,0.0,0.0,0.0,0.0,0.0,0.0,522,215,0.0,519,215,0.0,516,214,0.0,522,215,,,,1,,Hidemasa,Morita,Morita,Calf injury - 50% chance of playing,,0,0,0,0,0,0,0,0,0,0,0,0,0,,,,0.0,0.0,0.0,0.0,0.0,0,0,0
572,a,,,4.5,467,39,0,0,0,0,0.4,286,37,0,0,0.0,478,59,0,0,0.0,145,39,0.0,0.0,0,0,0,0,0,1.9,,0.0,0.0,0.0,0.0,0.0,0.0,0.0,0.0,0.0,473,59,0.0,466,50,0.0,452,43,0.0,475,59,,,,1,,Konstantinos,Tzolakis,Tzolakis,,,0,0,0,0,0,0,0,0,0,0,0,0,0,,,,0.0,0.0,0.0,0.0,0.0,0,0,0
574,a,,,5.0,369,219,0,0,0,0,0.1,482,199,0,0,0.0,547,231,0,0,0.0,346,107,0.0,0.0,0,0,0,0,0,1.5,,0.0,0.0,0.0,0.0,0.0,0.0,0.0,0.0,0.0,547,231,0.0,547,231,0.0,545,231,0.0,547,231,,,,1,,Jens,Hjertø-Dahl,Hjertø-Dahl,,,0,0,0,0,0,0,0,0,0,0,0,0,0,,,,0.0,0.0,0.0,0.0,0.0,0,0,0
576,a,,,5.0,378,226,0,0,0,0,0.1,490,203,0,0,0.0,551,233,0,0,0.0,355,114,0.0,0.0,0,0,0,0,0,1.5,,0.0,0.0,0.0,0.0,0.0,0.0,0.0,0.0,0.0,551,233,0.0,551,233,0.0,549,233,0.0,551,233,,,,1,,Elliot,Stroud,Stroud,,,0,0,0,0,0,0,0,0,0,0,0,0,0,,,,0.0,0.0,0.0,0.0,0.0,0,0,0
585,a,,,4.0,584,188,0,0,0,0,0.3,312,117,0,0,0.0,452,168,0,0,0.0,63,43,0.0,0.0,0,0,0,0,0,1.0,,0.0,0.0,0.0,0.0,0.0,0.0,0.0,0.0,0.0,447,168,0.0,433,168,0.0,415,165,0.0,449,168,,,,1,,Lucas,Herrington,Herrington,,,0,0,0,0,0,0,0,0,0,0,0,0,0,,,,0.0,0.0,0.0,0.0,0.0,0,0,0
589,a,,,5.0,318,186,0,0,0,0,0.0,590,260,0,0,0.0,529,220,0,0,0.0,295,74,0.0,0.0,0,0,0,0,0,1.5,,0.0,0.0,0.0,0.0,0.0,0.0,0.0,0.0,0.0,529,220,0.0,528,220,0.0,524,219,0.0,529,220,,,,1,,Lucas,Gourna-Douath,Gourna-Douath,,,0,0,0,0,0,0,0,0,0,0,0,0,0,,,,0.0,0.0,0.0,0.0,0.0,0,0,0
259,a,,,4.0,548,161,0,0,0,0,18.1,21,7,0,0,2.4,242,98,0,0,0.0,27,16,0.0,7.8,0,0,0,0,0,1.0,,0.0,0.0,0.0,0.0,0.09,0.01,0.1,1.38,0.0,255,96,0.0,345,119,0.0,297,100,0.0,306,105,,,,1,,Issa,Diop,Diop,,,0,0,0,0,0,0,0,0,0,0,0,0,0,,,,0.0,0.11,1.44,0.89,6.76,0,0,0
267,a,,,5.0,264,162,0,0,0,0,0.1,429,172,0,0,2.6,223,86,0,0,0.0,241,50,0.0,13.4,0,0,0,0,0,1.5,,0.0,0.0,0.0,0.0,0.12,0.1,0.22,1.44,0.0,194,83,0.0,63,49,0.0,176,95,0.0,144,76,4.0,,,1,,Saša,Lukić,Lukić,,,0,0,0,0,0,0,0,0,0,0,0,0,0,,,,0.0,0.31,1.14,1.04,9.52,0,0,0
300,a,,,4.5,404,26,0,0,0,0,0.6,243,31,0,0,0.0,460,52,0,0,0.0,82,26,0.0,0.0,0,0,0,0,0,1.9,,0.0,0.0,0.0,0.0,0.0,0.0,0.0,0.0,0.0,455,52,0.0,444,39,0.0,427,30,0.0,457,52,,,,1,,Christian,Walton,Walton,,,0,0,0,0,0,0,0,0,0,0,0,0,0,,,,0.0,0.0,0.0,0.0,0.0,0,0,0
303,a,,,4.0,542,156,0,0,0,0,0.6,238,90,0,0,0.0,416,142,0,0,0.0,21,11,0.0,0.0,0,0,0,0,0,1.0,,0.0,0.0,0.0,0.0,0.0,0.0,0.0,0.0,0.0,410,141,0.0,395,140,0.0,376,136,0.0,412,141,,,,1,,Cédric,Kipré,Kipré,,,0,0,0,0,0,0,0,0,0,0,0,0,0,,,,0.0,0.0,0.0,0.0,0.0,0,0,0
304,a,,,4.0,547,160,0,0,0,0,2.9,105,41,0,0,0.0,421,146,0,0,0.0,26,15,0.0,0.0,0,0,0,0,0,1.0,,0.0,0.0,0.0,0.0,0.0,0.0,0.0,0.0,0.0,415,145,0.0,400,144,0.0,381,140,0.0,417,145,,,,1,,Dara,O'Shea,O'Shea,,,0,0,0,0,0,0,0,0,0,0,0,0,0,,,,0.0,0.0,0.0,0.0,0.0,0,0,0
301,a,,,4.0,531,53,0,0,0,0,5.4,67,9,0,0,0.0,408,37,0,0,0.0,10,7,0.0,0.0,0,0,0,0,0,1.0,,0.0,0.0,0.0,0.0,0.0,0.0,0.0,0.0,0.0,402,37,0.0,386,20,0.0,367,11,0.0,404,37,,,,1,,Alex,Palmer,Palmer,,,0,0,0,0,0,0,0,0,0,0,0,0,0,,,,0.0,0.0,0.0,0.0,0.0,0,0,0
302,a,,,4.0,525,50,0,0,0,0,0.5,268,36,0,0,0.0,404,35,0,0,0.0,4,4,0.0,0.0,0,0,0,0,0,1.0,,0.0,0.0,0.0,0.0,0.0,0.0,0.0,0.0,0.0,398,35,0.0,381,17,0.0,362,8,0.0,400,35,,,,1,,David,Button,Button,,,0,0,0,0,0,0,0,0,0,0,0,0,0,,,,0.0,0.0,0.0,0.0,0.0,0,0,0
305,a,,,4.0,561,170,0,0,0,0,5.1,71,26,0,0,0.0,434,155,0,0,0.0,40,25,0.0,0.0,0,0,0,0,0,1.0,,0.0,0.0,0.0,0.0,0.0,0.0,0.0,0.0,0.0,428,154,0.0,413,153,0.0,394,149,0.0,430,154,2.0,2.0,,1,,Leif,Davis,Davis,,,0,0,0,0,0,0,0,0,0,0,0,0,0,,,,0.0,0.0,0.0,0.0,0.0,0,0,0
306,a,,,4.0,559,168,0,0,0,0,0.7,220,84,0,0,0.0,432,153,0,0,0.0,38,23,0.0,0.0,0,0,0,0,0,1.0,,0.0,0.0,0.0,0.0,0.0,0.0,0.0,0.0,0.0,426,152,0.0,411,151,0.0,392,147,0.0,428,152,,,,1,,Jacob,Greaves,Greaves,,,0,0,0,0,0,0,0,0,0,0,0,0,0,,,,0.0,0.0,0.0,0.0,0.0,0,0,0
307,a,,,4.0,550,163,0,0,0,0,0.1,409,145,0,0,0.0,423,148,0,0,0.0,29,18,0.0,0.0,0,0,0,0,0,1.0,,0.0,0.0,0.0,0.0,0.0,0.0,0.0,0.0,0.0,417,147,0.0,402,146,0.0,383,142,0.0,419,147,,,,1,,Ben,Johnson,Johnson,,,0,0,0,0,0,0,0,0,0,0,0,0,0,,,,0.0,0.0,0.0,0.0,0.0,0,0,0
308,a,,,4.0,541,155,0,0,0,0,0.6,241,91,0,0,0.0,415,141,0,0,0.0,20,10,0.0,0.0,0,0,0,0,0,1.0,,0.0,0.0,0.0,0.0,0.0,0.0,0.0,0.0,0.0,409,140,0.0,394,139,0.0,375,135,0.0,411,140,,,,1,,Darnell,Furlong,Furlong,,,0,0,0,0,0,0,0,0,0,0,0,0,0,,,,0.0,0.0,0.0,0.0,0.0,0,0,0
309,a,,,5.0,342,198,0,0,0,0,0.1,398,151,0,0,0.0,538,225,0,0,0.0,319,86,0.0,0.0,0,0,0,0,0,1.5,,0.0,0.0,0.0,0.0,0.0,0.0,0.0,0.0,0.0,538,225,0.0,537,225,0.0,534,224,0.0,538,225,1.0,1.0,,1,,Marcelino,Núñez,Núñez,,,0,0,0,0,0,0,0,0,0,0,0,0,0,,,,0.0,0.0,0.0,0.0,0.0,0,0,0
310,i,0.0,,5.0,288,172,0,0,0,0,0.0,565,243,0,0,0.0,518,212,0,0,0.0,265,60,0.0,0.0,0,0,0,0,0,0.0,,0.0,0.0,0.0,0.0,0.0,0.0,0.0,0.0,0.0,518,212,0.0,514,212,0.0,511,211,0.0,518,212,,,,1,,Azor,Matusiwa,Matusiwa,Muscular injury - Unknown return date,,0,0,0,0,0,0,0,0,0,0,0,0,0,,,,0.0,0.0,0.0,0.0,0.0,0,0,0
311,u,0.0,,5.0,239,143,0,0,0,0,0.0,548,230,0,0,0.0,502,201,0,0,0.0,216,31,0.0,0.0,0,0,0,0,0,0.0,,0.0,0.0,0.0,0.0,0.0,0.0,0.0,0.0,0.0,502,201,0.0,498,201,0.0,492,200,0.0,502,201,,,,1,,Wes,Burns,Burns,Has joined Leicester City permanently,,0,0,0,0,0,0,0,0,0,0,0,0,0,,,,0.0,0.0,0.0,0.0,0.0,0,0,0
312,i,0.0,,4.5,440,241,0,0,0,0,0.1,421,166,0,0,0.0,467,191,0,0,0.0,118,6,0.0,0.0,0,0,0,0,0,0.0,,0.0,0.0,0.0,0.0,0.0,0.0,0.0,0.0,0.0,462,188,0.0,454,190,0.0,439,184,0.0,464,189,,,,1,,Jack,Taylor,Taylor,Knee injury - Unknown return date,,0,0,0,0,0,0,0,0,0,0,0,0,0,,,,0.0,0.0,0.0,0.0,0.0,0,0,0
313,a,,,5.5,164,103,0,0,0,0,0.3,320,109,0,0,0.0,567,245,0,0,0.0,422,154,0.0,0.0,0,0,0,0,0,2.0,,0.0,0.0,0.0,0.0,0.0,0.0,0.0,0.0,0.0,567,245,0.0,567,245,0.0,566,245,0.0,567,245,3.0,3.0,1.0,1,,Jack,Clarke,Clarke,,,0,0,0,0,0,0,0,0,0,0,0,0,0,,,,0.0,0.0,0.0,0.0,0.0,0,0,0
314,a,,,5.0,280,167,0,0,0,0,0.0,549,231,0,0,0.0,513,209,0,0,0.0,257,55,0.0,0.0,0,0,0,0,0,1.5,,0.0,0.0,0.0,0.0,0.0,0.0,0.0,0.0,0.0,513,209,0.0,509,209,0.0,506,208,0.0,513,209,,,,1,,Chiedozie,Ogbene,Ogbene,,,0,0,0,0,0,0,0,0,0,0,0,0,0,,,,0.0,0.0,0.0,0.0,0.0,0,0,0
315,a,,,5.5,200,125,0,0,0,0,0.3,323,111,0,0,0.0,573,250,0,0,0.0,458,176,0.0,0.0,0,0,0,0,0,2.0,,0.0,0.0,0.0,0.0,0.0,0.0,0.0,0.0,0.0,573,250,0.0,573,250,0.0,572,250,0.0,573,250,,,,1,,Abdul,Fatawu,Fatawu,,,0,0,0,0,0,0,0,0,0,0,0,0,0,,,,0.0,0.0,0.0,0.0,0.0,0,0,0
316,a,,,5.5,202,43,0,0,0,0,0.4,297,53,0,0,0.0,575,66,0,0,0.0,460,39,0.0,0.0,0,0,0,0,0,1.8,,0.0,0.0,0.0,0.0,0.0,0.0,0.0,0.0,0.0,575,66,0.0,575,66,0.0,574,66,0.0,575,66,,,2.0,1,,Emersonn,Correia da Silva,Emersonn,,,0,0,0,0,0,0,0,0,0,0,0,0,0,,,,0.0,0.0,0.0,0.0,0.0,0,0,0
317,a,,,5.0,276,50,0,0,0,0,0.4,281,49,0,0,0.0,512,57,0,0,0.0,253,15,0.0,0.0,0,0,0,0,0,1.4,,0.0,0.0,0.0,0.0,0.0,0.0,0.0,0.0,0.0,512,57,0.0,508,57,0.0,505,57,0.0,512,57,,,3.0,1,,George,Hirst,Hirst,,,0,0,0,0,0,0,0,0,0,0,0,0,0,,,,0.0,0.0,0.0,0.0,0.0,0,0,0
318,a,,,5.5,184,112,0,0,0,0,0.2,369,132,0,0,0.0,571,248,0,0,0.0,442,163,0.0,0.0,0,0,0,0,0,2.0,,0.0,0.0,0.0,0.0,0.0,0.0,0.0,0.0,0.0,571,248,0.0,571,248,0.0,570,248,0.0,571,248,5.0,,4.0,1,,Jaden,Philogene,Philogene,,,0,0,0,0,0,0,0,0,0,0,0,0,0,,,,0.0,0.0,0.0,0.0,0.0,0,0,0
319,u,0.0,,5.0,247,150,0,0,0,0,0.1,471,193,0,0,0.0,505,204,0,0,0.0,224,38,0.0,0.0,0,0,0,0,0,0.0,,0.0,0.0,0.0,0.0,0.0,0.0,0.0,0.0,0.0,505,204,0.0,501,204,0.0,495,203,0.0,505,204,,,,1,,Sam,Szmodics,Szmodics,Has joined Derby County on loan for the rest of the season,,0,0,0,0,0,0,0,0,0,0,0,0,0,,,,0.0,0.0,0.0,0.0,0.0,0,0,0
320,a,,,5.0,238,48,0,0,0,0,0.5,256,44,0,0,0.0,501,55,0,0,0.0,215,13,0.0,0.0,0,0,0,0,0,1.4,,0.0,0.0,0.0,0.0,0.0,0.0,0.0,0.0,0.0,501,55,0.0,497,55,0.0,491,55,0.0,501,55,,,,1,,Chuba,Akpom,Akpom,,,0,0,0,0,0,0,0,0,0,0,0,0,0,,,,0.0,0.0,0.0,0.0,0.0,0,0,0
321,a,,,4.5,498,64,0,0,0,0,2.0,129,18,0,0,0.0,492,52,0,0,0.0,176,6,0.0,0.0,0,0,0,0,0,1.0,,0.0,0.0,0.0,0.0,0.0,0.0,0.0,0.0,0.0,488,50,0.0,484,50,0.0,474,50,0.0,490,51,,,,1,,Sindre,Walle Egeli,Walle Egeli,,,0,0,0,0,0,0,0,0,0,0,0,0,0,,,,0.0,0.0,0.0,0.0,0.0,0,0,0
322,a,,,5.0,310,53,0,0,0,0,0.2,394,61,0,0,0.0,525,59,0,0,0.0,287,18,0.0,0.0,0,0,0,0,0,1.4,,0.0,0.0,0.0,0.0,0.0,0.0,0.0,0.0,0.0,525,59,0.0,523,59,0.0,520,59,0.0,525,59,,,,1,,Ali,Al-Hamadi,Al-Hamadi,,,0,0,0,0,0,0,0,0,0,0,0,0,0,,,,0.0,0.0,0.0,0.0,0.0,0,0,0
323,a,,,4.5,460,243,0,0,0,0,1.4,167,54,0,0,0.0,474,193,0,0,0.0,138,8,0.0,0.0,0,0,0,0,0,1.0,,0.0,0.0,0.0,0.0,0.0,0.0,0.0,0.0,0.0,469,190,0.0,462,192,0.0,448,186,0.0,471,191,,,,1,,Kasey,McAteer,McAteer,,,0,0,0,0,0,0,0,0,0,0,0,0,0,,,,0.0,0.0,0.0,0.0,0.0,0,0,0
324,a,,,5.0,284,169,0,0,0,0,0.1,476,195,0,0,0.0,516,210,0,0,0.0,261,57,0.0,0.0,0,0,0,0,0,1.5,,0.0,0.0,0.0,0.0,0.0,0.0,0.0,0.0,0.0,516,210,0.0,512,210,0.0,509,209,0.0,516,210,,,,1,,Anis,Mehmeti,Mehmeti,,,0,0,0,0,0,0,0,0,0,0,0,0,0,,,,0.0,0.0,0.0,0.0,0.0,0,0,0
554,a,,,4.5,489,44,0,0,0,0,0.1,477,55,0,0,0.0,486,60,0,0,0.0,167,44,0.0,0.0,0,0,0,0,0,1.9,,0.0,0.0,0.0,0.0,0.0,0.0,0.0,0.0,0.0,481,60,0.0,477,54,0.0,467,48,0.0,483,60,,,,1,,Kayne,van Oevelen,Van Oevelen,,,0,0,0,0,0,0,0,0,0,0,0,0,0,,,,0.0,0.0,0.0,0.0,0.0,0,0,0
562,a,,,5.5,163,102,0,0,0,0,0.4,272,88,0,0,0.0,566,244,0,0,0.0,421,153,0.0,0.0,0,0,0,0,0,2.0,,0.0,0.0,0.0,0.0,0.0,0.0,0.0,0.0,0.0,566,244,0.0,566,244,0.0,565,244,0.0,566,244,,,,1,,Daizen,Maeda,Maeda,,,0,0,0,0,0,0,0,0,0,0,0,0,0,,,,0.0,0.0,0.0,0.0,0.0,0,0,0
564,a,,,4.5,443,34,0,0,0,0,0.5,263,35,0,0,0.0,468,56,0,0,0.0,121,34,0.0,0.0,0,0,0,0,0,1.9,,0.0,0.0,0.0,0.0,0.0,0.0,0.0,0.0,0.0,463,56,0.0,455,46,0.0,440,38,0.0,465,56,,,,1,,Kjell,Scherpen,Scherpen,,,0,0,0,0,0,0,0,0,0,0,0,0,0,,,,0.0,0.0,0.0,0.0,0.0,0,0,0
571,a,,,5.0,270,164,0,0,0,0,0.1,434,174,0,0,0.0,510,208,0,0,0.0,247,52,0.0,0.0,0,0,0,0,0,1.5,,0.0,0.0,0.0,0.0,0.0,0.0,0.0,0.0,0.0,510,208,0.0,506,208,0.0,503,207,0.0,510,208,,,,1,,Florentino Ibrain,Morris Luís,Florentino,,,0,0,0,0,0,0,0,0,0,0,0,0,0,,,,0.0,0.0,0.0,0.0,0.0,0,0,0
260,a,,,6.5,33,21,0,0,0,0,7.4,57,20,0,0,4.7,20,9,0,0,0.0,538,223,0.0,25.8,0,0,0,0,0,2.3,,0.0,0.0,0.0,0.0,0.2,0.16,0.36,1.35,0.0,46,12,0.0,28,27,0.0,31,17,0.0,24,20,2.0,,,1,,Harry,Wilson,Wilson,,,0,0,0,0,0,0,0,0,0,0,0,0,0,,,,0.0,0.3,1.28,1.08,5.96,0,0,0
326,a,,,4.5,425,32,0,0,0,0,0.6,232,30,0,0,2.7,203,24,0,0,0.0,103,32,0.0,9.6,0,0,0,0,0,1.9,,0.0,0.0,0.0,0.0,0.0,0.0,0.0,1.67,0.0,192,19,0.0,450,44,0.0,434,36,0.0,284,19,,,,1,,Lucas Estella,Perri,Perri,,,0,0,0,0,0,0,0,0,0,0,0,0,0,,,,2.38,0.19,1.81,1.0,0.0,0,0,0
327,a,,,5.0,296,54,0,0,0,0,0.3,304,113,0,0,4.0,53,21,0,0,0.0,273,136,0.0,19.8,0,0,0,0,0,2.2,,0.0,0.0,0.0,0.0,0.04,0.04,0.08,1.5,0.0,104,46,0.0,248,81,0.0,120,21,0.0,159,55,,,,1,,Jaka,Bijol,Bijol,,,0,0,0,0,0,0,0,0,0,0,0,0,0,,,,0.0,0.24,1.24,1.0,10.44,0,0,0
329,a,,,4.5,428,98,0,0,0,0,2.4,117,47,0,0,3.1,155,62,0,0,0.0,106,69,0.0,24.2,0,0,0,0,0,1.7,,0.0,0.0,0.0,0.0,0.04,0.02,0.06,1.48,0.0,45,18,0.0,210,56,0.0,122,22,0.0,108,30,,,,1,,Joe,Rodon,Rodon,,,0,0,0,0,0,0,0,0,0,0,0,0,0,,,,0.0,0.18,1.62,1.01,8.35,0,0,0
330,a,,,4.5,436,105,0,0,0,0,0.5,260,98,0,0,2.8,190,78,0,0,0.0,114,76,0.0,21.3,0,0,0,0,0,1.7,,0.0,0.0,0.0,0.0,0.07,0.1,0.17,1.29,0.0,139,57,0.0,103,25,0.0,141,30,0.0,128,37,,,,1,,Jayden,Bogle,Bogle,,,0,0,0,0,0,0,0,0,0,0,0,0,0,,,,0.0,0.19,1.42,1.03,5.73,0,0,0
331,i,0.0,,4.5,447,113,0,0,0,0,0.2,385,141,0,0,2.1,275,105,0,0,0.0,125,84,0.0,15.1,0,0,0,0,0,0.0,,0.0,0.0,0.0,0.0,0.04,0.1,0.14,1.4,0.0,134,56,0.0,93,23,0.0,189,51,0.0,138,46,,,,1,,Gabriel,Gudmundsson,Gudmundsson,Hamstring injury - Expected back 30 Aug,,0,0,0,0,0,0,0,0,0,0,0,0,0,,,,0.0,0.17,1.54,1.06,6.28,0,0,0
332,a,,,4.5,431,101,0,0,0,0,0.6,242,92,0,0,3.2,140,54,0,0,0.0,109,72,0.0,20.9,0,0,0,0,0,1.7,,0.0,0.0,0.0,0.0,0.09,0.06,0.15,1.57,0.0,124,51,0.0,177,43,0.0,137,29,0.0,151,49,,,,1,,James,Justin,Justin,,,0,0,0,0,0,0,0,0,0,0,0,0,0,,,,0.0,0.29,1.24,1.0,8.7,0,0,0
333,a,,,4.5,455,120,0,0,0,0,0.0,552,187,0,0,2.1,276,106,0,0,0.0,133,91,0.0,5.6,0,0,0,0,0,1.7,,0.0,0.0,0.0,0.0,0.04,0.0,0.04,1.83,0.0,305,110,0.0,352,124,0.0,312,110,0.0,329,113,,,,1,,Sebastiaan,Bornauw,Bornauw,,,0,0,0,0,0,0,0,0,0,0,0,0,0,,,,0.0,0.42,1.05,1.05,10.28,0,0,0
334,a,,,5.0,354,72,0,0,0,0,2.3,120,49,0,0,0.0,542,188,0,0,0.0,331,154,0.0,0.0,0,0,0,0,0,2.2,,0.0,0.0,0.0,0.0,0.0,0.0,0.0,0.0,0.0,542,188,0.0,542,188,0.0,539,188,0.0,542,188,,,,1,,Tarik,Muharemović,Muharemović,,,0,0,0,0,0,0,0,0,0,0,0,0,0,,,,0.0,0.0,0.0,0.0,0.0,0,0,0
335,a,,,6.0,91,58,0,0,0,0,1.1,189,65,0,0,4.7,19,8,0,0,0.0,516,207,0.0,22.8,0,0,0,0,0,2.1,,0.0,0.0,0.0,0.0,0.11,0.17,0.28,1.29,0.0,62,18,0.0,8,8,0.0,90,56,0.0,26,21,1.0,1.0,,1,,Anton,Stach,Stach,,,0,0,0,0,0,0,0,0,0,0,0,0,0,,,,0.0,0.27,1.37,1.06,10.11,0,0,0
336,a,,,6.0,79,51,0,0,0,0,0.6,240,79,0,0,3.9,67,30,0,0,0.0,504,200,0.0,18.2,0,0,0,0,0,2.1,,0.0,0.0,0.0,0.0,0.3,0.08,0.38,1.42,0.0,135,48,0.0,131,89,0.0,52,31,0.0,96,55,,,,1,,Noah,Okafor,Okafor,,,0,0,0,0,0,0,0,0,0,0,0,0,0,,,,0.0,0.35,1.51,1.1,6.55,0,0,0
337,a,,,5.5,154,96,0,0,0,0,0.9,199,68,0,0,3.4,115,45,0,0,0.0,412,147,0.0,22.9,0,0,0,0,0,2.0,,0.0,0.0,0.0,0.0,0.17,0.13,0.3,1.36,0.0,119,42,0.0,51,45,0.0,43,26,0.0,54,34,,3.0,,1,,Brenden,Aaronson,Aaronson,,,0,0,0,0,0,0,0,0,0,0,0,0,0,,,,0.0,0.33,1.18,1.1,7.94,0,0,0
338,a,,,5.5,130,81,0,0,0,0,1.6,159,49,0,0,3.8,72,32,0,0,0.0,388,132,0.0,24.4,0,0,0,0,0,2.0,,0.0,0.0,0.0,0.0,0.07,0.06,0.13,1.4,0.0,80,26,0.0,86,64,0.0,181,99,0.0,97,56,,,,1,,Ethan,Ampadu,Ampadu,,,0,0,0,0,0,0,0,0,0,0,0,0,0,,,,0.0,0.23,1.41,1.01,12.0,0,0,0
339,a,,,5.0,250,151,0,0,0,0,0.2,389,145,0,0,2.4,244,97,0,0,0.0,227,39,0.0,11.2,0,0,0,0,0,1.5,,0.0,0.0,0.0,0.0,0.11,0.17,0.28,1.42,0.0,203,90,0.0,74,56,0.0,220,120,0.0,171,83,3.0,2.0,,1,,Sean,Longstaff,Longstaff,,,0,0,0,0,0,0,0,0,0,0,0,0,0,,,,0.0,0.09,1.79,0.9,9.87,0,0,0
340,a,,,5.0,311,183,0,0,0,0,0.0,512,215,0,0,0.0,526,217,0,0,0.0,288,71,0.0,0.0,0,0,0,0,0,1.5,,0.0,0.0,0.0,0.0,0.0,0.0,0.0,0.0,0.0,526,217,0.0,524,217,0.0,521,216,0.0,526,217,,,,1,,Joe,Gelhardt,Gelhardt,,,0,0,0,0,0,0,0,0,0,0,0,0,0,,,,0.0,0.0,0.0,0.0,0.0,0,0,0
341,a,,,5.0,335,195,0,0,0,0,0.1,440,177,0,0,1.4,336,150,0,0,0.0,312,83,0.0,6.4,0,0,0,0,0,1.5,,0.0,0.0,0.0,0.0,0.07,0.13,0.2,2.07,0.0,313,142,0.0,218,135,0.0,270,145,0.0,294,141,,,,1,,Wilfried,Gnonto,Gnonto,,,0,0,0,0,0,0,0,0,0,0,0,0,0,,,,0.0,0.17,2.42,0.69,10.19,0,0,0
342,u,0.0,,5.0,273,165,0,0,0,0,0.0,579,254,0,0,1.1,352,162,0,0,0.0,250,53,0.0,2.4,0,0,0,0,0,0.0,,0.0,0.0,0.0,0.0,0.1,0.08,0.18,1.31,0.0,348,161,0.0,285,154,0.0,294,153,0.0,332,155,,,,1,,Jack,Harrison,Harrison,Has joined New England Revolution permanently,,0,0,0,0,0,0,0,0,0,0,0,0,0,,,,0.0,0.0,1.72,0.34,8.24,0,0,0
343,a,,,5.0,253,154,0,0,0,0,0.1,425,168,0,0,1.2,348,160,0,0,0.0,230,42,0.0,4.6,0,0,0,0,0,1.5,,0.0,0.0,0.0,0.0,0.15,0.12,0.27,2.37,0.0,321,146,0.0,214,133,0.0,203,113,0.0,281,137,,,,1,,Daniel,James,James,,,0,0,0,0,0,0,0,0,0,0,0,0,0,,,,0.0,0.16,2.63,0.99,5.76,0,0,0
344,i,0.0,,5.0,325,189,0,0,0,0,0.0,567,245,0,0,2.4,247,100,0,0,0.0,302,77,0.0,11.2,0,0,0,0,0,0.0,,0.0,0.0,0.0,0.0,0.03,0.06,0.09,1.73,0.0,252,114,0.0,186,122,0.0,266,142,0.0,263,126,,,,1,,Ilia,Gruev,Gruev,Knee injury - Unknown return date,,0,0,0,0,0,0,0,0,0,0,0,0,0,,,,0.0,0.34,1.57,1.02,7.78,0,0,0
345,a,,,5.0,291,174,0,0,0,0,0.3,325,112,0,0,2.4,246,99,0,0,0.0,268,62,0.0,13.4,0,0,0,0,0,1.5,,0.0,0.0,0.0,0.0,0.1,0.1,0.2,1.48,0.0,236,106,0.0,120,83,0.0,228,123,0.0,214,109,4.0,,,1,,Tanaka,Ao,Tanaka,,,0,0,0,0,0,0,0,0,0,0,0,0,0,,,,0.0,0.21,1.51,0.96,10.12,0,0,0
346,a,,,6.0,63,16,0,0,0,0,26.5,10,3,0,0,4.1,47,6,0,0,0.0,488,47,0.0,23.7,0,0,0,0,0,2.0,,0.0,0.0,0.0,0.0,0.51,0.04,0.55,1.18,0.0,69,5,0.0,117,8,0.0,5,4,0.0,25,5,,,1.0,1,,Dominic,Calvert-Lewin,Calvert-Lewin,,,0,0,0,0,0,0,0,0,0,0,0,0,0,,,,0.0,0.26,1.12,0.99,3.47,0,0,0
347,a,,,5.5,123,32,0,0,0,0,0.6,237,41,0,0,2.4,250,26,0,0,0.0,381,28,0.0,13.3,0,0,0,0,0,1.8,,0.0,0.0,0.0,0.0,0.61,0.13,0.74,1.85,0.0,207,19,0.0,202,22,0.0,54,20,0.0,152,20,,,2.0,1,,Lukas,Nmecha,Nmecha,,,0,0,0,0,0,0,0,0,0,0,0,0,0,,,,0.0,0.25,1.94,0.85,4.82,0,0,0
348,a,,,5.0,287,52,0,0,0,0,0.5,255,43,0,0,1.1,353,41,0,0,0.0,264,17,0.0,3.4,0,0,0,0,0,1.4,,0.0,0.0,0.0,0.0,0.33,0.05,0.38,2.51,0.0,362,40,0.0,300,38,0.0,216,37,0.0,319,39,,,3.0,1,,Joël,Piroe,Piroe,,,0,0,0,0,0,0,0,0,0,0,0,0,0,,,,0.0,0.37,3.32,0.74,5.16,0,0,0
349,i,0.0,,4.5,499,65,0,0,0,0,0.1,406,63,0,0,0.0,493,53,0,0,0.0,177,7,0.0,0.0,0,0,0,0,0,0.0,,0.0,0.0,0.0,0.0,0.0,0.0,0.0,0.0,0.0,489,51,0.0,485,51,0.0,475,51,0.0,491,52,,,,1,,Mateo,Joseph Fernández-Regatillo,Mateo Joseph,Knee injury - Unknown return date,,0,0,0,0,0,0,0,0,0,0,0,0,0,,,,0.0,0.0,0.0,0.0,0.0,0,0,0
385,a,,,5.0,295,14,0,0,0,0,2.7,109,18,0,0,3.2,147,20,0,0,0.0,272,56,0.0,2.6,0,0,0,0,0,2.6,,0.0,0.0,0.0,0.0,0.0,0.0,0.0,1.44,0.0,295,23,0.0,515,61,0.0,512,59,0.0,331,23,,,,1,,James,Trafford,Trafford,,,0,0,0,0,0,0,0,0,0,0,0,0,0,,,,3.5,0.25,1.5,1.0,0.0,0,0,0
350,a,,,5.5,116,3,0,0,0,0,3.9,85,13,0,0,3.5,104,11,0,0,0.0,374,64,0.0,16.5,0,0,0,0,0,3.3,,0.0,0.0,0.0,0.0,0.0,0.0,0.0,1.14,0.0,120,18,0.0,377,13,0.0,557,65,0.0,250,18,,,,1,,Alisson,Becker,A.Becker,,,0,0,0,0,0,0,0,0,0,0,0,0,0,,,,2.19,0.31,1.19,1.0,0.0,0,0,0
351,a,,,5.0,304,16,0,0,0,0,0.2,383,42,0,0,3.4,112,14,0,0,0.0,281,58,0.0,6.8,0,0,0,0,0,2.6,,0.0,0.0,0.0,0.0,0.0,0.0,0.0,1.38,0.0,215,20,0.0,520,63,0.0,517,61,0.0,293,20,,,,1,,Giorgi,Mamardashvili,Mamardashvili,,,0,0,0,0,0,0,0,0,0,0,0,0,0,,,,3.53,0.21,1.87,1.04,0.0,0,0,0
352,a,,,4.0,534,54,0,0,0,0,1.1,181,27,0,0,2.0,281,27,0,0,0.0,13,8,0.0,1.5,0,0,0,0,0,1.0,,0.0,0.0,0.0,0.0,0.0,0.0,0.0,2.02,0.0,314,25,0.0,388,21,0.0,369,12,0.0,344,25,,,,1,,Freddie,Woodman,Woodman,,,0,0,0,0,0,0,0,0,0,0,0,0,0,,,,3.82,0.0,1.7,0.85,0.0,0,0,0
353,a,,,4.0,583,66,0,0,0,0,0.1,443,50,0,0,0.0,451,49,0,0,0.0,62,20,0.0,0.0,0,0,0,0,0,1.0,,0.0,0.0,0.0,0.0,0.0,0.0,0.0,0.0,0.0,446,49,0.0,432,33,0.0,414,24,0.0,448,49,,,,1,,Armin,Pecsi,Pecsi,,,0,0,0,0,0,0,0,0,0,0,0,0,0,,,,0.0,0.0,0.0,0.0,0.0,0,0,0
354,i,0.0,,4.0,553,59,0,0,0,0,0.0,537,64,0,0,0.0,426,42,0,0,0.0,32,13,0.0,0.0,0,0,0,0,0,0.0,,0.0,0.0,0.0,0.0,0.0,0.0,0.0,0.0,0.0,420,42,0.0,405,26,0.0,386,17,0.0,422,42,,,,1,,Vitezslav,Jaros,Jaros,Knee injury - Unknown return date,,0,0,0,0,0,0,0,0,0,0,0,0,0,,,,0.0,0.0,0.0,0.0,0.0,0,0,0
355,a,,,4.0,563,62,0,0,0,0,0.1,419,46,0,0,0.0,436,45,0,0,0.0,42,16,0.0,0.0,0,0,0,0,0,1.0,,0.0,0.0,0.0,0.0,0.0,0.0,0.0,0.0,0.0,430,45,0.0,415,29,0.0,396,20,0.0,432,45,,,,1,,Harvey,Davies,Davies,,,0,0,0,0,0,0,0,0,0,0,0,0,0,,,,0.0,0.0,0.0,0.0,0.0,0,0,0
356,a,,,6.5,31,2,0,0,0,0,17.5,22,8,0,0,4.6,24,9,0,0,0.0,536,191,0.0,26.9,0,0,0,0,0,3.1,,0.0,0.0,0.0,0.0,0.1,0.04,0.14,1.25,0.0,3,1,0.0,154,38,0.0,44,2,0.0,27,1,,,,1,,Virgil,van Dijk,Virgil,,,0,0,0,0,0,0,0,0,0,0,0,0,0,,,,0.0,0.26,1.39,1.0,9.26,0,0,0
357,a,,,5.5,141,15,0,0,0,0,3.1,99,37,0,0,3.0,172,72,0,0,0.0,399,165,0.0,11.5,0,0,0,0,0,2.5,,0.0,0.0,0.0,0.0,0.04,0.14,0.18,1.13,0.0,287,103,0.0,139,33,0.0,166,46,0.0,231,72,,,,1,,Jeremie,Frimpong,Frimpong,,,0,0,0,0,0,0,0,0,0,0,0,0,0,,,,0.0,0.44,1.13,1.05,2.62,0,0,0
358,a,,,5.5,203,30,0,0,0,0,4.5,79,30,0,0,2.5,237,97,0,0,0.0,461,180,0.0,15.5,0,0,0,0,0,2.5,,0.0,0.0,0.0,0.0,0.06,0.03,0.09,1.2,0.0,141,58,0.0,69,16,0.0,197,54,0.0,131,40,,,,1,,Milos,Kerkez,Kerkez,,,0,0,0,0,0,0,0,0,0,0,0,0,0,,,,0.0,0.24,1.48,1.08,5.36,0,0,0
359,i,0.0,,5.0,246,40,0,0,0,0,0.0,513,172,0,0,1.6,321,117,0,0,0.0,223,122,0.0,6.6,0,0,0,0,0,0.0,,0.0,0.0,0.0,0.0,0.04,0.1,0.14,1.41,0.0,291,105,0.0,259,86,0.0,298,101,0.0,305,104,,,,1,,Joe,Gomez,Gomez,Muscular injury - Unknown return date,,0,0,0,0,0,0,0,0,0,0,0,0,0,,,,0.0,0.3,2.12,1.06,6.97,0,0,0
360,i,0.0,,5.0,334,68,0,0,0,0,0.0,574,192,0,0,2.8,195,83,0,0,0.0,311,150,0.0,8.4,0,0,0,0,0,0.0,,0.0,0.0,0.0,0.0,0.02,0.08,0.1,1.04,0.0,271,100,0.0,237,75,0.0,268,85,0.0,283,94,,,,1,,Conor,Bradley,Bradley,Knee injury - Unknown return date,,0,0,0,0,0,0,0,0,0,0,0,0,0,,,,0.0,0.39,1.26,1.16,6.3,0,0,0
361,a,,,4.0,573,178,0,0,0,0,0.1,408,144,0,0,0.0,445,162,0,0,0.0,52,33,0.0,0.0,0,0,0,0,0,1.0,,0.0,0.0,0.0,0.0,0.0,0.0,0.0,0.0,0.0,440,162,0.0,425,161,0.0,406,157,0.0,442,162,,,,1,,Wellity,Lucky,Lucky,,,0,0,0,0,0,0,0,0,0,0,0,0,0,,,,0.0,0.0,0.0,0.0,0.0,0,0,0
362,a,100.0,,5.0,376,75,0,0,0,0,1.8,141,58,0,0,0.0,550,190,0,0,0.0,353,157,0.0,0.0,0,0,0,0,0,2.2,,0.0,0.0,0.0,0.0,0.0,0.0,0.0,0.0,0.0,550,190,0.0,550,190,0.0,548,190,0.0,550,190,,,,1,,Jeremy,Jacquet,Jacquet,,,0,0,0,0,0,0,0,0,0,0,0,0,0,,,,0.0,0.0,0.0,0.0,0.0,0,0,0
363,i,0.0,,4.0,589,193,0,0,0,0,0.1,481,163,0,0,0.0,454,170,0,0,0.0,68,48,0.0,0.0,0,0,0,0,0,0.0,,0.0,0.0,0.0,0.0,0.0,0.0,0.0,0.0,0.0,449,170,0.0,435,170,0.0,418,168,0.0,451,170,,,,1,,Giovanni,Leoni,Leoni,Knee injury - Unknown return date,,0,0,0,0,0,0,0,0,0,0,0,0,0,,,,0.0,0.0,0.0,0.0,0.0,0,0,0
364,a,,,5.0,266,44,0,0,0,0,0.1,444,151,0,0,0.0,509,184,0,0,0.0,243,126,0.0,0.0,0,0,0,0,0,2.2,,0.0,0.0,0.0,0.0,0.0,0.0,0.0,0.0,0.0,509,184,0.0,505,184,0.0,501,184,0.0,509,184,,,,1,,Kostas,Tsimikas,Tsimikas,,,0,0,0,0,0,0,0,0,0,0,0,0,0,,,,0.0,0.0,0.0,0.0,0.0,0,0,0
365,a,,,4.0,567,174,0,0,0,0,0.2,338,125,0,0,0.0,440,159,0,0,0.0,46,29,0.0,0.0,0,0,0,0,0,1.0,,0.0,0.0,0.0,0.0,0.0,0.0,0.0,0.0,0.0,434,158,0.0,419,157,0.0,400,153,0.0,436,158,,,,1,,Calvin,Ramsay,Ramsay,,,0,0,0,0,0,0,0,0,0,0,0,0,0,,,,0.0,0.0,0.0,0.0,0.0,0,0,0
366,a,,,7.5,20,12,0,0,0,0,14.7,29,8,0,0,3.8,75,34,0,0,0.0,576,252,0.0,16.7,0,0,0,0,0,2.6,,0.0,0.0,0.0,0.0,0.26,0.19,0.45,1.29,0.0,107,35,0.0,10,10,0.0,25,12,0.0,16,12,3.0,2.0,4.0,1,,Florian,Wirtz,Wirtz,,,0,0,0,0,0,0,0,0,0,0,0,0,0,,,,0.0,0.38,1.21,1.02,6.67,0,0,0
367,a,,,7.0,26,17,0,0,0,0,3.5,90,30,0,0,3.6,96,41,0,0,0.0,564,245,0.0,18.7,0,0,0,0,0,2.5,,0.0,0.0,0.0,0.0,0.27,0.15,0.42,1.15,0.0,97,29,0.0,23,22,0.0,10,5,0.0,18,14,2.0,,3.0,1,,Cody,Gakpo,Gakpo,,,0,0,0,0,0,0,0,0,0,0,0,0,0,,,,0.0,0.33,1.28,1.05,5.0,0,0,0
368,a,,,7.0,27,18,0,0,0,0,41.3,4,2,0,0,4.4,35,14,0,0,0.0,565,246,0.0,22.9,0,0,0,0,0,2.5,,0.0,0.0,0.0,0.0,0.13,0.19,0.32,1.27,0.0,18,5,0.0,2,2,0.0,58,34,0.0,4,3,1.0,1.0,2.0,1,,Dominik,Szoboszlai,Szoboszlai,,,0,0,0,0,0,0,0,0,0,0,0,0,0,,,,0.0,0.25,1.45,1.0,9.41,0,0,0
369,a,,,6.0,109,71,0,0,0,0,1.3,172,57,0,0,2.3,261,109,0,0,0.0,534,220,0.0,7.2,0,0,0,0,0,2.1,,0.0,0.0,0.0,0.0,0.22,0.33,0.55,1.47,0.0,260,118,0.0,151,102,0.0,152,83,0.0,222,112,,,,1,,Rio,Ngumoha,Ngumoha,,,0,0,0,0,0,0,0,0,0,0,0,0,0,,,,0.0,0.33,1.97,0.82,4.94,0,0,0
370,a,,,5.5,143,89,0,0,0,0,0.2,384,142,0,0,1.4,340,154,0,0,0.0,401,140,0.0,6.7,0,0,0,0,0,2.0,,0.0,0.0,0.0,0.0,0.41,0.17,0.58,1.85,0.0,292,135,0.0,287,155,0.0,172,91,0.0,278,136,,,,1,,Federico,Chiesa,Chiesa,,,0,0,0,0,0,0,0,0,0,0,0,0,0,,,,0.0,0.0,2.56,0.28,8.52,0,0,0
371,a,,,6.0,83,53,0,0,0,0,2.0,131,40,0,0,4.0,59,26,0,0,0.0,508,202,0.0,24.0,0,0,0,0,0,2.1,,0.0,0.0,0.0,0.0,0.06,0.07,0.13,1.16,0.0,50,13,0.0,50,44,0.0,140,80,0.0,58,37,,,,1,,Ryan,Gravenberch,Gravenberch,,,0,0,0,0,0,0,0,0,0,0,0,0,0,,,,0.0,0.27,1.26,1.02,8.97,0,0,0
372,a,,,5.5,149,93,0,0,0,0,1.8,140,42,0,0,2.9,184,69,0,0,0.0,407,144,0.0,19.6,0,0,0,0,0,2.0,,0.0,0.0,0.0,0.0,0.13,0.06,0.19,1.25,0.0,123,44,0.0,40,37,0.0,73,44,0.0,59,38,,,5.0,1,,Alexis,Mac Allister,Mac Allister,,,0,0,0,0,0,0,0,0,0,0,0,0,0,,,,0.0,0.24,1.39,1.05,7.77,0,0,0
373,d,75.0,,5.5,136,84,0,0,0,0,0.2,395,149,0,0,2.4,251,103,0,0,0.0,394,135,0.0,14.7,0,0,0,0,0,1.5,,0.0,0.0,0.0,0.0,0.1,0.13,0.23,1.47,0.0,149,57,0.0,72,54,0.0,134,77,0.0,119,67,,,,1,,Curtis,Jones,C.Jones,Hip injury - 75% chance of playing,,0,0,0,0,0,0,0,0,0,0,0,0,0,,,,0.0,0.14,1.73,0.84,11.09,0,0,0
374,a,100.0,,5.0,244,148,0,0,0,0,0.0,523,219,0,0,1.5,330,146,0,0,0.0,221,36,0.0,2.4,0,0,0,0,0,1.5,,0.0,0.0,0.0,0.0,0.02,0.03,0.05,2.18,0.0,333,149,0.0,325,166,0.0,335,170,0.0,346,163,,,,1,,Endo,Wataru,Endo,,,0,0,0,0,0,0,0,0,0,0,0,0,0,,,,0.0,0.53,2.65,0.53,12.18,0,0,0
375,a,,,5.0,375,224,0,0,0,0,0.1,494,206,0,0,1.0,383,179,0,0,0.0,352,112,0.0,1.2,0,0,0,0,0,1.5,,0.0,0.0,0.0,0.0,1.59,0.09,1.68,3.64,0.0,378,175,0.0,333,169,0.0,344,176,0.0,372,172,,,,1,,Trey,Nyoni,Nyoni,,,0,0,0,0,0,0,0,0,0,0,0,0,0,,,,0.0,0.0,4.29,0.0,21.43,0,0,0
376,i,0.0,,5.0,358,210,0,0,0,0,0.0,585,258,0,0,0.0,543,228,0,0,0.0,335,98,0.0,0.0,0,0,0,0,0,0.0,,0.0,0.0,0.0,0.0,0.0,0.0,0.0,0.0,0.0,543,228,0.0,543,228,0.0,540,227,0.0,543,228,,,,1,,Stefan,Bajčetić Maquieira,Bajcetic,Hamstring injury - Expected back 23 Aug,,0,0,0,0,0,0,0,0,0,0,0,0,0,,,,0.0,0.0,0.0,0.0,0.0,0,0,0
377,a,,,6.5,54,38,0,0,0,0,0.7,224,75,0,0,0.0,589,259,0,0,0.0,559,240,0.0,0.0,0,0,0,0,0,2.3,,0.0,0.0,0.0,0.0,0.0,0.0,0.0,0.0,0.0,589,259,0.0,589,259,0.0,589,259,0.0,589,259,,,,1,,Victor,Munoz,Munoz,,,0,0,0,0,0,0,0,0,0,0,0,0,0,,,,0.0,0.0,0.0,0.0,0.0,0,0,0
378,a,,,4.5,475,247,0,0,0,0,0.2,336,117,0,0,0.0,479,196,0,0,0.0,153,12,0.0,0.0,0,0,0,0,0,1.0,,0.0,0.0,0.0,0.0,0.0,0.0,0.0,0.0,0.0,474,193,0.0,468,195,0.0,455,189,0.0,476,194,,,,1,,James,McConnell,McConnell,,,0,0,0,0,0,0,0,0,0,0,0,0,0,,,,0.0,0.0,0.0,0.0,0.0,0,0,0
379,a,,,9.0,5,2,0,0,0,0,14.9,28,6,0,0,2.9,188,18,0,0,0.0,586,69,0.0,4.6,0,0,0,0,0,2.7,,0.0,0.0,0.0,0.0,0.34,0.01,0.35,1.09,0.0,277,28,0.0,299,37,0.0,162,33,0.0,273,34,,,1.0,1,,Alexander,Isak,Isak,,,0,0,0,0,0,0,0,0,0,0,0,0,0,,,,0.0,0.13,1.17,1.04,3.89,0,0,0
380,i,0.0,,7.5,21,8,0,0,0,0,0.2,352,59,0,0,4.5,28,4,0,0,0.0,577,66,0.0,16.7,0,0,0,0,0,0.0,,0.0,0.0,0.0,0.0,0.51,0.12,0.63,1.31,0.0,109,10,0.0,121,10,0.0,21,12,0.0,47,9,,,,1,,Hugo,Ekitiké,Ekitiké,Achilles injury - Unknown return date,,0,0,0,0,0,0,0,0,0,0,0,0,0,,,,0.0,0.35,1.25,1.05,4.26,0,0,0
381,a,,,5.0,352,205,0,0,0,0,0.0,551,233,0,0,0.0,541,227,0,0,0.0,329,93,0.0,0.0,0,0,0,0,0,1.5,,0.0,0.0,0.0,0.0,0.0,0.0,0.0,0.0,0.0,541,227,0.0,541,227,0.0,538,226,0.0,541,227,,,,1,,Lewis,Koumas,Koumas,,,0,0,0,0,0,0,0,0,0,0,0,0,0,,,,0.0,0.0,0.0,0.0,0.0,0,0,0
382,i,0.0,,4.5,479,60,0,0,0,0,0.0,514,67,0,0,0.0,482,48,0,0,0.0,157,2,0.0,0.0,0,0,0,0,0,0.0,,0.0,0.0,0.0,0.0,0.0,0.0,0.0,0.0,0.0,477,46,0.0,471,46,0.0,459,46,0.0,479,47,,,,1,,Jayden,Danns,Danns,Unspecified injury - Unknown return date,,0,0,0,0,0,0,0,0,0,0,0,0,0,,,,0.0,0.0,0.0,0.0,0.0,0,0,0
383,a,,,5.5,165,104,0,0,0,0,0.1,447,181,0,0,1.0,387,183,0,0,0.0,423,155,0.0,0.9,0,0,0,0,0,2.0,,0.0,0.0,0.0,0.0,0.24,0.07,0.31,1.42,0.0,368,168,0.0,309,162,0.0,299,155,0.0,352,165,,,,1,,Harvey,Elliott,Elliott,,,0,0,0,0,0,0,0,0,0,0,0,0,0,,,,0.0,0.0,1.64,0.82,4.91,0,0,0
579,a,,,5.5,166,21,0,0,0,0,1.2,175,65,0,0,0.0,568,192,0,0,0.0,424,171,0.0,0.0,0,0,0,0,0,2.5,,0.0,0.0,0.0,0.0,0.0,0.0,0.0,0.0,0.0,568,192,0.0,568,192,0.0,567,192,0.0,568,192,,,,1,,Ronald,Araujo,Araujo,,,0,0,0,0,0,0,0,0,0,0,0,0,0,,,,0.0,0.0,0.0,0.0,0.0,0,0,0
238,a,100.0,,6.5,32,20,0,0,0,0,0.1,420,165,0,0,4.0,60,27,0,0,0.0,537,222,0.0,12.2,0,0,0,0,0,2.3,,0.0,0.0,0.0,0.0,0.11,0.19,0.3,1.43,0.0,162,64,0.0,46,42,0.0,68,41,0.0,75,46,,,,1,,Jack,Grealish,Grealish,,,0,0,0,0,0,0,0,0,0,0,0,0,0,,,,0.0,0.39,1.27,1.0,7.47,0,0,0
384,a,,,5.5,134,4,0,0,0,0,10.2,45,6,0,0,4.0,55,4,0,0,0.0,392,65,0.0,24.5,0,0,0,0,0,3.3,,0.0,0.0,0.0,0.0,0.0,0.0,0.0,1.13,0.0,56,14,0.0,338,7,0.0,358,4,0.0,204,14,,,,1,,Gianluigi,Donnarumma,Donnarumma,,,0,0,0,0,0,0,0,0,0,0,0,0,0,,,,2.29,0.44,0.85,1.0,0.0,0,0,0
386,a,,,4.5,408,29,0,0,0,0,0.0,522,63,0,0,0.0,462,54,0,0,0.0,86,29,0.0,0.0,0,0,0,0,0,1.9,,0.0,0.0,0.0,0.0,0.0,0.0,0.0,0.0,0.0,457,54,0.0,447,42,0.0,430,33,0.0,459,54,,,,1,,Marcus,Bettinelli,Bettinelli,,,0,0,0,0,0,0,0,0,0,0,0,0,0,,,,0.0,0.0,0.0,0.0,0.0,0,0,0
387,a,,,6.5,49,4,0,0,0,0,21.7,15,5,0,0,4.7,22,7,0,0,0.0,554,193,0.0,24.6,0,0,0,0,0,3.1,,0.0,0.0,0.0,0.0,0.21,0.09,0.3,1.19,0.0,61,26,0.0,70,17,0.0,36,1,0.0,40,6,,,,1,,Nico,O'Reilly,O'Reilly,,,0,0,0,0,0,0,0,0,0,0,0,0,0,,,,0.0,0.48,0.85,0.99,5.86,0,0,0
388,a,,,6.0,69,6,0,0,0,0,20.9,16,6,0,0,5.1,8,2,0,0,0.0,494,186,0.0,29.8,0,0,0,0,0,2.8,,0.0,0.0,0.0,0.0,0.12,0.07,0.19,1.27,0.0,13,5,0.0,125,29,0.0,65,6,0.0,44,8,,,,1,,Marc,Guéhi,Guéhi,,,0,0,0,0,0,0,0,0,0,0,0,0,0,,,,0.0,0.4,1.0,1.0,7.94,0,0,0
389,d,75.0,,6.0,90,10,0,0,0,0,3.7,87,33,0,0,4.5,26,10,0,0,0.0,515,190,0.0,25.7,0,0,0,0,0,2.1,,0.0,0.0,0.0,0.0,0.01,0.07,0.08,1.1,0.0,48,20,0.0,42,4,0.0,205,55,0.0,66,12,,,5.0,1,,Matheus,Nunes,Matheus N.,Knock - 75% chance of playing,,0,0,0,0,0,0,0,0,0,0,0,0,0,,,,0.0,0.38,0.88,1.01,6.13,0,0,0
390,a,,,5.5,121,11,0,0,0,0,1.6,155,62,0,0,4.3,38,14,0,0,0.0,379,161,0.0,20.5,0,0,0,0,0,2.5,,0.0,0.0,0.0,0.0,0.02,0.03,0.05,1.1,0.0,89,38,0.0,205,53,0.0,237,73,0.0,172,60,,,,1,,Rúben,dos Santos Gato Alves Dias,Rúben,,,0,0,0,0,0,0,0,0,0,0,0,0,0,,,,0.0,0.5,0.93,1.01,7.03,0,0,0
391,a,,,5.5,181,26,0,0,0,0,12.5,31,11,0,0,4.4,31,11,0,0,0.0,439,176,0.0,14.4,0,0,0,0,0,2.5,,0.0,0.0,0.0,0.0,0.15,0.05,0.2,1.05,0.0,165,69,0.0,232,71,0.0,143,32,0.0,200,67,,,,1,,Joško,Gvardiol,Gvardiol,,,0,0,0,0,0,0,0,0,0,0,0,0,0,,,,0.0,0.39,0.85,1.05,6.77,0,0,0
392,a,,,5.5,169,23,0,0,0,0,1.1,191,68,0,0,3.5,106,44,0,0,0.0,427,173,0.0,10.9,0,0,0,0,0,2.5,,0.0,0.0,0.0,0.0,0.05,0.19,0.24,1.14,0.0,254,95,0.0,153,37,0.0,244,75,0.0,244,78,,,,1,,Rayan,Aït-Nouri,Aït-Nouri,,,0,0,0,0,0,0,0,0,0,0,0,0,0,,,,0.0,0.46,0.74,1.11,6.21,0,0,0
393,a,,,5.5,215,33,0,0,0,0,1.9,135,56,0,0,3.2,151,60,0,0,0.0,473,183,0.0,12.2,0,0,0,0,0,2.5,,0.0,0.0,0.0,0.0,0.04,0.08,0.12,1.32,0.0,202,76,0.0,230,69,0.0,305,105,0.0,261,86,,,,1,,Abdukodir,Khusanov,Khusanov,,,0,0,0,0,0,0,0,0,0,0,0,0,0,,,,0.0,0.38,0.82,0.95,7.76,0,0,0
394,a,,,5.0,336,69,0,0,0,0,0.0,525,176,0,0,2.5,232,96,0,0,0.0,313,151,0.0,1.0,0,0,0,0,0,2.2,,0.0,0.0,0.0,0.0,0.17,0.04,0.21,1.03,0.0,345,120,0.0,330,116,0.0,304,104,0.0,349,119,,,,1,,Max,Alleyne,Alleyne,,,0,0,0,0,0,0,0,0,0,0,0,0,0,,,,0.0,0.0,0.67,1.33,7.33,0,0,0
395,a,,,4.5,468,126,0,0,0,0,0.2,351,132,0,0,1.7,312,115,0,0,0.0,146,97,0.0,4.2,0,0,0,0,0,1.7,,0.0,0.0,0.0,0.0,0.04,0.31,0.35,1.53,0.0,320,114,0.0,229,68,0.0,274,88,0.0,304,103,,,,1,,Rico,Lewis,Lewis,,,0,0,0,0,0,0,0,0,0,0,0,0,0,,,,0.0,0.22,1.57,0.9,4.26,0,0,0
396,a,,,4.5,515,144,0,0,0,0,0.0,535,183,0,0,0.0,496,182,0,0,0.0,193,115,0.0,0.0,0,0,0,0,0,1.7,,0.0,0.0,0.0,0.0,0.0,0.0,0.0,0.0,0.0,495,182,0.0,490,182,0.0,481,182,0.0,495,182,,,,1,,Vitor,de Oliveira Nunes dos Reis,Vitor Reis,,,0,0,0,0,0,0,0,0,0,0,0,0,0,,,,0.0,0.0,0.0,0.0,0.0,0,0,0
397,a,,,8.5,6,4,0,0,0,0,26.9,8,4,0,0,5.5,5,2,0,0,0.0,585,257,0.0,23.8,0,0,0,0,0,2.9,,0.0,0.0,0.0,0.0,0.31,0.09,0.4,1.34,0.0,10,2,0.0,32,31,0.0,4,1,0.0,5,4,,,3.0,1,,Antoine,Semenyo,Semenyo,,,0,0,0,0,0,0,0,0,0,0,0,0,0,,,,0.0,0.34,1.46,1.04,6.64,0,0,0
398,a,,,7.0,25,16,0,0,0,0,5.2,70,25,0,0,4.0,61,28,0,0,0.0,563,244,0.0,18.7,0,0,0,0,0,2.5,,0.0,0.0,0.0,0.0,0.26,0.21,0.47,1.19,0.0,81,27,0.0,9,9,0.0,40,24,0.0,23,19,3.0,3.0,,1,,Phil,Foden,Foden,,,0,0,0,0,0,0,0,0,0,0,0,0,0,,,,0.0,0.48,0.82,1.0,6.93,0,0,0
399,a,,,7.5,18,11,0,0,0,0,8.2,55,19,0,0,4.1,49,23,0,0,0.0,574,251,0.0,18.0,0,0,0,0,0,2.6,,0.0,0.0,0.0,0.0,0.22,0.45,0.67,1.28,0.0,73,23,0.0,5,5,0.0,34,20,0.0,13,10,1.0,1.0,,1,,Rayan,Cherki,Cherki,,,0,0,0,0,0,0,0,0,0,0,0,0,0,,,,0.0,0.41,0.91,0.97,6.86,0,0,0
400,a,,,7.5,17,10,0,0,0,0,6.4,63,23,0,0,4.0,62,29,0,0,0.0,573,250,0.0,16.0,0,0,0,0,0,2.6,,0.0,0.0,0.0,0.0,0.15,0.3,0.45,1.18,0.0,98,30,0.0,13,12,0.0,27,13,0.0,21,17,,,4.0,1,,Jérémy,Doku,Doku,,,0,0,0,0,0,0,0,0,0,0,0,0,0,,,,0.0,0.41,0.91,0.96,6.4,0,0,0
401,a,,,7.0,28,9,0,0,0,0,0.8,212,36,0,0,2.7,216,23,0,0,0.0,566,61,0.0,8.0,0,0,0,0,0,2.2,,0.0,0.0,0.0,0.0,0.36,0.1,0.46,1.03,0.0,250,24,0.0,195,20,0.0,106,26,0.0,211,22,,2.0,2.0,1,,Omar,Marmoush,Marmoush,,,0,0,0,0,0,0,0,0,0,0,0,0,0,,,,0.0,0.52,0.65,1.04,5.08,0,0,0
402,i,0.0,,6.5,38,26,0,0,0,0,0.1,485,200,0,0,3.3,136,56,0,0,0.0,543,228,0.0,10.6,0,0,0,0,0,0.0,,0.0,0.0,0.0,0.0,0.07,0.15,0.22,1.24,0.0,170,68,0.0,67,52,0.0,214,118,0.0,150,78,,,,1,,Rodrigo 'Rodri',Hernandez Cascante,Rodrigo,Back injury - Unknown return date,,0,0,0,0,0,0,0,0,0,0,0,0,0,,,,0.0,0.3,0.89,1.01,12.28,0,0,0
403,a,,,6.5,51,36,0,0,0,0,0.1,418,164,0,0,1.8,310,135,0,0,0.0,556,238,0.0,6.6,0,0,0,0,0,2.3,,0.0,0.0,0.0,0.0,0.28,0.18,0.46,1.24,0.0,286,132,0.0,171,113,0.0,88,55,0.0,209,106,,,,1,,Sávio,Moreira de Oliveira,Savinho,,,0,0,0,0,0,0,0,0,0,0,0,0,0,,,,0.0,0.33,0.77,0.77,6.5,0,0,0
404,a,,,6.0,78,50,0,0,0,0,0.3,306,101,0,0,3.3,134,55,0,0,0.0,503,199,0.0,15.3,0,0,0,0,0,2.1,,0.0,0.0,0.0,0.0,0.26,0.13,0.39,1.04,0.0,178,74,0.0,102,74,0.0,51,30,0.0,105,61,,,,1,,Tijjani,Reijnders,Reijnders,,,0,0,0,0,0,0,0,0,0,0,0,0,0,,,,0.0,0.39,1.0,1.05,5.55,0,0,0
405,a,,,5.5,176,107,0,0,0,0,0.1,414,161,0,0,2.5,236,92,0,0,0.0,434,158,0.0,11.5,0,0,0,0,0,2.0,,0.0,0.0,0.0,0.0,0.04,0.06,0.1,1.17,0.0,197,86,0.0,147,99,0.0,259,137,0.0,219,110,,,,1,,Nico,González Iglesias,N.Gonzalez,,,0,0,0,0,0,0,0,0,0,0,0,0,0,,,,0.0,0.4,1.04,0.98,11.88,0,0,0
406,a,,,5.5,114,75,0,0,0,0,0.1,496,207,0,0,1.5,331,147,0,0,0.0,372,126,0.0,1.6,0,0,0,0,0,2.0,,0.0,0.0,0.0,0.0,0.09,0.3,0.39,2.88,0.0,335,151,0.0,270,149,0.0,345,177,0.0,333,156,,,,1,,Mateo,Kovačić,Kovačić,,,0,0,0,0,0,0,0,0,0,0,0,0,0,,,,0.0,0.0,2.16,0.72,12.96,0,0,0
407,a,,,5.0,372,221,0,0,0,0,0.0,558,238,0,0,0.0,549,232,0,0,0.0,349,109,0.0,0.0,0,0,0,0,0,1.5,,0.0,0.0,0.0,0.0,0.0,0.0,0.0,0.0,0.0,549,232,0.0,549,232,0.0,547,232,0.0,549,232,,,,1,,Claudio,Echeverri,Echeverri,,,0,0,0,0,0,0,0,0,0,0,0,0,0,,,,0.0,0.0,0.0,0.0,0.0,0,0,0
408,a,,,5.0,241,145,0,0,0,0,0.0,532,220,0,0,0.0,503,202,0,0,0.0,218,33,0.0,0.0,0,0,0,0,0,1.5,,0.0,0.0,0.0,0.0,0.0,0.0,0.0,0.0,0.0,503,202,0.0,499,202,0.0,493,201,0.0,503,202,,,,1,,Kalvin,Phillips,Phillips,,,0,0,0,0,0,0,0,0,0,0,0,0,0,,,,0.0,0.0,0.0,0.0,0.0,0,0,0
409,a,,,4.5,508,255,0,0,0,0,0.1,400,153,0,0,1.0,372,170,0,0,0.0,186,20,0.0,0.4,0,0,0,0,0,1.0,,0.0,0.0,0.0,0.0,0.0,0.76,0.76,1.22,0.0,377,174,0.0,313,163,0.0,341,173,0.0,364,170,,,,1,,Divine,Mukasa,Mukasa,,,0,0,0,0,0,0,0,0,0,0,0,0,0,,,,0.0,0.0,0.0,0.0,3.6,0,0,0
410,a,,,5.0,385,231,0,0,0,0,0.0,557,237,0,0,0.0,555,236,0,0,0.0,362,119,0.0,0.0,0,0,0,0,0,1.5,,0.0,0.0,0.0,0.0,0.0,0.0,0.0,0.0,0.0,555,236,0.0,555,236,0.0,553,236,0.0,555,236,,,,1,,Jeremy,Monga,Monga,,,0,0,0,0,0,0,0,0,0,0,0,0,0,,,,0.0,0.0,0.0,0.0,0.0,0,0,0
411,a,,,15.5,1,1,0,0,0,0,71.5,1,1,0,0,6.8,2,1,0,0,0.0,590,70,0.0,15.4,0,0,0,0,0,4.0,,0.0,0.0,0.0,0.0,0.78,0.08,0.86,1.18,0.0,2,1,0.0,111,6,0.0,1,1,0.0,2,1,,,1.0,1,,Erling,Haaland,Haaland,,,0,0,0,0,0,0,0,0,0,0,0,0,0,,,,0.0,0.4,0.98,1.04,3.17,0,0,0
481,a,,,6.5,36,24,0,0,0,0,9.9,47,17,0,0,4.7,21,10,0,0,0.0,541,226,0.0,27.7,0,0,0,0,0,2.3,,0.0,0.0,0.0,0.0,0.08,0.13,0.21,1.45,0.0,11,3,0.0,6,6,0.0,95,60,0.0,12,9,2.0,,,1,,Elliot,Anderson,Anderson,,,0,0,0,0,0,0,0,0,0,0,0,0,0,,,,0.0,0.27,1.35,1.0,13.91,0,0,0
587,a,,,5.0,232,8,0,0,0,0,0.0,581,65,0,0,0.0,500,63,0,0,0.0,209,50,0.0,0.0,0,0,0,0,0,2.6,,0.0,0.0,0.0,0.0,0.0,0.0,0.0,0.0,0.0,500,63,0.0,495,58,0.0,489,53,0.0,500,63,,,,1,,Gerónimo,Rulli,Rulli,,,0,0,0,0,0,0,0,0,0,0,0,0,0,,,,0.0,0.0,0.0,0.0,0.0,0,0,0
43,a,100.0,,6.0,62,41,0,0,0,0,2.0,128,39,0,0,2.7,215,84,0,0,0.0,487,190,0.0,11.3,0,0,0,0,0,2.1,,0.0,0.0,0.0,0.0,0.06,0.16,0.22,1.52,0.0,143,54,0.0,48,43,0.0,170,89,0.0,102,59,,,3.0,1,,Youri,Tielemans,Tielemans,,,0,0,0,0,0,0,0,0,0,0,0,0,0,,,,0.0,0.19,1.31,1.02,9.84,0,0,0
162,a,,,5.0,355,207,0,0,0,0,1.2,176,59,0,0,1.7,316,139,0,0,0.0,332,95,0.0,9.4,0,0,0,0,0,1.5,,0.0,0.0,0.0,0.0,0.14,0.06,0.2,1.36,0.0,233,103,0.0,200,128,0.0,241,129,0.0,251,124,,,,1,,Andrey,Nascimento dos Santos,Andrey Santos,,,0,0,0,0,0,0,0,0,0,0,0,0,0,,,,0.0,0.07,1.3,0.94,9.31,0,0,0
325,d,75.0,,4.5,393,21,0,0,0,0,0.0,517,62,0,0,3.2,137,17,0,0,0.0,71,21,0.0,15.8,0,0,0,0,0,1.4,,0.0,0.0,0.0,0.0,0.0,0.0,0.0,1.29,0.0,105,17,0.0,437,34,0.0,420,25,0.0,238,17,,,,1,,Karl,Darlow,Darlow,Unspecified injury - 75% chance of playing,,0,0,0,0,0,0,0,0,0,0,0,0,0,,,,2.86,0.23,1.23,1.0,0.0,0,0,0
412,a,,,5.0,313,17,0,0,0,0,18.6,20,5,0,0,3.4,113,15,0,0,0.0,290,59,0.0,21.8,0,0,0,0,0,2.6,,0.0,0.0,0.0,0.0,0.0,0.0,0.0,1.23,0.0,66,15,0.0,526,64,0.0,355,2,0.0,213,15,,,,1,,Senne,Lammens,Lammens,,,0,0,0,0,0,0,0,0,0,0,0,0,0,,,,2.47,0.25,1.22,1.0,0.0,0,0,0
413,u,0.0,,4.5,457,36,0,0,0,0,0.1,463,51,0,0,1.8,300,29,0,0,0.0,135,36,0.0,2.4,0,0,0,0,0,0.0,,0.0,0.0,0.0,0.0,0.0,0.01,0.01,1.54,0.0,294,22,0.0,340,9,0.0,445,40,0.0,326,22,,,,1,,Altay,Bayındır,Bayindir,Has joined Celta Vigo on loan for the rest of the season,,0,0,0,0,0,0,0,0,0,0,0,0,0,,,,2.17,0.0,1.83,1.0,0.0,0,0,0
414,i,0.0,,4.0,522,47,0,0,0,0,0.2,343,39,0,0,0.0,401,32,0,0,0.0,1,1,0.0,0.0,0,0,0,0,0,0.0,,0.0,0.0,0.0,0.0,0.0,0.0,0.0,0.0,0.0,395,32,0.0,378,14,0.0,359,5,0.0,397,32,,,,1,,Tom,Heaton,Heaton,Hamstring injury - Unknown return date,,0,0,0,0,0,0,0,0,0,0,0,0,0,,,,0.0,0.0,0.0,0.0,0.0,0,0,0
415,a,,,6.0,107,69,0,0,0,0,1.6,156,47,0,0,3.7,82,36,0,0,0.0,532,218,0.0,15.8,0,0,0,0,0,2.1,,0.0,0.0,0.0,0.0,0.15,0.12,0.27,1.23,0.0,125,45,0.0,80,59,0.0,80,49,0.0,89,52,,,,1,,Patrick,Dorgu,Dorgu,,,0,0,0,0,0,0,0,0,0,0,0,0,0,,,,0.0,0.25,1.25,0.94,6.12,0,0,0
416,i,0.0,,5.0,261,43,0,0,0,0,0.0,531,181,0,0,3.3,127,49,0,0,0.0,238,125,0.0,8.6,0,0,0,0,0,0.0,,0.0,0.0,0.0,0.0,0.11,0.06,0.17,1.44,0.0,214,82,0.0,275,93,0.0,213,60,0.0,259,84,,,,1,,Matthijs,de Ligt,De Ligt,Back injury - Unknown return date,,0,0,0,0,0,0,0,0,0,0,0,0,0,,,,0.0,0.08,1.54,1.0,8.23,0,0,0
417,a,,,5.0,269,46,0,0,0,0,3.0,101,39,0,0,3.3,128,50,0,0,0.0,246,128,0.0,22.2,0,0,0,0,0,2.2,,0.0,0.0,0.0,0.0,0.07,0.09,0.16,1.26,0.0,102,45,0.0,57,10,0.0,153,38,0.0,90,24,,,,1,,Diogo,Dalot Teixeira,Dalot,,,0,0,0,0,0,0,0,0,0,0,0,0,0,,,,0.0,0.24,1.38,1.0,6.21,0,0,0
418,a,,,5.0,228,36,0,0,0,0,11.5,38,13,0,0,3.9,63,24,0,0,0.0,205,118,0.0,18.0,0,0,0,0,0,2.2,,0.0,0.0,0.0,0.0,0.06,0.03,0.09,1.25,0.0,158,64,0.0,273,92,0.0,169,48,0.0,215,69,,,,1,,Harry,Maguire,Maguire,,,0,0,0,0,0,0,0,0,0,0,0,0,0,,,,0.0,0.38,1.09,1.04,8.24,0,0,0
419,a,100.0,,5.0,275,49,0,0,0,0,0.6,236,89,0,0,2.8,193,81,0,0,0.0,252,131,0.0,10.2,0,0,0,0,0,2.2,,0.0,0.0,0.0,0.0,0.01,0.04,0.05,1.11,0.0,201,75,0.0,241,78,0.0,313,111,0.0,264,88,,,,1,,Lisandro,Martínez,Martinez,,,0,0,0,0,0,0,0,0,0,0,0,0,0,,,,0.0,0.37,1.1,0.95,7.69,0,0,0
420,a,,,5.0,367,73,0,0,0,0,0.8,210,79,0,0,1.8,306,113,0,0,0.0,344,155,0.0,11.2,0,0,0,0,0,2.2,,0.0,0.0,0.0,0.0,0.07,0.03,0.1,1.4,0.0,188,73,0.0,251,82,0.0,211,59,0.0,239,75,,,,1,,Leny,Yoro,Yoro,,,0,0,0,0,0,0,0,0,0,0,0,0,0,,,,0.0,0.1,1.72,0.94,8.12,0,0,0
421,a,,,4.5,513,142,0,0,0,0,0.3,301,111,0,0,2.5,230,94,0,0,0.0,191,113,0.0,9.3,0,0,0,0,0,1.7,,0.0,0.0,0.0,0.0,0.03,0.02,0.05,1.17,0.0,231,87,0.0,307,105,0.0,303,103,0.0,292,99,,,,1,,Ayden,Heaven,Heaven,,,0,0,0,0,0,0,0,0,0,0,0,0,0,,,,0.0,0.2,1.47,1.08,9.1,0,0,0
422,a,,,4.5,437,106,0,0,0,0,0.8,218,83,0,0,2.6,218,87,0,0,0.0,115,77,0.0,11.8,0,0,0,0,0,1.7,,0.0,0.0,0.0,0.0,0.02,0.03,0.05,1.2,0.0,244,93,0.0,224,64,0.0,289,96,0.0,274,90,,,,1,,Noussair,Mazraoui,Mazraoui,,,0,0,0,0,0,0,0,0,0,0,0,0,0,,,,0.0,0.46,0.92,1.01,8.66,0,0,0
423,a,,,4.5,402,83,0,0,0,0,23.1,12,3,0,0,3.0,165,68,0,0,0.0,80,54,0.0,25.1,0,0,0,0,0,1.7,,0.0,0.0,0.0,0.0,0.02,0.06,0.08,1.25,0.0,90,39,0.0,115,28,0.0,233,70,0.0,137,45,3.0,,,1,,Luke,Shaw,Shaw,,,0,0,0,0,0,0,0,0,0,0,0,0,0,,,,0.0,0.28,1.26,1.06,6.26,0,0,0
424,a,,,4.0,581,186,0,0,0,0,0.2,347,129,0,0,0.0,449,166,0,0,0.0,60,41,0.0,0.0,0,0,0,0,0,1.0,,0.0,0.0,0.0,0.0,0.0,0.0,0.0,0.0,0.0,444,166,0.0,430,166,0.0,412,163,0.0,446,166,,,,1,,Harry,Amass,Amass,,,0,0,0,0,0,0,0,0,0,0,0,0,0,,,,0.0,0.0,0.0,0.0,0.0,0,0,0
425,a,,,4.0,577,182,0,0,0,0,0.1,466,160,0,0,1.0,358,123,0,0,0.0,56,37,0.0,0.2,0,0,0,0,0,1.0,,0.0,0.0,0.0,0.0,0.0,0.0,0.0,13.5,0.0,379,131,0.0,428,164,0.0,409,160,0.0,390,132,,,,1,,Tyler,Fredricson,Fredricson,,,0,0,0,0,0,0,0,0,0,0,0,0,0,,,,0.0,0.0,0.0,0.0,90.0,0,0,0
426,a,,,12.0,2,1,0,0,0,0,48.5,3,1,0,0,6.7,3,1,0,0,0.0,589,260,0.0,19.6,0,0,0,0,0,4.0,,0.0,0.0,0.0,0.0,0.32,0.36,0.68,1.3,0.0,1,1,0.0,1,1,0.0,29,15,0.0,1,1,1.0,1.0,1.0,1,,Bruno,Borges Fernandes,B.Fernandes,,,0,0,0,0,0,0,0,0,0,0,0,0,0,,,,0.0,0.21,1.35,1.03,8.43,0,0,0
427,a,,,8.0,11,7,0,0,0,0,29.4,6,3,0,0,4.5,30,13,0,0,0.0,583,256,0.0,18.5,0,0,0,0,0,2.8,,0.0,0.0,0.0,0.0,0.41,0.17,0.58,1.24,0.0,67,19,0.0,17,16,0.0,7,2,0.0,9,7,2.0,2.0,2.0,1,,Bryan,Mbeumo,Mbeumo,,,0,0,0,0,0,0,0,0,0,0,0,0,0,,,,0.0,0.28,1.28,1.07,4.79,0,0,0
428,a,,,8.0,10,6,0,0,0,0,11.6,37,13,0,0,4.3,40,17,0,0,0.0,582,255,0.0,17.9,0,0,0,0,0,2.8,,0.0,0.0,0.0,0.0,0.25,0.12,0.37,1.29,0.0,54,15,0.0,41,38,0.0,17,8,0.0,22,18,,,,1,,Matheus,Santos Carneiro da Cunha,Cunha,,,0,0,0,0,0,0,0,0,0,0,0,0,0,,,,0.0,0.29,1.26,1.05,7.62,0,0,0
429,a,,,7.0,23,14,0,0,0,0,1.5,161,50,0,0,0.0,590,260,0,0,0.0,561,242,0.0,0.0,0,0,0,0,0,2.5,,0.0,0.0,0.0,0.0,0.0,0.0,0.0,0.0,0.0,590,260,0.0,590,260,0.0,590,260,0.0,590,260,,,,1,,Marcus,Rashford,Rashford,,,0,0,0,0,0,0,0,0,0,0,0,0,0,,,,0.0,0.0,0.0,0.0,0.0,0,0,0
430,d,50.0,,5.5,127,79,0,0,0,0,0.1,445,180,0,0,2.5,234,91,0,0,0.0,385,130,0.0,10.5,0,0,0,0,0,1.0,,0.0,0.0,0.0,0.0,0.14,0.14,0.28,1.11,0.0,251,113,0.0,156,104,0.0,184,101,0.0,227,116,,3.0,,1,,Mason,Mount,Mount,Foot injury - 50% chance of playing,,0,0,0,0,0,0,0,0,0,0,0,0,0,,,,0.0,0.45,1.34,1.07,9.09,0,0,0
431,a,,,6.0,96,61,0,0,0,0,1.6,153,46,0,0,2.8,200,76,0,0,0.0,521,210,0.0,15.2,0,0,0,0,0,2.1,,0.0,0.0,0.0,0.0,0.21,0.18,0.39,1.22,0.0,138,51,0.0,35,34,0.0,33,19,0.0,41,28,4.0,,,1,,Amad,Diallo,Amad,,,0,0,0,0,0,0,0,0,0,0,0,0,0,,,,0.0,0.23,1.27,1.04,7.62,0,0,0
432,a,,,5.5,199,124,0,0,0,0,1.2,180,61,0,0,2.6,228,88,0,0,0.0,457,175,0.0,13.3,0,0,0,0,0,2.0,,0.0,0.0,0.0,0.0,0.03,0.07,0.1,1.25,0.0,167,66,0.0,94,68,0.0,240,128,0.0,169,82,,,,1,,Kobbie,Mainoo,Mainoo,,,0,0,0,0,0,0,0,0,0,0,0,0,0,,,,0.0,0.33,1.2,0.87,10.18,0,0,0
433,i,0.0,,5.0,283,168,0,0,0,0,0.0,582,256,0,0,1.7,314,137,0,0,0.0,260,56,0.0,7.6,0,0,0,0,0,0.0,,0.0,0.0,0.0,0.0,0.07,0.02,0.09,1.87,0.0,263,119,0.0,250,141,0.0,278,148,0.0,289,140,,,,1,,Manuel,Ugarte Ribeiro,Ugarte,Knee injury - Unknown return date,,0,0,0,0,0,0,0,0,0,0,0,0,0,,,,0.0,0.1,2.36,0.82,14.59,0,0,0
434,a,,,5.0,364,216,0,0,0,0,0.0,568,246,0,0,1.0,381,177,0,0,0.0,341,104,0.0,0.6,0,0,0,0,0,1.5,,0.0,0.0,0.0,0.0,0.03,0.02,0.05,1.56,0.0,358,165,0.0,316,164,0.0,339,172,0.0,360,167,,,,1,,Jack,Fletcher,J.Fletcher,,,0,0,0,0,0,0,0,0,0,0,0,0,0,,,,0.0,0.0,0.0,0.0,9.25,0,0,0
435,a,,,5.0,373,222,0,0,0,0,0.1,478,196,0,0,1.0,382,178,0,0,0.0,350,110,0.0,0.6,0,0,0,0,0,1.5,,0.0,0.0,0.0,0.0,0.22,0.02,0.24,1.15,0.0,381,177,0.0,366,182,0.0,318,161,0.0,375,174,,,,1,,Shea,Lacey,Lacey,,,0,0,0,0,0,0,0,0,0,0,0,0,0,,,,0.0,0.0,0.0,0.0,6.75,0,0,0
436,a,,,5.0,332,194,0,0,0,0,0.0,547,229,0,0,0.0,535,223,0,0,0.0,309,82,0.0,0.0,0,0,0,0,0,1.5,,0.0,0.0,0.0,0.0,0.0,0.0,0.0,0.0,0.0,535,223,0.0,534,223,0.0,530,222,0.0,535,223,,,,1,,Toby,Collyer,Collyer,,,0,0,0,0,0,0,0,0,0,0,0,0,0,,,,0.0,0.0,0.0,0.0,0.0,0,0,0
437,a,,,4.5,504,253,0,0,0,0,0.2,366,130,0,0,1.0,370,168,0,0,0.0,182,18,0.0,0.2,0,0,0,0,0,1.0,,0.0,0.0,0.0,0.0,0.0,0.06,0.06,0.3,0.0,386,181,0.0,335,170,0.0,478,195,0.0,381,180,,,,1,,Bendito,Mantato,Bendito Mantato,,,0,0,0,0,0,0,0,0,0,0,0,0,0,,,,0.0,0.0,0.0,0.0,0.0,0,0,0
438,a,,,4.5,487,250,0,0,0,0,0.3,305,100,0,0,1.0,366,166,0,0,0.0,165,15,0.0,0.4,0,0,0,0,0,1.0,,0.0,0.0,0.0,0.0,0.0,0.05,0.05,1.75,0.0,391,183,0.0,360,178,0.0,465,192,0.0,391,183,,,,1,,Tyler,Fletcher,Fletcher,,,0,0,0,0,0,0,0,0,0,0,0,0,0,,,,0.0,0.0,0.0,0.0,10.59,0,0,0
439,d,75.0,,7.0,30,10,0,0,0,0,1.8,143,21,0,0,3.7,84,8,0,0,0.0,568,62,0.0,15.9,0,0,0,0,0,1.7,,0.0,0.0,0.0,0.0,0.51,0.02,0.53,1.49,0.0,118,11,0.0,199,21,0.0,16,9,0.0,56,12,,,,1,,Benjamin,Sesko,Šeško,Shin injury - 75% chance of playing,,0,0,0,0,0,0,0,0,0,0,0,0,0,,,,0.0,0.11,1.66,0.94,3.53,0,0,0
440,a,,,5.5,171,38,0,0,0,0,0.7,229,39,0,0,1.8,307,31,0,0,0.0,429,34,0.0,7.6,0,0,0,0,0,1.8,,0.0,0.0,0.0,0.0,0.41,0.05,0.46,1.4,0.0,268,26,0.0,185,17,0.0,117,30,0.0,225,25,,,,1,,Joshua,Zirkzee,Zirkzee,,,0,0,0,0,0,0,0,0,0,0,0,0,0,,,,0.0,0.3,1.19,0.74,6.52,0,0,0
441,a,,,4.5,510,68,0,0,0,0,1.2,178,27,0,0,0.0,495,54,0,0,0.0,188,10,0.0,0.0,0,0,0,0,0,1.0,,0.0,0.0,0.0,0.0,0.0,0.0,0.0,0.0,0.0,493,53,0.0,488,53,0.0,480,54,0.0,494,54,,,,1,,Chido,Obi,Obi,,,0,0,0,0,0,0,0,0,0,0,0,0,0,,,,0.0,0.0,0.0,0.0,0.0,0,0,0
442,a,,,5.0,229,6,0,0,0,0,1.3,173,26,0,0,3.6,86,8,0,0,0.0,206,48,0.0,19.2,0,0,0,0,0,2.6,,0.0,0.0,0.0,0.0,0.01,0.0,0.01,1.23,0.0,55,13,0.0,494,57,0.0,293,1,0.0,197,13,,,,1,,Nick,Pope,Pope,,,0,0,0,0,0,0,0,0,0,0,0,0,0,,,,3.32,0.26,1.42,1.01,0.0,0,0,0
443,a,,,4.5,396,24,0,0,0,0,0.0,511,60,0,0,0.0,456,50,0,0,0.0,74,24,0.0,0.0,0,0,0,0,0,1.9,,0.0,0.0,0.0,0.0,0.0,0.0,0.0,0.0,0.0,451,50,0.0,440,37,0.0,423,28,0.0,453,50,,,,1,,Mark,Gillespie,Gillespie,,,0,0,0,0,0,0,0,0,0,0,0,0,0,,,,0.0,0.0,0.0,0.0,0.0,0,0,0
444,a,,,4.5,496,46,0,0,0,0,0.0,506,59,0,0,0.0,491,62,0,0,0.0,174,46,0.0,0.0,0,0,0,0,0,1.9,,0.0,0.0,0.0,0.0,0.0,0.0,0.0,0.0,0.0,486,62,0.0,482,56,0.0,472,50,0.0,488,62,,,,1,,Ewen,Jaouen,Jaouen,,,0,0,0,0,0,0,0,0,0,0,0,0,0,,,,0.0,0.0,0.0,0.0,0.0,0,0,0
445,a,,,5.0,314,60,0,0,0,0,1.9,133,55,0,0,3.6,88,35,0,0,0.0,291,142,0.0,25.2,0,0,0,0,0,2.2,,0.0,0.0,0.0,0.0,0.15,0.03,0.18,1.49,0.0,17,6,0.0,228,67,0.0,61,4,0.0,64,11,,,,1,,Malick,Thiaw,Thiaw,,,0,0,0,0,0,0,0,0,0,0,0,0,0,,,,0.0,0.15,1.58,1.0,8.87,0,0,0
446,a,100.0,,5.0,235,38,0,0,0,0,0.2,360,135,0,0,3.2,143,57,0,0,0.0,212,120,0.0,10.2,0,0,0,0,0,2.2,,0.0,0.0,0.0,0.0,0.08,0.05,0.13,1.14,0.0,205,77,0.0,272,91,0.0,225,67,0.0,256,82,,2.0,,1,,Fabian,Schär,Schär,,,0,0,0,0,0,0,0,0,0,0,0,0,0,,,,0.0,0.33,1.07,0.91,9.5,0,0,0
447,a,,,5.0,272,47,0,0,0,0,0.4,278,105,0,0,3.6,87,34,0,0,0.0,249,129,0.0,17.8,0,0,0,0,0,2.2,,0.0,0.0,0.0,0.0,0.08,0.04,0.12,1.35,0.0,78,32,0.0,246,80,0.0,163,44,0.0,153,50,,,,1,,Sven,Botman,Botman,,,0,0,0,0,0,0,0,0,0,0,0,0,0,,,,0.0,0.25,1.32,1.03,10.6,0,0,0
448,a,,,5.0,225,35,0,0,0,0,2.6,112,45,0,0,3.2,142,56,0,0,0.0,202,117,0.0,18.6,0,0,0,0,0,2.2,,0.0,0.0,0.0,0.0,0.04,0.01,0.05,1.24,0.0,108,47,0.0,234,73,0.0,165,45,0.0,168,59,,,,1,,Dan,Burn,Burn,,,0,0,0,0,0,0,0,0,0,0,0,0,0,,,,0.0,0.25,1.48,1.03,9.23,0,0,0
449,a,,,5.0,327,66,0,0,0,0,3.7,86,32,0,0,2.6,226,93,0,0,0.0,304,148,0.0,15.8,0,0,0,0,0,2.2,,0.0,0.0,0.0,0.0,0.04,0.11,0.15,1.56,0.0,93,42,0.0,64,14,0.0,158,41,0.0,92,25,1.0,1.0,,1,,Lewis,Hall,Hall,,,0,0,0,0,0,0,0,0,0,0,0,0,0,,,,0.0,0.17,1.61,0.99,7.16,0,0,0
450,d,75.0,,5.0,300,55,0,0,0,0,0.1,451,155,0,0,3.5,102,41,0,0,0.0,277,137,0.0,11.8,0,0,0,0,0,1.6,,0.0,0.0,0.0,0.0,0.01,0.06,0.07,1.26,0.0,238,89,0.0,169,42,0.0,282,92,0.0,257,83,,,,1,,Tino,Livramento,Livramento,Calf injury - 75% chance of playing,,0,0,0,0,0,0,0,0,0,0,0,0,0,,,,0.0,0.41,0.95,0.95,4.62,0,0,0
451,u,0.0,,4.0,576,181,0,0,0,0,0.4,277,104,0,0,1.0,357,122,0,0,0.0,55,36,0.0,0.5,0,0,0,0,0,0.0,,0.0,0.0,0.0,0.0,0.0,0.0,0.0,6.3,0.0,370,129,0.0,372,130,0.0,346,124,0.0,382,129,,,,1,,Alex,Murphy,A.Murphy,Has joined FC Kaiserslautern on loan for the rest of the season,,0,0,0,0,0,0,0,0,0,0,0,0,0,,,,0.0,0.0,12.86,0.0,51.43,0,0,0
453,a,,,6.0,67,45,0,0,0,0,1.2,177,60,0,0,2.9,185,70,0,0,0.0,492,194,0.0,17.7,0,0,0,0,0,2.1,,0.0,0.0,0.0,0.0,0.32,0.13,0.45,1.4,0.0,151,58,0.0,84,62,0.0,24,11,0.0,53,33,,,,1,,Harvey,Barnes,Barnes,,,0,0,0,0,0,0,0,0,0,0,0,0,0,,,,0.0,0.23,1.43,0.88,4.61,0,0,0
454,a,,,6.0,86,55,0,0,0,0,0.7,222,73,0,0,1.5,332,148,0,0,0.0,511,204,0.0,8.0,0,0,0,0,0,2.1,,0.0,0.0,0.0,0.0,0.11,0.12,0.23,1.46,0.0,290,134,0.0,135,92,0.0,168,88,0.0,228,117,4.0,,,1,,Anthony,Elanga,Elanga,,,0,0,0,0,0,0,0,0,0,0,0,0,0,,,,0.0,0.14,1.94,0.97,3.8,0,0,0
456,a,,,5.0,285,170,0,0,0,0,0.4,284,92,0,0,2.2,267,112,0,0,0.0,262,58,0.0,12.4,0,0,0,0,0,1.5,,0.0,0.0,0.0,0.0,0.07,0.09,0.16,1.7,0.0,198,87,0.0,108,77,0.0,183,100,0.0,173,84,,,,1,,Jacob,Ramsey,J.Ramsey,,,0,0,0,0,0,0,0,0,0,0,0,0,0,,,,0.0,0.06,1.94,0.94,9.31,0,0,0
457,a,,,6.0,59,40,0,0,0,0,0.2,380,139,0,0,2.5,239,93,0,0,0.0,484,189,0.0,13.7,0,0,0,0,0,2.1,,0.0,0.0,0.0,0.0,0.17,0.15,0.32,1.36,0.0,186,79,0.0,82,60,0.0,78,47,0.0,117,65,2.0,,,1,,Jacob,Murphy,J.Murphy,,,0,0,0,0,0,0,0,0,0,0,0,0,0,,,,0.0,0.45,1.12,1.06,5.04,0,0,0
458,i,0.0,,5.5,126,78,0,0,0,0,0.1,427,170,0,0,2.7,208,80,0,0,0.0,384,129,0.0,13.3,0,0,0,0,0,0.0,,0.0,0.0,0.0,0.0,0.11,0.06,0.17,1.33,0.0,191,82,0.0,126,87,0.0,84,52,0.0,139,74,,,,1,,Joelinton Cássio,Apolinário de Lira,Joelinton,Unspecified injury - Unknown return date,,0,0,0,0,0,0,0,0,0,0,0,0,0,,,,0.0,0.23,1.25,1.06,10.98,0,0,0
459,a,100.0,,5.5,205,128,0,0,0,0,0.0,555,235,0,0,3.1,161,61,0,0,0.0,463,179,0.0,13.1,0,0,0,0,0,2.0,,0.0,0.0,0.0,0.0,0.08,0.13,0.21,1.28,0.0,176,73,0.0,136,93,0.0,201,111,0.0,191,96,3.0,,,1,,Lewis,Miley,L.Miley,,,0,0,0,0,0,0,0,0,0,0,0,0,0,,,,0.0,0.12,1.33,0.9,9.34,0,0,0
460,a,,,5.0,252,153,0,0,0,0,0.1,428,171,0,0,1.6,322,140,0,0,0.0,229,41,0.0,7.6,0,0,0,0,0,1.5,,0.0,0.0,0.0,0.0,0.12,0.1,0.22,1.65,0.0,278,128,0.0,164,110,0.0,151,82,0.0,233,119,,,,1,,Joe,Willock,Willock,,,0,0,0,0,0,0,0,0,0,0,0,0,0,,,,0.0,0.28,1.67,0.93,8.24,0,0,0
461,a,,,6.0,108,70,0,0,0,0,0.3,326,113,0,0,0.0,584,255,0,0,0.0,533,219,0.0,0.0,0,0,0,0,0,2.1,,0.0,0.0,0.0,0.0,0.0,0.0,0.0,0.0,0.0,584,255,0.0,584,255,0.0,584,255,0.0,584,255,,,,1,,Bazoumana,Touré,Touré,,,0,0,0,0,0,0,0,0,0,0,0,0,0,,,,0.0,0.0,0.0,0.0,0.0,0,0,0
462,a,,,5.0,384,230,0,0,0,0,0.1,411,159,0,0,0.0,554,235,0,0,0.0,361,118,0.0,0.0,0,0,0,0,0,1.5,,0.0,0.0,0.0,0.0,0.0,0.0,0.0,0.0,0.0,554,235,0.0,554,235,0.0,552,235,0.0,554,235,,,,1,,Sean,Steur,Steur,,,0,0,0,0,0,0,0,0,0,0,0,0,0,,,,0.0,0.0,0.0,0.0,0.0,0,0,0
463,a,,,6.0,92,23,0,0,0,0,1.7,146,23,0,0,3.3,135,12,0,0,0.0,517,54,0.0,18.0,0,0,0,0,0,2.0,,0.0,0.0,0.0,0.0,0.31,0.07,0.38,1.22,0.0,130,12,0.0,116,7,0.0,56,21,0.0,93,15,,,1.0,1,,Nick,Woltemade,Woltemade,,,0,0,0,0,0,0,0,0,0,0,0,0,0,,,,0.0,0.38,1.38,1.14,4.98,0,0,0
464,a,,,6.0,72,19,0,0,0,0,1.6,152,24,0,0,1.4,342,37,0,0,0.0,497,50,0.0,4.5,0,0,0,0,0,2.0,,0.0,0.0,0.0,0.0,0.54,0.09,0.63,1.74,0.0,331,38,0.0,291,35,0.0,185,35,0.0,301,36,,,3.0,1,,Yoane,Wissa,Wissa,,,0,0,0,0,0,0,0,0,0,0,0,0,0,,,,0.0,0.17,1.91,0.7,3.83,0,0,0
465,a,,,6.0,102,25,0,0,0,0,1.1,186,30,0,0,3.2,153,14,0,0,0.0,527,56,0.0,12.7,0,0,0,0,0,2.0,,0.0,0.0,0.0,0.0,0.48,0.07,0.55,1.62,0.0,222,21,0.0,252,29,0.0,105,25,0.0,218,24,,,2.0,1,,William,Osula,Osula,,,0,0,0,0,0,0,0,0,0,0,0,0,0,,,,0.0,0.22,1.57,0.89,3.47,0,0,0
466,a,,,4.5,512,69,0,0,0,0,0.7,225,38,0,0,1.0,374,45,0,0,0.0,190,11,0.0,0.2,0,0,0,0,0,1.0,,0.0,0.0,0.0,0.0,0.21,0.0,0.21,2.56,0.0,494,54,0.0,489,54,0.0,338,44,0.0,389,45,,,,1,,Sean,Neave,Neave,,,0,0,0,0,0,0,0,0,0,0,0,0,0,,,,0.0,0.0,6.92,0.0,0.0,0,0,0
559,a,,,5.0,383,229,0,0,0,0,0.1,404,157,0,0,0.0,553,234,0,0,0.0,360,117,0.0,0.0,0,0,0,0,0,1.5,,0.0,0.0,0.0,0.0,0.0,0.0,0.0,0.0,0.0,553,234,0.0,553,234,0.0,551,234,0.0,553,234,,,,1,,Aladji,Bamba,Bamba,,,0,0,0,0,0,0,0,0,0,0,0,0,0,,,,0.0,0.0,0.0,0.0,0.0,0,0,0
567,a,,,5.0,319,18,0,0,0,0,0.5,249,34,0,0,0.0,530,66,0,0,0.0,296,60,0.0,0.0,0,0,0,0,0,2.6,,0.0,0.0,0.0,0.0,0.0,0.0,0.0,0.0,0.0,530,66,0.0,529,65,0.0,525,62,0.0,530,66,,,,1,,Lukás,Hornícek,Horníček,,,0,0,0,0,0,0,0,0,0,0,0,0,0,,,,0.0,0.0,0.0,0.0,0.0,0,0,0
467,a,,,5.0,226,5,0,0,0,0,1.6,157,23,0,0,3.4,110,13,0,0,0.0,203,47,0.0,21.0,0,0,0,0,0,2.6,,0.0,0.0,0.0,0.0,0.0,0.0,0.0,1.52,0.0,39,11,0.0,342,11,0.0,487,51,0.0,186,11,,,,1,,Matz,Sels,Sels,,,0,0,0,0,0,0,0,0,0,0,0,0,0,,,,3.21,0.24,1.32,1.01,0.0,0,0,0
468,a,,,4.5,432,33,0,0,0,0,0.1,464,52,0,0,2.2,263,26,0,0,0.0,110,33,0.0,2.4,0,0,0,0,0,1.9,,0.0,0.0,0.0,0.0,0.0,0.0,0.0,1.26,0.0,332,28,0.0,452,45,0.0,436,37,0.0,355,28,,,,1,,John Victor,Maciel Furtado,John,,,0,0,0,0,0,0,0,0,0,0,0,0,0,,,,1.24,0.21,1.65,1.03,0.0,0,0,0
469,a,,,5.0,268,45,0,0,0,0,11.3,40,14,0,0,3.5,101,40,0,0,0.0,245,127,0.0,25.6,0,0,0,0,0,2.2,,0.0,0.0,0.0,0.0,0.06,0.11,0.17,1.44,0.0,30,11,0.0,38,3,0.0,70,7,0.0,32,3,1.0,2.0,,1,,Neco,Williams,N.Williams,,,0,0,0,0,0,0,0,0,0,0,0,0,0,,,,0.0,0.25,1.35,1.01,6.94,0,0,0
470,a,,,5.0,324,65,0,0,0,0,0.1,486,166,0,0,2.5,231,95,0,0,0.0,301,147,0.0,10.6,0,0,0,0,0,2.2,,0.0,0.0,0.0,0.0,0.09,0.01,0.1,1.63,0.0,164,68,0.0,301,102,0.0,236,72,0.0,243,77,,,,1,,Felipe,Rodrigues da Silva,Morato,,,0,0,0,0,0,0,0,0,0,0,0,0,0,,,,0.0,0.13,1.54,0.94,9.67,0,0,0
471,a,,,5.5,146,17,0,0,0,0,2.2,121,50,0,0,3.1,160,66,0,0,0.0,404,167,0.0,21.6,0,0,0,0,0,2.5,,0.0,0.0,0.0,0.0,0.02,0.02,0.04,1.47,0.0,53,23,0.0,266,88,0.0,217,62,0.0,154,51,,,,1,,Nikola,Milenković,Milenković,,,0,0,0,0,0,0,0,0,0,0,0,0,0,,,,0.0,0.24,1.36,0.99,8.29,0,0,0
472,a,100.0,,5.5,213,32,0,0,0,0,1.1,192,69,0,0,3.3,133,52,0,0,0.0,471,182,0.0,15.1,0,0,0,0,0,2.5,,0.0,0.0,0.0,0.0,0.03,0.02,0.05,1.39,0.0,95,44,0.0,226,65,0.0,249,78,0.0,187,63,,3.0,,1,,Murillo,Costa dos Santos,Murillo,,,0,0,0,0,0,0,0,0,0,0,0,0,0,,,,0.0,0.25,1.23,1.06,9.42,0,0,0
473,a,,,4.5,413,87,0,0,0,0,4.2,81,31,0,0,3.7,76,29,0,0,0.0,91,58,0.0,14.9,0,0,0,0,0,1.7,,0.0,0.0,0.0,0.0,0.02,0.05,0.07,1.44,0.0,210,79,0.0,193,50,0.0,271,86,0.0,242,76,,,,1,,Ola,Aina,Aina,,,0,0,0,0,0,0,0,0,0,0,0,0,0,,,,0.0,0.34,1.08,1.02,7.37,0,0,0
474,a,,,4.5,503,139,0,0,0,0,0.3,308,114,0,0,1.4,335,120,0,0,0.0,181,110,0.0,2.9,0,0,0,0,0,1.7,,0.0,0.0,0.0,0.0,0.05,0.01,0.06,1.81,0.0,307,112,0.0,329,115,0.0,300,102,0.0,322,111,,,,1,,Jair,Paula da Cunha Filho,Jair Cunha,,,0,0,0,0,0,0,0,0,0,0,0,0,0,,,,0.0,0.0,1.23,1.05,8.23,0,0,0
475,i,0.0,,4.5,480,130,0,0,0,0,0.0,584,193,0,0,2.8,192,80,0,0,0.0,158,101,0.0,8.7,0,0,0,0,0,0.0,,0.0,0.0,0.0,0.0,0.12,0.04,0.16,1.32,0.0,240,91,0.0,223,63,0.0,239,74,0.0,262,87,,,,1,,Nicolò,Savona,Savona,Knee injury - Unknown return date,,0,0,0,0,0,0,0,0,0,0,0,0,0,,,,0.0,0.26,1.58,0.97,5.0,0,0,0
476,a,,,4.0,545,159,0,0,0,0,0.2,342,126,0,0,0.0,419,145,0,0,0.0,24,14,0.0,0.0,0,0,0,0,0,1.0,,0.0,0.0,0.0,0.0,0.0,0.0,0.0,0.0,0.0,413,144,0.0,398,143,0.0,379,139,0.0,415,144,,,,1,,Omar,Richards,O.Richards,,,0,0,0,0,0,0,0,0,0,0,0,0,0,,,,0.0,0.0,0.0,0.0,0.0,0,0,0
477,a,,,4.0,578,183,0,0,0,0,0.2,346,128,0,0,1.0,359,124,0,0,0.0,57,38,0.0,0.8,0,0,0,0,0,1.0,,0.0,0.0,0.0,0.0,0.0,0.01,0.01,1.89,0.0,352,123,0.0,350,122,0.0,410,161,0.0,367,127,,,,1,,Zach,Abbott,Abbott,,,0,0,0,0,0,0,0,0,0,0,0,0,0,,,,0.0,0.0,2.18,1.09,7.09,0,0,0
478,a,,,4.5,464,124,0,0,0,0,0.0,530,180,0,0,1.6,320,116,0,0,0.0,142,95,0.0,2.4,0,0,0,0,0,1.7,,0.0,0.0,0.0,0.0,0.0,0.1,0.1,2.01,0.0,329,118,0.0,311,107,0.0,326,117,0.0,335,116,,,,1,,Luca,Netz,Netz,,,0,0,0,0,0,0,0,0,0,0,0,0,0,,,,0.0,0.0,1.27,0.76,6.88,0,0,0
479,a,,,4.0,574,179,0,0,0,0,0.2,375,140,0,0,0.0,446,163,0,0,0.0,53,34,0.0,0.0,0,0,0,0,0,1.0,,0.0,0.0,0.0,0.0,0.0,0.0,0.0,0.0,0.0,441,163,0.0,426,162,0.0,407,158,0.0,443,163,,,,1,,Tyler,Bindon,Bindon,,,0,0,0,0,0,0,0,0,0,0,0,0,0,,,,0.0,0.0,0.0,0.0,0.0,0,0,0
480,a,,,8.0,8,5,0,0,0,0,11.8,35,11,0,0,5.1,11,5,0,0,0.0,580,254,0.0,23.5,0,0,0,0,0,2.8,,0.0,0.0,0.0,0.0,0.31,0.08,0.39,1.44,0.0,21,6,0.0,19,18,0.0,9,4,0.0,7,5,,1.0,2.0,1,,Morgan,Gibbs-White,Gibbs-White,,,0,0,0,0,0,0,0,0,0,0,0,0,0,,,,0.0,0.29,1.31,1.02,5.17,0,0,0
482,a,100.0,,6.0,70,46,0,0,0,0,0.2,382,141,0,0,2.9,186,71,0,0,0.0,495,195,0.0,14.7,0,0,0,0,0,2.1,,0.0,0.0,0.0,0.0,0.14,0.15,0.29,1.51,0.0,166,65,0.0,31,30,0.0,83,51,0.0,74,45,,4.0,,1,,Callum,Hudson-Odoi,Hudson-Odoi,,,0,0,0,0,0,0,0,0,0,0,0,0,0,,,,0.0,0.29,1.27,1.03,5.19,0,0,0
483,a,,,5.5,170,106,0,0,0,0,0.5,254,83,0,0,2.1,277,118,0,0,0.0,428,157,0.0,9.1,0,0,0,0,0,2.0,,0.0,0.0,0.0,0.0,0.08,0.12,0.2,1.23,0.0,265,121,0.0,152,103,0.0,173,92,0.0,230,118,,,,1,,Dan,Ndoye,Ndoye,,,0,0,0,0,0,0,0,0,0,0,0,0,0,,,,0.0,0.15,1.31,1.08,7.4,0,0,0
484,a,,,5.5,196,121,0,0,0,0,0.2,379,138,0,0,2.6,227,87,0,0,0.0,454,172,0.0,14.9,0,0,0,0,0,2.0,,0.0,0.0,0.0,0.0,0.11,0.21,0.32,1.31,0.0,183,77,0.0,45,41,0.0,74,45,0.0,85,50,4.0,,,1,,Omari,Hutchinson,Hutchinson,,,0,0,0,0,0,0,0,0,0,0,0,0,0,,,,0.0,0.32,1.29,0.91,6.93,0,0,0
485,a,,,5.5,180,110,0,0,0,0,0.0,553,234,0,0,1.9,294,126,0,0,0.0,438,161,0.0,4.7,0,0,0,0,0,2.0,,0.0,0.0,0.0,0.0,0.09,0.17,0.26,1.79,0.0,312,141,0.0,184,121,0.0,238,127,0.0,277,135,,,,1,,Dilane,Bakwa,Bakwa,,,0,0,0,0,0,0,0,0,0,0,0,0,0,,,,0.0,0.33,1.64,0.98,5.74,0,0,0
486,a,,,5.5,156,98,0,0,0,0,0.0,510,214,0,0,1.2,351,161,0,0,0.0,414,149,0.0,3.1,0,0,0,0,0,2.0,,0.0,0.0,0.0,0.0,0.06,0.12,0.18,2.29,0.0,334,150,0.0,255,142,0.0,287,151,0.0,316,151,3.0,,,1,,James,McAtee,McAtee,,,0,0,0,0,0,0,0,0,0,0,0,0,0,,,,0.0,0.0,2.81,0.62,10.0,0,0,0
487,a,,,5.0,292,175,0,0,0,0,0.1,454,184,0,0,1.8,303,132,0,0,0.0,269,63,0.0,9.6,0,0,0,0,0,1.5,,0.0,0.0,0.0,0.0,0.11,0.06,0.17,1.79,0.0,219,96,0.0,175,117,0.0,198,109,0.0,223,113,,,,1,,Nicolás,Domínguez,Dominguez,,,0,0,0,0,0,0,0,0,0,0,0,0,0,,,,0.0,0.23,1.54,1.31,11.02,0,0,0
488,a,,,5.0,263,161,0,0,0,0,0.7,223,74,0,0,3.2,144,57,0,0,0.0,240,49,0.0,17.8,0,0,0,0,0,1.5,,0.0,0.0,0.0,0.0,0.05,0.08,0.13,1.44,0.0,142,53,0.0,162,108,0.0,209,116,0.0,179,87,,,,1,,Ibrahim,Sangaré,Sangaré,,,0,0,0,0,0,0,0,0,0,0,0,0,0,,,,0.0,0.35,1.13,1.09,11.59,0,0,0
489,a,,,4.5,427,240,0,0,0,0,6.4,62,22,0,0,1.4,333,149,0,0,0.0,105,5,0.0,6.7,0,0,0,0,0,1.0,,0.0,0.0,0.0,0.0,0.07,0.06,0.13,1.28,0.0,284,131,0.0,257,143,0.0,273,146,0.0,295,142,,,,1,,Ryan,Yates,Yates,,,0,0,0,0,0,0,0,0,0,0,0,0,0,,,,0.0,0.0,1.05,0.3,10.32,0,0,0
490,a,,,6.0,58,14,0,0,0,0,1.7,145,22,0,0,2.7,213,21,0,0,0.0,483,45,0.0,6.8,0,0,0,0,0,2.0,,0.0,0.0,0.0,0.0,0.43,0.03,0.46,1.45,0.0,285,31,0.0,244,26,0.0,111,28,0.0,249,29,,,1.0,1,,Chris,Wood,Wood,,,0,0,0,0,0,0,0,0,0,0,0,0,0,,,,0.0,0.2,1.41,1.1,2.91,0,0,0
491,a,,,6.0,93,24,0,0,0,0,5.4,69,11,0,0,3.1,162,15,0,0,0.0,518,55,0.0,19.0,0,0,0,0,0,2.0,,0.0,0.0,0.0,0.0,0.25,0.05,0.3,1.52,0.0,145,14,0.0,142,12,0.0,22,13,0.0,69,13,,,3.0,1,,Igor Jesus,Maciel da Cruz,Igor Jesus,,,0,0,0,0,0,0,0,0,0,0,0,0,0,,,,0.0,0.35,1.45,1.1,4.83,0,0,0
492,a,,,5.5,139,35,0,0,0,0,0.5,261,46,0,0,2.5,235,24,0,0,0.0,397,31,0.0,7.8,0,0,0,0,0,1.8,,0.0,0.0,0.0,0.0,0.69,0.14,0.83,1.94,0.0,258,25,0.0,258,30,0.0,126,31,0.0,247,28,,,,1,,Taiwo,Awoniyi,Awoniyi,,,0,0,0,0,0,0,0,0,0,0,0,0,0,,,,0.0,0.19,0.75,0.56,4.88,0,0,0
493,a,,,5.5,175,41,0,0,0,0,0.1,493,66,0,0,1.0,388,46,0,0,0.0,433,37,0.0,1.6,0,0,0,0,0,1.8,,0.0,0.0,0.0,0.0,0.44,0.02,0.46,1.59,0.0,374,42,0.0,327,41,0.0,288,42,0.0,353,42,,,,1,,Arnaud,Kalimuendo,Kalimuendo,,,0,0,0,0,0,0,0,0,0,0,0,0,0,,,,0.0,0.0,3.03,0.0,6.07,0,0,0
558,a,,,5.0,257,156,0,0,0,0,0.1,423,167,0,0,0.0,506,205,0,0,0.0,234,44,0.0,0.0,0,0,0,0,0,1.5,,0.0,0.0,0.0,0.0,0.0,0.0,0.0,0.0,0.0,506,205,0.0,502,205,0.0,498,204,0.0,506,205,2.0,,,1,,Xaver,Schlager,Schlager,,,0,0,0,0,0,0,0,0,0,0,0,0,0,,,,0.0,0.0,0.0,0.0,0.0,0,0,0
581,a,,,5.5,210,31,0,0,0,0,0.4,279,106,0,0,0.0,576,193,0,0,0.0,468,181,0.0,0.0,0,0,0,0,0,2.5,,0.0,0.0,0.0,0.0,0.0,0.0,0.0,0.0,0.0,576,193,0.0,576,193,0.0,575,193,0.0,576,193,,,,1,,Ousmane,Diomande,Diomande,,,0,0,0,0,0,0,0,0,0,0,0,0,0,,,,0.0,0.0,0.0,0.0,0.0,0,0,0
590,a,,,4.5,452,35,0,0,0,0,0.0,589,66,0,0,0.0,471,57,0,0,0.0,130,35,0.0,0.0,0,0,0,0,0,1.9,,0.0,0.0,0.0,0.0,0.0,0.0,0.0,0.0,0.0,466,57,0.0,458,47,0.0,443,39,0.0,468,57,,,,1,,Steven,Benda,Benda,,,0,0,0,0,0,0,0,0,0,0,0,0,0,,,,0.0,0.0,0.0,0.0,0.0,0,0,0
112,a,,,5.0,316,62,0,0,0,0,8.9,51,19,0,0,4.1,45,17,0,0,0.0,293,144,0.0,29.6,0,0,0,0,0,2.2,,0.0,0.0,0.0,0.0,0.09,0.04,0.13,1.3,0.0,7,4,0.0,143,34,0.0,102,16,0.0,50,9,,,,1,,Jan Paul,van Hecke,Van Hecke,,,0,0,0,0,0,0,0,0,0,0,0,0,0,,,,0.0,0.28,1.23,1.01,8.89,0,0,0
455,a,,,5.5,155,97,0,0,0,0,4.1,82,28,0,0,2.3,257,106,0,0,0.0,413,148,0.0,14.7,0,0,0,0,0,2.0,,0.0,0.0,0.0,0.0,0.06,0.1,0.16,1.29,0.0,154,59,0.0,43,39,0.0,157,85,0.0,100,58,2.0,4.0,,1,,Sandro,Tonali,Tonali,,,0,0,0,0,0,0,0,0,0,0,0,0,0,,,,0.0,0.25,1.35,1.1,9.13,0,0,0
494,a,,,4.5,418,31,0,0,0,0,1.3,171,25,0,0,2.9,179,21,0,0,0.0,96,31,0.0,20.0,0,0,0,0,0,1.9,,0.0,0.0,0.0,0.0,0.0,0.0,0.0,1.49,0.0,44,12,0.0,339,8,0.0,433,35,0.0,194,12,,,,1,,Guglielmo,Vicario,Vicario,,,0,0,0,0,0,0,0,0,0,0,0,0,0,,,,2.68,0.23,1.61,1.0,0.0,0,0,0
495,a,,,4.0,546,57,0,0,0,0,0.7,227,29,0,0,0.0,420,40,0,0,0.0,25,11,0.0,0.0,0,0,0,0,0,1.0,,0.0,0.0,0.0,0.0,0.0,0.0,0.0,0.0,0.0,414,40,0.0,399,24,0.0,380,15,0.0,416,40,,,,1,,Brandon,Austin,Austin,,,0,0,0,0,0,0,0,0,0,0,0,0,0,,,,0.0,0.0,0.0,0.0,0.0,0,0,0
496,a,,,4.5,469,40,0,0,0,0,20.2,18,3,0,0,2.9,182,22,0,0,0.0,147,40,0.0,4.4,0,0,0,0,0,1.9,,0.0,0.0,0.0,0.0,0.0,0.0,0.0,0.79,0.0,303,24,0.0,467,51,0.0,453,44,0.0,336,24,,,,1,,Antonín,Kinský,Kinsky,,,0,0,0,0,0,0,0,0,0,0,0,0,0,,,,1.43,0.29,1.0,1.0,0.0,0,0,0
497,a,,,4.0,526,51,0,0,0,0,22.0,14,2,0,0,2.7,202,23,0,0,0.0,5,5,0.0,24.0,0,0,0,0,0,1.0,,0.0,0.0,0.0,0.0,0.0,0.0,0.0,2.04,0.0,8,1,0.0,382,18,0.0,363,9,0.0,135,1,,,,1,,Martin,Dubravka,Dubravka,,,0,0,0,0,0,0,0,0,0,0,0,0,0,,,,3.63,0.11,2.03,1.0,0.0,0,0,0
498,a,,,6.0,73,7,0,0,0,0,9.8,48,17,0,0,4.7,18,6,0,0,0.0,498,187,0.0,29.2,0,0,0,0,0,2.8,,0.0,0.0,0.0,0.0,0.04,0.13,0.17,1.5,0.0,4,2,0.0,91,22,0.0,156,40,0.0,34,4,,,,1,,Marcos,Senesi Barón,Senesi,,,0,0,0,0,0,0,0,0,0,0,0,0,0,,,,0.0,0.3,1.45,1.01,11.47,0,0,0
499,a,,,5.5,162,20,0,0,0,0,23.1,13,4,0,0,3.4,117,46,0,0,0.0,420,170,0.0,21.3,0,0,0,0,0,2.5,,0.0,0.0,0.0,0.0,0.03,0.14,0.17,1.22,0.0,49,21,0.0,11,1,0.0,154,39,0.0,31,2,1.0,1.0,,1,,Pedro,Porro Sauceda,Pedro Porro,,,0,0,0,0,0,0,0,0,0,0,0,0,0,,,,0.0,0.29,1.29,1.03,7.02,0,0,0
500,u,0.0,,5.0,274,48,0,0,0,0,0.9,195,70,0,0,4.0,51,19,0,0,0.0,251,130,0.0,18.2,0,0,0,0,0,0.0,,0.0,0.0,0.0,0.0,0.07,0.06,0.13,1.36,0.0,85,36,0.0,212,57,0.0,135,27,0.0,145,48,,,,1,,Cristian,Romero,Romero,Has joined Atletico Madrid permanently,,0,0,0,0,0,0,0,0,0,0,0,0,0,,,,0.0,0.24,1.59,1.06,9.49,0,0,0
501,a,,,5.0,237,39,0,0,0,0,0.2,367,138,0,0,2.6,221,90,0,0,0.0,214,121,0.0,12.6,0,0,0,0,0,2.2,,0.0,0.0,0.0,0.0,0.04,0.02,0.06,1.22,0.0,150,61,0.0,284,96,0.0,235,71,0.0,232,73,,,,1,,Kevin,Danso,Danso,,,0,0,0,0,0,0,0,0,0,0,0,0,0,,,,0.0,0.24,1.51,1.03,11.61,0,0,0
502,a,,,4.5,409,85,0,0,0,0,2.8,107,43,0,0,2.3,254,99,0,0,0.0,87,56,0.0,12.2,0,0,0,0,0,1.7,,0.0,0.0,0.0,0.0,0.08,0.11,0.19,1.35,0.0,227,86,0.0,113,27,0.0,215,61,0.0,202,68,3.0,,,1,,Andrew,Robertson,Robertson,,,0,0,0,0,0,0,0,0,0,0,0,0,0,,,,0.0,0.31,1.24,0.85,4.25,0,0,0
503,a,,,5.0,333,67,0,0,0,0,7.4,58,23,0,0,3.3,129,51,0,0,0.0,310,149,0.0,23.2,0,0,0,0,0,2.2,,0.0,0.0,0.0,0.0,0.08,0.01,0.09,1.27,0.0,52,22,0.0,240,77,0.0,142,31,0.0,130,39,,,,1,,Micky,van de Ven,Van de Ven,,,0,0,0,0,0,0,0,0,0,0,0,0,0,,,,0.0,0.27,1.48,1.04,6.27,0,0,0
505,a,,,4.5,441,109,0,0,0,0,4.7,76,28,0,0,2.6,219,88,0,0,0.0,119,80,0.0,17.3,0,0,0,0,0,1.7,,0.0,0.0,0.0,0.0,0.04,0.08,0.12,1.38,0.0,206,78,0.0,159,40,0.0,147,35,0.0,198,66,,,,1,,Djed,Spence,Spence,,,0,0,0,0,0,0,0,0,0,0,0,0,0,,,,0.0,0.4,1.36,1.01,5.1,0,0,0
506,a,,,4.5,470,127,0,0,0,0,0.5,270,101,0,0,1.4,334,119,0,0,0.0,148,98,0.0,6.4,0,0,0,0,0,1.7,,0.0,0.0,0.0,0.0,0.01,0.05,0.06,1.29,0.0,246,94,0.0,179,44,0.0,230,69,0.0,246,79,,,,1,,Destiny,Udogie,Udogie,,,0,0,0,0,0,0,0,0,0,0,0,0,0,,,,0.0,0.07,1.69,0.94,4.58,0,0,0
507,a,,,4.5,490,134,0,0,0,0,0.1,470,161,0,0,0.0,487,180,0,0,0.0,168,105,0.0,0.0,0,0,0,0,0,1.7,,0.0,0.0,0.0,0.0,0.0,0.0,0.0,0.0,0.0,482,180,0.0,478,180,0.0,468,180,0.0,484,180,,,,1,,Ashley,Phillips,Phillips,,,0,0,0,0,0,0,0,0,0,0,0,0,0,,,,0.0,0.0,0.0,0.0,0.0,0,0,0
508,a,,,4.0,532,149,0,0,0,0,0.9,196,71,0,0,3.3,124,47,0,0,0.0,11,4,0.0,2.5,0,0,0,0,0,1.0,,0.0,0.0,0.0,0.0,0.32,0.05,0.37,0.73,0.0,324,115,0.0,322,112,0.0,276,90,0.0,321,110,,,,1,,Ben,Davies,Davies,,,0,0,0,0,0,0,0,0,0,0,0,0,0,,,,0.0,0.0,1.99,1.32,9.26,0,0,0
509,a,,,4.0,588,192,0,0,0,0,0.1,487,167,0,0,1.0,361,126,0,0,0.0,67,47,0.0,0.2,0,0,0,0,0,1.0,,0.0,0.0,0.0,0.0,0.0,0.0,0.0,0.0,0.0,393,133,0.0,373,131,0.0,417,167,0.0,396,133,,,,1,,Jun'ai,Byfield,Byfield,,,0,0,0,0,0,0,0,0,0,0,0,0,0,,,,0.0,0.0,0.0,0.0,0.0,0,0,0
510,a,,,4.0,570,176,0,0,0,0,0.1,459,158,0,0,1.0,356,121,0,0,0.0,49,31,0.0,0.2,0,0,0,0,0,1.0,,0.0,0.0,0.0,0.0,0.0,0.0,0.0,32.4,0.0,437,160,0.0,422,159,0.0,403,155,0.0,439,160,,,,1,,James,Rowswell,Rowswell,,,0,0,0,0,0,0,0,0,0,0,0,0,0,,,,0.0,0.0,0.0,0.0,0.0,0,0,0
511,a,,,4.0,587,191,0,0,0,0,0.3,310,115,0,0,0.8,396,133,0,0,0.0,66,46,0.0,0.8,0,0,0,0,0,1.0,,0.0,0.0,0.0,0.0,0.01,0.02,0.03,1.65,0.0,366,127,0.0,308,106,0.0,316,113,0.0,354,120,,,,1,,João Victor,de Souza Menezes,Souza,,,0,0,0,0,0,0,0,0,0,0,0,0,0,,,,0.0,0.0,1.9,1.27,3.8,0,0,0
512,d,75.0,,6.5,48,34,0,0,0,0,0.2,390,146,0,0,3.9,68,31,0,0,0.0,553,236,0.0,11.5,0,0,0,0,0,1.7,,0.0,0.0,0.0,0.0,0.11,0.14,0.25,1.33,0.0,185,78,0.0,71,53,0.0,98,62,0.0,118,66,5.0,3.0,2.0,1,,Mohammed,Kudus,Kudus,Thigh injury - 75% chance of playing,,0,0,0,0,0,0,0,0,0,0,0,0,0,,,,0.0,0.41,1.17,1.11,7.8,0,0,0
513,i,0.0,,6.0,97,62,0,0,0,0,0.0,564,242,0,0,2.9,187,72,0,0,0.0,522,211,0.0,13.3,0,0,0,0,0,0.0,,0.0,0.0,0.0,0.0,0.16,0.2,0.36,1.58,0.0,173,70,0.0,44,40,0.0,115,67,0.0,98,57,6.0,2.0,3.0,1,,Xavi,Simons,Xavi,Knee injury - Unknown return date,,0,0,0,0,0,0,0,0,0,0,0,0,0,,,,0.0,0.21,1.85,0.98,7.68,0,0,0
514,a,,,6.0,99,64,0,0,0,0,0.6,246,81,0,0,2.5,241,95,0,0,0.0,524,213,0.0,13.0,0,0,0,0,0,2.1,,0.0,0.0,0.0,0.0,0.17,0.16,0.33,1.17,0.0,200,89,0.0,58,48,0.0,94,59,0.0,110,63,4.0,,,1,,Mathys,Tel,Tel,,,0,0,0,0,0,0,0,0,0,0,0,0,0,,,,0.0,0.2,1.55,0.88,7.49,0,0,0
515,a,,,6.5,34,22,0,0,0,0,1.7,151,45,0,0,1.0,389,184,0,0,0.0,539,224,0.0,0.5,0,0,0,0,0,2.3,,0.0,0.0,0.0,0.0,0.56,0.16,0.72,1.72,0.0,385,180,0.0,344,172,0.0,319,162,0.0,368,171,,,,1,,James,Maddison,Maddison,,,0,0,0,0,0,0,0,0,0,0,0,0,0,,,,0.0,0.0,0.0,0.0,13.24,0,0,0
516,a,,,5.5,133,83,0,0,0,0,0.2,377,137,0,0,3.3,130,52,0,0,0.0,391,134,0.0,15.6,0,0,0,0,0,2.0,,0.0,0.0,0.0,0.0,0.03,0.04,0.07,1.13,0.0,174,71,0.0,172,114,0.0,212,117,0.0,206,103,,,,1,,Rodrigo,Bentancur,Bentancur,,,0,0,0,0,0,0,0,0,0,0,0,0,0,,,,0.0,0.38,1.2,1.1,13.31,0,0,0
517,i,0.0,,5.5,208,131,0,0,0,0,0.0,586,259,0,0,1.9,295,127,0,0,0.0,466,182,0.0,8.4,0,0,0,0,0,0.0,,0.0,0.0,0.0,0.0,0.18,0.11,0.29,1.32,0.0,270,125,0.0,129,88,0.0,128,73,0.0,205,102,,,,1,,Wilson,Odobert,Odobert,Knee injury - Unknown return date,,0,0,0,0,0,0,0,0,0,0,0,0,0,,,,0.0,0.19,1.2,0.93,7.13,0,0,0
518,a,,,5.0,321,188,0,0,0,0,0.4,293,96,0,0,2.7,206,79,0,0,0.0,298,76,0.0,14.2,0,0,0,0,0,1.5,,0.0,0.0,0.0,0.0,0.11,0.07,0.18,1.73,0.0,182,76,0.0,178,119,0.0,191,105,0.0,203,101,,,,1,,Pape Matar,Sarr,P.M.Sarr,,,0,0,0,0,0,0,0,0,0,0,0,0,0,,,,0.0,0.19,1.49,0.84,11.87,0,0,0
519,a,,,5.5,147,91,0,0,0,0,0.3,313,104,0,0,2.8,197,74,0,0,0.0,405,142,0.0,8.0,0,0,0,0,0,2.0,,0.0,0.0,0.0,0.0,0.09,0.05,0.14,1.45,0.0,256,116,0.0,163,109,0.0,194,107,0.0,235,121,,,,1,,Conor,Gallagher,Gallagher,,,0,0,0,0,0,0,0,0,0,0,0,0,0,,,,0.0,0.15,1.75,1.07,9.43,0,0,0
520,a,,,5.5,211,133,0,0,0,0,0.2,354,124,0,0,2.1,279,120,0,0,0.0,469,184,0.0,8.9,0,0,0,0,0,2.0,,0.0,0.0,0.0,0.0,0.12,0.04,0.16,1.29,0.0,267,123,0.0,235,138,0.0,196,108,0.0,267,129,,,,1,,Lucas,Bergvall,Bergvall,,,0,0,0,0,0,0,0,0,0,0,0,0,0,,,,0.0,0.28,1.7,1.04,7.45,0,0,0
521,i,0.0,,6.5,46,33,0,0,0,0,0.0,575,250,0,0,0.0,587,258,0,0,0.0,551,235,0.0,0.0,0,0,0,0,0,0.0,,0.0,0.0,0.0,0.0,0.0,0.0,0.0,0.0,0.0,587,258,0.0,587,258,0.0,587,258,0.0,587,258,,,,1,,Dejan,Kulusevski,Kulusevski,Knee injury - Unknown return date,,0,0,0,0,0,0,0,0,0,0,0,0,0,,,,0.0,0.0,0.0,0.0,0.0,0,0,0
522,a,,,5.0,365,217,0,0,0,0,0.2,340,120,0,0,2.5,233,90,0,0,0.0,342,105,0.0,12.2,0,0,0,0,0,1.5,,0.0,0.0,0.0,0.0,0.09,0.08,0.17,1.52,0.0,220,97,0.0,209,132,0.0,190,104,0.0,234,120,,,,1,,Archie,Gray,Gray,,,0,0,0,0,0,0,0,0,0,0,0,0,0,,,,0.0,0.31,1.71,1.1,8.08,0,0,0
523,a,,,5.0,341,197,0,0,0,0,0.2,372,134,0,0,0.0,537,224,0,0,0.0,318,85,0.0,0.0,0,0,0,0,0,1.5,,0.0,0.0,0.0,0.0,0.0,0.0,0.0,0.0,0.0,537,224,0.0,536,224,0.0,533,223,0.0,537,224,,,,1,,Mikey,Moore,Moore,,,0,0,0,0,0,0,0,0,0,0,0,0,0,,,,0.0,0.0,0.0,0.0,0.0,0,0,0
524,a,,,4.5,478,249,0,0,0,0,0.8,205,69,0,0,1.0,363,165,0,0,0.0,156,14,0.0,0.2,0,0,0,0,0,1.0,,0.0,0.0,0.0,0.0,0.0,0.06,0.06,4.82,0.0,392,184,0.0,367,183,0.0,458,191,0.0,394,186,,,,1,,Callum,Olusesi,Olusesi,,,0,0,0,0,0,0,0,0,0,0,0,0,0,,,,0.0,0.0,0.0,0.0,12.86,0,0,0
525,a,,,6.0,103,67,0,0,0,0,2.5,114,37,0,0,3.8,74,33,0,0,0.0,528,216,0.0,22.5,0,0,0,0,0,2.1,,0.0,0.0,0.0,0.0,0.06,0.09,0.15,1.44,0.0,59,16,0.0,30,29,0.0,171,90,0.0,55,35,,,,1,,Mateus,Fernandes,Fernandes,,,0,0,0,0,0,0,0,0,0,0,0,0,0,,,,0.0,0.24,1.49,1.04,11.01,0,0,0
526,a,,,6.0,61,15,0,0,0,0,1.8,139,20,0,0,2.7,214,22,0,0,0.0,486,46,0.0,6.7,0,0,0,0,0,2.0,,0.0,0.0,0.0,0.0,0.27,0.03,0.3,1.61,0.0,248,23,0.0,249,28,0.0,81,23,0.0,217,23,,,1.0,1,,Dominic,Solanke-Mitchell,Solanke,,,0,0,0,0,0,0,0,0,0,0,0,0,0,,,,0.0,0.0,1.9,0.99,6.41,0,0,0
527,a,,,6.0,71,18,0,0,0,0,2.4,115,14,0,0,3.7,80,7,0,0,0.0,496,49,0.0,19.8,0,0,0,0,0,2.0,,0.0,0.0,0.0,0.0,0.4,0.07,0.47,1.18,0.0,75,6,0.0,144,13,0.0,13,6,0.0,39,7,,,4.0,1,,Richarlison,de Andrade,Richarlison,,,0,0,0,0,0,0,0,0,0,0,0,0,0,,,,0.0,0.32,1.24,0.92,6.77,0,0,0
528,a,,,4.5,473,59,0,0,0,0,1.6,154,25,0,0,1.0,362,42,0,0,0.0,151,1,0.0,0.4,0,0,0,0,0,1.0,,0.0,0.0,0.0,0.0,0.0,0.13,0.13,0.39,0.0,390,45,0.0,356,44,0.0,350,45,0.0,386,44,,,,1,,Dane,Scarlett,Scarlett,,,0,0,0,0,0,0,0,0,0,0,0,0,0,,,,0.0,0.0,0.0,0.0,12.86,0,0,0
529,a,,,5.0,338,19,0,0,0,0,4.8,74,11,0,0,3.9,66,6,0,0,0.0,315,61,0.0,27.2,0,0,0,0,0,2.6,,0.0,0.0,0.0,0.0,0.0,0.0,0.0,1.43,0.0,16,5,0.0,283,2,0.0,531,63,0.0,146,4,,,,1,,Robin,Roefs,Roefs,,,0,0,0,0,0,0,0,0,0,0,0,0,0,,,,3.11,0.29,1.31,1.0,0.0,0,0,0
530,u,0.0,,4.0,552,58,0,0,0,0,0.6,248,33,0,0,0.0,425,41,0,0,0.0,31,12,0.0,0.0,0,0,0,0,0,0.0,,0.0,0.0,0.0,0.0,0.0,0.0,0.0,0.0,0.0,419,41,0.0,404,25,0.0,385,16,0.0,421,41,,,,1,,Anthony,Patterson,Patterson,Has joined Wrexham permanently,,0,0,0,0,0,0,0,0,0,0,0,0,0,,,,0.0,0.0,0.0,0.0,0.0,0,0,0
531,a,,,4.5,484,43,0,0,0,0,0.1,431,48,0,0,5.3,6,2,0,0,0.0,162,43,0.0,3.6,0,0,0,0,0,1.9,,0.0,0.0,0.0,0.0,0.0,0.01,0.01,1.37,0.0,317,27,0.0,475,53,0.0,463,47,0.0,350,27,,,,1,,Melker,Ellborg,Ellborg,,,0,0,0,0,0,0,0,0,0,0,0,0,0,,,,3.33,0.33,0.67,1.0,0.0,0,0,0
532,a,,,5.0,278,51,0,0,0,0,4.6,77,29,0,0,4.0,52,20,0,0,0.0,255,133,0.0,23.2,0,0,0,0,0,2.2,,0.0,0.0,0.0,0.0,0.1,0.03,0.13,1.39,0.0,57,24,0.0,183,47,0.0,72,8,0.0,86,22,,,,1,,Daniel,Ballard,Ballard,,,0,0,0,0,0,0,0,0,0,0,0,0,0,,,,0.0,0.25,1.47,1.01,11.08,0,0,0
533,d,75.0,,5.5,132,14,0,0,0,0,3.2,93,35,0,0,4.7,16,4,0,0,0.0,390,164,0.0,27.5,0,0,0,0,0,1.9,,0.0,0.0,0.0,0.0,0.05,0.09,0.14,1.45,0.0,38,15,0.0,97,24,0.0,123,23,0.0,72,15,,,,1,,Nordi,Mukiele,Mukiele,Knock - 75% chance of playing,,0,0,0,0,0,0,0,0,0,0,0,0,0,,,,0.0,0.29,1.29,1.03,8.83,0,0,0
534,a,,,4.5,471,128,0,0,0,0,5.9,65,25,0,0,2.9,183,76,0,0,0.0,149,99,0.0,24.4,0,0,0,0,0,1.7,,0.0,0.0,0.0,0.0,0.07,0.06,0.13,1.4,0.0,94,43,0.0,68,15,0.0,116,20,0.0,88,23,3.0,,,1,,Trai,Hume,Hume,,,0,0,0,0,0,0,0,0,0,0,0,0,0,,,,0.0,0.27,1.25,1.01,6.03,0,0,0
535,d,75.0,,5.0,256,42,0,0,0,0,0.5,267,100,0,0,3.8,70,26,0,0,0.0,233,124,0.0,25.0,0,0,0,0,0,1.6,,0.0,0.0,0.0,0.0,0.05,0.03,0.08,1.43,0.0,36,14,0.0,208,55,0.0,108,18,0.0,94,26,,,,1,,Omar,Alderete,Alderete,Knock - 75% chance of playing,,0,0,0,0,0,0,0,0,0,0,0,0,0,,,,0.0,0.32,1.29,1.03,10.04,0,0,0
536,a,,,4.5,453,118,0,0,0,0,0.5,258,97,0,0,3.0,168,71,0,0,0.0,131,89,0.0,16.4,0,0,0,0,0,1.7,,0.0,0.0,0.0,0.0,0.01,0.03,0.04,1.22,0.0,160,65,0.0,217,60,0.0,285,95,0.0,236,74,,,,1,,Reinildo,Mandava,Reinildo,,,0,0,0,0,0,0,0,0,0,0,0,0,0,,,,0.0,0.27,1.24,1.05,7.51,0,0,0
537,a,,,4.5,486,133,0,0,0,0,0.0,563,189,0,0,1.0,365,127,0,0,0.0,164,104,0.0,0.4,0,0,0,0,0,1.7,,0.0,0.0,0.0,0.0,0.0,0.01,0.01,0.9,0.0,346,121,0.0,363,128,0.0,464,179,0.0,366,126,,,,1,,Jenson,Seelt,Seelt,,,0,0,0,0,0,0,0,0,0,0,0,0,0,,,,0.0,0.0,1.35,0.68,8.12,0,0,0
538,u,0.0,,4.0,565,173,0,0,0,0,0.2,357,134,0,0,0.0,438,158,0,0,0.0,44,28,0.0,0.0,0,0,0,0,0,0.0,,0.0,0.0,0.0,0.0,0.0,0.0,0.0,0.0,0.0,432,157,0.0,417,156,0.0,398,152,0.0,434,157,,,,1,,Leo Fuhr,Hjelde,Hjelde,Has joined KV Mechelen on loan for the rest of the season,,0,0,0,0,0,0,0,0,0,0,0,0,0,,,,0.0,0.0,0.0,0.0,0.0,0,0,0
539,a,,,4.0,536,152,0,0,0,0,3.0,103,40,0,0,2.2,262,101,0,0,0.0,15,7,0.0,6.5,0,0,0,0,0,1.0,,0.0,0.0,0.0,0.0,0.02,0.02,0.04,1.47,0.0,301,107,0.0,314,109,0.0,284,94,0.0,317,108,,,,1,,Luke,O'Nien,O'Nien,,,0,0,0,0,0,0,0,0,0,0,0,0,0,,,,0.0,0.32,1.12,0.8,6.85,0,0,0
540,u,0.0,,4.0,529,147,0,0,0,0,0.8,203,74,0,0,0.3,399,134,0,0,0.0,8,2,0.0,0.2,0,0,0,0,0,0.0,,0.0,0.0,0.0,0.0,0.05,0.06,0.11,1.5,0.0,356,124,0.0,324,113,0.0,332,120,0.0,357,121,,,,1,,Arthur,Masuaku,Masuaku,Has joined Konyaspor permanently,,0,0,0,0,0,0,0,0,0,0,0,0,0,,,,0.0,0.0,1.44,1.44,7.2,0,0,0
541,d,75.0,,4.5,398,81,0,0,0,0,0.4,289,109,0,0,0.0,457,172,0,0,0.0,76,52,0.0,0.0,0,0,0,0,0,1.3,,0.0,0.0,0.0,0.0,0.0,0.0,0.0,0.0,0.0,452,172,0.0,441,172,0.0,424,170,0.0,454,172,,,,1,,Thomas,Meunier,Meunier,Knock - 75% chance of playing,,0,0,0,0,0,0,0,0,0,0,0,0,0,,,,0.0,0.0,0.0,0.0,0.0,0,0,0
542,a,,,6.0,94,59,0,0,0,0,12.2,32,9,0,0,4.1,48,22,0,0,0.0,519,208,0.0,24.5,0,0,0,0,0,2.1,,0.0,0.0,0.0,0.0,0.16,0.18,0.34,1.43,0.0,41,11,0.0,16,15,0.0,87,54,0.0,28,22,1.0,2.0,2.0,1,,Enzo,Le Fée,E.Le Fée,,,0,0,0,0,0,0,0,0,0,0,0,0,0,,,,0.0,0.31,1.32,1.01,9.8,0,0,0
543,a,,,5.5,204,127,0,0,0,0,0.1,450,182,0,0,3.2,150,59,0,0,0.0,462,178,0.0,11.8,0,0,0,0,0,2.0,,0.0,0.0,0.0,0.0,0.21,0.05,0.26,1.38,0.0,266,122,0.0,201,129,0.0,127,72,0.0,237,122,,,1.0,1,,Habib,Diarra,Diarra,,,0,0,0,0,0,0,0,0,0,0,0,0,0,,,,0.0,0.32,1.22,0.96,5.07,0,0,0
544,a,,,5.5,113,74,0,0,0,0,4.8,75,26,0,0,3.6,91,38,0,0,0.0,371,125,0.0,22.5,0,0,0,0,0,2.0,,0.0,0.0,0.0,0.0,0.03,0.12,0.15,1.42,0.0,51,14,0.0,36,35,0.0,232,125,0.0,65,42,2.0,1.0,,1,,Granit,Xhaka,Xhaka,,,0,0,0,0,0,0,0,0,0,0,0,0,0,,,,0.0,0.28,1.21,0.99,11.23,0,0,0
545,a,,,5.0,374,223,0,0,0,0,0.4,292,95,0,0,2.4,249,102,0,0,0.0,351,111,0.0,16.0,0,0,0,0,0,1.5,,0.0,0.0,0.0,0.0,0.04,0.05,0.09,1.29,0.0,175,72,0.0,105,75,0.0,187,103,0.0,161,79,,,,1,,Noah,Sadiki,Sadiki,,,0,0,0,0,0,0,0,0,0,0,0,0,0,,,,0.0,0.28,1.31,1.03,7.72,0,0,0
546,a,,,5.0,357,209,0,0,0,0,0.3,314,105,0,0,2.4,248,101,0,0,0.0,334,97,0.0,6.8,0,0,0,0,0,1.5,,0.0,0.0,0.0,0.0,0.05,0.09,0.14,1.57,0.0,315,143,0.0,225,137,0.0,254,136,0.0,298,143,,,,1,,Simon,Adingra,Adingra,,,0,0,0,0,0,0,0,0,0,0,0,0,0,,,,0.0,0.55,1.11,1.25,6.24,0,0,0
547,a,,,5.0,309,182,0,0,0,0,0.0,570,247,0,0,1.0,379,175,0,0,0.0,286,70,0.0,2.8,0,0,0,0,0,1.5,,0.0,0.0,0.0,0.0,0.2,0.11,0.31,1.93,0.0,349,162,0.0,303,160,0.0,262,138,0.0,327,154,,,,1,,Romaine,Mundle,Mundle,,,0,0,0,0,0,0,0,0,0,0,0,0,0,,,,0.0,0.0,2.48,0.45,7.44,0,0,0
548,a,,,5.0,370,220,0,0,0,0,0.1,462,188,0,0,2.0,287,122,0,0,0.0,347,108,0.0,7.2,0,0,0,0,0,1.5,,0.0,0.0,0.0,0.0,0.1,0.11,0.21,1.48,0.0,298,137,0.0,207,131,0.0,231,124,0.0,276,134,,,,1,,Chris,Rigg,Rigg,,,0,0,0,0,0,0,0,0,0,0,0,0,0,,,,0.0,0.36,1.31,1.31,6.77,0,0,0
549,a,,,5.5,206,129,0,0,0,0,0.2,335,116,0,0,3.0,174,67,0,0,0.0,464,180,0.0,15.1,0,0,0,0,0,2.0,,0.0,0.0,0.0,0.0,0.12,0.07,0.19,1.29,0.0,229,101,0.0,158,106,0.0,118,68,0.0,201,100,,,,1,,Chemsdine,Talbi,Talbi,,,0,0,0,0,0,0,0,0,0,0,0,0,0,,,,0.0,0.41,0.81,0.93,5.33,0,0,0
550,a,,,5.0,390,234,0,0,0,0,0.0,577,252,0,0,1.0,386,182,0,0,0.0,367,122,0.0,0.2,0,0,0,0,0,1.5,,0.0,0.0,0.0,0.0,0.0,0.09,0.09,0.57,0.0,382,178,0.0,355,176,0.0,356,181,0.0,385,181,,,,1,,Djiamgone Jocelin Ta,Bi,Jocelin.T,,,0,0,0,0,0,0,0,0,0,0,0,0,0,,,,0.0,0.0,0.0,2.37,7.11,0,0,0
551,a,,,5.0,359,211,0,0,0,0,0.1,488,201,0,0,1.6,323,141,0,0,0.0,336,99,0.0,2.6,0,0,0,0,0,1.5,,0.0,0.0,0.0,0.0,0.17,0.03,0.2,1.63,0.0,337,153,0.0,294,158,0.0,246,132,0.0,313,149,,,,1,,Nilson,Angulo,Angulo,,,0,0,0,0,0,0,0,0,0,0,0,0,0,,,,0.0,0.22,1.35,1.12,7.86,0,0,0
552,a,,,6.0,82,21,0,0,0,0,15.6,24,5,0,0,3.0,176,16,0,0,0.0,507,52,0.0,15.3,0,0,0,0,0,2.0,,0.0,0.0,0.0,0.0,0.28,0.03,0.31,1.47,0.0,184,18,0.0,168,16,0.0,38,15,0.0,113,17,,,,1,,Brian,Brobbey,Brobbey,,,0,0,0,0,0,0,0,0,0,0,0,0,0,,,,0.0,0.28,1.41,1.03,3.47,0,0,0
553,a,,,5.5,159,37,0,0,0,0,1.1,184,29,0,0,2.3,258,27,0,0,0.0,417,33,0.0,13.5,0,0,0,0,0,1.8,,0.0,0.0,0.0,0.0,0.37,0.03,0.4,1.55,0.0,225,22,0.0,310,39,0.0,49,19,0.0,195,21,,,,1,,Wilson,Isidor,Isidor,,,0,0,0,0,0,0,0,0,0,0,0,0,0,,,,0.0,0.31,1.33,0.86,4.0,0,0,0
