player_id,match_id,minutes_played,goals,assists,total_shots,xg,xa,shots_on_target,successful_dribbles,big_chances_missed,touches_opposition_box,touches,accurate_passes,accurate_passes_percent,chances_created,final_third_passes,accurate_crosses,accurate_crosses_percent,accurate_long_balls,accurate_long_balls_percent,tackles_won,interceptions,recoveries,blocks,clearances,headed_clearances,dribbled_past,duels_won,duels_lost,ground_duels_won,ground_duels_won_percent,aerial_duels_won,aerial_duels_won_percent,was_fouled,fouls_committed,saves,goals_conceded,xgot_faced,goals_prevented,sweeper_actions,gk_accurate_passes,gk_accurate_long_balls,dispossessed,high_claim,corners,saves_inside_box,offsides,successful_dribbles_percent,tackles_won_percent,xgot,tackles,start_min,finish_min,team_goals_conceded,penalties_scored,penalties_missed,top_speed,distance_covered,walking_distance,running_distance,sprinting_distance,number_of_sprints,defensive_contributions
443,26-27-friendly-gateshead-fc-vs-newcastle-united-2026-07-25,,,,,,,,,,,,,,,,,,,,,,,,,,,,,,,,,,,,,,,,,,,,,,,,,,,0,90,1,0.0,0,,,,,,,
414,26-27-friendly-rosenborg-vs-manchester-united-2026-07-24,,,,,,,,,,,,,,,,,,,,,,,,,,,,,,,,,,,,,,,,,,,,,,,,,,,0,90,0,0.0,0,,,,,,,
418,26-27-friendly-rosenborg-vs-manchester-united-2026-07-24,45.0,0.0,0.0,,,,,,,1.0,39.0,28.0,82.0,0.0,2.0,,,3.0,43.0,0.0,1.0,3.0,1.0,1.0,,0.0,1.0,,1.0,100.0,0.0,,1.0,0.0,,,,,,,,0.0,,,,,,,,,0,46,0,0.0,0,,,,,,,
219,26-27-friendly-crystal-palace-vs-swindon-town-2026-07-18,45.0,0.0,0.0,2.0,0.28,0.01,1.0,1.0,,2.0,15.0,8.0,89.0,1.0,,,,,,0.0,0.0,1.0,0.0,0.0,,1.0,3.0,3.0,2.0,40.0,1.0,100.0,1.0,0.0,,,,,,,,2.0,,,,,,,0.25,0.0,0,46,1,0.0,0,,,,,,,
539,26-27-friendly-liverpool-vs-sunderland-2026-07-25,45.0,0.0,0.0,,,,,0.0,,0.0,32.0,30.0,97.0,0.0,1.0,,,2.0,67.0,0.0,0.0,2.0,0.0,0.0,,0.0,1.0,,1.0,100.0,0.0,,1.0,0.0,,,,,,,,0.0,,,,,,,,0.0,0,46,1,0.0,0,,,,,,,
359,26-27-friendly-liverpool-vs-sunderland-2026-07-25,10.0,0.0,0.0,,,,,0.0,,0.0,5.0,4.0,80.0,0.0,,,,0.0,0.0,0.0,0.0,0.0,0.0,0.0,,0.0,1.0,,,,1.0,100.0,,0.0,,,,,,,,0.0,,,,,,,,0.0,0,10,0,0.0,0,,,,,,,
561,26-27-friendly-chelsea-vs-tottenham-hotspur-2026-08-01,28.0,,,,,,,,,,,,,,,,,,,,,,,,,,,,,,,,,,,,,,,,,,,,,,,,,,62,90,0,,0,,,,,,,
154,26-27-friendly-chelsea-vs-western-sydney-wanderers-fc-2026-07-28,27.0,,,,,,,,,,,,,,,,,,,,,,,,,,,,,,,,,,,,,,,,,,,,,,,,,,63,90,0,,0,,,,,,,
285,26-27-friendly-konyaspor-vs-hull-city-2026-07-25,61.0,,,,,,,,,,,,,,,,,,,,,,,,,,,,,,,,,,,,,,,,,,,,,,,,,,0,61,0,,0,,,,,,,
352,26-27-friendly-liverpool-vs-sunderland-2026-07-25,23.0,,,,,,,0.0,,,9.0,,,,1.0,,,,,0.0,0.0,2.0,,0.0,,,,,,,,,,0.0,1.0,0.0,,,0.0,4.0,1.0,,0.0,,0.0,,,,,0.0,67,90,0,0.0,0,,,,,,,
256,26-27-friendly-al-ahli-vs-fulham-2026-07-28,80.0,,,,,,,,,,,,,,,,,,,,,,,,,,,,,,,,,,,,,,,,,,,,,,,,,,0,80,0,,0,,,,,,,
338,26-27-friendly-leeds-united-vs-wrexham-2026-07-25,90.0,,,,,,,,,,,,,,,,,,,,,,,,,,,,,,,,,,,,,,,,,,,,,,,,,,0,90,0,,0,,,,,,,
54,26-27-friendly-fc-porto-vs-aston-villa-2026-07-25,44.0,,,,,,,,,,,,,,,,,,,,,,,,,,,,,,,,,,,,,,,,,,,,,,,,,,46,90,0,,0,,,,,,,
167,26-27-friendly-chelsea-vs-juventus-2026-08-05,24.0,0.0,0.0,,,,,1.0,,3.0,12.0,4.0,80.0,1.0,,,,,,0.0,0.0,1.0,0.0,0.0,,0.0,1.0,3.0,1.0,25.0,0.0,,,0.0,,,,,,,,0.0,,,,,,,,0.0,66,90,1,0.0,0,,,,,,,
215,26-27-friendly-crystal-palace-vs-swindon-town-2026-07-18,45.0,0.0,0.0,,,0.01,,2.0,,0.0,41.0,27.0,84.0,0.0,4.0,0.0,0.0,,,1.0,1.0,4.0,0.0,0.0,,0.0,3.0,2.0,3.0,60.0,0.0,,,1.0,,,,,,,,0.0,,,,,,,,1.0,46,90,0,0.0,0,,,,,,,
522,26-27-friendly-tottenham-hotspur-vs-milton-keynes-dons-2026-07-22,45.0,0.0,0.0,,,,,0.0,,2.0,60.0,45.0,96.0,0.0,4.0,0.0,0.0,1.0,100.0,2.0,1.0,4.0,0.0,0.0,,0.0,2.0,3.0,2.0,50.0,0.0,0.0,,0.0,,,,,,,,2.0,,,,,,,,2.0,0,46,0,0.0,0,,,,,,,
525,26-27-friendly-tottenham-hotspur-vs-milton-keynes-dons-2026-07-22,45.0,1.0,0.0,1.0,,,1.0,0.0,,0.0,81.0,68.0,89.0,0.0,6.0,,,1.0,25.0,0.0,1.0,4.0,0.0,0.0,,1.0,,3.0,0.0,0.0,0.0,,,1.0,,,,,,,,1.0,,,,,,,,0.0,0,46,0,0.0,0,,,,,,,
423,26-27-friendly-rosenborg-vs-manchester-united-2026-07-24,45.0,0.0,0.0,,,,,,,0.0,38.0,20.0,80.0,0.0,1.0,,,1.0,33.0,1.0,1.0,2.0,0.0,3.0,1.0,0.0,1.0,2.0,1.0,50.0,0.0,0.0,,0.0,,,,,,,,1.0,,,,,,,,,0,46,0,0.0,0,,,,,,,
430,26-27-friendly-rosenborg-vs-manchester-united-2026-07-24,61.0,0.0,0.0,1.0,,,0.0,,,2.0,47.0,28.0,88.0,0.0,6.0,0.0,0.0,2.0,50.0,1.0,2.0,4.0,1.0,2.0,,0.0,2.0,2.0,2.0,50.0,0.0,,,2.0,,,,,,,,0.0,,,,,,,,,0,61,0,0.0,0,,,,,,,
212,26-27-friendly-bromley-vs-crystal-palace-2026-07-25,45.0,0.0,0.0,1.0,0.04,0.18,0.0,1.0,,0.0,28.0,14.0,78.0,1.0,1.0,1.0,50.0,0.0,0.0,0.0,0.0,3.0,0.0,2.0,2.0,0.0,2.0,1.0,1.0,100.0,1.0,50.0,,0.0,,,,,,,,0.0,,,,,,,,0.0,0,46,0,0.0,0,,,,,,,
199,26-27-friendly-bromley-vs-crystal-palace-2026-07-25,45.0,,,,,,,0.0,,,26.0,,,,1.0,,,,,0.0,0.0,7.0,,1.0,,,,,,,,,,0.0,0.0,0.0,,,0.0,18.0,2.0,,0.0,,0.0,,,,,0.0,0,46,0,0.0,0,,,,,,,
528,26-27-friendly-sydney-fc-vs-tottenham-hotspur-2026-07-29,25.0,,,,,,,,,,,,,,,,,,,,,,,,,,,,,,,,,,,,,,,,,,,,,,,,,,65,90,0,,0,,,,,,,
62,26-27-friendly-augsburg-vs-afc-bournemouth-2026-07-30,90.0,,,,,,,,,,,,,,,,,,,,,,,,,,,,,,,,,,,,,,,,,,,,,,,,,,0,90,0,,0,,,,,,,
477,26-27-friendly-nottingham-forest-vs-blackburn-rovers-2026-07-22,44.0,,,,,,,,,,,,,,,,,,,,,,,,,,,,,,,,,,,,,,,,,,,,,,,,,,46,90,0,,0,,,,,,,
303,26-27-friendly-ipswich-town-vs-osasuna-2026-07-29,30.0,,,,,,,,,,,,,,,,,,,,,,,,,,,,,,,,,,,,,,,,,,,,,,,,,,60,90,0,,0,,,,,,,
267,26-27-friendly-al-ahli-vs-fulham-2026-07-28,28.0,,,,,,,,,,,,,,,,,,,,,,,,,,,,,,,,,,,,,,,,,,,,,,,,,,62,90,0,,0,,,,,,,
561,26-27-friendly-chelsea-vs-western-sydney-wanderers-fc-2026-07-28,27.0,,,,,,,,,,,,,,,,,,,,,,,,,,,,,,,,,,,,,,,,,,,,,,,,,,63,90,0,,0,,,,,,,
54,26-27-friendly-aston-villa-vs-real-sociedad-2026-07-28,76.0,,,,,,,,,,,,,,,,,,,,,,,,,,,,,,,,,,,,,,,,,,,,,,,,,,0,76,0,,0,,,,,,,
348,26-27-friendly-leeds-united-vs-sunderland-2026-07-30,40.0,,,,,,,,,,,,,,,,,,,,,,,,,,,,,,,,,,,,,,,,,,,,,,,,,,50,90,0,,0,,,,,,,
57,26-27-friendly-augsburg-vs-afc-bournemouth-2026-07-30,90.0,,,,,,,,,,,,,,,,,,,,,,,,,,,,,,,,,,,,,,,,,,,,,,,,,,0,90,0,,0,,,,,,,
487,26-27-friendly-nottingham-forest-vs-blackburn-rovers-2026-07-22,46.0,,,,,,,,,,,,,,,,,,,,,,,,,,,,,,,,,,,,,,,,,,,,,,,,,,0,46,0,,0,,,,,,,
555,26-27-friendly-bromley-vs-crystal-palace-2026-07-25,,,,,,,,,,,,,,,,,,,,,,,,,,,,,,,,,,,,,,,,,,,,,,,,,,,0,90,3,0.0,0,,,,,,,
205,26-27-friendly-bromley-vs-crystal-palace-2026-07-25,45.0,0.0,0.0,,,0.06,,0.0,,0.0,47.0,32.0,78.0,2.0,5.0,2.0,100.0,4.0,57.0,1.0,0.0,3.0,0.0,0.0,,0.0,1.0,1.0,1.0,50.0,0.0,,,1.0,,,,,,,,0.0,,,,,,,,0.0,46,90,3,0.0,0,,,,,,,
523,26-27-friendly-tottenham-hotspur-vs-milton-keynes-dons-2026-07-22,45.0,0.0,0.0,2.0,,,0.0,1.0,,1.0,16.0,10.0,91.0,0.0,1.0,,,1.0,100.0,0.0,0.0,3.0,0.0,1.0,,0.0,1.0,,1.0,100.0,0.0,,,0.0,,,,,,,,0.0,,,,,,,,0.0,46,90,0,0.0,0,,,,,,,
335,26-27-friendly-manchester-united-vs-leeds-united-2026-08-12,45.0,,,,,,,1.0,,0.0,22.0,,100.0,,2.0,,0.0,,100.0,0.0,0.0,1.0,0.0,1.0,,1.0,1.0,2.0,1.0,33.0,0.0,,0.0,0.0,0.0,0.0,,,,,,,,,,,,,,0.0,46,121,0,0.0,0,,,,,,,
29,26-27-friendly-bayern-münchen-vs-aston-villa-2026-08-07,90.0,,,,,,,0.0,,,52.0,,,,2.0,,,,,0.0,0.0,4.0,,4.0,,,,,,,,,,0.0,5.0,2.0,,,1.0,33.0,4.0,,0.0,,2.0,,,,,0.0,0,90,2,0.0,0,,,,,,,
449,26-27-friendly-manchester-city-vs-atletico-madrid-2026-08-09,,,,,,,,,,,,,,,,,,,,,,,,,,,,,,,,,,,,,,,,,,,,,,,,,,,0,90,1,0.0,0,,,,,,,
565,26-27-friendly-manchester-city-vs-atletico-madrid-2026-08-09,,,,,,,,,,,,,,,,,,,,,,,,,,,,,,,,,,,,,,,,,,,,,,,,,,,0,90,1,0.0,0,,,,,,,
410,26-27-friendly-manchester-city-vs-atletico-madrid-2026-08-09,,,,,,,,,,,,,,,,,,,,,,,,,,,,,,,,,,,,,,,,,,,,,,,,,,,0,90,1,0.0,0,,,,,,,
413,26-27-friendly-manchester-united-vs-atletico-madrid-2026-08-01,,,,,,,,,,,,,,,,,,,,,,,,,,,,,,,,,,,,,,,,,,,,,,,,,,,0,90,1,0.0,0,,,,,,,
161,26-27-friendly-chelsea-vs-juventus-2026-08-05,24.0,0.0,0.0,1.0,,,0.0,1.0,,0.0,25.0,20.0,91.0,0.0,1.0,,,1.0,100.0,1.0,0.0,3.0,0.0,0.0,,0.0,2.0,1.0,2.0,100.0,0.0,0.0,,0.0,,,,,,,,0.0,,,,,,,,1.0,66,90,1,0.0,0,,,,,,,
166,26-27-friendly-chelsea-vs-juventus-2026-08-05,37.0,0.0,0.0,,,,,0.0,,2.0,13.0,4.0,57.0,1.0,2.0,,,,,1.0,0.0,0.0,0.0,0.0,,0.0,3.0,,3.0,100.0,0.0,,2.0,0.0,,,,,,,,0.0,,,,,,,,1.0,46,82,1,0.0,0,,,,,,,
336,26-27-friendly-manchester-united-vs-leeds-united-2026-08-12,45.0,,,0.0,,,0.0,2.0,,0.0,14.0,,90.0,,2.0,0.0,,,100.0,0.0,0.0,3.0,0.0,0.0,,0.0,3.0,,3.0,100.0,0.0,,,0.0,0.0,0.0,,,,,,,,,,,,,,0.0,46,121,0,0.0,0,,,,,,,
236,26-27-friendly-hamburger-sv-vs-everton-2026-08-01,90.0,,,,,,,,,,,,,,,,,,,,,,,,,,,,,,,,,,,,,,,,,,,,,,,,,,0,90,0,,0,,,,,,,
470,26-27-friendly-nottingham-forest-vs-blackburn-rovers-2026-07-22,46.0,,,,,,,,,,,,,,,,,,,,,,,,,,,,,,,,,,,,,,,,,,,,,,,,,,0,46,0,,0,,,,,,,
309,26-27-friendly-wycombe-wanderers-vs-ipswich-town-2026-08-01,90.0,,,,,,,,,,,,,,,,,,,,,,,,,,,,,,,,,,,,,,,,,,,,,,,,,,0,90,0,,0,,,,,,,
162,26-27-friendly-rosenborg-vs-manchester-united-2026-07-24,61.0,0.0,0.0,,,,,,,0.0,56.0,41.0,95.0,1.0,4.0,,,1.0,100.0,1.0,3.0,3.0,0.0,0.0,,1.0,3.0,5.0,3.0,38.0,0.0,,2.0,4.0,,,,,,,,0.0,,,,,,,,,0,61,0,0.0,0,,,,,,,
358,26-27-friendly-liverpool-vs-wrexham-2026-07-29,45.0,0.0,0.0,,,,,1.0,,0.0,39.0,26.0,90.0,0.0,2.0,0.0,0.0,0.0,0.0,0.0,0.0,5.0,0.0,1.0,,0.0,2.0,1.0,2.0,100.0,0.0,0.0,1.0,0.0,,,,,,,,0.0,,,,,,,,0.0,0,46,0,0.0,0,,,,,,,
378,26-27-friendly-liverpool-vs-wrexham-2026-07-29,27.0,0.0,0.0,,,,,,,0.0,16.0,12.0,92.0,0.0,2.0,,,,,1.0,0.0,1.0,0.0,0.0,,1.0,2.0,3.0,2.0,40.0,0.0,,1.0,2.0,,,,,,,,0.0,,,,,,,,,63,90,0,0.0,0,,,,,,,
32,26-27-friendly-bayern-münchen-vs-aston-villa-2026-08-07,78.0,0.0,0.0,,,,,0.0,,0.0,36.0,17.0,81.0,1.0,2.0,,,,,2.0,0.0,2.0,1.0,0.0,,0.0,4.0,4.0,4.0,50.0,0.0,,2.0,3.0,,,,,,,,1.0,,,,,,,,2.0,0,80,2,0.0,0,,,,,,,
436,26-27-friendly-rosenborg-vs-manchester-united-2026-07-24,29.0,0.0,1.0,2.0,,,0.0,,,2.0,21.0,17.0,94.0,1.0,,,,1.0,100.0,1.0,0.0,1.0,0.0,0.0,,0.0,1.0,1.0,1.0,50.0,0.0,,,1.0,,,,,,,,0.0,,,,,,,,,61,90,0,0.0,0,,,,,,,
204,26-27-friendly-bromley-vs-crystal-palace-2026-07-25,45.0,0.0,0.0,2.0,0.08,0.03,0.0,0.0,,4.0,44.0,20.0,77.0,0.0,3.0,0.0,0.0,1.0,50.0,2.0,1.0,0.0,0.0,0.0,,0.0,2.0,1.0,2.0,67.0,0.0,,,1.0,,,,,,,,0.0,,,,,,,,2.0,46,90,3,0.0,0,,,,,,,
334,26-27-friendly-leeds-united-vs-sunderland-2026-07-30,87.0,,,,,,,,,,,,,,,,,,,,,,,,,,,,,,,,,,,,,,,,,,,,,,,,,,0,87,0,,0,,,,,,,
216,26-27-friendly-bromley-vs-crystal-palace-2026-07-25,45.0,0.0,0.0,2.0,0.2,0.03,1.0,0.0,,3.0,30.0,15.0,83.0,2.0,1.0,0.0,0.0,0.0,0.0,2.0,0.0,2.0,0.0,1.0,,0.0,3.0,3.0,2.0,50.0,1.0,50.0,,1.0,,,,,,,,1.0,,,,,,,0.14,2.0,0,46,0,0.0,0,,,,,,,
522,26-27-friendly-auckland-fc-vs-tottenham-hotspur-2026-07-26,62.0,0.0,0.0,,,,,1.0,,1.0,48.0,33.0,85.0,2.0,8.0,1.0,100.0,1.0,25.0,2.0,0.0,5.0,0.0,2.0,1.0,0.0,4.0,1.0,4.0,80.0,0.0,,1.0,0.0,,,,,,,,1.0,,,,,,,,2.0,0,62,0,0.0,0,,,,,,,
525,26-27-friendly-auckland-fc-vs-tottenham-hotspur-2026-07-26,28.0,0.0,0.0,,,,,0.0,,1.0,32.0,23.0,88.0,0.0,6.0,,,1.0,100.0,0.0,0.0,0.0,0.0,1.0,,1.0,,3.0,0.0,0.0,0.0,,,2.0,,,,,,,,0.0,,,,,,,,0.0,62,90,0,0.0,0,,,,,,,
56,26-27-friendly-bayern-münchen-vs-aston-villa-2026-08-07,30.0,0.0,0.0,1.0,,,1.0,0.0,,3.0,12.0,5.0,83.0,0.0,,,,,,0.0,0.0,0.0,1.0,2.0,,0.0,,,,,0.0,,,0.0,,,,,,,,0.0,,,,,,,,0.0,59,90,1,0.0,0,,,,,,,
497,26-27-friendly-tottenham-hotspur-vs-milton-keynes-dons-2026-07-22,45.0,,,,,,,0.0,,,42.0,,,,,,,,,0.0,0.0,4.0,,0.0,,,1.0,,1.0,100.0,,,1.0,0.0,3.0,0.0,,,0.0,34.0,1.0,,1.0,,2.0,,,,,0.0,46,90,0,0.0,0,,,,,,,
508,26-27-friendly-tottenham-hotspur-vs-milton-keynes-dons-2026-07-22,45.0,0.0,0.0,,,,,0.0,,0.0,49.0,47.0,96.0,0.0,2.0,,,0.0,0.0,0.0,0.0,4.0,0.0,0.0,,0.0,1.0,,,,1.0,100.0,,0.0,,,,,,,,0.0,,,,,,,,0.0,0,46,0,0.0,0,,,,,,,
203,26-27-friendly-bromley-vs-crystal-palace-2026-07-25,45.0,0.0,0.0,,,0.02,,0.0,,0.0,56.0,41.0,87.0,0.0,6.0,,,2.0,33.0,1.0,0.0,2.0,0.0,4.0,2.0,0.0,3.0,,1.0,100.0,2.0,100.0,,0.0,,,,,,,,0.0,,,,,,,,1.0,0,46,0,0.0,0,,,,,,,
150,26-27-friendly-chelsea-vs-tottenham-hotspur-2026-08-01,10.0,,,,,,,,,,,,,,,,,,,,,,,,,,,,,,,,,,,,,,,,,,,,,,,,,,80,90,0,,0,,,,,,,
526,26-27-friendly-tottenham-hotspur-vs-milton-keynes-dons-2026-07-22,45.0,0.0,0.0,1.0,,,1.0,,,1.0,20.0,13.0,93.0,0.0,,,,0.0,0.0,0.0,0.0,0.0,0.0,0.0,,0.0,2.0,1.0,2.0,67.0,0.0,,2.0,1.0,,,,,,,,0.0,,,,,,,,,0,46,0,0.0,0,,,,,,,
446,26-27-friendly-gateshead-fc-vs-newcastle-united-2026-07-25,60.0,0.0,0.0,,,0.01,,0.0,,0.0,66.0,53.0,88.0,0.0,9.0,,,4.0,36.0,1.0,1.0,1.0,0.0,4.0,2.0,0.0,1.0,2.0,1.0,33.0,0.0,,,1.0,,,,,,,,0.0,,,,,,,,2.0,0,60,1,0.0,0,,,,,,,
442,26-27-friendly-gateshead-fc-vs-newcastle-united-2026-07-25,69.0,,,,,,,0.0,,,19.0,,,,,,,,,0.0,0.0,8.0,,1.0,,,,,,,,,,0.0,0.0,1.0,0.47,-0.53,0.0,11.0,,,0.0,,0.0,,,,,0.0,0,69,1,0.0,0,,,,,,,
457,26-27-friendly-gateshead-fc-vs-newcastle-united-2026-07-25,78.0,0.0,0.0,2.0,0.07,0.02,1.0,1.0,,4.0,50.0,25.0,81.0,1.0,1.0,0.0,0.0,,,2.0,0.0,5.0,0.0,1.0,1.0,0.0,6.0,5.0,6.0,55.0,0.0,,3.0,2.0,,,,,,,,2.0,,,,,,,0.07,2.0,0,77,1,0.0,0,,,,,,,
152,26-27-friendly-chelsea-vs-juventus-2026-08-05,65.0,0.0,0.0,2.0,,,2.0,1.0,,4.0,49.0,29.0,83.0,0.0,3.0,0.0,0.0,1.0,50.0,0.0,0.0,2.0,0.0,1.0,,0.0,3.0,1.0,3.0,100.0,0.0,0.0,2.0,0.0,,,,,,,,0.0,,,,,,,,0.0,0,65,0,0.0,0,,,,,,,
164,26-27-friendly-chelsea-vs-juventus-2026-08-05,45.0,0.0,0.0,2.0,,,0.0,0.0,,1.0,26.0,14.0,78.0,1.0,3.0,1.0,33.0,0.0,0.0,1.0,0.0,2.0,0.0,0.0,,0.0,1.0,2.0,1.0,33.0,0.0,,,0.0,,,,,,,,1.0,,,,,,,,1.0,0,46,0,0.0,0,,,,,,,
551,26-27-friendly-leeds-united-vs-sunderland-2026-07-30,38.0,,,,,,,,,,,,,,,,,,,,,,,,,,,,,,,,,,,,,,,,,,,,,,,,,,46,84,0,,0,,,,,,,
257,26-27-friendly-farense-vs-fulham-2026-08-01,44.0,,,,,,,,,,,,,,,,,,,,,,,,,,,,,,,,,,,,,,,,,,,,,,,,,,46,90,0,,0,,,,,,,
341,26-27-friendly-leeds-united-vs-wrexham-2026-07-25,76.0,,,,,,,,,,,,,,,,,,,,,,,,,,,,,,,,,,,,,,,,,,,,,,,,,,0,76,0,,0,,,,,,,
532,26-27-friendly-leeds-united-vs-sunderland-2026-07-30,46.0,,,,,,,,,,,,,,,,,,,,,,,,,,,,,,,,,,,,,,,,,,,,,,,,,,0,46,0,,0,,,,,,,
39,26-27-friendly-walsall-vs-aston-villa-2026-07-21,46.0,,,,,,,,,,,,,,,,,,,,,,,,,,,,,,,,,,,,,,,,,,,,,,,,,,0,46,0,,0,,,,,,,
289,26-27-friendly-konyaspor-vs-hull-city-2026-07-25,29.0,,,,,,,,,,,,,,,,,,,,,,,,,,,,,,,,,,,,,,,,,,,,,,,,,,61,90,0,,0,,,,,,,
71,26-27-friendly-augsburg-vs-afc-bournemouth-2026-07-30,90.0,,,,,,,,,,,,,,,,,,,,,,,,,,,,,,,,,,,,,,,,,,,,,,,,,,0,90,0,,0,,,,,,,
248,26-27-friendly-hamburger-sv-vs-everton-2026-08-01,8.0,,,,,,,,,,,,,,,,,,,,,,,,,,,,,,,,,,,,,,,,,,,,,,,,,,82,90,0,,0,,,,,,,
229,26-27-friendly-hamburger-sv-vs-everton-2026-08-01,90.0,,,,,,,,,,,,,,,,,,,,,,,,,,,,,,,,,,,,,,,,,,,,,,,,,,0,90,0,,0,,,,,,,
253,26-27-friendly-al-ahli-vs-fulham-2026-07-28,62.0,,,,,,,,,,,,,,,,,,,,,,,,,,,,,,,,,,,,,,,,,,,,,,,,,,0,62,0,,0,,,,,,,
262,26-27-friendly-al-ahli-vs-fulham-2026-07-28,62.0,,,,,,,,,,,,,,,,,,,,,,,,,,,,,,,,,,,,,,,,,,,,,,,,,,0,62,0,,0,,,,,,,
536,26-27-friendly-leeds-united-vs-sunderland-2026-07-30,66.0,,,,,,,,,,,,,,,,,,,,,,,,,,,,,,,,,,,,,,,,,,,,,,,,,,0,66,0,,0,,,,,,,
57,26-27-friendly-afc-bournemouth-vs-st.-pauli-2026-07-24,46.0,,,,,,,,,,,,,,,,,,,,,,,,,,,,,,,,,,,,,,,,,,,,,,,,,,0,46,0,,0,,,,,,,
277,26-27-friendly-konyaspor-vs-hull-city-2026-07-25,29.0,,,,,,,,,,,,,,,,,,,,,,,,,,,,,,,,,,,,,,,,,,,,,,,,,,61,90,0,,0,,,,,,,
308,26-27-friendly-wycombe-wanderers-vs-ipswich-town-2026-08-01,90.0,,,,,,,,,,,,,,,,,,,,,,,,,,,,,,,,,,,,,,,,,,,,,,,,,,0,90,0,,0,,,,,,,
249,26-27-friendly-stoke-city-vs-everton-2026-07-28,29.0,,,,,,,,,,,,,,,,,,,,,,,,,,,,,,,,,,,,,,,,,,,,,,,,,,61,90,0,,0,,,,,,,
545,26-27-friendly-sunderland-vs-wrexham-2026-08-02,62.0,,,,,,,,,,,,,,,,,,,,,,,,,,,,,,,,,,,,,,,,,,,,,,,,,,0,62,0,,0,,,,,,,
281,26-27-friendly-kasımpaşa-vs-hull-city-2026-08-01,46.0,,,,,,,,,,,,,,,,,,,,,,,,,,,,,,,,,,,,,,,,,,,,,,,,,,0,46,0,,0,,,,,,,
145,26-27-friendly-chelsea-vs-western-sydney-wanderers-fc-2026-07-28,27.0,,,,,,,,,,,,,,,,,,,,,,,,,,,,,,,,,,,,,,,,,,,,,,,,,,63,90,0,,0,,,,,,,
471,26-27-friendly-nottingham-forest-vs-blackburn-rovers-2026-07-22,46.0,,,,,,,,,,,,,,,,,,,,,,,,,,,,,,,,,,,,,,,,,,,,,,,,,,0,46,0,,0,,,,,,,
277,26-27-friendly-kasımpaşa-vs-hull-city-2026-08-01,90.0,,,,,,,,,,,,,,,,,,,,,,,,,,,,,,,,,,,,,,,,,,,,,,,,,,0,90,0,,0,,,,,,,
449,26-27-friendly-gateshead-fc-vs-newcastle-united-2026-07-25,82.0,0.0,0.0,1.0,0.03,0.06,0.0,0.0,,6.0,92.0,56.0,85.0,3.0,12.0,1.0,50.0,3.0,75.0,0.0,0.0,3.0,1.0,3.0,3.0,0.0,4.0,5.0,1.0,17.0,3.0,100.0,1.0,3.0,,,,,,,,2.0,,,,,,,,0.0,0,82,1,0.0,0,,,,,,,
451,26-27-friendly-gateshead-fc-vs-newcastle-united-2026-07-25,90.0,0.0,0.0,,,0.02,,0.0,,2.0,82.0,66.0,93.0,0.0,4.0,,,6.0,86.0,1.0,0.0,2.0,0.0,4.0,4.0,0.0,7.0,2.0,3.0,75.0,4.0,80.0,2.0,1.0,,,,,,,,0.0,,,,,,,,1.0,0,90,1,0.0,0,,,,,,,
333,26-27-friendly-liverpool-vs-leeds-united-2026-08-02,55.0,0.0,1.0,1.0,,,0.0,1.0,,2.0,41.0,30.0,79.0,1.0,,,,2.0,22.0,0.0,0.0,1.0,1.0,0.0,,0.0,1.0,,1.0,100.0,0.0,,,0.0,,,,,,,,0.0,,,,,,,,0.0,35,90,1,0.0,0,,,,,,,
406,26-27-friendly-manchester-city-vs-inter-2026-08-01,45.0,0.0,0.0,1.0,,,0.0,0.0,,0.0,34.0,28.0,100.0,1.0,1.0,,,,,1.0,2.0,1.0,0.0,0.0,,0.0,1.0,,1.0,100.0,0.0,,,0.0,,,,,,,,0.0,,,,,,,,1.0,0,46,1,0.0,0,,,,,,,
209,26-27-friendly-crystal-palace-vs-swindon-town-2026-07-18,45.0,0.0,0.0,2.0,0.07,,0.0,0.0,,2.0,20.0,11.0,79.0,0.0,1.0,0.0,0.0,0.0,0.0,1.0,0.0,3.0,0.0,1.0,,0.0,1.0,1.0,1.0,50.0,0.0,,,0.0,,,,,,,,0.0,,,,,,,,1.0,46,90,0,0.0,0,,,,,,,
333,26-27-friendly-leeds-united-vs-sunderland-2026-07-30,72.0,,,,,,,,,,,,,,,,,,,,,,,,,,,,,,,,,,,,,,,,,,,,,,,,,,0,72,0,,0,,,,,,,
64,26-27-friendly-afc-bournemouth-vs-st.-pauli-2026-07-24,46.0,,,,,,,,,,,,,,,,,,,,,,,,,,,,,,,,,,,,,,,,,,,,,,,,,,0,46,0,,0,,,,,,,
303,26-27-friendly-oxford-united-vs-ipswich-town-2026-08-01,90.0,,,,,,,,,,,,,,,,,,,,,,,,,,,,,,,,,,,,,,,,,,,,,,,,,,0,90,0,,0,,,,,,,
34,26-27-friendly-bayern-münchen-vs-aston-villa-2026-08-07,67.0,0.0,0.0,,,,,0.0,,0.0,63.0,57.0,95.0,0.0,5.0,,,3.0,50.0,1.0,0.0,1.0,0.0,1.0,1.0,0.0,1.0,1.0,1.0,50.0,0.0,,,0.0,,,,,,,,0.0,,,,,,,,1.0,0,67,1,0.0,0,,,,,,,
527,26-27-friendly-tottenham-hotspur-vs-milton-keynes-dons-2026-07-22,45.0,0.0,0.0,1.0,,,1.0,0.0,,2.0,20.0,7.0,78.0,0.0,,,,,,1.0,0.0,0.0,0.0,0.0,,2.0,6.0,3.0,6.0,67.0,0.0,,5.0,1.0,,,,,,,,0.0,,,,,,,,1.0,46,90,0,0.0,0,,,,,,,
47,26-27-friendly-bayern-münchen-vs-aston-villa-2026-08-07,60.0,0.0,0.0,,,,,0.0,,0.0,40.0,24.0,83.0,0.0,3.0,,,1.0,100.0,2.0,0.0,2.0,1.0,0.0,,0.0,8.0,1.0,6.0,86.0,2.0,100.0,4.0,0.0,,,,,,,,1.0,,,,,,,,2.0,0,59,1,0.0,0,,,,,,,
368,26-27-friendly-liverpool-vs-monaco-2026-08-09,76.0,0.0,0.0,,,,,,,0.0,47.0,35.0,85.0,3.0,7.0,1.0,100.0,2.0,67.0,0.0,0.0,4.0,0.0,0.0,,1.0,,5.0,0.0,0.0,0.0,0.0,,1.0,,,,,,,,2.0,,,,,,,,,0,76,2,0.0,0,,,,,,,
384,26-27-friendly-manchester-city-vs-inter-2026-08-01,90.0,,,,,,,0.0,,,47.0,,,,,,,,,0.0,0.0,7.0,,3.0,,,,,,,,,,0.0,3.0,1.0,,,1.0,35.0,7.0,,0.0,,1.0,,,,,0.0,0,121,1,0.0,0,,,,,,,
455,26-27-friendly-tottenham-hotspur-vs-milton-keynes-dons-2026-07-22,45.0,0.0,0.0,,,,,0.0,,1.0,70.0,67.0,96.0,0.0,5.0,,,2.0,67.0,0.0,0.0,1.0,0.0,0.0,,0.0,,1.0,0.0,0.0,0.0,,,1.0,,,,,,,,0.0,,,,,,,,0.0,0,46,0,0.0,0,,,,,,,
466,26-27-friendly-gateshead-fc-vs-newcastle-united-2026-07-25,69.0,0.0,0.0,2.0,0.66,,2.0,2.0,,4.0,14.0,5.0,100.0,0.0,1.0,,,,,0.0,0.0,0.0,0.0,0.0,,0.0,3.0,3.0,3.0,60.0,0.0,0.0,1.0,3.0,,,,,,,,0.0,,,,,,,1.02,0.0,0,69,1,0.0,0,,,,,,,
375,26-27-friendly-liverpool-vs-wrexham-2026-07-29,45.0,0.0,0.0,,,,,0.0,,0.0,67.0,59.0,94.0,0.0,8.0,,,0.0,0.0,1.0,2.0,5.0,0.0,0.0,,1.0,1.0,2.0,1.0,33.0,0.0,,,1.0,,,,,,,,0.0,,,,,,,,1.0,0,46,0,0.0,0,,,,,,,
369,26-27-friendly-liverpool-vs-wrexham-2026-07-29,45.0,1.0,0.0,1.0,,,1.0,1.0,,2.0,29.0,15.0,94.0,0.0,1.0,0.0,0.0,,,0.0,0.0,1.0,0.0,0.0,,0.0,1.0,5.0,1.0,20.0,0.0,0.0,,0.0,,,,,,,,1.0,,,,,,,,0.0,46,90,0,0.0,0,,,,,,,
373,26-27-friendly-liverpool-vs-leeds-united-2026-08-02,45.0,0.0,0.0,,,,,1.0,,1.0,30.0,22.0,92.0,0.0,3.0,,,1.0,100.0,1.0,0.0,0.0,0.0,0.0,,0.0,2.0,2.0,2.0,50.0,0.0,,,0.0,,,,,,,,2.0,,,,,,,,1.0,46,90,4,0.0,0,,,,,,,
553,26-27-friendly-liverpool-vs-sunderland-2026-07-25,45.0,0.0,0.0,1.0,,,0.0,0.0,,2.0,8.0,3.0,60.0,0.0,,,,1.0,100.0,0.0,0.0,0.0,0.0,0.0,,0.0,,2.0,0.0,0.0,0.0,0.0,,1.0,,,,,,,,0.0,,,,,,,,0.0,0,46,1,0.0,0,,,,,,,
398,26-27-friendly-manchester-city-vs-inter-2026-08-01,68.0,0.0,0.0,,,,,0.0,,3.0,41.0,29.0,91.0,3.0,2.0,1.0,20.0,,,0.0,0.0,2.0,0.0,0.0,,0.0,2.0,3.0,1.0,25.0,1.0,100.0,1.0,1.0,,,,,,,,1.0,,,,,,,,0.0,0,68,1,0.0,0,,,,,,,
373,26-27-friendly-liverpool-vs-sunderland-2026-07-25,45.0,0.0,0.0,,,,,0.0,,0.0,35.0,28.0,97.0,0.0,3.0,0.0,0.0,5.0,83.0,0.0,1.0,0.0,0.0,1.0,1.0,0.0,2.0,1.0,1.0,50.0,1.0,100.0,1.0,1.0,,,,,,,,0.0,,,,,,,,0.0,0,46,1,0.0,0,,,,,,,
404,26-27-friendly-manchester-city-vs-inter-2026-08-01,45.0,0.0,0.0,2.0,,,1.0,0.0,,4.0,47.0,28.0,88.0,1.0,4.0,0.0,0.0,1.0,100.0,1.0,1.0,5.0,0.0,0.0,,0.0,3.0,3.0,2.0,40.0,1.0,100.0,1.0,0.0,,,,,,,,2.0,,,,,,,,1.0,0,46,1,0.0,0,,,,,,,
60,26-27-friendly-afc-bournemouth-vs-st.-pauli-2026-07-24,46.0,,,,,,,,,,,,,,,,,,,,,,,,,,,,,,,,,,,,,,,,,,,,,,,,,,0,46,0,,0,,,,,,,
519,26-27-friendly-tottenham-hotspur-vs-milton-keynes-dons-2026-07-22,45.0,0.0,0.0,1.0,,,0.0,0.0,,3.0,50.0,42.0,95.0,1.0,1.0,,,0.0,0.0,0.0,1.0,2.0,0.0,0.0,,0.0,,1.0,0.0,0.0,0.0,,,0.0,,,,,,,,1.0,,,,,,,,0.0,0,46,0,0.0,0,,,,,,,
351,26-27-friendly-liverpool-vs-sunderland-2026-07-25,67.0,,,,,,,0.0,,,25.0,,,,2.0,,,,,0.0,0.0,8.0,,0.0,,,,,,,,,,0.0,1.0,2.0,,,0.0,11.0,3.0,,0.0,,1.0,,,,,0.0,0,67,2,0.0,0,,,,,,,
383,26-27-friendly-liverpool-vs-sunderland-2026-07-25,45.0,0.0,1.0,,,,,0.0,,0.0,22.0,17.0,94.0,1.0,3.0,,,0.0,0.0,0.0,0.0,2.0,1.0,1.0,,0.0,,1.0,0.0,0.0,0.0,,,0.0,,,,,,,,1.0,,,,,,,,0.0,0,46,1,0.0,0,,,,,,,
44,26-27-friendly-walsall-vs-aston-villa-2026-07-21,46.0,,,,,,,,,,,,,,,,,,,,,,,,,,,,,,,,,,,,,,,,,,,,,,,,,,0,46,0,,0,,,,,,,
279,26-27-friendly-konyaspor-vs-hull-city-2026-07-25,29.0,,,,,,,,,,,,,,,,,,,,,,,,,,,,,,,,,,,,,,,,,,,,,,,,,,61,90,0,,0,,,,,,,
339,26-27-friendly-leeds-united-vs-sunderland-2026-07-30,49.0,,,,,,,,,,,,,,,,,,,,,,,,,,,,,,,,,,,,,,,,,,,,,,,,,,0,49,0,,0,,,,,,,
329,26-27-friendly-leeds-united-vs-sunderland-2026-07-30,49.0,,,,,,,,,,,,,,,,,,,,,,,,,,,,,,,,,,,,,,,,,,,,,,,,,,0,49,0,,0,,,,,,,
46,26-27-friendly-aston-villa-vs-real-sociedad-2026-07-28,68.0,,,,,,,,,,,,,,,,,,,,,,,,,,,,,,,,,,,,,,,,,,,,,,,,,,0,68,0,,0,,,,,,,
313,26-27-friendly-oxford-united-vs-ipswich-town-2026-08-01,90.0,,,,,,,,,,,,,,,,,,,,,,,,,,,,,,,,,,,,,,,,,,,,,,,,,,0,90,0,,0,,,,,,,
330,26-27-friendly-leeds-united-vs-wrexham-2026-07-25,44.0,,,,,,,,,,,,,,,,,,,,,,,,,,,,,,,,,,,,,,,,,,,,,,,,,,46,90,0,,0,,,,,,,
32,26-27-friendly-fc-porto-vs-aston-villa-2026-07-25,46.0,,,,,,,,,,,,,,,,,,,,,,,,,,,,,,,,,,,,,,,,,,,,,,,,,,0,46,0,,0,,,,,,,
270,26-27-friendly-farense-vs-fulham-2026-08-01,32.0,,,,,,,,,,,,,,,,,,,,,,,,,,,,,,,,,,,,,,,,,,,,,,,,,,58,90,0,,0,,,,,,,
479,26-27-friendly-nottingham-forest-vs-blackburn-rovers-2026-07-22,44.0,,,,,,,,,,,,,,,,,,,,,,,,,,,,,,,,,,,,,,,,,,,,,,,,,,46,90,0,,0,,,,,,,
249,26-27-friendly-bolton-wanderers-vs-everton-2026-07-25,90.0,,,,,,,,,,,,,,,,,,,,,,,,,,,,,,,,,,,,,,,,,,,,,,,,,,0,90,0,,0,,,,,,,
287,26-27-friendly-kasımpaşa-vs-hull-city-2026-08-01,90.0,,,,,,,,,,,,,,,,,,,,,,,,,,,,,,,,,,,,,,,,,,,,,,,,,,0,90,0,,0,,,,,,,
421,26-27-friendly-rosenborg-vs-manchester-united-2026-07-24,61.0,0.0,0.0,,,,,,,0.0,36.0,30.0,94.0,0.0,1.0,,,0.0,0.0,0.0,0.0,3.0,0.0,1.0,1.0,0.0,1.0,,1.0,100.0,0.0,,1.0,0.0,,,,,,,,0.0,,,,,,,,,0,61,0,0.0,0,,,,,,,
508,26-27-friendly-auckland-fc-vs-tottenham-hotspur-2026-07-26,28.0,0.0,0.0,,,,,0.0,,0.0,48.0,45.0,98.0,0.0,6.0,,,2.0,100.0,1.0,0.0,2.0,0.0,0.0,,0.0,1.0,,1.0,100.0,0.0,,,0.0,,,,,,,,0.0,,,,,,,,1.0,62,90,0,0.0,0,,,,,,,
456,26-27-friendly-gateshead-fc-vs-newcastle-united-2026-07-25,82.0,0.0,0.0,1.0,0.06,0.06,1.0,0.0,,2.0,64.0,47.0,90.0,0.0,5.0,,,1.0,100.0,2.0,0.0,1.0,0.0,0.0,,0.0,4.0,2.0,4.0,67.0,0.0,,2.0,0.0,,,,,,,,2.0,,,,,,,,2.0,0,82,1,0.0,0,,,,,,,
427,26-27-friendly-rosenborg-vs-manchester-united-2026-07-24,61.0,0.0,0.0,1.0,,,1.0,,,2.0,43.0,19.0,70.0,2.0,3.0,2.0,67.0,0.0,0.0,1.0,0.0,6.0,0.0,0.0,,1.0,6.0,4.0,6.0,67.0,0.0,0.0,3.0,1.0,,,,,,,,1.0,,,,,,,,,0,61,0,0.0,0,,,,,,,
345,26-27-friendly-liverpool-vs-leeds-united-2026-08-02,45.0,0.0,0.0,,,,,,,0.0,27.0,16.0,80.0,0.0,1.0,,,0.0,0.0,1.0,1.0,4.0,0.0,1.0,1.0,1.0,2.0,2.0,2.0,50.0,0.0,,1.0,1.0,,,,,,,,0.0,,,,,,,,,0,46,2,0.0,0,,,,,,,
527,26-27-friendly-auckland-fc-vs-tottenham-hotspur-2026-07-26,28.0,1.0,0.0,1.0,,,1.0,0.0,,2.0,10.0,4.0,80.0,1.0,2.0,0.0,0.0,,,0.0,0.0,1.0,0.0,0.0,,0.0,,,,,0.0,,,0.0,,,,,,,,0.0,,,,,,,,0.0,62,90,0,0.0,0,,,,,,,
36,26-27-friendly-bayern-münchen-vs-aston-villa-2026-08-07,80.0,0.0,0.0,,,,,0.0,,1.0,60.0,27.0,75.0,0.0,2.0,,,0.0,0.0,4.0,0.0,5.0,1.0,4.0,2.0,1.0,4.0,3.0,4.0,57.0,0.0,,,0.0,,,,,,,,1.0,,,,,,,,4.0,0,80,2,0.0,0,,,,,,,
440,26-27-friendly-rosenborg-vs-manchester-united-2026-07-24,61.0,1.0,1.0,2.0,,,1.0,,,4.0,27.0,11.0,85.0,2.0,3.0,0.0,0.0,2.0,67.0,0.0,0.0,2.0,0.0,1.0,1.0,0.0,3.0,3.0,3.0,50.0,0.0,,,0.0,,,,,,,,3.0,,,,,,,,,0,61,0,0.0,0,,,,,,,
219,26-27-friendly-bromley-vs-crystal-palace-2026-07-25,45.0,0.0,0.0,1.0,0.09,,0.0,0.0,,1.0,17.0,12.0,92.0,0.0,,,,,,1.0,0.0,0.0,0.0,0.0,,1.0,1.0,2.0,1.0,50.0,0.0,0.0,,0.0,,,,,,,,0.0,,,,,,,,1.0,0,46,0,0.0,0,,,,,,,
495,26-27-friendly-auckland-fc-vs-tottenham-hotspur-2026-07-26,90.0,,,,,,,0.0,,,25.0,,,,,,,,,0.0,0.0,7.0,,1.0,,,,,,,,,,0.0,3.0,0.0,,,2.0,18.0,1.0,,0.0,,2.0,,,,,0.0,0,90,0,0.0,0,,,,,,,
212,26-27-friendly-crystal-palace-vs-swindon-town-2026-07-18,45.0,0.0,0.0,,,0.06,,0.0,,0.0,47.0,35.0,90.0,2.0,4.0,1.0,50.0,3.0,75.0,1.0,1.0,5.0,0.0,0.0,,1.0,4.0,2.0,4.0,80.0,0.0,0.0,3.0,0.0,,,,,,,,0.0,,,,,,,,1.0,0,46,1,0.0,0,,,,,,,
351,26-27-friendly-liverpool-vs-monaco-2026-08-09,45.0,,,,,,,,,,30.0,,,,,,,,,0.0,0.0,3.0,,0.0,,,,,,,,,,0.0,3.0,2.0,,,0.0,21.0,4.0,,1.0,,3.0,,,,,,46,90,2,0.0,0,,,,,,,
519,26-27-friendly-auckland-fc-vs-tottenham-hotspur-2026-07-26,27.0,0.0,0.0,,,,,0.0,,2.0,44.0,27.0,90.0,0.0,2.0,,,,,2.0,4.0,2.0,1.0,0.0,,1.0,3.0,3.0,3.0,50.0,0.0,,1.0,0.0,,,,,,,,1.0,,,,,,,,2.0,63,90,0,0.0,0,,,,,,,
215,26-27-friendly-bromley-vs-crystal-palace-2026-07-25,45.0,0.0,0.0,1.0,0.06,0.12,1.0,0.0,,2.0,27.0,19.0,83.0,2.0,3.0,,,1.0,50.0,0.0,0.0,0.0,0.0,2.0,2.0,2.0,2.0,2.0,0.0,0.0,2.0,100.0,,0.0,,,,,,,,0.0,,,,,,,,0.0,0,46,0,0.0,0,,,,,,,
537,26-27-friendly-liverpool-vs-sunderland-2026-07-25,45.0,0.0,0.0,2.0,,,1.0,0.0,,2.0,15.0,8.0,89.0,0.0,1.0,,,0.0,0.0,1.0,0.0,0.0,0.0,3.0,1.0,0.0,1.0,,1.0,100.0,0.0,,,0.0,,,,,,,,0.0,,,,,,,,1.0,46,90,3,0.0,0,,,,,,,
220,26-27-friendly-bromley-vs-crystal-palace-2026-07-25,45.0,0.0,0.0,1.0,0.03,0.01,1.0,0.0,,3.0,43.0,23.0,82.0,0.0,5.0,0.0,0.0,1.0,25.0,0.0,0.0,2.0,1.0,1.0,,0.0,,2.0,0.0,0.0,0.0,0.0,,0.0,,,,,,,,1.0,,,,,,,0.1,0.0,0,46,0,0.0,0,,,,,,,
420,26-27-friendly-rosenborg-vs-manchester-united-2026-07-24,61.0,0.0,0.0,1.0,,,0.0,,,2.0,50.0,31.0,84.0,0.0,7.0,,,1.0,20.0,3.0,2.0,5.0,0.0,0.0,,0.0,4.0,1.0,4.0,80.0,0.0,,,0.0,,,,,,,,0.0,,,,,,,,,0,61,0,0.0,0,,,,,,,
414,26-27-friendly-manchester-united-vs-atletico-madrid-2026-08-01,90.0,,,,,,,0.0,,,31.0,,,,1.0,,,,,0.0,0.0,6.0,,0.0,,,,,,,,,,0.0,3.0,1.0,,,0.0,19.0,1.0,,0.0,,2.0,,,,,0.0,0,90,1,0.0,0,,,,,,,
351,26-27-friendly-liverpool-vs-leeds-united-2026-08-02,90.0,,,,,,,0.0,,,33.0,,,,,,,,,0.0,0.0,7.0,,2.0,,,,,,,,,,0.0,3.0,4.0,,,0.0,15.0,2.0,,0.0,,1.0,,,,,0.0,0,90,4,0.0,0,,,,,,,
418,26-27-friendly-manchester-united-vs-atletico-madrid-2026-08-01,73.0,0.0,0.0,,,,,0.0,,0.0,55.0,46.0,90.0,0.0,9.0,,,6.0,86.0,0.0,0.0,5.0,0.0,2.0,,0.0,,1.0,0.0,0.0,0.0,,,1.0,,,,,,,,0.0,,,,,,,,0.0,0,73,1,0.0,0,,,,,,,
371,26-27-friendly-liverpool-vs-monaco-2026-08-09,59.0,0.0,1.0,,,,,,,0.0,55.0,40.0,85.0,2.0,3.0,,,2.0,50.0,1.0,2.0,10.0,0.0,0.0,,0.0,2.0,1.0,2.0,67.0,0.0,,,0.0,,,,,,,,1.0,,,,,,,,,0,60,2,0.0,0,,,,,,,
423,26-27-friendly-manchester-united-vs-atletico-madrid-2026-08-01,73.0,0.0,0.0,2.0,,,1.0,0.0,,2.0,58.0,37.0,90.0,1.0,2.0,1.0,50.0,,,2.0,1.0,2.0,0.0,0.0,,0.0,2.0,3.0,2.0,40.0,0.0,,,1.0,,,,,,,,2.0,,,,,,,,2.0,0,73,1,0.0,0,,,,,,,
534,26-27-friendly-liverpool-vs-sunderland-2026-07-25,45.0,0.0,0.0,,,,,0.0,,1.0,16.0,9.0,90.0,0.0,,0.0,0.0,,,0.0,2.0,2.0,0.0,0.0,,1.0,2.0,1.0,2.0,67.0,0.0,,2.0,0.0,,,,,,,,0.0,,,,,,,,0.0,0,46,1,0.0,0,,,,,,,
365,26-27-friendly-liverpool-vs-sunderland-2026-07-25,23.0,0.0,1.0,,,,,0.0,,0.0,22.0,14.0,82.0,1.0,,,,1.0,33.0,1.0,0.0,1.0,0.0,1.0,1.0,0.0,2.0,2.0,1.0,50.0,1.0,50.0,,1.0,,,,,,,,0.0,,,,,,,,1.0,68,90,0,0.0,0,,,,,,,
430,26-27-friendly-manchester-united-vs-atletico-madrid-2026-08-01,90.0,0.0,0.0,1.0,,,0.0,1.0,,0.0,67.0,49.0,89.0,3.0,13.0,2.0,67.0,4.0,50.0,2.0,1.0,5.0,0.0,0.0,,0.0,4.0,5.0,4.0,44.0,0.0,,1.0,5.0,,,,,,,,0.0,,,,,,,,2.0,0,90,1,0.0,0,,,,,,,
547,26-27-friendly-liverpool-vs-sunderland-2026-07-25,45.0,0.0,0.0,1.0,,,1.0,0.0,,2.0,10.0,4.0,100.0,0.0,,,,,,0.0,0.0,0.0,0.0,0.0,,0.0,2.0,2.0,2.0,50.0,0.0,,2.0,1.0,,,,,,,,0.0,,,,,,,,0.0,0,46,1,0.0,0,,,,,,,
236,26-27-friendly-bolton-wanderers-vs-everton-2026-07-25,44.0,,,,,,,,,,,,,,,,,,,,,,,,,,,,,,,,,,,,,,,,,,,,,,,,,,46,90,0,,0,,,,,,,
301,26-27-friendly-ipswich-town-vs-osasuna-2026-07-29,60.0,,,,,,,,,,,,,,,,,,,,,,,,,,,,,,,,,,,,,,,,,,,,,,,,,,0,60,0,,0,,,,,,,
321,26-27-friendly-ipswich-town-vs-osasuna-2026-07-29,30.0,,,,,,,,,,,,,,,,,,,,,,,,,,,,,,,,,,,,,,,,,,,,,,,,,,60,90,0,,0,,,,,,,
270,26-27-friendly-al-ahli-vs-fulham-2026-07-28,62.0,,,,,,,,,,,,,,,,,,,,,,,,,,,,,,,,,,,,,,,,,,,,,,,,,,0,62,0,,0,,,,,,,
295,26-27-friendly-kasımpaşa-vs-hull-city-2026-08-01,90.0,1.0,,,,,,,,,,,,,,,,,,,,,,,,,,,,,,,,,,,,,,,,,,,,,,,,,0,90,0,,0,,,,,,,
44,26-27-friendly-fc-porto-vs-aston-villa-2026-07-25,23.0,,,,,,,,,,,,,,,,,,,,,,,,,,,,,,,,,,,,,,,,,,,,,,,,,,0,23,0,,0,,,,,,,
307,26-27-friendly-oxford-united-vs-ipswich-town-2026-08-01,90.0,,,,,,,,,,,,,,,,,,,,,,,,,,,,,,,,,,,,,,,,,,,,,,,,,,0,90,0,,0,,,,,,,
308,26-27-friendly-ipswich-town-vs-osasuna-2026-07-29,30.0,,,,,,,,,,,,,,,,,,,,,,,,,,,,,,,,,,,,,,,,,,,,,,,,,,60,90,0,,0,,,,,,,
546,26-27-friendly-sunderland-vs-wrexham-2026-08-02,28.0,,,,,,,,,,,,,,,,,,,,,,,,,,,,,,,,,,,,,,,,,,,,,,,,,,62,90,0,,0,,,,,,,
383,26-27-friendly-liverpool-vs-monaco-2026-08-09,14.0,0.0,0.0,,,,,,,0.0,8.0,6.0,75.0,0.0,,,,1.0,100.0,0.0,0.0,0.0,0.0,0.0,,0.0,,,,,0.0,,,0.0,,,,,,,,0.0,,,,,,,,,76,90,1,0.0,0,,,,,,,
536,26-27-friendly-liverpool-vs-sunderland-2026-07-25,45.0,0.0,0.0,,,,,0.0,,0.0,17.0,10.0,83.0,0.0,2.0,,,0.0,0.0,1.0,0.0,0.0,0.0,0.0,,0.0,2.0,,2.0,100.0,0.0,,1.0,0.0,,,,,,,,0.0,,,,,,,,1.0,0,46,1,0.0,0,,,,,,,
334,26-27-friendly-leeds-united-vs-rb-leipzig-2026-08-08,65.0,0.0,0.0,,,,,,,0.0,78.0,63.0,90.0,0.0,5.0,,,6.0,67.0,0.0,1.0,4.0,0.0,3.0,2.0,0.0,,3.0,0.0,0.0,0.0,0.0,,0.0,,,,,,,,0.0,,,,,,,,,0,100,0,0.0,0,,,,,,,
42,26-27-friendly-bayern-münchen-vs-aston-villa-2026-08-07,67.0,0.0,0.0,1.0,,,0.0,0.0,,3.0,23.0,6.0,86.0,0.0,,0.0,0.0,0.0,0.0,0.0,0.0,1.0,0.0,0.0,,0.0,2.0,6.0,1.0,17.0,1.0,50.0,1.0,1.0,,,,,,,,2.0,,,,,,,,0.0,0,67,1,0.0,0,,,,,,,
203,26-27-friendly-crystal-palace-vs-swindon-town-2026-07-18,45.0,0.0,0.0,,,0.01,,1.0,,0.0,47.0,34.0,85.0,0.0,7.0,,,3.0,60.0,0.0,1.0,2.0,1.0,1.0,1.0,0.0,3.0,1.0,1.0,50.0,2.0,100.0,,1.0,,,,,,,,0.0,,,,,,,,0.0,46,90,0,0.0,0,,,,,,,
434,26-27-friendly-rosenborg-vs-manchester-united-2026-07-24,29.0,0.0,0.0,1.0,,,0.0,,,2.0,22.0,15.0,88.0,3.0,2.0,0.0,0.0,2.0,100.0,0.0,0.0,0.0,0.0,0.0,,0.0,,2.0,0.0,0.0,0.0,,,1.0,,,,,,,,0.0,,,,,,,,,61,90,0,0.0,0,,,,,,,
454,26-27-friendly-valencia-vs-newcastle-united-2026-08-08,39.0,0.0,0.0,,,0.02,,0.0,,1.0,17.0,9.0,64.0,0.0,1.0,,,2.0,100.0,0.0,0.0,0.0,0.0,0.0,,0.0,2.0,1.0,2.0,67.0,0.0,,2.0,0.0,,,,,,,,0.0,,,,,,,,0.0,0,39,1,0.0,0,,,,,,,
427,26-27-friendly-manchester-united-vs-atletico-madrid-2026-08-01,82.0,2.0,0.0,3.0,,,2.0,0.0,,3.0,32.0,12.0,75.0,1.0,1.0,1.0,50.0,,,1.0,0.0,0.0,0.0,0.0,,0.0,3.0,2.0,3.0,60.0,0.0,,2.0,1.0,,,,,,,,1.0,,,,,,,,1.0,0,82,1,1.0,0,,,,,,,
138,26-27-friendly-brighton-hove-albion-vs-roma-2026-08-08,30.0,0.0,0.0,,,,,,,0.0,21.0,14.0,93.0,0.0,1.0,,,,,0.0,0.0,1.0,0.0,1.0,,0.0,1.0,6.0,1.0,17.0,0.0,0.0,1.0,3.0,,,,,,,,0.0,,,,,,,,,60,90,0,0.0,0,,,,,,,
357,26-27-friendly-liverpool-vs-monaco-2026-08-09,75.0,0.0,0.0,1.0,,,1.0,,,2.0,35.0,23.0,92.0,1.0,5.0,,,1.0,50.0,0.0,0.0,2.0,0.0,0.0,,0.0,2.0,3.0,1.0,25.0,1.0,100.0,,1.0,,,,,,,,1.0,,,,,,,,,0,76,2,0.0,0,,,,,,,
148,26-27-friendly-chelsea-vs-tottenham-hotspur-2026-08-01,62.0,,,,,,,,,,,,,,,,,,,,,,,,,,,,,,,,,,,,,,,,,,,,,,,,,,0,62,0,,0,,,,,,,
152,26-27-friendly-chelsea-vs-tottenham-hotspur-2026-08-01,80.0,,,,,,,,,,,,,,,,,,,,,,,,,,,,,,,,,,,,,,,,,,,,,,,,,,0,80,0,,0,,,,,,,
306,26-27-friendly-ipswich-town-vs-osasuna-2026-07-29,60.0,,,,,,,,,,,,,,,,,,,,,,,,,,,,,,,,,,,,,,,,,,,,,,,,,,0,60,0,,0,,,,,,,
536,26-27-friendly-sunderland-vs-wrexham-2026-08-02,62.0,,,,,,,,,,,,,,,,,,,,,,,,,,,,,,,,,,,,,,,,,,,,,,,,,,0,62,0,,0,,,,,,,
323,26-27-friendly-oxford-united-vs-ipswich-town-2026-08-01,90.0,,,,,,,,,,,,,,,,,,,,,,,,,,,,,,,,,,,,,,,,,,,,,,,,,,0,90,0,,0,,,,,,,
294,26-27-friendly-konyaspor-vs-hull-city-2026-07-25,61.0,,,,,,,,,,,,,,,,,,,,,,,,,,,,,,,,,,,,,,,,,,,,,,,,,,0,61,0,,0,,,,,,,
35,26-27-friendly-walsall-vs-aston-villa-2026-07-21,46.0,,,,,,,,,,,,,,,,,,,,,,,,,,,,,,,,,,,,,,,,,,,,,,,,,,0,46,0,,0,,,,,,,
554,26-27-friendly-ipswich-town-vs-osasuna-2026-07-29,30.0,,,,,,,,,,,,,,,,,,,,,,,,,,,,,,,,,,,,,,,,,,,,,,,,,,60,90,0,,0,,,,,,,
35,26-27-friendly-bayern-münchen-vs-aston-villa-2026-08-07,30.0,0.0,1.0,,,,,0.0,,2.0,20.0,11.0,79.0,1.0,,,,,,1.0,1.0,1.0,0.0,0.0,,1.0,3.0,2.0,3.0,60.0,0.0,,2.0,0.0,,,,,,,,1.0,,,,,,,,2.0,59,90,1,0.0,0,,,,,,,
485,26-27-friendly-nottingham-forest-vs-blackburn-rovers-2026-07-22,44.0,,,,,,,,,,,,,,,,,,,,,,,,,,,,,,,,,,,,,,,,,,,,,,,,,,46,90,0,,0,,,,,,,
244,26-27-friendly-hamburger-sv-vs-everton-2026-08-01,20.0,,,,,,,,,,,,,,,,,,,,,,,,,,,,,,,,,,,,,,,,,,,,,,,,,,70,90,0,,0,,,,,,,
147,26-27-friendly-chelsea-vs-western-sydney-wanderers-fc-2026-07-28,63.0,,,,,,,,,,,,,,,,,,,,,,,,,,,,,,,,,,,,,,,,,,,,,,,,,,0,63,0,,0,,,,,,,
75,26-27-friendly-augsburg-vs-afc-bournemouth-2026-07-30,90.0,,,,,,,,,,,,,,,,,,,,,,,,,,,,,,,,,,,,,,,,,,,,,,,,,,0,90,0,,0,,,,,,,
35,26-27-friendly-fc-porto-vs-aston-villa-2026-07-25,84.0,,,,,,,,,,,,,,,,,,,,,,,,,,,,,,,,,,,,,,,,,,,,,,,,,,0,84,0,,0,,,,,,,
455,26-27-friendly-chelsea-vs-tottenham-hotspur-2026-08-01,81.0,1.0,,,,,,,,,,,,,,,,,,,,,,,,,,,,,,,,,,,,,,,,,,,,,,,,,0,81,0,,0,,,,,,,
538,26-27-friendly-leeds-united-vs-sunderland-2026-07-30,44.0,,,,,,,,,,,,,,,,,,,,,,,,,,,,,,,,,,,,,,,,,,,,,,,,,,46,90,0,,0,,,,,,,
547,26-27-friendly-sunderland-vs-wrexham-2026-08-02,46.0,,,,,,,,,,,,,,,,,,,,,,,,,,,,,,,,,,,,,,,,,,,,,,,,,,0,46,0,,0,,,,,,,
365,26-27-friendly-liverpool-vs-monaco-2026-08-09,15.0,0.0,0.0,,,,,,,0.0,9.0,5.0,71.0,0.0,,,,,,1.0,0.0,0.0,0.0,0.0,,0.0,1.0,,1.0,100.0,0.0,,,0.0,,,,,,,,0.0,,,,,,,,,76,90,1,0.0,0,,,,,,,
537,26-27-friendly-leeds-united-vs-sunderland-2026-07-30,24.0,,,,,,,,,,,,,,,,,,,,,,,,,,,,,,,,,,,,,,,,,,,,,,,,,,66,90,0,,0,,,,,,,
249,26-27-friendly-hamburger-sv-vs-everton-2026-08-01,82.0,,,,,,,,,,,,,,,,,,,,,,,,,,,,,,,,,,,,,,,,,,,,,,,,,,0,82,0,,0,,,,,,,
562,26-27-friendly-wycombe-wanderers-vs-ipswich-town-2026-08-01,46.0,,,,,,,,,,,,,,,,,,,,,,,,,,,,,,,,,,,,,,,,,,,,,,,,,,0,46,0,,0,,,,,,,
316,26-27-friendly-ipswich-town-vs-osasuna-2026-07-29,46.0,,,,,,,,,,,,,,,,,,,,,,,,,,,,,,,,,,,,,,,,,,,,,,,,,,0,46,0,,0,,,,,,,
282,26-27-friendly-kasımpaşa-vs-hull-city-2026-08-01,90.0,,,,,,,,,,,,,,,,,,,,,,,,,,,,,,,,,,,,,,,,,,,,,,,,,,0,90,0,,0,,,,,,,
257,26-27-friendly-al-ahli-vs-fulham-2026-07-28,80.0,,,,,,,,,,,,,,,,,,,,,,,,,,,,,,,,,,,,,,,,,,,,,,,,,,0,80,0,,0,,,,,,,
46,26-27-friendly-walsall-vs-aston-villa-2026-07-21,46.0,,,,,,,,,,,,,,,,,,,,,,,,,,,,,,,,,,,,,,,,,,,,,,,,,,0,46,0,,0,,,,,,,
335,26-27-friendly-leeds-united-vs-wrexham-2026-07-25,44.0,,,,,,,,,,,,,,,,,,,,,,,,,,,,,,,,,,,,,,,,,,,,,,,,,,46,90,0,,0,,,,,,,
306,26-27-friendly-wycombe-wanderers-vs-ipswich-town-2026-08-01,90.0,,,,,,,,,,,,,,,,,,,,,,,,,,,,,,,,,,,,,,,,,,,,,,,,,,0,90,0,,0,,,,,,,
242,26-27-friendly-hamburger-sv-vs-everton-2026-08-01,70.0,,,,,,,,,,,,,,,,,,,,,,,,,,,,,,,,,,,,,,,,,,,,,,,,,,0,70,0,,0,,,,,,,
491,26-27-friendly-nottingham-forest-vs-blackburn-rovers-2026-07-22,46.0,1.0,,,,,,,,,,,,,,,,,,,,,,,,,,,,,,,,,,,,,,,,,,,,,,,,,0,46,0,,0,,,,,,,
292,26-27-friendly-konyaspor-vs-hull-city-2026-07-25,22.0,,,,,,,,,,,,,,,,,,,,,,,,,,,,,,,,,,,,,,,,,,,,,,,,,,0,22,0,,0,,,,,,,
514,26-27-friendly-chelsea-vs-tottenham-hotspur-2026-08-01,76.0,,,,,,,,,,,,,,,,,,,,,,,,,,,,,,,,,,,,,,,,,,,,,,,,,,0,76,0,,0,,,,,,,
347,26-27-friendly-leeds-united-vs-wrexham-2026-07-25,44.0,,,,,,,,,,,,,,,,,,,,,,,,,,,,,,,,,,,,,,,,,,,,,,,,,,46,90,0,,0,,,,,,,
298,26-27-friendly-konyaspor-vs-hull-city-2026-07-25,61.0,1.0,,,,,,,,,,,,,,,,,,,,,,,,,,,,,,,,,,,,,,,,,,,,,,,,,0,61,0,,0,,,,,,,
532,26-27-friendly-sunderland-vs-wrexham-2026-08-02,46.0,,,,,,,,,,,,,,,,,,,,,,,,,,,,,,,,,,,,,,,,,,,,,,,,,,0,46,0,,0,,,,,,,
274,26-27-friendly-konyaspor-vs-hull-city-2026-07-25,46.0,,,,,,,,,,,,,,,,,,,,,,,,,,,,,,,,,,,,,,,,,,,,,,,,,,0,46,0,,0,,,,,,,
247,26-27-friendly-hamburger-sv-vs-everton-2026-08-01,70.0,,,,,,,,,,,,,,,,,,,,,,,,,,,,,,,,,,,,,,,,,,,,,,,,,,0,70,0,,0,,,,,,,
542,26-27-friendly-leeds-united-vs-sunderland-2026-07-30,67.0,,,,,,,,,,,,,,,,,,,,,,,,,,,,,,,,,,,,,,,,,,,,,,,,,,0,67,0,,0,,,,,,,
287,26-27-friendly-konyaspor-vs-hull-city-2026-07-25,29.0,,,,,,,,,,,,,,,,,,,,,,,,,,,,,,,,,,,,,,,,,,,,,,,,,,61,90,0,,0,,,,,,,
77,26-27-friendly-afc-bournemouth-vs-st.-pauli-2026-07-24,44.0,,,,,,,,,,,,,,,,,,,,,,,,,,,,,,,,,,,,,,,,,,,,,,,,,,46,90,0,,0,,,,,,,
261,26-27-friendly-al-ahli-vs-fulham-2026-07-28,80.0,,,,,,,,,,,,,,,,,,,,,,,,,,,,,,,,,,,,,,,,,,,,,,,,,,0,80,0,,0,,,,,,,
358,26-27-friendly-liverpool-vs-sunderland-2026-07-25,45.0,0.0,0.0,1.0,,,0.0,1.0,,2.0,42.0,22.0,81.0,0.0,5.0,1.0,25.0,1.0,50.0,1.0,0.0,3.0,0.0,0.0,,0.0,2.0,4.0,2.0,33.0,0.0,,,2.0,,,,,,,,0.0,,,,,,,,1.0,46,90,1,0.0,0,,,,,,,
386,26-27-friendly-manchester-city-vs-inter-2026-08-01,,,,,,,,,,,,,,,,,,,,,,,,,,,,,,,,,,,,,,,,,,,,,,,,,,,0,121,1,0.0,0,,,,,,,
378,26-27-friendly-liverpool-vs-sunderland-2026-07-25,57.0,0.0,0.0,,,,,,,1.0,33.0,24.0,92.0,0.0,1.0,,,3.0,100.0,0.0,2.0,0.0,1.0,1.0,,0.0,2.0,1.0,2.0,100.0,0.0,0.0,1.0,0.0,,,,,,,,0.0,,,,,,,,,0,57,2,0.0,0,,,,,,,
528,26-27-friendly-auckland-fc-vs-tottenham-hotspur-2026-07-26,62.0,1.0,0.0,7.0,,,3.0,0.0,,8.0,22.0,7.0,88.0,0.0,,,,,,2.0,0.0,0.0,0.0,0.0,,0.0,5.0,2.0,3.0,60.0,2.0,100.0,1.0,1.0,,,,,,,,1.0,,,,,,,,2.0,0,62,0,0.0,0,,,,,,,
514,26-27-friendly-auckland-fc-vs-tottenham-hotspur-2026-07-26,27.0,0.0,1.0,2.0,,,1.0,3.0,,6.0,35.0,16.0,84.0,2.0,1.0,2.0,50.0,1.0,100.0,0.0,0.0,4.0,0.0,0.0,,0.0,3.0,4.0,3.0,43.0,0.0,,,1.0,,,,,,,,0.0,,,,,,,,0.0,63,90,0,0.0,0,,,,,,,
523,26-27-friendly-auckland-fc-vs-tottenham-hotspur-2026-07-26,63.0,0.0,0.0,2.0,,,0.0,1.0,,6.0,37.0,16.0,84.0,2.0,3.0,1.0,50.0,2.0,100.0,0.0,0.0,5.0,0.0,0.0,,3.0,3.0,8.0,2.0,20.0,1.0,100.0,1.0,0.0,,,,,,,,4.0,,,,,,,,0.0,0,63,0,0.0,0,,,,,,,
366,26-27-friendly-liverpool-vs-monaco-2026-08-09,59.0,1.0,0.0,4.0,,,2.0,,,4.0,46.0,29.0,88.0,1.0,2.0,0.0,0.0,0.0,0.0,2.0,0.0,5.0,0.0,0.0,,1.0,3.0,2.0,3.0,60.0,0.0,,1.0,0.0,,,,,,,,1.0,,,,,,,,,0,60,2,0.0,0,,,,,,,
358,26-27-friendly-liverpool-vs-monaco-2026-08-09,31.0,0.0,0.0,,,,,,,0.0,28.0,17.0,81.0,0.0,4.0,0.0,0.0,0.0,0.0,0.0,0.0,2.0,2.0,0.0,,0.0,,,,,0.0,,,0.0,,,,,,,,0.0,,,,,,,,,60,90,1,0.0,0,,,,,,,
378,26-27-friendly-liverpool-vs-monaco-2026-08-09,31.0,0.0,0.0,,,,,,,1.0,7.0,4.0,67.0,0.0,,,,0.0,0.0,0.0,0.0,1.0,0.0,1.0,1.0,0.0,,2.0,0.0,0.0,0.0,,,2.0,,,,,,,,0.0,,,,,,,,,60,90,1,0.0,0,,,,,,,
409,26-27-friendly-manchester-city-vs-inter-2026-08-01,,,,,,,,,,,,,,,,,,,,,,,,,,,,,,,,,,,,,,,,,,,,,,,,,,,0,121,1,0.0,0,,,,,,,
324,26-27-friendly-wycombe-wanderers-vs-ipswich-town-2026-08-01,90.0,,,,,,,,,,,,,,,,,,,,,,,,,,,,,,,,,,,,,,,,,,,,,,,,,,0,90,0,,0,,,,,,,
286,26-27-friendly-kasımpaşa-vs-hull-city-2026-08-01,46.0,,,,,,,,,,,,,,,,,,,,,,,,,,,,,,,,,,,,,,,,,,,,,,,,,,0,46,0,,0,,,,,,,
370,26-27-friendly-liverpool-vs-sunderland-2026-07-25,45.0,1.0,0.0,1.0,,,1.0,0.0,,2.0,18.0,12.0,92.0,2.0,,,,,,1.0,0.0,0.0,1.0,0.0,,0.0,1.0,1.0,1.0,50.0,0.0,,,1.0,,,,,,,,0.0,,,,,,,,1.0,46,90,1,0.0,0,,,,,,,
368,26-27-friendly-liverpool-vs-sunderland-2026-07-25,45.0,1.0,1.0,1.0,,,1.0,0.0,,0.0,34.0,28.0,97.0,2.0,3.0,0.0,0.0,4.0,100.0,0.0,0.0,0.0,0.0,1.0,1.0,1.0,,3.0,0.0,0.0,0.0,,,2.0,,,,,,,,0.0,,,,,,,,0.0,46,90,1,0.0,0,,,,,,,
434,26-27-friendly-manchester-united-vs-atletico-madrid-2026-08-01,45.0,0.0,0.0,,,,,0.0,,1.0,21.0,15.0,88.0,0.0,1.0,,,,,0.0,2.0,2.0,0.0,0.0,,0.0,,1.0,0.0,0.0,0.0,,,0.0,,,,,,,,0.0,,,,,,,,0.0,46,90,0,0.0,0,,,,,,,
50,26-27-friendly-walsall-vs-aston-villa-2026-07-21,44.0,,,,,,,,,,,,,,,,,,,,,,,,,,,,,,,,,,,,,,,,,,,,,,,,,,46,90,0,,0,,,,,,,
352,26-27-friendly-liverpool-vs-wrexham-2026-07-29,,,,,,,,,,,,,,,,,,,,,,,,,,,,,,,,,,,,,,,,,,,,,,,,,,,0,90,0,0.0,0,,,,,,,
532,26-27-friendly-liverpool-vs-sunderland-2026-07-25,45.0,0.0,0.0,,,,,0.0,,0.0,28.0,23.0,88.0,0.0,4.0,,,2.0,67.0,0.0,1.0,3.0,0.0,1.0,1.0,0.0,,1.0,0.0,0.0,0.0,,,1.0,,,,,,,,0.0,,,,,,,,0.0,0,46,1,0.0,0,,,,,,,
542,26-27-friendly-liverpool-vs-sunderland-2026-07-25,45.0,1.0,0.0,1.0,,,1.0,0.0,,3.0,30.0,20.0,83.0,2.0,2.0,,,1.0,100.0,1.0,0.0,0.0,0.0,0.0,,1.0,2.0,3.0,1.0,33.0,1.0,50.0,,1.0,,,,,,,,0.0,,,,,,,,1.0,0,46,1,0.0,0,,,,,,,
364,26-27-friendly-liverpool-vs-wrexham-2026-07-29,45.0,0.0,0.0,,,,,1.0,,1.0,54.0,31.0,91.0,1.0,5.0,0.0,0.0,5.0,100.0,0.0,2.0,5.0,0.0,0.0,,0.0,3.0,1.0,3.0,75.0,0.0,,2.0,0.0,,,,,,,,0.0,,,,,,,,0.0,46,90,0,0.0,0,,,,,,,
368,26-27-friendly-liverpool-vs-wrexham-2026-07-29,76.0,0.0,1.0,2.0,,,1.0,2.0,,0.0,86.0,64.0,96.0,2.0,6.0,0.0,0.0,4.0,100.0,0.0,1.0,4.0,0.0,1.0,1.0,0.0,3.0,3.0,3.0,50.0,0.0,,1.0,1.0,,,,,,,,0.0,,,,,,,,0.0,0,76,0,0.0,0,,,,,,,
373,26-27-friendly-liverpool-vs-wrexham-2026-07-29,45.0,0.0,0.0,,,,,0.0,,0.0,55.0,46.0,88.0,0.0,13.0,,,5.0,71.0,0.0,0.0,1.0,0.0,0.0,,2.0,,2.0,0.0,0.0,0.0,,,0.0,,,,,,,,0.0,,,,,,,,0.0,46,90,0,0.0,0,,,,,,,
59,26-27-friendly-afc-bournemouth-vs-st.-pauli-2026-07-24,44.0,,,,,,,,,,,,,,,,,,,,,,,,,,,,,,,,,,,,,,,,,,,,,,,,,,46,90,0,,0,,,,,,,
75,26-27-friendly-afc-bournemouth-vs-st.-pauli-2026-07-24,46.0,,,,,,,,,,,,,,,,,,,,,,,,,,,,,,,,,,,,,,,,,,,,,,,,,,0,46,0,,0,,,,,,,
330,26-27-friendly-leeds-united-vs-sunderland-2026-07-30,71.0,,,,,,,,,,,,,,,,,,,,,,,,,,,,,,,,,,,,,,,,,,,,,,,,,,0,71,0,,0,,,,,,,
269,26-27-friendly-al-ahli-vs-fulham-2026-07-28,68.0,1.0,,,,,,,,,,,,,,,,,,,,,,,,,,,,,,,,,,,,,,,,,,,,,,,,,0,68,0,,0,,,,,,,
33,26-27-friendly-walsall-vs-aston-villa-2026-07-21,44.0,,,,,,,,,,,,,,,,,,,,,,,,,,,,,,,,,,,,,,,,,,,,,,,,,,46,90,0,,0,,,,,,,
329,26-27-friendly-leeds-united-vs-wrexham-2026-07-25,90.0,,,,,,,,,,,,,,,,,,,,,,,,,,,,,,,,,,,,,,,,,,,,,,,,,,0,90,0,,0,,,,,,,
529,26-27-friendly-sunderland-vs-wrexham-2026-08-02,62.0,,,,,,,,,,,,,,,,,,,,,,,,,,,,,,,,,,,,,,,,,,,,,,,,,,0,62,0,,0,,,,,,,
295,26-27-friendly-konyaspor-vs-hull-city-2026-07-25,29.0,,,,,,,,,,,,,,,,,,,,,,,,,,,,,,,,,,,,,,,,,,,,,,,,,,61,90,0,,0,,,,,,,
545,26-27-friendly-leeds-united-vs-sunderland-2026-07-30,23.0,,,,,,,,,,,,,,,,,,,,,,,,,,,,,,,,,,,,,,,,,,,,,,,,,,67,90,0,,0,,,,,,,
282,26-27-friendly-konyaspor-vs-hull-city-2026-07-25,33.0,,,,,,,,,,,,,,,,,,,,,,,,,,,,,,,,,,,,,,,,,,,,,,,,,,46,79,0,,0,,,,,,,
263,26-27-friendly-al-ahli-vs-fulham-2026-07-28,28.0,,,,,,,,,,,,,,,,,,,,,,,,,,,,,,,,,,,,,,,,,,,,,,,,,,62,90,0,,0,,,,,,,
492,26-27-friendly-nottingham-forest-vs-blackburn-rovers-2026-07-22,44.0,1.0,,,,,,,,,,,,,,,,,,,,,,,,,,,,,,,,,,,,,,,,,,,,,,,,,46,90,0,,0,,,,,,,
165,26-27-friendly-chelsea-vs-western-sydney-wanderers-fc-2026-07-28,27.0,3.0,,,,,,,,,,,,,,,,,,,,,,,,,,,,,,,,,,,,,,,,,,,,,,,,,63,90,0,,0,,,,,,,
244,26-27-friendly-bolton-wanderers-vs-everton-2026-07-25,46.0,,,,,,,,,,,,,,,,,,,,,,,,,,,,,,,,,,,,,,,,,,,,,,,,,,0,46,0,,0,,,,,,,
147,26-27-friendly-chelsea-vs-tottenham-hotspur-2026-08-01,10.0,,,,,,,,,,,,,,,,,,,,,,,,,,,,,,,,,,,,,,,,,,,,,,,,,,80,90,0,,0,,,,,,,
290,26-27-friendly-kasımpaşa-vs-hull-city-2026-08-01,90.0,,,,,,,,,,,,,,,,,,,,,,,,,,,,,,,,,,,,,,,,,,,,,,,,,,0,90,0,,0,,,,,,,
245,26-27-friendly-hamburger-sv-vs-everton-2026-08-01,20.0,,,,,,,,,,,,,,,,,,,,,,,,,,,,,,,,,,,,,,,,,,,,,,,,,,70,90,0,,0,,,,,,,
320,26-27-friendly-oxford-united-vs-ipswich-town-2026-08-01,90.0,,,,,,,,,,,,,,,,,,,,,,,,,,,,,,,,,,,,,,,,,,,,,,,,,,0,90,0,,0,,,,,,,
311,26-27-friendly-oxford-united-vs-ipswich-town-2026-08-01,77.0,,,,,,,,,,,,,,,,,,,,,,,,,,,,,,,,,,,,,,,,,,,,,,,,,,0,77,0,,0,,,,,,,
167,26-27-friendly-chelsea-vs-tottenham-hotspur-2026-08-01,10.0,,,,,,,,,,,,,,,,,,,,,,,,,,,,,,,,,,,,,,,,,,,,,,,,,,80,90,0,,0,,,,,,,
112,26-27-friendly-chelsea-vs-tottenham-hotspur-2026-08-01,46.0,,,,,,,,,,,,,,,,,,,,,,,,,,,,,,,,,,,,,,,,,,,,,,,,,,0,46,0,,0,,,,,,,
230,26-27-friendly-bolton-wanderers-vs-everton-2026-07-25,46.0,,,,,,,,,,,,,,,,,,,,,,,,,,,,,,,,,,,,,,,,,,,,,,,,,,0,46,0,,0,,,,,,,
369,26-27-friendly-liverpool-vs-monaco-2026-08-09,31.0,0.0,0.0,1.0,,,0.0,,,0.0,10.0,3.0,60.0,0.0,1.0,,,0.0,0.0,1.0,0.0,1.0,0.0,0.0,,0.0,2.0,2.0,2.0,50.0,0.0,,1.0,0.0,,,,,,,,0.0,,,,,,,,,60,90,1,0.0,0,,,,,,,
497,26-27-friendly-auckland-fc-vs-tottenham-hotspur-2026-07-26,,,,,,,,,,,,,,,,,,,,,,,,,,,,,,,,,,,,,,,,,,,,,,,,,,,0,90,0,0.0,0,,,,,,,
224,26-27-friendly-crystal-palace-vs-swindon-town-2026-07-18,45.0,2.0,0.0,4.0,0.68,0.02,3.0,0.0,,6.0,18.0,5.0,83.0,0.0,1.0,,,,,1.0,0.0,1.0,0.0,0.0,,0.0,4.0,6.0,2.0,40.0,2.0,40.0,1.0,2.0,,,,,,,,0.0,,,,,,,1.42,1.0,0,46,1,0.0,0,,,,,,,
562,26-27-friendly-ipswich-town-vs-rayo-vallecano-2026-08-08,46.0,,,,,,,,,,,,,,,,,,,,,,,,,,,,,,,,,,,,,,,,,,,,,,,,,,0,46,0,0.0,0,,,,,,,
218,26-27-friendly-crystal-palace-vs-swindon-town-2026-07-18,45.0,0.0,0.0,,,0.01,,0.0,,0.0,30.0,22.0,88.0,0.0,3.0,,,1.0,100.0,0.0,4.0,3.0,0.0,0.0,,0.0,1.0,1.0,,,1.0,50.0,,0.0,,,,,,,,0.0,,,,,,,,0.0,46,90,0,0.0,0,,,,,,,
404,26-27-friendly-manchester-city-vs-atletico-madrid-2026-08-09,90.0,0.0,0.0,3.0,,,2.0,1.0,,2.0,61.0,44.0,96.0,0.0,6.0,1.0,33.0,0.0,0.0,1.0,0.0,2.0,0.0,1.0,,1.0,2.0,3.0,2.0,40.0,0.0,,,0.0,,,,,,,,1.0,,,,,,,,1.0,0,90,1,0.0,0,,,,,,,
357,26-27-friendly-liverpool-vs-wrexham-2026-07-29,27.0,0.0,0.0,,,,,0.0,,0.0,24.0,17.0,89.0,0.0,2.0,,,1.0,33.0,0.0,0.0,0.0,0.0,2.0,,0.0,,1.0,,,0.0,0.0,,0.0,,,,,,,,0.0,,,,,,,,0.0,63,90,0,0.0,0,,,,,,,
207,26-27-friendly-crystal-palace-vs-swindon-town-2026-07-18,45.0,0.0,0.0,,,0.02,,0.0,,0.0,26.0,14.0,82.0,0.0,3.0,,,2.0,50.0,1.0,0.0,2.0,0.0,0.0,,1.0,1.0,8.0,1.0,11.0,0.0,,,3.0,,,,,,,,1.0,,,,,,,,1.0,0,46,1,0.0,0,,,,,,,
365,26-27-friendly-liverpool-vs-wrexham-2026-07-29,63.0,0.0,0.0,,,,,0.0,,0.0,63.0,47.0,87.0,0.0,9.0,0.0,0.0,1.0,25.0,0.0,0.0,1.0,0.0,1.0,,0.0,1.0,4.0,1.0,20.0,0.0,,1.0,1.0,,,,,,,,1.0,,,,,,,,0.0,0,63,0,0.0,0,,,,,,,
533,26-27-friendly-liverpool-vs-sunderland-2026-07-25,45.0,0.0,0.0,,,,,0.0,,0.0,25.0,12.0,67.0,0.0,4.0,0.0,0.0,1.0,50.0,2.0,0.0,3.0,0.0,0.0,,0.0,5.0,,3.0,100.0,2.0,100.0,1.0,0.0,,,,,,,,0.0,,,,,,,,2.0,0,46,1,0.0,0,,,,,,,
316,26-27-friendly-ipswich-town-vs-rayo-vallecano-2026-08-08,46.0,1.0,,,,,,,,,,,,,,,,,,,,,,,,,,,,,,,,,,,,,,,,,,,,,,,,,0,46,0,0.0,0,,,,,,,
547,26-27-friendly-leeds-united-vs-sunderland-2026-07-30,46.0,,,,,,,,,,,,,,,,,,,,,,,,,,,,,,,,,,,,,,,,,,,,,,,,,,0,46,0,,0,,,,,,,
543,26-27-friendly-leeds-united-vs-sunderland-2026-07-30,23.0,,,,,,,,,,,,,,,,,,,,,,,,,,,,,,,,,,,,,,,,,,,,,,,,,,67,90,0,,0,,,,,,,
364,26-27-friendly-liverpool-vs-sunderland-2026-07-25,45.0,0.0,0.0,,,,,0.0,,0.0,31.0,21.0,81.0,0.0,3.0,,,1.0,33.0,0.0,0.0,3.0,0.0,1.0,,0.0,,2.0,0.0,0.0,0.0,,,2.0,,,,,,,,0.0,,,,,,,,0.0,0,46,1,0.0,0,,,,,,,
530,26-27-friendly-liverpool-vs-sunderland-2026-07-25,,,,,,,,,,,,,,,,,,,,,,,,,,,,,,,,,,,,,,,,,,,,,,,,,,,0,90,4,0.0,0,,,,,,,
333,26-27-friendly-manchester-united-vs-leeds-united-2026-08-12,90.0,,,0.0,,,0.0,0.0,,1.0,64.0,,88.0,,3.0,0.0,,,0.0,0.0,1.0,0.0,0.0,4.0,3.0,1.0,1.0,6.0,1.0,33.0,0.0,0.0,,1.0,0.0,1.0,,,,,,,,,,,,,,0.0,0,121,1,0.0,0,,,,,,,
305,26-27-friendly-ipswich-town-vs-osasuna-2026-07-29,60.0,,,,,,,,,,,,,,,,,,,,,,,,,,,,,,,,,,,,,,,,,,,,,,,,,,0,60,0,,0,,,,,,,
235,26-27-friendly-bolton-wanderers-vs-everton-2026-07-25,46.0,,,,,,,,,,,,,,,,,,,,,,,,,,,,,,,,,,,,,,,,,,,,,,,,,,0,46,0,,0,,,,,,,
508,26-27-friendly-chelsea-vs-tottenham-hotspur-2026-08-01,81.0,,,,,,,,,,,,,,,,,,,,,,,,,,,,,,,,,,,,,,,,,,,,,,,,,,0,81,0,,0,,,,,,,
554,26-27-friendly-oxford-united-vs-ipswich-town-2026-08-01,62.0,,,,,,,,,,,,,,,,,,,,,,,,,,,,,,,,,,,,,,,,,,,,,,,,,,0,62,0,,0,,,,,,,
305,26-27-friendly-wycombe-wanderers-vs-ipswich-town-2026-08-01,85.0,,,,,,,,,,,,,,,,,,,,,,,,,,,,,,,,,,,,,,,,,,,,,,,,,,0,85,0,,0,,,,,,,
493,26-27-friendly-nottingham-forest-vs-blackburn-rovers-2026-07-22,44.0,1.0,,,,,,,,,,,,,,,,,,,,,,,,,,,,,,,,,,,,,,,,,,,,,,,,,46,90,0,,0,,,,,,,
230,26-27-friendly-hamburger-sv-vs-everton-2026-08-01,70.0,,,,,,,,,,,,,,,,,,,,,,,,,,,,,,,,,,,,,,,,,,,,,,,,,,0,70,0,,0,,,,,,,
290,26-27-friendly-konyaspor-vs-hull-city-2026-07-25,29.0,,,,,,,,,,,,,,,,,,,,,,,,,,,,,,,,,,,,,,,,,,,,,,,,,,61,90,0,,0,,,,,,,
256,26-27-friendly-farense-vs-fulham-2026-08-01,44.0,,,,,,,,,,,,,,,,,,,,,,,,,,,,,,,,,,,,,,,,,,,,,,,,,,46,90,0,,0,,,,,,,
533,26-27-friendly-sunderland-vs-wrexham-2026-08-02,53.0,1.0,,,,,,,,,,,,,,,,,,,,,,,,,,,,,,,,,,,,,,,,,,,,,,,,,0,53,0,,0,,,,,,,
29,26-27-friendly-fc-porto-vs-aston-villa-2026-07-25,46.0,,,,,,,,,,,,,,,,,,,,,,,,,,,,,,,,,,,,,,,,,,,,,,,,,,0,46,0,,0,,,,,,,
157,26-27-friendly-chelsea-vs-tottenham-hotspur-2026-08-01,69.0,1.0,,,,,,,,,,,,,,,,,,,,,,,,,,,,,,,,,,,,,,,,,,,,,,,,,0,69,0,,0,,,,,,,
32,26-27-friendly-aston-villa-vs-real-sociedad-2026-07-28,68.0,,,,,,,,,,,,,,,,,,,,,,,,,,,,,,,,,,,,,,,,,,,,,,,,,,0,68,0,,0,,,,,,,
246,26-27-friendly-hamburger-sv-vs-everton-2026-08-01,90.0,1.0,,,,,,,,,,,,,,,,,,,,,,,,,,,,,,,,,,,,,,,,,,,,,,,,,0,90,0,,0,,,,,,,
531,26-27-friendly-leeds-united-vs-sunderland-2026-07-30,90.0,,,,,,,,,,,,,,,,,,,,,,,,,,,,,,,,,,,,,,,,,,,,,,,,,,0,90,0,,0,,,,,,,
241,26-27-friendly-bolton-wanderers-vs-everton-2026-07-25,82.0,,,,,,,,,,,,,,,,,,,,,,,,,,,,,,,,,,,,,,,,,,,,,,,,,,0,82,0,,0,,,,,,,
50,26-27-friendly-aston-villa-vs-real-sociedad-2026-07-28,90.0,,,,,,,,,,,,,,,,,,,,,,,,,,,,,,,,,,,,,,,,,,,,,,,,,,0,90,0,,0,,,,,,,
240,26-27-friendly-bolton-wanderers-vs-everton-2026-07-25,82.0,,,,,,,,,,,,,,,,,,,,,,,,,,,,,,,,,,,,,,,,,,,,,,,,,,0,82,0,,0,,,,,,,
36,26-27-friendly-walsall-vs-aston-villa-2026-07-21,46.0,,,,,,,,,,,,,,,,,,,,,,,,,,,,,,,,,,,,,,,,,,,,,,,,,,0,46,0,,0,,,,,,,
343,26-27-friendly-leeds-united-vs-sunderland-2026-07-30,40.0,,,,,,,,,,,,,,,,,,,,,,,,,,,,,,,,,,,,,,,,,,,,,,,,,,50,90,0,,0,,,,,,,
469,26-27-friendly-nottingham-forest-vs-blackburn-rovers-2026-07-22,46.0,,,,,,,,,,,,,,,,,,,,,,,,,,,,,,,,,,,,,,,,,,,,,,,,,,0,46,0,,0,,,,,,,
552,26-27-friendly-sunderland-vs-wrexham-2026-08-02,62.0,,,,,,,,,,,,,,,,,,,,,,,,,,,,,,,,,,,,,,,,,,,,,,,,,,0,62,0,,0,,,,,,,
240,26-27-friendly-hamburger-sv-vs-everton-2026-08-01,70.0,,,,,,,,,,,,,,,,,,,,,,,,,,,,,,,,,,,,,,,,,,,,,,,,,,0,70,0,,0,,,,,,,
68,26-27-friendly-afc-bournemouth-vs-st.-pauli-2026-07-24,46.0,,,,,,,,,,,,,,,,,,,,,,,,,,,,,,,,,,,,,,,,,,,,,,,,,,0,46,0,,0,,,,,,,
321,26-27-friendly-oxford-united-vs-ipswich-town-2026-08-01,90.0,,,,,,,,,,,,,,,,,,,,,,,,,,,,,,,,,,,,,,,,,,,,,,,,,,0,90,0,,0,,,,,,,
533,26-27-friendly-leeds-united-vs-sunderland-2026-07-30,66.0,,,,,,,,,,,,,,,,,,,,,,,,,,,,,,,,,,,,,,,,,,,,,,,,,,0,66,0,,0,,,,,,,
33,26-27-friendly-aston-villa-vs-real-sociedad-2026-07-28,46.0,,,,,,,,,,,,,,,,,,,,,,,,,,,,,,,,,,,,,,,,,,,,,,,,,,0,46,0,,0,,,,,,,
49,26-27-friendly-walsall-vs-aston-villa-2026-07-21,25.0,,,,,,,,,,,,,,,,,,,,,,,,,,,,,,,,,,,,,,,,,,,,,,,,,,65,90,0,,0,,,,,,,
228,26-27-friendly-hamburger-sv-vs-everton-2026-08-01,8.0,,,,,,,,,,,,,,,,,,,,,,,,,,,,,,,,,,,,,,,,,,,,,,,,,,82,90,0,,0,,,,,,,
296,26-27-friendly-kasımpaşa-vs-hull-city-2026-08-01,44.0,,,,,,,,,,,,,,,,,,,,,,,,,,,,,,,,,,,,,,,,,,,,,,,,,,46,90,0,,0,,,,,,,
309,26-27-friendly-ipswich-town-vs-osasuna-2026-07-29,60.0,,,,,,,,,,,,,,,,,,,,,,,,,,,,,,,,,,,,,,,,,,,,,,,,,,0,60,0,,0,,,,,,,
467,26-27-friendly-nottingham-forest-vs-blackburn-rovers-2026-07-22,46.0,,,,,,,,,,,,,,,,,,,,,,,,,,,,,,,,,,,,,,,,,,,,,,,,,,0,46,0,,0,,,,,,,
80,26-27-friendly-afc-bournemouth-vs-st.-pauli-2026-07-24,46.0,,,,,,,,,,,,,,,,,,,,,,,,,,,,,,,,,,,,,,,,,,,,,,,,,,0,46,0,,0,,,,,,,
480,26-27-friendly-nottingham-forest-vs-blackburn-rovers-2026-07-22,46.0,,,,,,,,,,,,,,,,,,,,,,,,,,,,,,,,,,,,,,,,,,,,,,,,,,0,46,0,,0,,,,,,,
52,26-27-friendly-walsall-vs-aston-villa-2026-07-21,44.0,,,,,,,,,,,,,,,,,,,,,,,,,,,,,,,,,,,,,,,,,,,,,,,,,,46,90,0,,0,,,,,,,
323,26-27-friendly-ipswich-town-vs-rayo-vallecano-2026-08-08,8.0,,,,,,,,,,,,,,,,,,,,,,,,,,,,,,,,,,,,,,,,,,,,,,,,,,82,90,0,0.0,0,,,,,,,
308,26-27-friendly-ipswich-town-vs-rayo-vallecano-2026-08-08,8.0,,,,,,,,,,,,,,,,,,,,,,,,,,,,,,,,,,,,,,,,,,,,,,,,,,82,90,0,0.0,0,,,,,,,
71,26-27-friendly-afc-bournemouth-vs-st.-pauli-2026-07-24,44.0,,,,,,,,,,,,,,,,,,,,,,,,,,,,,,,,,,,,,,,,,,,,,,,,,,46,90,0,,0,,,,,,,
72,26-27-friendly-afc-bournemouth-vs-st.-pauli-2026-07-24,71.0,1.0,,,,,,,,,,,,,,,,,,,,,,,,,,,,,,,,,,,,,,,,,,,,,,,,,19,90,0,,0,,,,,,,
539,26-27-friendly-leeds-united-vs-sunderland-2026-07-30,66.0,,,,,,,,,,,,,,,,,,,,,,,,,,,,,,,,,,,,,,,,,,,,,,,,,,0,66,0,,0,,,,,,,
332,26-27-friendly-leeds-united-vs-sunderland-2026-07-30,41.0,,,,,,,,,,,,,,,,,,,,,,,,,,,,,,,,,,,,,,,,,,,,,,,,,,49,90,0,,0,,,,,,,
338,26-27-friendly-leeds-united-vs-sunderland-2026-07-30,40.0,,,,,,,,,,,,,,,,,,,,,,,,,,,,,,,,,,,,,,,,,,,,,,,,,,50,90,0,,0,,,,,,,
165,26-27-friendly-chelsea-vs-tottenham-hotspur-2026-08-01,80.0,,,,,,,,,,,,,,,,,,,,,,,,,,,,,,,,,,,,,,,,,,,,,,,,,,0,80,0,,0,,,,,,,
332,26-27-friendly-leeds-united-vs-wrexham-2026-07-25,90.0,,,,,,,,,,,,,,,,,,,,,,,,,,,,,,,,,,,,,,,,,,,,,,,,,,0,90,0,,0,,,,,,,
145,26-27-friendly-chelsea-vs-tottenham-hotspur-2026-08-01,80.0,,,,,,,,,,,,,,,,,,,,,,,,,,,,,,,,,,,,,,,,,,,,,,,,,,0,80,0,,0,,,,,,,
348,26-27-friendly-leeds-united-vs-wrexham-2026-07-25,46.0,1.0,,,,,,,,,,,,,,,,,,,,,,,,,,,,,,,,,,,,,,,,,,,,,,,,,0,46,0,,0,,,,,,,
335,26-27-friendly-leeds-united-vs-sunderland-2026-07-30,41.0,,,,,,,,,,,,,,,,,,,,,,,,,,,,,,,,,,,,,,,,,,,,,,,,,,49,90,0,,0,,,,,,,
33,26-27-friendly-fc-porto-vs-aston-villa-2026-07-25,72.0,,,,,,,,,,,,,,,,,,,,,,,,,,,,,,,,,,,,,,,,,,,,,,,,,,0,72,0,,0,,,,,,,
240,26-27-friendly-stoke-city-vs-everton-2026-07-28,44.0,,,,,,,,,,,,,,,,,,,,,,,,,,,,,,,,,,,,,,,,,,,,,,,,,,46,90,0,,0,,,,,,,
70,26-27-friendly-afc-bournemouth-vs-st.-pauli-2026-07-24,44.0,,,,,,,,,,,,,,,,,,,,,,,,,,,,,,,,,,,,,,,,,,,,,,,,,,46,90,0,,0,,,,,,,
69,26-27-friendly-augsburg-vs-afc-bournemouth-2026-07-30,90.0,,,,,,,,,,,,,,,,,,,,,,,,,,,,,,,,,,,,,,,,,,,,,,,,,,0,90,0,,0,,,,,,,
250,26-27-friendly-al-ahli-vs-fulham-2026-07-28,46.0,,,,,,,,,,,,,,,,,,,,,,,,,,,,,,,,,,,,,,,,,,,,,,,,,,0,46,0,,0,,,,,,,
151,26-27-friendly-chelsea-vs-western-sydney-wanderers-fc-2026-07-28,63.0,,,,,,,,,,,,,,,,,,,,,,,,,,,,,,,,,,,,,,,,,,,,,,,,,,0,63,0,,0,,,,,,,
272,26-27-friendly-al-ahli-vs-fulham-2026-07-28,22.0,,,,,,,,,,,,,,,,,,,,,,,,,,,,,,,,,,,,,,,,,,,,,,,,,,68,90,0,,0,,,,,,,
281,26-27-friendly-konyaspor-vs-hull-city-2026-07-25,61.0,,,,,,,,,,,,,,,,,,,,,,,,,,,,,,,,,,,,,,,,,,,,,,,,,,0,61,0,,0,,,,,,,
229,26-27-friendly-bolton-wanderers-vs-everton-2026-07-25,82.0,,,,,,,,,,,,,,,,,,,,,,,,,,,,,,,,,,,,,,,,,,,,,,,,,,0,82,0,,0,,,,,,,
552,26-27-friendly-leeds-united-vs-sunderland-2026-07-30,39.0,,,,,,,,,,,,,,,,,,,,,,,,,,,,,,,,,,,,,,,,,,,,,,,,,,0,39,0,,0,,,,,,,
314,26-27-friendly-oxford-united-vs-ipswich-town-2026-08-01,90.0,,,,,,,,,,,,,,,,,,,,,,,,,,,,,,,,,,,,,,,,,,,,,,,,,,0,90,0,,0,,,,,,,
161,26-27-friendly-chelsea-vs-tottenham-hotspur-2026-08-01,46.0,,,,,,,,,,,,,,,,,,,,,,,,,,,,,,,,,,,,,,,,,,,,,,,,,,0,46,0,,0,,,,,,,
534,26-27-friendly-leeds-united-vs-sunderland-2026-07-30,67.0,,,,,,,,,,,,,,,,,,,,,,,,,,,,,,,,,,,,,,,,,,,,,,,,,,0,67,0,,0,,,,,,,
339,26-27-friendly-leeds-united-vs-wrexham-2026-07-25,46.0,1.0,,,,,,,,,,,,,,,,,,,,,,,,,,,,,,,,,,,,,,,,,,,,,,,,,0,46,0,,0,,,,,,,
228,26-27-friendly-stoke-city-vs-everton-2026-07-28,29.0,,,,,,,,,,,,,,,,,,,,,,,,,,,,,,,,,,,,,,,,,,,,,,,,,,61,90,0,,0,,,,,,,
235,26-27-friendly-stoke-city-vs-everton-2026-07-28,29.0,,,,,,,,,,,,,,,,,,,,,,,,,,,,,,,,,,,,,,,,,,,,,,,,,,61,90,0,,0,,,,,,,
520,26-27-friendly-chelsea-vs-tottenham-hotspur-2026-08-01,72.0,,,,,,,,,,,,,,,,,,,,,,,,,,,,,,,,,,,,,,,,,,,,,,,,,,0,72,0,,0,,,,,,,
539,26-27-friendly-sunderland-vs-wrexham-2026-08-02,62.0,,,,,,,,,,,,,,,,,,,,,,,,,,,,,,,,,,,,,,,,,,,,,,,,,,0,62,0,,0,,,,,,,
29,26-27-friendly-aston-villa-vs-real-sociedad-2026-07-28,46.0,,,,,,,,,,,,,,,,,,,,,,,,,,,,,,,,,,,,,,,,,,,,,,,,,,0,46,0,,0,,,,,,,
486,26-27-friendly-nottingham-forest-vs-blackburn-rovers-2026-07-22,46.0,,,,,,,,,,,,,,,,,,,,,,,,,,,,,,,,,,,,,,,,,,,,,,,,,,0,46,0,,0,,,,,,,
496,26-27-friendly-chelsea-vs-tottenham-hotspur-2026-08-01,90.0,,,,,,,,,,,,,,,,,,,,,,,,,,,,,,,,,,,,,,,,,,,,,,,,,,0,90,0,,0,,,,,,,
36,26-27-friendly-fc-porto-vs-aston-villa-2026-07-25,72.0,,,,,,,,,,,,,,,,,,,,,,,,,,,,,,,,,,,,,,,,,,,,,,,,,,0,72,0,,0,,,,,,,
293,26-27-friendly-konyaspor-vs-hull-city-2026-07-25,74.0,1.0,,,,,,,,,,,,,,,,,,,,,,,,,,,,,,,,,,,,,,,,,,,,,,,,,0,74,0,,0,,,,,,,
292,26-27-friendly-kasımpaşa-vs-hull-city-2026-08-01,90.0,,,,,,,,,,,,,,,,,,,,,,,,,,,,,,,,,,,,,,,,,,,,,,,,,,0,90,0,,0,,,,,,,
232,26-27-friendly-bolton-wanderers-vs-everton-2026-07-25,82.0,,,,,,,,,,,,,,,,,,,,,,,,,,,,,,,,,,,,,,,,,,,,,,,,,,0,82,0,,0,,,,,,,
341,26-27-friendly-leeds-united-vs-sunderland-2026-07-30,41.0,,,,,,,,,,,,,,,,,,,,,,,,,,,,,,,,,,,,,,,,,,,,,,,,,,49,90,0,,0,,,,,,,
242,26-27-friendly-bolton-wanderers-vs-everton-2026-07-25,44.0,,,,,,,,,,,,,,,,,,,,,,,,,,,,,,,,,,,,,,,,,,,,,,,,,,46,90,0,,0,,,,,,,
523,26-27-friendly-chelsea-vs-tottenham-hotspur-2026-08-01,23.0,,,,,,,,,,,,,,,,,,,,,,,,,,,,,,,,,,,,,,,,,,,,,,,,,,67,90,0,,0,,,,,,,
548,26-27-friendly-leeds-united-vs-sunderland-2026-07-30,67.0,,,,,,,,,,,,,,,,,,,,,,,,,,,,,,,,,,,,,,,,,,,,,,,,,,0,67,0,,0,,,,,,,
320,26-27-friendly-ipswich-town-vs-osasuna-2026-07-29,44.0,1.0,,,,,,,,,,,,,,,,,,,,,,,,,,,,,,,,,,,,,,,,,,,,,,,,,46,90,0,,0,,,,,,,
232,26-27-friendly-stoke-city-vs-everton-2026-07-28,29.0,,,,,,,,,,,,,,,,,,,,,,,,,,,,,,,,,,,,,,,,,,,,,,,,,,61,90,0,,0,,,,,,,
231,26-27-friendly-hamburger-sv-vs-everton-2026-08-01,20.0,,,,,,,,,,,,,,,,,,,,,,,,,,,,,,,,,,,,,,,,,,,,,,,,,,70,90,0,,0,,,,,,,
46,26-27-friendly-fc-porto-vs-aston-villa-2026-07-25,46.0,,,,,,,,,,,,,,,,,,,,,,,,,,,,,,,,,,,,,,,,,,,,,,,,,,0,46,0,,0,,,,,,,
307,26-27-friendly-ipswich-town-vs-osasuna-2026-07-29,30.0,,,,,,,,,,,,,,,,,,,,,,,,,,,,,,,,,,,,,,,,,,,,,,,,,,60,90,0,,0,,,,,,,
39,26-27-friendly-fc-porto-vs-aston-villa-2026-07-25,44.0,,,,,,,,,,,,,,,,,,,,,,,,,,,,,,,,,,,,,,,,,,,,,,,,,,46,90,0,,0,,,,,,,
34,26-27-friendly-aston-villa-vs-real-sociedad-2026-07-28,44.0,,,,,,,,,,,,,,,,,,,,,,,,,,,,,,,,,,,,,,,,,,,,,,,,,,46,90,0,,0,,,,,,,
288,26-27-friendly-kasımpaşa-vs-hull-city-2026-08-01,44.0,,,,,,,,,,,,,,,,,,,,,,,,,,,,,,,,,,,,,,,,,,,,,,,,,,46,90,0,,0,,,,,,,
534,26-27-friendly-sunderland-vs-wrexham-2026-08-02,62.0,,,,,,,,,,,,,,,,,,,,,,,,,,,,,,,,,,,,,,,,,,,,,,,,,,0,62,0,,0,,,,,,,
36,26-27-friendly-aston-villa-vs-real-sociedad-2026-07-28,76.0,,,,,,,,,,,,,,,,,,,,,,,,,,,,,,,,,,,,,,,,,,,,,,,,,,0,76,0,,0,,,,,,,
519,26-27-friendly-chelsea-vs-tottenham-hotspur-2026-08-01,54.0,,,,,,,,,,,,,,,,,,,,,,,,,,,,,,,,,,,,,,,,,,,,,,,,,,0,54,0,,0,,,,,,,
538,26-27-friendly-sunderland-vs-wrexham-2026-08-02,28.0,,,,,,,,,,,,,,,,,,,,,,,,,,,,,,,,,,,,,,,,,,,,,,,,,,62,90,0,,0,,,,,,,
61,26-27-friendly-afc-bournemouth-vs-st.-pauli-2026-07-24,46.0,,,,,,,,,,,,,,,,,,,,,,,,,,,,,,,,,,,,,,,,,,,,,,,,,,0,46,0,,0,,,,,,,
260,26-27-friendly-leeds-united-vs-wrexham-2026-07-25,44.0,,,,,,,,,,,,,,,,,,,,,,,,,,,,,,,,,,,,,,,,,,,,,,,,,,46,90,0,,0,,,,,,,
314,26-27-friendly-ipswich-town-vs-osasuna-2026-07-29,30.0,,,,,,,,,,,,,,,,,,,,,,,,,,,,,,,,,,,,,,,,,,,,,,,,,,60,90,0,,0,,,,,,,
35,26-27-friendly-aston-villa-vs-real-sociedad-2026-07-28,44.0,,,,,,,,,,,,,,,,,,,,,,,,,,,,,,,,,,,,,,,,,,,,,,,,,,46,90,0,,0,,,,,,,
232,26-27-friendly-hamburger-sv-vs-everton-2026-08-01,90.0,,,,,,,,,,,,,,,,,,,,,,,,,,,,,,,,,,,,,,,,,,,,,,,,,,0,90,0,,0,,,,,,,
322,26-27-friendly-wycombe-wanderers-vs-ipswich-town-2026-08-01,44.0,,,,,,,,,,,,,,,,,,,,,,,,,,,,,,,,,,,,,,,,,,,,,,,,,,46,90,0,,0,,,,,,,
77,26-27-friendly-augsburg-vs-afc-bournemouth-2026-07-30,90.0,,,,,,,,,,,,,,,,,,,,,,,,,,,,,,,,,,,,,,,,,,,,,,,,,,0,90,0,,0,,,,,,,
473,26-27-friendly-nottingham-forest-vs-blackburn-rovers-2026-07-22,46.0,,,,,,,,,,,,,,,,,,,,,,,,,,,,,,,,,,,,,,,,,,,,,,,,,,0,46,0,,0,,,,,,,
273,26-27-friendly-konyaspor-vs-hull-city-2026-07-25,44.0,,,,,,,,,,,,,,,,,,,,,,,,,,,,,,,,,,,,,,,,,,,,,,,,,,46,90,0,,0,,,,,,,
79,26-27-friendly-afc-bournemouth-vs-st.-pauli-2026-07-24,46.0,,,,,,,,,,,,,,,,,,,,,,,,,,,,,,,,,,,,,,,,,,,,,,,,,,0,46,0,,0,,,,,,,
69,26-27-friendly-afc-bournemouth-vs-st.-pauli-2026-07-24,46.0,,,,,,,,,,,,,,,,,,,,,,,,,,,,,,,,,,,,,,,,,,,,,,,,,,0,46,0,,0,,,,,,,
546,26-27-friendly-leeds-united-vs-sunderland-2026-07-30,23.0,,,,,,,,,,,,,,,,,,,,,,,,,,,,,,,,,,,,,,,,,,,,,,,,,,67,90,0,,0,,,,,,,
250,26-27-friendly-farense-vs-fulham-2026-08-01,44.0,,,,,,,,,,,,,,,,,,,,,,,,,,,,,,,,,,,,,,,,,,,,,,,,,,46,90,0,,0,,,,,,,
476,26-27-friendly-nottingham-forest-vs-blackburn-rovers-2026-07-22,44.0,,,,,,,,,,,,,,,,,,,,,,,,,,,,,,,,,,,,,,,,,,,,,,,,,,46,90,0,,0,,,,,,,
154,26-27-friendly-chelsea-vs-tottenham-hotspur-2026-08-01,80.0,,,,,,,,,,,,,,,,,,,,,,,,,,,,,,,,,,,,,,,,,,,,,,,,,,0,80,0,,0,,,,,,,
317,26-27-friendly-wycombe-wanderers-vs-ipswich-town-2026-08-01,27.0,,,,,,,,,,,,,,,,,,,,,,,,,,,,,,,,,,,,,,,,,,,,,,,,,,63,90,0,,0,,,,,,,
246,26-27-friendly-bolton-wanderers-vs-everton-2026-07-25,73.0,,,,,,,,,,,,,,,,,,,,,,,,,,,,,,,,,,,,,,,,,,,,,,,,,,0,73,0,,0,,,,,,,
152,26-27-friendly-chelsea-vs-western-sydney-wanderers-fc-2026-07-28,27.0,,,,,,,,,,,,,,,,,,,,,,,,,,,,,,,,,,,,,,,,,,,,,,,,,,63,90,0,,0,,,,,,,
283,26-27-friendly-konyaspor-vs-hull-city-2026-07-25,46.0,,,,,,,,,,,,,,,,,,,,,,,,,,,,,,,,,,,,,,,,,,,,,,,,,,0,46,0,,0,,,,,,,
241,26-27-friendly-stoke-city-vs-everton-2026-07-28,29.0,,,,,,,,,,,,,,,,,,,,,,,,,,,,,,,,,,,,,,,,,,,,,,,,,,61,90,0,,0,,,,,,,
50,26-27-friendly-fc-porto-vs-aston-villa-2026-07-25,90.0,,,,,,,,,,,,,,,,,,,,,,,,,,,,,,,,,,,,,,,,,,,,,,,,,,0,90,0,,0,,,,,,,
522,26-27-friendly-chelsea-vs-tottenham-hotspur-2026-08-01,90.0,,,,,,,,,,,,,,,,,,,,,,,,,,,,,,,,,,,,,,,,,,,,,,,,,,0,90,0,,0,,,,,,,
39,26-27-friendly-aston-villa-vs-real-sociedad-2026-07-28,22.0,,,,,,,,,,,,,,,,,,,,,,,,,,,,,,,,,,,,,,,,,,,,,,,,,,68,90,0,,0,,,,,,,
76,26-27-friendly-afc-bournemouth-vs-st.-pauli-2026-07-24,44.0,,,,,,,,,,,,,,,,,,,,,,,,,,,,,,,,,,,,,,,,,,,,,,,,,,46,90,0,,0,,,,,,,
289,26-27-friendly-kasımpaşa-vs-hull-city-2026-08-01,90.0,,,,,,,,,,,,,,,,,,,,,,,,,,,,,,,,,,,,,,,,,,,,,,,,,,0,90,0,,0,,,,,,,
543,26-27-friendly-sunderland-vs-wrexham-2026-08-02,62.0,,,,,,,,,,,,,,,,,,,,,,,,,,,,,,,,,,,,,,,,,,,,,,,,,,0,62,0,,0,,,,,,,
251,26-27-friendly-al-ahli-vs-fulham-2026-07-28,44.0,,,,,,,,,,,,,,,,,,,,,,,,,,,,,,,,,,,,,,,,,,,,,,,,,,46,90,0,,0,,,,,,,
228,26-27-friendly-bolton-wanderers-vs-everton-2026-07-25,44.0,,,,,,,,,,,,,,,,,,,,,,,,,,,,,,,,,,,,,,,,,,,,,,,,,,46,90,0,,0,,,,,,,
311,26-27-friendly-ipswich-town-vs-osasuna-2026-07-29,44.0,,,,,,,,,,,,,,,,,,,,,,,,,,,,,,,,,,,,,,,,,,,,,,,,,,46,90,0,,0,,,,,,,
54,26-27-friendly-walsall-vs-aston-villa-2026-07-21,44.0,,,,,,,,,,,,,,,,,,,,,,,,,,,,,,,,,,,,,,,,,,,,,,,,,,46,90,0,,0,,,,,,,
301,26-27-friendly-wycombe-wanderers-vs-ipswich-town-2026-08-01,90.0,,,,,,,,,,,,,,,,,,,,,,,,,,,,,,,,,,,,,,,,,,,,,,,,,,0,90,0,,0,,,,,,,
297,26-27-friendly-konyaspor-vs-hull-city-2026-07-25,61.0,,,,,,,,,,,,,,,,,,,,,,,,,,,,,,,,,,,,,,,,,,,,,,,,,,0,61,0,,0,,,,,,,
274,26-27-friendly-kasımpaşa-vs-hull-city-2026-08-01,90.0,,,,,,,,,,,,,,,,,,,,,,,,,,,,,,,,,,,,,,,,,,,,,,,,,,0,90,0,,0,,,,,,,
316,26-27-friendly-wycombe-wanderers-vs-ipswich-town-2026-08-01,63.0,,,,,,,,,,,,,,,,,,,,,,,,,,,,,,,,,,,,,,,,,,,,,,,,,,0,63,0,,0,,,,,,,
324,26-27-friendly-ipswich-town-vs-osasuna-2026-07-29,60.0,,,,,,,,,,,,,,,,,,,,,,,,,,,,,,,,,,,,,,,,,,,,,,,,,,0,60,0,,0,,,,,,,
501,26-27-friendly-chelsea-vs-tottenham-hotspur-2026-08-01,44.0,,,,,,,,,,,,,,,,,,,,,,,,,,,,,,,,,,,,,,,,,,,,,,,,,,46,90,0,,0,,,,,,,
304,26-27-friendly-wycombe-wanderers-vs-ipswich-town-2026-08-01,90.0,,,,,,,,,,,,,,,,,,,,,,,,,,,,,,,,,,,,,,,,,,,,,,,,,,0,90,0,,0,,,,,,,
67,26-27-friendly-augsburg-vs-afc-bournemouth-2026-07-30,90.0,,,,,,,,,,,,,,,,,,,,,,,,,,,,,,,,,,,,,,,,,,,,,,,,,,0,90,0,,0,,,,,,,
527,26-27-friendly-chelsea-vs-tottenham-hotspur-2026-08-01,44.0,1.0,,,,,,,,,,,,,,,,,,,,,,,,,,,,,,,,,,,,,,,,,,,,,,,,,46,90,0,,0,,,,,,,
32,26-27-friendly-walsall-vs-aston-villa-2026-07-21,44.0,,,,,,,,,,,,,,,,,,,,,,,,,,,,,,,,,,,,,,,,,,,,,,,,,,46,90,0,,0,,,,,,,
231,26-27-friendly-bolton-wanderers-vs-everton-2026-07-25,44.0,,,,,,,,,,,,,,,,,,,,,,,,,,,,,,,,,,,,,,,,,,,,,,,,,,46,90,0,,0,,,,,,,
227,26-27-friendly-hamburger-sv-vs-everton-2026-08-01,82.0,,,,,,,,,,,,,,,,,,,,,,,,,,,,,,,,,,,,,,,,,,,,,,,,,,0,82,0,,0,,,,,,,
167,26-27-friendly-chelsea-vs-western-sydney-wanderers-fc-2026-07-28,63.0,,,,,,,,,,,,,,,,,,,,,,,,,,,,,,,,,,,,,,,,,,,,,,,,,,0,63,0,,0,,,,,,,
157,26-27-friendly-chelsea-vs-western-sydney-wanderers-fc-2026-07-28,27.0,,,,,,,,,,,,,,,,,,,,,,,,,,,,,,,,,,,,,,,,,,,,,,,,,,63,90,0,,0,,,,,,,
347,26-27-friendly-leeds-united-vs-sunderland-2026-07-30,50.0,1.0,,,,,,,,,,,,,,,,,,,,,,,,,,,,,,,,,,,,,,,,,,,,,,,,,0,50,0,,0,,,,,,,
331,26-27-friendly-leeds-united-vs-sunderland-2026-07-30,72.0,,,,,,,,,,,,,,,,,,,,,,,,,,,,,,,,,,,,,,,,,,,,,,,,,,0,72,0,,0,,,,,,,
548,26-27-friendly-sunderland-vs-wrexham-2026-08-02,62.0,,,,,,,,,,,,,,,,,,,,,,,,,,,,,,,,,,,,,,,,,,,,,,,,,,0,62,0,,0,,,,,,,
259,26-27-friendly-wycombe-wanderers-vs-ipswich-town-2026-08-01,5.0,,,,,,,,,,,,,,,,,,,,,,,,,,,,,,,,,,,,,,,,,,,,,,,,,,85,90,0,,0,,,,,,,
62,26-27-friendly-afc-bournemouth-vs-st.-pauli-2026-07-24,44.0,1.0,,,,,,,,,,,,,,,,,,,,,,,,,,,,,,,,,,,,,,,,,,,,,,,,,46,90,0,,0,,,,,,,
296,26-27-friendly-konyaspor-vs-hull-city-2026-07-25,61.0,,,,,,,,,,,,,,,,,,,,,,,,,,,,,,,,,,,,,,,,,,,,,,,,,,0,61,0,,0,,,,,,,
537,26-27-friendly-sunderland-vs-wrexham-2026-08-02,44.0,,,,,,,,,,,,,,,,,,,,,,,,,,,,,,,,,,,,,,,,,,,,,,,,,,46,90,0,,0,,,,,,,
489,26-27-friendly-nottingham-forest-vs-blackburn-rovers-2026-07-22,46.0,,,,,,,,,,,,,,,,,,,,,,,,,,,,,,,,,,,,,,,,,,,,,,,,,,0,46,0,,0,,,,,,,
530,26-27-friendly-sunderland-vs-wrexham-2026-08-02,28.0,,,,,,,,,,,,,,,,,,,,,,,,,,,,,,,,,,,,,,,,,,,,,,,,,,62,90,0,,0,,,,,,,
79,26-27-friendly-augsburg-vs-afc-bournemouth-2026-07-30,90.0,1.0,,,,,,,,,,,,,,,,,,,,,,,,,,,,,,,,,,,,,,,,,,,,,,,,,0,90,0,,0,,,,,,,
478,26-27-friendly-nottingham-forest-vs-blackburn-rovers-2026-07-22,44.0,,,,,,,,,,,,,,,,,,,,,,,,,,,,,,,,,,,,,,,,,,,,,,,,,,46,90,0,,0,,,,,,,
280,26-27-friendly-konyaspor-vs-hull-city-2026-07-25,29.0,,,,,,,,,,,,,,,,,,,,,,,,,,,,,,,,,,,,,,,,,,,,,,,,,,61,90,0,,0,,,,,,,
70,26-27-friendly-augsburg-vs-afc-bournemouth-2026-07-30,90.0,,,,,,,,,,,,,,,,,,,,,,,,,,,,,,,,,,,,,,,,,,,,,,,,,,0,90,0,,0,,,,,,,
279,26-27-friendly-kasımpaşa-vs-hull-city-2026-08-01,90.0,,,,,,,,,,,,,,,,,,,,,,,,,,,,,,,,,,,,,,,,,,,,,,,,,,0,90,0,,0,,,,,,,
323,26-27-friendly-ipswich-town-vs-osasuna-2026-07-29,30.0,,,,,,,,,,,,,,,,,,,,,,,,,,,,,,,,,,,,,,,,,,,,,,,,,,60,90,0,,0,,,,,,,
151,26-27-friendly-chelsea-vs-tottenham-hotspur-2026-08-01,10.0,,,,,,,,,,,,,,,,,,,,,,,,,,,,,,,,,,,,,,,,,,,,,,,,,,80,90,0,,0,,,,,,,
551,26-27-friendly-sunderland-vs-wrexham-2026-08-02,44.0,,,,,,,,,,,,,,,,,,,,,,,,,,,,,,,,,,,,,,,,,,,,,,,,,,46,90,0,,0,,,,,,,
343,26-27-friendly-leeds-united-vs-wrexham-2026-07-25,76.0,,,,,,,,,,,,,,,,,,,,,,,,,,,,,,,,,,,,,,,,,,,,,,,,,,0,76,0,,0,,,,,,,
260,26-27-friendly-leeds-united-vs-sunderland-2026-07-30,49.0,,,,,,,,,,,,,,,,,,,,,,,,,,,,,,,,,,,,,,,,,,,,,,,,,,0,49,0,,0,,,,,,,
313,26-27-friendly-ipswich-town-vs-osasuna-2026-07-29,60.0,,,,,,,,,,,,,,,,,,,,,,,,,,,,,,,,,,,,,,,,,,,,,,,,,,0,60,0,,0,,,,,,,
227,26-27-friendly-bolton-wanderers-vs-everton-2026-07-25,46.0,,,,,,,,,,,,,,,,,,,,,,,,,,,,,,,,,,,,,,,,,,,,,,,,,,0,46,0,,0,,,,,,,
455,26-27-friendly-sydney-fc-vs-tottenham-hotspur-2026-07-29,44.0,,,,,,,,,,,,,,,,,,,,,,,,,,,,,,,,,,,,,,,,,,,,,,,,,,46,90,0,,0,,,,,,,
304,26-27-friendly-ipswich-town-vs-osasuna-2026-07-29,60.0,,,,,,,,,,,,,,,,,,,,,,,,,,,,,,,,,,,,,,,,,,,,,,,,,,0,60,0,,0,,,,,,,
288,26-27-friendly-konyaspor-vs-hull-city-2026-07-25,29.0,,,,,,,,,,,,,,,,,,,,,,,,,,,,,,,,,,,,,,,,,,,,,,,,,,61,90,0,,0,,,,,,,
39,26-27-friendly-bayern-münchen-vs-aston-villa-2026-08-07,12.0,0.0,0.0,,,,,0.0,,0.0,7.0,1.0,25.0,0.0,,0.0,0.0,,,0.0,0.0,0.0,0.0,0.0,,0.0,,,,,0.0,,,0.0,,,,,,,,0.0,,,,,,,,0.0,80,90,0,0.0,0,,,,,,,
261,26-27-friendly-fulham-vs-crystal-palace-2026-08-07,90.0,0.0,0.0,1.0,,,0.0,1.0,,,102.0,89.0,,0.0,,0.0,,8.0,,1.0,0.0,8.0,,0.0,,,,,,,,,0.0,0.0,0.0,2.0,,,,,,0.0,,,,,,,,1.0,0,0,0,0.0,0,,,,,,,
257,26-27-friendly-fulham-vs-crystal-palace-2026-08-07,80.0,0.0,0.0,0.0,,,0.0,3.0,,,105.0,84.0,,0.0,,0.0,,6.0,,0.0,1.0,2.0,,1.0,,,,,,,,,2.0,1.0,0.0,2.0,,,,,,2.0,,,,,,,,0.0,0,0,0,0.0,0,,,,,,,
569,26-27-friendly-fulham-vs-crystal-palace-2026-08-07,72.0,0.0,0.0,4.0,,,2.0,0.0,,,34.0,20.0,,0.0,,0.0,,1.0,,0.0,0.0,0.0,,0.0,,,,,,,,,0.0,0.0,0.0,2.0,,,,,,0.0,,,,,,,,1.0,0,0,0,0.0,0,,,,,,,
570,26-27-friendly-fulham-vs-crystal-palace-2026-08-07,72.0,0.0,0.0,2.0,,,0.0,1.0,,,44.0,33.0,,1.0,,0.0,,1.0,,0.0,1.0,2.0,,0.0,,,,,,,,,0.0,4.0,0.0,2.0,,,,,,0.0,,,,,,,,0.0,0,0,0,0.0,0,,,,,,,
254,26-27-friendly-fulham-vs-crystal-palace-2026-08-07,62.0,1.0,0.0,2.0,,,2.0,3.0,,,54.0,31.0,,2.0,,1.0,,1.0,,2.0,2.0,4.0,,2.0,,,,,,,,,0.0,0.0,0.0,2.0,,,,,,0.0,,,,,,,,3.0,0,0,0,0.0,0,,,,,,,
264,26-27-friendly-fulham-vs-crystal-palace-2026-08-07,54.0,0.0,1.0,1.0,,,1.0,2.0,,,32.0,21.0,,4.0,,1.0,,2.0,,0.0,0.0,5.0,,0.0,,,,,,,,,0.0,0.0,0.0,2.0,,,,,,0.0,,,,,,,,0.0,0,0,0,0.0,0,,,,,,,
250,26-27-friendly-fulham-vs-crystal-palace-2026-08-07,45.0,0.0,0.0,0.0,,,0.0,0.0,,,20.0,17.0,,0.0,,0.0,,1.0,,0.0,0.0,2.0,,0.0,,,,,,,,,0.0,0.0,2.0,1.0,,,,,,0.0,,,,,,,,0.0,0,0,0,0.0,0,,,,,,,
256,26-27-friendly-fulham-vs-crystal-palace-2026-08-07,45.0,0.0,0.0,0.0,,,0.0,0.0,,,42.0,31.0,,0.0,,0.0,,1.0,,0.0,1.0,0.0,,1.0,,,,,,,,,0.0,0.0,0.0,1.0,,,,,,1.0,,,,,,,,0.0,0,0,0,0.0,0,,,,,,,
270,26-27-friendly-fulham-vs-crystal-palace-2026-08-07,45.0,0.0,0.0,0.0,,,0.0,0.0,,,50.0,39.0,,0.0,,0.0,,1.0,,3.0,0.0,3.0,,1.0,,,,,,,,,0.0,1.0,0.0,1.0,,,,,,0.0,,,,,,,,3.0,0,0,0,0.0,0,,,,,,,
227,26-27-friendly-stoke-city-vs-everton-2026-07-28,61.0,,,,,,,,,,,,,,,,,,,,,,,,,,,,,,,,,,,,,,,,,,,,,,,,,,0,61,0,0.0,0,,,,,,,
246,26-27-friendly-stoke-city-vs-everton-2026-07-28,90.0,,,,,,,,,,,,,,,,,,,,,,,,,,,,,,,,,,,,,,,,,,,,,,,,,,0,90,0,0.0,0,,,,,,,
229,26-27-friendly-stoke-city-vs-everton-2026-07-28,61.0,,,,,,,,,,,,,,,,,,,,,,,,,,,,,,,,,,,,,,,,,,,,,,,,,,0,61,0,0.0,0,,,,,,,
231,26-27-friendly-stoke-city-vs-everton-2026-07-28,90.0,,,,,,,,,,,,,,,,,,,,,,,,,,,,,,,,,,,,,,,,,,,,,,,,,,0,90,0,0.0,0,,,,,,,
247,26-27-friendly-stoke-city-vs-everton-2026-07-28,46.0,,,,,,,,,,,,,,,,,,,,,,,,,,,,,,,,,,,,,,,,,,,,,,,,,,0,46,0,0.0,0,,,,,,,
244,26-27-friendly-stoke-city-vs-everton-2026-07-28,90.0,,,,,,,,,,,,,,,,,,,,,,,,,,,,,,,,,,,,,,,,,,,,,,,,,,0,90,0,0.0,0,,,,,,,
245,26-27-friendly-stoke-city-vs-everton-2026-07-28,61.0,,,,,,,,,,,,,,,,,,,,,,,,,,,,,,,,,,,,,,,,,,,,,,,,,,0,61,0,0.0,0,,,,,,,
236,26-27-friendly-stoke-city-vs-everton-2026-07-28,70.0,,,,,,,,,,,,,,,,,,,,,,,,,,,,,,,,,,,,,,,,,,,,,,,,,,0,70,0,0.0,0,,,,,,,
242,26-27-friendly-stoke-city-vs-everton-2026-07-28,61.0,,,,,,,,,,,,,,,,,,,,,,,,,,,,,,,,,,,,,,,,,,,,,,,,,,0,61,0,0.0,0,,,,,,,
248,26-27-friendly-stoke-city-vs-everton-2026-07-28,61.0,,,,,,,,,,,,,,,,,,,,,,,,,,,,,,,,,,,,,,,,,,,,,,,,,,0,61,0,0.0,0,,,,,,,
497,26-27-friendly-sydney-fc-vs-tottenham-hotspur-2026-07-29,90.0,,,,,,,,,,,,,,,,,,,,,,,,,,,,,,,,,,,,,,,,,,,,,,,,,,0,90,0,0.0,0,,,,,,,
508,26-27-friendly-sydney-fc-vs-tottenham-hotspur-2026-07-29,46.0,,,,,,,,,,,,,,,,,,,,,,,,,,,,,,,,,,,,,,,,,,,,,,,,,,0,46,0,0.0,0,,,,,,,
522,26-27-friendly-sydney-fc-vs-tottenham-hotspur-2026-07-29,65.0,,,,,,,,,,,,,,,,,,,,,,,,,,,,,,,,,,,,,,,,,,,,,,,,,,0,65,0,0.0,0,,,,,,,
519,26-27-friendly-sydney-fc-vs-tottenham-hotspur-2026-07-29,65.0,,,,,,,,,,,,,,,,,,,,,,,,,,,,,,,,,,,,,,,,,,,,,,,,,,0,65,0,0.0,0,,,,,,,
520,26-27-friendly-sydney-fc-vs-tottenham-hotspur-2026-07-29,46.0,,,,,,,,,,,,,,,,,,,,,,,,,,,,,,,,,,,,,,,,,,,,,,,,,,0,46,0,0.0,0,,,,,,,
514,26-27-friendly-sydney-fc-vs-tottenham-hotspur-2026-07-29,46.0,1.0,,,,,,,,,,,,,,,,,,,,,,,,,,,,,,,,,,,,,,,,,,,,,,,,,0,46,0,0.0,0,,,,,,,
527,26-27-friendly-sydney-fc-vs-tottenham-hotspur-2026-07-29,65.0,,,,,,,,,,,,,,,,,,,,,,,,,,,,,,,,,,,,,,,,,,,,,,,,,,0,65,0,0.0,0,,,,,,,
467,26-27-friendly-sporting-cp-vs-nottingham-forest-2026-07-31,90.0,,,,,,,,,,,,,,,,,,,,,,,,,,,,,,,,,,,,,,,,,,,,,,,,,,0,90,0,0.0,0,,,,,,,
471,26-27-friendly-sporting-cp-vs-nottingham-forest-2026-07-31,90.0,,,,,,,,,,,,,,,,,,,,,,,,,,,,,,,,,,,,,,,,,,,,,,,,,,0,90,0,0.0,0,,,,,,,
477,26-27-friendly-sporting-cp-vs-nottingham-forest-2026-07-31,90.0,,,,,,,,,,,,,,,,,,,,,,,,,,,,,,,,,,,,,,,,,,,,,,,,,,0,90,0,0.0,0,,,,,,,
473,26-27-friendly-sporting-cp-vs-nottingham-forest-2026-07-31,90.0,,,,,,,,,,,,,,,,,,,,,,,,,,,,,,,,,,,,,,,,,,,,,,,,,,0,90,0,0.0,0,,,,,,,
486,26-27-friendly-sporting-cp-vs-nottingham-forest-2026-07-31,90.0,,,,,,,,,,,,,,,,,,,,,,,,,,,,,,,,,,,,,,,,,,,,,,,,,,0,90,0,0.0,0,,,,,,,
480,26-27-friendly-sporting-cp-vs-nottingham-forest-2026-07-31,90.0,,,,,,,,,,,,,,,,,,,,,,,,,,,,,,,,,,,,,,,,,,,,,,,,,,0,90,0,0.0,0,,,,,,,
487,26-27-friendly-sporting-cp-vs-nottingham-forest-2026-07-31,90.0,,,,,,,,,,,,,,,,,,,,,,,,,,,,,,,,,,,,,,,,,,,,,,,,,,0,90,0,0.0,0,,,,,,,
469,26-27-friendly-sporting-cp-vs-nottingham-forest-2026-07-31,90.0,,,,,,,,,,,,,,,,,,,,,,,,,,,,,,,,,,,,,,,,,,,,,,,,,,0,90,0,0.0,0,,,,,,,
490,26-27-friendly-sporting-cp-vs-nottingham-forest-2026-07-31,90.0,,,,,,,,,,,,,,,,,,,,,,,,,,,,,,,,,,,,,,,,,,,,,,,,,,0,90,0,0.0,0,,,,,,,
491,26-27-friendly-sporting-cp-vs-nottingham-forest-2026-07-31,90.0,1.0,,,,,,,,,,,,,,,,,,,,,,,,,,,,,,,,,,,,,,,,,,,,,,,,,0,90,0,0.0,0,,,,,,,
251,26-27-friendly-fulham-vs-crystal-palace-2026-08-07,45.0,0.0,0.0,0.0,,,0.0,0.0,,,30.0,26.0,,0.0,,0.0,,5.0,,0.0,0.0,7.0,,0.0,,,,,,,,,1.0,0.0,0.0,1.0,,,,,,0.0,,,,,,,,0.0,0,0,0,0.0,0,,,,,,,
258,26-27-friendly-fulham-vs-crystal-palace-2026-08-07,45.0,0.0,0.0,0.0,,,0.0,0.0,,,37.0,14.0,,0.0,,1.0,,0.0,,1.0,0.0,0.0,,1.0,,,,,,,,,0.0,0.0,0.0,1.0,,,,,,1.0,,,,,,,,2.0,0,0,0,0.0,0,,,,,,,
265,26-27-friendly-fulham-vs-crystal-palace-2026-08-07,45.0,0.0,0.0,0.0,,,0.0,1.0,,,49.0,41.0,,1.0,,0.0,,1.0,,0.0,1.0,5.0,,0.0,,,,,,,,,0.0,1.0,0.0,1.0,,,,,,1.0,,,,,,,,0.0,0,0,0,0.0,0,,,,,,,
262,26-27-friendly-fulham-vs-crystal-palace-2026-08-07,36.0,0.0,0.0,0.0,,,0.0,0.0,,,20.0,18.0,,0.0,,0.0,,1.0,,0.0,0.0,0.0,,0.0,,,,,,,,,0.0,0.0,0.0,0.0,,,,,,0.0,,,,,,,,1.0,0,0,0,0.0,0,,,,,,,
269,26-27-friendly-fulham-vs-crystal-palace-2026-08-07,28.0,0.0,0.0,0.0,,,0.0,0.0,,,26.0,13.0,,0.0,,0.0,,0.0,,0.0,1.0,2.0,,0.0,,,,,,,,,0.0,0.0,0.0,0.0,,,,,,1.0,,,,,,,,0.0,0,0,0,0.0,0,,,,,,,
253,26-27-friendly-fulham-vs-crystal-palace-2026-08-07,28.0,0.0,0.0,1.0,,,0.0,0.0,,,42.0,30.0,,0.0,,0.0,,1.0,,0.0,0.0,1.0,,4.0,,,,,,,,,0.0,0.0,0.0,0.0,,,,,,0.0,,,,,,,,0.0,0,0,0,0.0,0,,,,,,,
263,26-27-friendly-fulham-vs-crystal-palace-2026-08-07,18.0,0.0,0.0,0.0,,,0.0,2.0,,,18.0,5.0,,1.0,,1.0,,1.0,,0.0,0.0,0.0,,0.0,,,,,,,,,0.0,0.0,0.0,0.0,,,,,,1.0,,,,,,,,1.0,0,0,0,0.0,0,,,,,,,
199,26-27-friendly-fulham-vs-crystal-palace-2026-08-07,90.0,0.0,0.0,0.0,,,0.0,0.0,,,42.0,18.0,,0.0,,0.0,,4.0,,0.0,0.0,9.0,,1.0,,,,,,,,,0.0,0.0,4.0,1.0,,,,,,0.0,,,,,,,,0.0,0,0,0,0.0,0,,,,,,,
203,26-27-friendly-fulham-vs-crystal-palace-2026-08-07,90.0,0.0,0.0,0.0,,,0.0,0.0,,,51.0,31.0,,0.0,,0.0,,4.0,,2.0,3.0,5.0,,2.0,,,,,,,,,1.0,1.0,0.0,1.0,,,,,,1.0,,,,,,,,2.0,0,0,0,0.0,0,,,,,,,
204,26-27-friendly-fulham-vs-crystal-palace-2026-08-07,90.0,0.0,0.0,0.0,,,0.0,1.0,,,55.0,18.0,,3.0,,2.0,,2.0,,3.0,1.0,3.0,,2.0,,,,,,,,,0.0,0.0,0.0,1.0,,,,,,1.0,,,,,,,,3.0,0,0,0,0.0,0,,,,,,,
214,26-27-friendly-fulham-vs-crystal-palace-2026-08-07,64.0,0.0,0.0,0.0,,,0.0,0.0,,,33.0,23.0,,0.0,,0.0,,2.0,,0.0,2.0,3.0,,0.0,,,,,,,,,1.0,0.0,0.0,1.0,,,,,,0.0,,,,,,,,0.0,0,0,0,0.0,0,,,,,,,
202,26-27-friendly-fulham-vs-crystal-palace-2026-08-07,64.0,0.0,1.0,1.0,,,0.0,0.0,,,47.0,38.0,,2.0,,0.0,,1.0,,1.0,0.0,0.0,,1.0,,,,,,,,,0.0,1.0,0.0,1.0,,,,,,0.0,,,,,,,,1.0,0,0,0,0.0,0,,,,,,,
224,26-27-friendly-fulham-vs-crystal-palace-2026-08-07,63.0,0.0,0.0,2.0,,,0.0,0.0,,,24.0,9.0,,0.0,,0.0,,0.0,,1.0,1.0,4.0,,1.0,,,,,,,,,2.0,1.0,0.0,1.0,,,,,,1.0,,,,,,,,1.0,0,0,0,0.0,0,,,,,,,
208,26-27-friendly-fulham-vs-crystal-palace-2026-08-07,45.0,1.0,0.0,4.0,,,2.0,0.0,,,18.0,5.0,,1.0,,3.0,,0.0,,0.0,0.0,0.0,,0.0,,,,,,,,,1.0,0.0,0.0,1.0,,,,,,0.0,,,,,,,,0.0,0,0,0,0.0,0,,,,,,,
222,26-27-friendly-fulham-vs-crystal-palace-2026-08-07,45.0,0.0,0.0,3.0,,,1.0,0.0,,,18.0,7.0,,1.0,,0.0,,0.0,,0.0,0.0,1.0,,0.0,,,,,,,,,0.0,1.0,0.0,1.0,,,,,,0.0,,,,,,,,0.0,0,0,0,0.0,0,,,,,,,
212,26-27-friendly-fulham-vs-crystal-palace-2026-08-07,45.0,0.0,0.0,0.0,,,0.0,0.0,,,23.0,11.0,,0.0,,0.0,,0.0,,3.0,1.0,3.0,,0.0,,,,,,,,,0.0,1.0,0.0,0.0,,,,,,0.0,,,,,,,,3.0,0,0,0,0.0,0,,,,,,,
206,26-27-friendly-fulham-vs-crystal-palace-2026-08-07,45.0,0.0,0.0,0.0,,,0.0,0.0,,,44.0,37.0,,0.0,,0.0,,2.0,,0.0,1.0,2.0,,0.0,,,,,,,,,0.0,0.0,0.0,1.0,,,,,,0.0,,,,,,,,1.0,0,0,0,0.0,0,,,,,,,
215,26-27-friendly-fulham-vs-crystal-palace-2026-08-07,45.0,0.0,0.0,1.0,,,0.0,2.0,,,19.0,4.0,,0.0,,0.0,,1.0,,0.0,0.0,2.0,,0.0,,,,,,,,,1.0,0.0,0.0,0.0,,,,,,0.0,,,,,,,,0.0,0,0,0,0.0,0,,,,,,,
207,26-27-friendly-fulham-vs-crystal-palace-2026-08-07,45.0,0.0,1.0,0.0,,,0.0,0.0,,,18.0,8.0,,1.0,,1.0,,0.0,,1.0,0.0,2.0,,0.0,,,,,,,,,0.0,0.0,0.0,0.0,,,,,,0.0,,,,,,,,2.0,0,0,0,0.0,0,,,,,,,
218,26-27-friendly-bromley-vs-crystal-palace-2026-07-25,45.0,0.0,0.0,,,0.07,,1.0,,0.0,43.0,27.0,75.0,1.0,6.0,,,2.0,67.0,1.0,1.0,1.0,0.0,1.0,,0.0,5.0,2.0,3.0,60.0,2.0,100.0,1.0,2.0,,,,,,,,0.0,,,,,,,,1.0,46,90,3,0.0,0,,,,,,,
444,26-27-friendly-gateshead-fc-vs-newcastle-united-2026-07-25,21.0,,,,,,,0.0,,,4.0,,,,,,,,,0.0,0.0,0.0,,0.0,,,,,,,,,,0.0,0.0,0.0,,,0.0,4.0,,,0.0,,0.0,,,,,0.0,69,90,0,0.0,0,,,,,,,
496,26-27-friendly-tottenham-hotspur-vs-milton-keynes-dons-2026-07-22,45.0,,,,,,,1.0,,,21.0,,,,,,,,,0.0,0.0,3.0,,0.0,,,1.0,,1.0,100.0,,,,0.0,0.0,0.0,,,0.0,17.0,1.0,,0.0,,0.0,,,,,0.0,0,46,0,0.0,0,,,,,,,
460,26-27-friendly-gateshead-fc-vs-newcastle-united-2026-07-25,83.0,0.0,0.0,1.0,0.06,0.1,0.0,0.0,,8.0,58.0,43.0,86.0,1.0,6.0,,,2.0,100.0,1.0,0.0,2.0,0.0,0.0,,0.0,3.0,4.0,3.0,43.0,0.0,,2.0,0.0,,,,,,,,2.0,,,,,,,,1.0,0,82,1,0.0,0,,,,,,,
422,26-27-friendly-manchester-united-vs-paris-saint-germain-2026-08-08,45.0,0.0,0.0,,,,,0.0,,1.0,28.0,22.0,100.0,1.0,4.0,1.0,100.0,1.0,100.0,1.0,1.0,2.0,0.0,0.0,,0.0,2.0,1.0,2.0,67.0,0.0,,1.0,0.0,,,,,,,,0.0,,,,,,,,1.0,0,46,1,0.0,0,,,,,,,
224,26-27-friendly-bromley-vs-crystal-palace-2026-07-25,45.0,0.0,0.0,5.0,0.43,0.32,0.0,0.0,,9.0,26.0,13.0,76.0,1.0,2.0,,,,,0.0,0.0,0.0,0.0,0.0,,0.0,,3.0,0.0,0.0,0.0,0.0,,1.0,,,,,,,,0.0,,,,,,,,0.0,46,90,3,0.0,0,,,,,,,
391,26-27-friendly-manchester-city-vs-atletico-madrid-2026-08-09,90.0,0.0,0.0,,,,,0.0,,1.0,64.0,41.0,91.0,1.0,2.0,,,1.0,100.0,1.0,2.0,1.0,2.0,4.0,2.0,0.0,2.0,4.0,2.0,33.0,0.0,,1.0,2.0,,,,,,,,1.0,,,,,,,,1.0,0,90,1,0.0,0,,,,,,,
7,26-27-friendly-arsenal-vs-borussia-dortmund-2026-08-09,78.0,0.0,0.0,,,,,,,0.0,56.0,47.0,94.0,0.0,6.0,,,3.0,100.0,0.0,0.0,3.0,0.0,1.0,1.0,0.0,2.0,4.0,2.0,40.0,0.0,0.0,2.0,2.0,,,,,,,,1.0,,,,,,,,,0,78,3,0.0,0,,,,,,,
352,26-27-friendly-liverpool-vs-leeds-united-2026-08-02,,,,,,,,,,,,,,,,,,,,,,,,,,,,,,,,,,,,,,,,,,,,,,,,,,,0,90,4,0.0,0,,,,,,,
324,26-27-friendly-ipswich-town-vs-rayo-vallecano-2026-08-08,22.0,,,,,,,,,,,,,,,,,,,,,,,,,,,,,,,,,,,,,,,,,,,,,,,,,,68,90,0,0.0,0,,,,,,,
554,26-27-friendly-ipswich-town-vs-rayo-vallecano-2026-08-08,22.0,,,,,,,,,,,,,,,,,,,,,,,,,,,,,,,,,,,,,,,,,,,,,,,,,,68,90,0,0.0,0,,,,,,,
320,26-27-friendly-ipswich-town-vs-rayo-vallecano-2026-08-08,44.0,,,,,,,,,,,,,,,,,,,,,,,,,,,,,,,,,,,,,,,,,,,,,,,,,,46,90,0,0.0,0,,,,,,,
313,26-27-friendly-ipswich-town-vs-rayo-vallecano-2026-08-08,44.0,,,,,,,,,,,,,,,,,,,,,,,,,,,,,,,,,,,,,,,,,,,,,,,,,,46,90,0,0.0,0,,,,,,,
329,26-27-friendly-liverpool-vs-leeds-united-2026-08-02,90.0,0.0,1.0,2.0,,,0.0,0.0,,4.0,45.0,25.0,83.0,1.0,6.0,,,3.0,50.0,1.0,1.0,1.0,1.0,2.0,1.0,1.0,7.0,1.0,3.0,75.0,4.0,100.0,2.0,0.0,,,,,,,,0.0,,,,,,,,1.0,0,90,2,0.0,0,,,,,,,
227,26-27-friendly-vfb-stuttgart-vs-everton-2026-08-08,76.0,,,,,,,,,,,,,,,,,,,,,,,,,,,,,,,,,,,,,,,,,,,,,,,,,,0,76,0,,0,,,,,,,
232,26-27-friendly-vfb-stuttgart-vs-everton-2026-08-08,76.0,,,,,,,,,,,,,,,,,,,,,,,,,,,,,,,,,,,,,,,,,,,,,,,,,,0,76,0,,0,,,,,,,
246,26-27-friendly-vfb-stuttgart-vs-everton-2026-08-08,90.0,,,,,,,,,,,,,,,,,,,,,,,,,,,,,,,,,,,,,,,,,,,,,,,,,,0,90,0,,0,,,,,,,
403,26-27-friendly-manchester-city-vs-atletico-madrid-2026-08-09,82.0,0.0,0.0,2.0,,,1.0,3.0,,9.0,49.0,22.0,79.0,2.0,,,,0.0,0.0,2.0,1.0,6.0,0.0,0.0,,0.0,8.0,2.0,8.0,80.0,0.0,,3.0,0.0,,,,,,,,1.0,,,,,,,,2.0,0,83,1,0.0,0,,,,,,,
220,26-27-friendly-fulham-vs-crystal-palace-2026-08-07,45.0,0.0,0.0,1.0,,,0.0,2.0,,,28.0,9.0,,3.0,,2.0,,0.0,,0.0,0.0,2.0,,1.0,,,,,,,,,0.0,0.0,0.0,1.0,,,,,,0.0,,,,,,,,0.0,0,0,0,0.0,0,,,,,,,
531,26-27-friendly-liverpool-vs-sunderland-2026-07-25,68.0,0.0,0.0,0.0,,,0.0,0.0,,,31.0,19.0,,0.0,,0.0,,2.0,,0.0,0.0,4.0,,0.0,,,,,,,,,1.0,0.0,2.0,2.0,,,,,,0.0,,,,,,,,0.0,0,0,0,0.0,0,,,,,,,
538,26-27-friendly-liverpool-vs-sunderland-2026-07-25,45.0,0.0,0.0,0.0,,,0.0,2.0,,,31.0,17.0,,0.0,,0.0,,0.0,,0.0,1.0,1.0,,1.0,,,,,,,,,0.0,0.0,0.0,3.0,,,,,,0.0,,,,,,,,0.0,0,0,0,0.0,0,,,,,,,
20,26-27-friendly-arsenal-vs-borussia-dortmund-2026-08-09,78.0,0.0,0.0,1.0,,,1.0,,,3.0,38.0,17.0,77.0,2.0,3.0,0.0,0.0,0.0,0.0,0.0,0.0,1.0,0.0,0.0,,0.0,2.0,5.0,2.0,33.0,0.0,0.0,1.0,1.0,,,,,,,,2.0,,,,,,,,,0,79,3,0.0,0,,,,,,,
210,26-27-friendly-fulham-vs-crystal-palace-2026-08-07,45.0,0.0,0.0,0.0,,,0.0,0.0,,,28.0,18.0,,0.0,,0.0,,1.0,,1.0,1.0,3.0,,1.0,,,,,,,,,2.0,0.0,0.0,1.0,,,,,,0.0,,,,,,,,2.0,0,0,0,0.0,0,,,,,,,
219,26-27-friendly-fulham-vs-crystal-palace-2026-08-07,27.0,0.0,0.0,0.0,,,0.0,0.0,,,9.0,2.0,,0.0,,0.0,,0.0,,0.0,0.0,0.0,,0.0,,,,,,,,,0.0,1.0,0.0,0.0,,,,,,1.0,,,,,,,,1.0,0,0,0,0.0,0,,,,,,,
205,26-27-friendly-fulham-vs-crystal-palace-2026-08-07,26.0,0.0,0.0,0.0,,,0.0,0.0,,,10.0,9.0,,0.0,,0.0,,0.0,,0.0,0.0,0.0,,1.0,,,,,,,,,0.0,0.0,0.0,0.0,,,,,,0.0,,,,,,,,0.0,0,0,0,0.0,0,,,,,,,
218,26-27-friendly-fulham-vs-crystal-palace-2026-08-07,26.0,0.0,0.0,0.0,,,0.0,0.0,,,10.0,8.0,,0.0,,0.0,,2.0,,0.0,1.0,2.0,,0.0,,,,,,,,,0.0,0.0,0.0,0.0,,,,,,0.0,,,,,,,,0.0,0,0,0,0.0,0,,,,,,,
209,26-27-friendly-bromley-vs-crystal-palace-2026-07-25,45.0,0.0,0.0,1.0,0.08,0.18,1.0,0.0,,3.0,22.0,9.0,75.0,2.0,,1.0,33.0,1.0,50.0,0.0,0.0,0.0,0.0,0.0,,0.0,1.0,1.0,1.0,50.0,0.0,,1.0,0.0,,,,,,,,1.0,,,,,,,0.21,0.0,46,90,3,0.0,0,,,,,,,
345,26-27-friendly-manchester-united-vs-leeds-united-2026-08-12,45.0,0.0,0.0,,,,,,,0.0,38.0,23.0,77.0,0.0,5.0,,,1.0,33.0,1.0,0.0,2.0,0.0,0.0,,0.0,2.0,1.0,1.0,50.0,1.0,100.0,,1.0,,,,,,,,0.0,,,,,,,,,0,46,1,0.0,0,,,,,,,
427,26-27-friendly-manchester-united-vs-leeds-united-2026-08-12,60.0,,,,,,,1.0,,3.0,36.0,,72.0,,3.0,0.0,,,0.0,1.0,0.0,3.0,0.0,0.0,,0.0,3.0,3.0,3.0,75.0,0.0,0.0,,1.0,0.0,1.0,,,,,,,,,,,,,,1.0,0,60,1,0.0,0,,,,,,,
375,26-27-friendly-liverpool-vs-sunderland-2026-07-25,45.0,0.0,0.0,1.0,,,0.0,0.0,,0.0,56.0,42.0,86.0,3.0,7.0,,,3.0,43.0,3.0,1.0,5.0,1.0,0.0,,1.0,3.0,1.0,3.0,75.0,0.0,,,0.0,,,,,,,,0.0,,,,,,,,3.0,46,90,1,0.0,0,,,,,,,
446,26-27-friendly-bristol-city-vs-newcastle-united-2026-07-29,21.0,0.0,0.0,,,,,0.0,,0.0,19.0,14.0,82.0,0.0,1.0,,,1.0,33.0,0.0,0.0,1.0,1.0,1.0,,0.0,,1.0,0.0,0.0,0.0,,,1.0,,,,,,,,0.0,,,,,,,,0.0,0,20,0,0.0,0,,,,,,,
442,26-27-friendly-bristol-city-vs-newcastle-united-2026-07-29,45.0,,,,,,,0.0,,,13.0,,,,,,,,,0.0,0.0,5.0,,0.0,,,,,,,,,,0.0,0.0,2.0,0.38,-0.62,0.0,7.0,0.0,,1.0,,0.0,,,,,0.0,0,90,4,0.0,0,,,,,,,
230,26-27-friendly-vfb-stuttgart-vs-everton-2026-08-08,80.0,,,,,,,,,,,,,,,,,,,,,,,,,,,,,,,,,,,,,,,,,,,,,,,,,,0,80,0,,0,,,,,,,
247,26-27-friendly-vfb-stuttgart-vs-everton-2026-08-08,90.0,,,,,,,,,,,,,,,,,,,,,,,,,,,,,,,,,,,,,,,,,,,,,,,,,,0,90,0,,0,,,,,,,
240,26-27-friendly-vfb-stuttgart-vs-everton-2026-08-08,19.0,,,,,,,,,,,,,,,,,,,,,,,,,,,,,,,,,,,,,,,,,,,,,,,,,,0,19,0,,0,,,,,,,
245,26-27-friendly-vfb-stuttgart-vs-everton-2026-08-08,63.0,,,,,,,,,,,,,,,,,,,,,,,,,,,,,,,,,,,,,,,,,,,,,,,,,,0,63,0,,0,,,,,,,
244,26-27-friendly-vfb-stuttgart-vs-everton-2026-08-08,90.0,,,,,,,,,,,,,,,,,,,,,,,,,,,,,,,,,,,,,,,,,,,,,,,,,,0,90,0,,0,,,,,,,
248,26-27-friendly-vfb-stuttgart-vs-everton-2026-08-08,63.0,,,,,,,,,,,,,,,,,,,,,,,,,,,,,,,,,,,,,,,,,,,,,,,,,,0,63,0,,0,,,,,,,
229,26-27-friendly-vfb-stuttgart-vs-everton-2026-08-08,10.0,,,,,,,,,,,,,,,,,,,,,,,,,,,,,,,,,,,,,,,,,,,,,,,,,,80,90,0,,0,,,,,,,
405,26-27-friendly-manchester-city-vs-atletico-madrid-2026-08-09,29.0,0.0,0.0,,,,,,,0.0,35.0,30.0,97.0,0.0,4.0,,,1.0,100.0,2.0,0.0,2.0,0.0,1.0,,1.0,2.0,3.0,2.0,40.0,0.0,,,1.0,,,,,,,,1.0,,,,,,,,,61,90,0,0.0,0,,,,,,,
409,26-27-friendly-manchester-city-vs-atletico-madrid-2026-08-09,,,,,,,,,,,,,,,,,,,,,,,,,,,,,,,,,,,,,,,,,,,,,,,,,,,0,90,1,0.0,0,,,,,,,
343,26-27-friendly-liverpool-vs-leeds-united-2026-08-02,45.0,0.0,0.0,,,,,1.0,,0.0,14.0,9.0,82.0,1.0,,,,,,0.0,0.0,2.0,0.0,1.0,1.0,1.0,2.0,1.0,2.0,67.0,0.0,,1.0,0.0,,,,,,,,0.0,,,,,,,,0.0,0,46,2,0.0,0,,,,,,,
440,26-27-friendly-manchester-united-vs-atletico-madrid-2026-08-01,17.0,0.0,0.0,,,,,1.0,,2.0,8.0,4.0,67.0,0.0,,,,,,0.0,0.0,1.0,0.0,1.0,1.0,0.0,1.0,,1.0,100.0,0.0,,,0.0,,,,,,,,0.0,,,,,,,,0.0,73,90,0,0.0,0,,,,,,,
574,26-27-friendly-eintracht-frankfurt-vs-hull-city-2026-08-08,90.0,,,,,,,,,,,,,,,,,,,,,,,,,,,,,,,,,,,,,,,,,,,,,,,,,,0,90,0,0.0,0,,,,,,,
175,26-27-friendly-coventry-city-vs-espanyol-2026-08-08,90.0,,,,,,,,,,,,,,,,,,,,,,,,,,,,,,,,,,,,,,,,,,,,,,,,,,0,90,0,0.0,0,,,,,,,
431,26-27-friendly-manchester-united-vs-atletico-madrid-2026-08-01,45.0,0.0,0.0,1.0,,,1.0,0.0,,3.0,28.0,20.0,91.0,0.0,,,,1.0,100.0,1.0,1.0,3.0,0.0,0.0,,0.0,1.0,2.0,1.0,33.0,0.0,,,0.0,,,,,,,,0.0,,,,,,,,1.0,0,46,1,0.0,0,,,,,,,
397,26-27-friendly-manchester-city-vs-inter-2026-08-01,68.0,0.0,1.0,2.0,,,1.0,4.0,,9.0,39.0,17.0,74.0,3.0,,0.0,0.0,,,1.0,0.0,4.0,0.0,0.0,,0.0,5.0,2.0,5.0,71.0,0.0,,,0.0,,,,,,,,1.0,,,,,,,,2.0,0,68,1,0.0,0,,,,,,,
420,26-27-friendly-manchester-united-vs-atletico-madrid-2026-08-01,90.0,0.0,0.0,2.0,,,0.0,0.0,,4.0,68.0,38.0,83.0,3.0,8.0,1.0,100.0,0.0,0.0,2.0,3.0,7.0,0.0,3.0,,1.0,3.0,5.0,3.0,38.0,0.0,,1.0,2.0,,,,,,,,0.0,,,,,,,,2.0,0,90,1,0.0,0,,,,,,,
369,26-27-friendly-liverpool-vs-sunderland-2026-07-25,45.0,0.0,0.0,,,,,1.0,,2.0,14.0,8.0,89.0,0.0,,,,,,0.0,0.0,1.0,0.0,0.0,,1.0,2.0,5.0,2.0,33.0,0.0,0.0,1.0,1.0,,,,,,,,0.0,,,,,,,,0.0,0,46,1,0.0,0,,,,,,,
438,26-27-friendly-manchester-united-vs-paris-saint-germain-2026-08-08,70.0,0.0,0.0,2.0,,,0.0,1.0,,3.0,38.0,24.0,77.0,1.0,1.0,,,0.0,0.0,1.0,1.0,2.0,0.0,0.0,,0.0,2.0,3.0,2.0,67.0,0.0,0.0,,1.0,,,,,,,,0.0,,,,,,,,1.0,20,90,0,0.0,0,,,,,,,
235,26-27-friendly-vfb-stuttgart-vs-everton-2026-08-08,14.0,,,,,,,,,,,,,,,,,,,,,,,,,,,,,,,,,,,,,,,,,,,,,,,,,,76,90,0,,0,,,,,,,
221,26-27-friendly-crystal-palace-vs-famalicao-2026-07-28,46.0,0.0,0.0,0.0,,,0.0,0.0,,,8.0,4.0,,0.0,,0.0,,0.0,,0.0,0.0,0.0,,0.0,,,,,,,,,0.0,0.0,0.0,0.0,,,,,,0.0,,,,,,,,0.0,0,0,0,0.0,0,,,,,,,
216,26-27-friendly-crystal-palace-vs-famalicao-2026-07-28,46.0,0.0,0.0,0.0,,,0.0,0.0,,,13.0,5.0,,0.0,,0.0,,0.0,,0.0,0.0,1.0,,0.0,,,,,,,,,0.0,3.0,0.0,0.0,,,,,,2.0,,,,,,,,0.0,0,0,0,0.0,0,,,,,,,
215,26-27-friendly-crystal-palace-vs-famalicao-2026-07-28,46.0,0.0,0.0,0.0,,,0.0,1.0,,,20.0,11.0,,0.0,,0.0,,0.0,,0.0,1.0,3.0,,0.0,,,,,,,,,0.0,1.0,0.0,0.0,,,,,,1.0,,,,,,,,1.0,0,0,0,0.0,0,,,,,,,
220,26-27-friendly-crystal-palace-vs-famalicao-2026-07-28,46.0,0.0,0.0,0.0,,,0.0,0.0,,,21.0,6.0,,0.0,,0.0,,0.0,,0.0,0.0,0.0,,3.0,,,,,,,,,1.0,1.0,0.0,0.0,,,,,,0.0,,,,,,,,0.0,0,0,0,0.0,0,,,,,,,
555,26-27-friendly-crystal-palace-vs-famalicao-2026-07-28,46.0,0.0,0.0,0.0,,,0.0,0.0,,,26.0,18.0,,0.0,,0.0,,1.0,,0.0,0.0,2.0,,1.0,,,,,,,,,0.0,0.0,2.0,0.0,,,,,,0.0,,,,,,,,0.0,0,0,0,0.0,0,,,,,,,
234,26-27-friendly-vfb-stuttgart-vs-everton-2026-08-08,14.0,,,,,,,,,,,,,,,,,,,,,,,,,,,,,,,,,,,,,,,,,,,,,,,,,,76,90,0,,0,,,,,,,
228,26-27-friendly-vfb-stuttgart-vs-everton-2026-08-08,14.0,,,,,,,,,,,,,,,,,,,,,,,,,,,,,,,,,,,,,,,,,,,,,,,,,,76,90,0,,0,,,,,,,
242,26-27-friendly-vfb-stuttgart-vs-everton-2026-08-08,27.0,,,,,,,,,,,,,,,,,,,,,,,,,,,,,,,,,,,,,,,,,,,,,,,,,,63,90,0,,0,,,,,,,
20,26-27-friendly-girona-vs-arsenal-2026-08-01,62.0,1.0,1.0,2.0,,,1.0,3.0,,6.0,33.0,14.0,88.0,1.0,1.0,0.0,0.0,,,0.0,0.0,5.0,0.0,0.0,,0.0,5.0,5.0,5.0,50.0,0.0,,2.0,1.0,,,,,,,,0.0,,,,,,,,0.0,0,62,1,0.0,0,,,,,,,
249,26-27-friendly-vfb-stuttgart-vs-everton-2026-08-08,27.0,1.0,,,,,,,,,,,,,,,,,,,,,,,,,,,,,,,,,,,,,,,,,,,,,,,,,63,90,0,1.0,0,,,,,,,
403,26-27-friendly-manchester-city-vs-inter-2026-08-01,78.0,0.0,0.0,3.0,,,1.0,2.0,,14.0,50.0,29.0,83.0,2.0,1.0,2.0,100.0,1.0,100.0,0.0,0.0,2.0,0.0,0.0,,0.0,3.0,3.0,3.0,50.0,0.0,,1.0,0.0,,,,,,,,2.0,,,,,,,,0.0,0,78,1,0.0,0,,,,,,,
351,26-27-friendly-liverpool-vs-wrexham-2026-07-29,76.0,,,,,,,0.0,,,28.0,,,,1.0,,,,,0.0,0.0,10.0,,0.0,,,,,,,,,,0.0,3.0,0.0,,,0.0,12.0,3.0,,0.0,,1.0,,,,,0.0,0,76,0,0.0,0,,,,,,,
383,26-27-friendly-liverpool-vs-wrexham-2026-07-29,63.0,0.0,0.0,3.0,,,1.0,2.0,,1.0,62.0,40.0,83.0,1.0,10.0,,,1.0,100.0,0.0,0.0,4.0,0.0,0.0,,0.0,3.0,3.0,3.0,50.0,0.0,,1.0,0.0,,,,,,,,3.0,,,,,,,,0.0,0,63,0,0.0,0,,,,,,,
405,26-27-friendly-manchester-city-vs-inter-2026-08-01,45.0,0.0,0.0,2.0,,,0.0,,,4.0,65.0,57.0,98.0,2.0,14.0,,,4.0,80.0,1.0,1.0,3.0,0.0,0.0,,0.0,2.0,1.0,1.0,50.0,1.0,100.0,,0.0,,,,,,,,0.0,,,,,,,,,46,121,0,0.0,0,,,,,,,
162,26-27-friendly-manchester-united-vs-atletico-madrid-2026-08-01,82.0,0.0,0.0,,,,,0.0,,0.0,90.0,75.0,93.0,0.0,7.0,,,2.0,67.0,3.0,3.0,2.0,1.0,0.0,,0.0,3.0,,3.0,100.0,0.0,,,0.0,,,,,,,,0.0,,,,,,,,3.0,0,82,1,0.0,0,,,,,,,
514,26-27-friendly-tottenham-hotspur-vs-milton-keynes-dons-2026-07-22,45.0,0.0,0.0,,,,,1.0,,2.0,26.0,17.0,94.0,1.0,,0.0,0.0,,,1.0,0.0,0.0,0.0,0.0,,0.0,2.0,3.0,2.0,40.0,0.0,,,1.0,,,,,,,,1.0,,,,,,,,1.0,0,46,0,0.0,0,,,,,,,
440,26-27-friendly-manchester-united-vs-leeds-united-2026-08-12,61.0,,,,,,,1.0,,5.0,43.0,,92.0,,2.0,0.0,,0.0,,0.0,0.0,1.0,0.0,0.0,,0.0,2.0,3.0,1.0,25.0,1.0,100.0,0.0,1.0,0.0,1.0,,,,,,,,,,,,,,0.0,0,61,1,0.0,0,,,,,,,
237,26-27-friendly-vfb-stuttgart-vs-everton-2026-08-08,27.0,,,,,,,,,,,,,,,,,,,,,,,,,,,,,,,,,,,,,,,,,,,,,,,,,,63,90,0,,0,,,,,,,
231,26-27-friendly-vfb-stuttgart-vs-everton-2026-08-08,71.0,,,,,,,,,,,,,,,,,,,,,,,,,,,,,,,,,,,,,,,,,,,,,,,,,,19,90,0,,0,,,,,,,
174,26-27-friendly-coventry-city-vs-espanyol-2026-08-08,90.0,,,,,,,,,,,,,,,,,,,,,,,,,,,,,,,,,,,,,,,,,,,,,,,,,,0,90,0,0.0,0,,,,,,,
176,26-27-friendly-coventry-city-vs-espanyol-2026-08-08,90.0,,,,,,,,,,,,,,,,,,,,,,,,,,,,,,,,,,,,,,,,,,,,,,,,,,0,90,0,0.0,0,,,,,,,
104,26-27-friendly-coventry-city-vs-espanyol-2026-08-08,90.0,,,,,,,,,,,,,,,,,,,,,,,,,,,,,,,,,,,,,,,,,,,,,,,,,,0,90,0,0.0,0,,,,,,,
184,26-27-friendly-coventry-city-vs-espanyol-2026-08-08,90.0,,,,,,,,,,,,,,,,,,,,,,,,,,,,,,,,,,,,,,,,,,,,,,,,,,0,90,0,0.0,0,,,,,,,
190,26-27-friendly-coventry-city-vs-espanyol-2026-08-08,90.0,,,,,,,,,,,,,,,,,,,,,,,,,,,,,,,,,,,,,,,,,,,,,,,,,,0,90,0,0.0,0,,,,,,,
185,26-27-friendly-coventry-city-vs-espanyol-2026-08-08,90.0,1.0,,,,,,,,,,,,,,,,,,,,,,,,,,,,,,,,,,,,,,,,,,,,,,,,,0,90,0,0.0,0,,,,,,,
194,26-27-friendly-coventry-city-vs-espanyol-2026-08-08,90.0,,,,,,,,,,,,,,,,,,,,,,,,,,,,,,,,,,,,,,,,,,,,,,,,,,0,90,0,0.0,0,,,,,,,
337,26-27-friendly-manchester-united-vs-leeds-united-2026-08-12,45.0,,,,,,,0.0,,1.0,20.0,,62.0,,1.0,0.0,,0.0,,1.0,0.0,1.0,0.0,0.0,,1.0,2.0,3.0,2.0,40.0,0.0,,,1.0,0.0,1.0,,,,,,,,,,,,,,1.0,0,46,1,0.0,0,,,,,,,
395,26-27-friendly-manchester-city-vs-inter-2026-08-01,90.0,0.0,0.0,3.0,,,1.0,0.0,,4.0,78.0,64.0,96.0,1.0,6.0,,,3.0,75.0,2.0,1.0,5.0,0.0,1.0,,0.0,3.0,1.0,3.0,75.0,0.0,,1.0,0.0,,,,,,,,1.0,,,,,,,,2.0,0,121,1,0.0,0,,,,,,,
424,26-27-friendly-manchester-united-vs-atletico-madrid-2026-08-01,17.0,0.0,0.0,,,,,0.0,,0.0,17.0,9.0,100.0,0.0,,,,,,0.0,2.0,1.0,0.0,1.0,,0.0,1.0,,1.0,100.0,0.0,,1.0,0.0,,,,,,,,0.0,,,,,,,,0.0,73,90,0,0.0,0,,,,,,,
29,26-27-friendly-bg-pathum-united-vs-aston-villa-2026-08-04,90.0,,,,,,,,,,,,,,,,,,,,,,,,,,,,,,,,,,,,,,,,,,,,,,,,,,0,90,0,0.0,0,,,,,,,
32,26-27-friendly-bg-pathum-united-vs-aston-villa-2026-08-04,46.0,,,,,,,,,,,,,,,,,,,,,,,,,,,,,,,,,,,,,,,,,,,,,,,,,,0,46,0,0.0,0,,,,,,,
37,26-27-friendly-bg-pathum-united-vs-aston-villa-2026-08-04,46.0,1.0,,,,,,,,,,,,,,,,,,,,,,,,,,,,,,,,,,,,,,,,,,,,,,,,,0,46,0,0.0,0,,,,,,,
35,26-27-friendly-bg-pathum-united-vs-aston-villa-2026-08-04,61.0,,,,,,,,,,,,,,,,,,,,,,,,,,,,,,,,,,,,,,,,,,,,,,,,,,0,61,0,0.0,0,,,,,,,
54,26-27-friendly-bg-pathum-united-vs-aston-villa-2026-08-04,46.0,,,,,,,,,,,,,,,,,,,,,,,,,,,,,,,,,,,,,,,,,,,,,,,,,,0,46,0,0.0,0,,,,,,,
52,26-27-friendly-bg-pathum-united-vs-aston-villa-2026-08-04,46.0,,,,,,,,,,,,,,,,,,,,,,,,,,,,,,,,,,,,,,,,,,,,,,,,,,0,46,0,0.0,0,,,,,,,
42,26-27-friendly-bg-pathum-united-vs-aston-villa-2026-08-04,46.0,,,,,,,,,,,,,,,,,,,,,,,,,,,,,,,,,,,,,,,,,,,,,,,,,,0,46,0,0.0,0,,,,,,,
47,26-27-friendly-bg-pathum-united-vs-aston-villa-2026-08-04,29.0,1.0,,,,,,,,,,,,,,,,,,,,,,,,,,,,,,,,,,,,,,,,,,,,,,,,,61,90,0,0.0,0,,,,,,,
50,26-27-friendly-bg-pathum-united-vs-aston-villa-2026-08-04,44.0,,,,,,,,,,,,,,,,,,,,,,,,,,,,,,,,,,,,,,,,,,,,,,,,,,46,90,0,0.0,0,,,,,,,
36,26-27-friendly-bg-pathum-united-vs-aston-villa-2026-08-04,44.0,,,,,,,,,,,,,,,,,,,,,,,,,,,,,,,,,,,,,,,,,,,,,,,,,,46,90,0,0.0,0,,,,,,,
34,26-27-friendly-bg-pathum-united-vs-aston-villa-2026-08-04,44.0,,,,,,,,,,,,,,,,,,,,,,,,,,,,,,,,,,,,,,,,,,,,,,,,,,46,90,0,0.0,0,,,,,,,
45,26-27-friendly-bg-pathum-united-vs-aston-villa-2026-08-04,44.0,,,,,,,,,,,,,,,,,,,,,,,,,,,,,,,,,,,,,,,,,,,,,,,,,,46,90,0,0.0,0,,,,,,,
301,26-27-friendly-ipswich-town-vs-le-havre-2026-08-04,66.0,,,,,,,,,,,,,,,,,,,,,,,,,,,,,,,,,,,,,,,,,,,,,,,,,,0,66,0,0.0,0,,,,,,,
323,26-27-friendly-ipswich-town-vs-le-havre-2026-08-04,46.0,,,,,,,,,,,,,,,,,,,,,,,,,,,,,,,,,,,,,,,,,,,,,,,,,,0,46,0,0.0,0,,,,,,,
304,26-27-friendly-ipswich-town-vs-le-havre-2026-08-04,46.0,,,,,,,,,,,,,,,,,,,,,,,,,,,,,,,,,,,,,,,,,,,,,,,,,,0,46,0,0.0,0,,,,,,,
303,26-27-friendly-ipswich-town-vs-le-havre-2026-08-04,46.0,,,,,,,,,,,,,,,,,,,,,,,,,,,,,,,,,,,,,,,,,,,,,,,,,,0,46,0,0.0,0,,,,,,,
305,26-27-friendly-ipswich-town-vs-le-havre-2026-08-04,46.0,,,,,,,,,,,,,,,,,,,,,,,,,,,,,,,,,,,,,,,,,,,,,,,,,,0,46,0,0.0,0,,,,,,,
309,26-27-friendly-ipswich-town-vs-le-havre-2026-08-04,46.0,,,,,,,,,,,,,,,,,,,,,,,,,,,,,,,,,,,,,,,,,,,,,,,,,,0,46,0,0.0,0,,,,,,,
324,26-27-friendly-ipswich-town-vs-le-havre-2026-08-04,46.0,,,,,,,,,,,,,,,,,,,,,,,,,,,,,,,,,,,,,,,,,,,,,,,,,,0,46,0,0.0,0,,,,,,,
562,26-27-friendly-ipswich-town-vs-le-havre-2026-08-04,46.0,,,,,,,,,,,,,,,,,,,,,,,,,,,,,,,,,,,,,,,,,,,,,,,,,,0,46,0,0.0,0,,,,,,,
316,26-27-friendly-ipswich-town-vs-le-havre-2026-08-04,46.0,,,,,,,,,,,,,,,,,,,,,,,,,,,,,,,,,,,,,,,,,,,,,,,,,,0,46,0,0.0,0,,,,,,,
317,26-27-friendly-ipswich-town-vs-le-havre-2026-08-04,24.0,,,,,,,,,,,,,,,,,,,,,,,,,,,,,,,,,,,,,,,,,,,,,,,,,,66,90,0,0.0,0,,,,,,,
554,26-27-friendly-ipswich-town-vs-le-havre-2026-08-04,24.0,,,,,,,,,,,,,,,,,,,,,,,,,,,,,,,,,,,,,,,,,,,,,,,,,,66,90,0,0.0,0,,,,,,,
320,26-27-friendly-ipswich-town-vs-le-havre-2026-08-04,44.0,1.0,,,,,,,,,,,,,,,,,,,,,,,,,,,,,,,,,,,,,,,,,,,,,,,,,46,90,0,0.0,0,,,,,,,
313,26-27-friendly-ipswich-town-vs-le-havre-2026-08-04,44.0,,,,,,,,,,,,,,,,,,,,,,,,,,,,,,,,,,,,,,,,,,,,,,,,,,46,90,0,0.0,0,,,,,,,
321,26-27-friendly-ipswich-town-vs-le-havre-2026-08-04,44.0,,,,,,,,,,,,,,,,,,,,,,,,,,,,,,,,,,,,,,,,,,,,,,,,,,46,90,0,0.0,0,,,,,,,
307,26-27-friendly-ipswich-town-vs-le-havre-2026-08-04,44.0,,,,,,,,,,,,,,,,,,,,,,,,,,,,,,,,,,,,,,,,,,,,,,,,,,46,90,0,0.0,0,,,,,,,
306,26-27-friendly-ipswich-town-vs-le-havre-2026-08-04,44.0,,,,,,,,,,,,,,,,,,,,,,,,,,,,,,,,,,,,,,,,,,,,,,,,,,46,90,0,0.0,0,,,,,,,
259,26-27-friendly-ipswich-town-vs-le-havre-2026-08-04,44.0,,,,,,,,,,,,,,,,,,,,,,,,,,,,,,,,,,,,,,,,,,,,,,,,,,46,90,0,0.0,0,,,,,,,
308,26-27-friendly-ipswich-town-vs-le-havre-2026-08-04,44.0,,,,,,,,,,,,,,,,,,,,,,,,,,,,,,,,,,,,,,,,,,,,,,,,,,46,90,0,0.0,0,,,,,,,
444,26-27-friendly-bristol-city-vs-newcastle-united-2026-07-29,45.0,,,,,,,0.0,,,20.0,,,,,,,,,0.0,0.0,7.0,,0.0,,,,,,,,,,0.0,2.0,2.0,0.29,-1.71,0.0,14.0,1.0,,0.0,,1.0,,,,,0.0,0,90,4,0.0,0,,,,,,,
147,26-27-friendly-chelsea-vs-milan-2026-08-08,,,,,,,,,,,,,,,,,,,,,,,,,,,,,,,,,,,,,,,,,,,,,,,,,,,0,92,0,0.0,0,,,,,,,
447,26-27-friendly-valencia-vs-newcastle-united-2026-08-08,90.0,0.0,0.0,,,0.02,,0.0,,0.0,94.0,73.0,91.0,0.0,9.0,,,9.0,75.0,2.0,0.0,5.0,2.0,8.0,5.0,0.0,3.0,1.0,2.0,67.0,1.0,100.0,,1.0,,,,,,,,0.0,,,,,,,,2.0,0,92,1,0.0,0,,,,,,,
51,26-27-friendly-bayern-münchen-vs-aston-villa-2026-08-07,90.0,0.0,0.0,1.0,,,0.0,,,2.0,36.0,11.0,61.0,1.0,1.0,,,0.0,0.0,4.0,0.0,6.0,0.0,1.0,,1.0,5.0,5.0,5.0,50.0,0.0,,,0.0,,,,,,,,1.0,,,,,,,,,0,90,2,0.0,0,,,,,,,
462,26-27-friendly-bristol-city-vs-newcastle-united-2026-07-29,90.0,0.0,0.0,,,0.08,,0.0,,0.0,90.0,67.0,92.0,1.0,11.0,1.0,17.0,4.0,57.0,2.0,1.0,1.0,0.0,2.0,,0.0,4.0,2.0,4.0,67.0,0.0,,2.0,0.0,,,,,,,,1.0,,,,,,,,2.0,0,90,4,0.0,0,,,,,,,
463,26-27-friendly-valencia-vs-newcastle-united-2026-08-08,67.0,0.0,0.0,,,0.03,,,,0.0,26.0,12.0,71.0,0.0,2.0,,,1.0,100.0,1.0,0.0,3.0,0.0,0.0,,0.0,2.0,1.0,2.0,67.0,0.0,,1.0,1.0,,,,,,,,0.0,,,,,,,,,0,67,1,0.0,0,,,,,,,
445,26-27-friendly-valencia-vs-newcastle-united-2026-08-08,73.0,0.0,0.0,,,0.03,,,,0.0,51.0,44.0,92.0,0.0,8.0,,,3.0,60.0,0.0,0.0,8.0,0.0,1.0,1.0,0.0,1.0,1.0,,,1.0,50.0,,0.0,,,,,,,,0.0,,,,,,,,,0,73,1,0.0,0,,,,,,,
140,26-27-friendly-chelsea-vs-milan-2026-08-08,90.0,,,,,,,,,,41.0,,,2.0,8.0,,,,,0.0,0.0,5.0,,2.0,,,1.0,,,,1.0,100.0,,0.0,0.0,0.0,,,0.0,26.0,9.0,,0.0,,0.0,,,,,,0,92,0,0.0,0,,,,,,,
156,26-27-friendly-chelsea-vs-milan-2026-08-08,59.0,0.0,1.0,1.0,,,1.0,,,3.0,39.0,26.0,100.0,2.0,2.0,2.0,50.0,,,1.0,0.0,2.0,0.0,0.0,,0.0,2.0,5.0,2.0,33.0,0.0,0.0,1.0,1.0,,,,,,,,1.0,,,,,,,,,0,58,0,0.0,0,,,,,,,
465,26-27-friendly-valencia-vs-newcastle-united-2026-08-08,45.0,0.0,0.0,1.0,0.1,,0.0,0.0,,2.0,5.0,0.0,,0.0,,,,,,0.0,0.0,0.0,0.0,1.0,1.0,0.0,,1.0,0.0,0.0,0.0,,,1.0,,,,,,,,0.0,,,,,,,,0.0,0,46,1,0.0,0,,,,,,,
195,26-27-friendly-coventry-city-vs-espanyol-2026-08-08,90.0,1.0,,,,,,,,,,,,,,,,,,,,,,,,,,,,,,,,,,,,,,,,,,,,,,,,,0,90,0,0.0,0,,,,,,,
477,26-27-friendly-udinese-vs-nottingham-forest-2026-08-08,90.0,,,,,,,,,,,,,,,,,,,,,,,,,,,,,,,,,,,,,,,,,,,,,,,,,,0,90,0,0.0,0,,,,,,,
470,26-27-friendly-udinese-vs-nottingham-forest-2026-08-08,90.0,,,,,,,,,,,,,,,,,,,,,,,,,,,,,,,,,,,,,,,,,,,,,,,,,,0,90,0,0.0,0,,,,,,,
478,26-27-friendly-udinese-vs-nottingham-forest-2026-08-08,90.0,,,,,,,,,,,,,,,,,,,,,,,,,,,,,,,,,,,,,,,,,,,,,,,,,,0,90,0,0.0,0,,,,,,,
489,26-27-friendly-udinese-vs-nottingham-forest-2026-08-08,90.0,,,,,,,,,,,,,,,,,,,,,,,,,,,,,,,,,,,,,,,,,,,,,,,,,,0,90,0,0.0,0,,,,,,,
558,26-27-friendly-udinese-vs-nottingham-forest-2026-08-08,90.0,,,,,,,,,,,,,,,,,,,,,,,,,,,,,,,,,,,,,,,,,,,,,,,,,,0,90,0,0.0,0,,,,,,,
493,26-27-friendly-udinese-vs-nottingham-forest-2026-08-08,90.0,,,,,,,,,,,,,,,,,,,,,,,,,,,,,,,,,,,,,,,,,,,,,,,,,,0,90,0,0.0,0,,,,,,,
487,26-27-friendly-udinese-vs-nottingham-forest-2026-08-08,90.0,,,,,,,,,,,,,,,,,,,,,,,,,,,,,,,,,,,,,,,,,,,,,,,,,,0,90,0,0.0,0,,,,,,,
482,26-27-friendly-udinese-vs-nottingham-forest-2026-08-08,90.0,,,,,,,,,,,,,,,,,,,,,,,,,,,,,,,,,,,,,,,,,,,,,,,,,,0,90,0,0.0,0,,,,,,,
490,26-27-friendly-udinese-vs-nottingham-forest-2026-08-08,10.0,,,,,,,,,,,,,,,,,,,,,,,,,,,,,,,,,,,,,,,,,,,,,,,,,,0,10,0,0.0,0,,,,,,,
485,26-27-friendly-udinese-vs-nottingham-forest-2026-08-08,80.0,,,,,,,,,,,,,,,,,,,,,,,,,,,,,,,,,,,,,,,,,,,,,,,,,,10,90,0,0.0,0,,,,,,,
457,26-27-friendly-bristol-city-vs-newcastle-united-2026-07-29,82.0,0.0,0.0,3.0,0.09,0.3,0.0,1.0,,1.0,70.0,32.0,74.0,1.0,9.0,1.0,17.0,3.0,43.0,0.0,1.0,7.0,0.0,2.0,2.0,1.0,4.0,5.0,3.0,38.0,1.0,100.0,2.0,1.0,,,,,,,,2.0,,,,,,,,0.0,0,82,4,0.0,0,,,,,,,
453,26-27-friendly-bristol-city-vs-newcastle-united-2026-07-29,90.0,1.0,0.0,2.0,0.19,0.17,1.0,3.0,,6.0,54.0,36.0,90.0,2.0,2.0,2.0,50.0,,,0.0,0.0,3.0,0.0,0.0,,0.0,4.0,3.0,3.0,60.0,1.0,50.0,,0.0,,,,,,,,0.0,,,,,,,0.49,0.0,0,90,4,0.0,0,,,,,,,
460,26-27-friendly-bristol-city-vs-newcastle-united-2026-07-29,89.0,0.0,0.0,1.0,0.02,0.11,0.0,0.0,,3.0,53.0,37.0,88.0,2.0,5.0,2.0,100.0,4.0,80.0,0.0,0.0,0.0,0.0,0.0,,2.0,,3.0,0.0,0.0,0.0,,,0.0,,,,,,,,1.0,,,,,,,,0.0,0,90,4,0.0,0,,,,,,,
447,26-27-friendly-bristol-city-vs-newcastle-united-2026-07-29,90.0,0.0,0.0,2.0,0.37,0.01,0.0,0.0,,3.0,103.0,84.0,90.0,0.0,11.0,,,2.0,40.0,0.0,0.0,4.0,0.0,3.0,,0.0,5.0,,1.0,100.0,4.0,100.0,1.0,0.0,,,,,,,,0.0,,,,,,,,0.0,0,90,4,0.0,0,,,,,,,
453,26-27-friendly-gateshead-fc-vs-newcastle-united-2026-07-25,78.0,0.0,0.0,2.0,0.37,0.37,0.0,0.0,,7.0,51.0,32.0,86.0,3.0,6.0,,,,,1.0,0.0,3.0,0.0,0.0,,0.0,1.0,6.0,1.0,14.0,0.0,,,1.0,,,,,,,,2.0,,,,,,,,1.0,0,77,1,0.0,0,,,,,,,
424,26-27-friendly-rosenborg-vs-manchester-united-2026-07-24,45.0,1.0,1.0,1.0,,,1.0,,,1.0,31.0,19.0,90.0,1.0,4.0,,,4.0,80.0,1.0,1.0,8.0,0.0,0.0,,0.0,1.0,4.0,1.0,20.0,0.0,,,1.0,,,,,,,,1.0,,,,,,,,,46,90,0,0.0,0,,,,,,,
435,26-27-friendly-rosenborg-vs-manchester-united-2026-07-24,61.0,1.0,0.0,1.0,,,1.0,,,1.0,31.0,15.0,75.0,0.0,4.0,,,1.0,100.0,2.0,0.0,1.0,0.0,0.0,,1.0,4.0,2.0,4.0,67.0,0.0,,,0.0,,,,,,,,0.0,,,,,,,,,0,61,0,0.0,0,,,,,,,
449,26-27-friendly-bristol-city-vs-newcastle-united-2026-07-29,89.0,0.0,0.0,1.0,0.05,0.41,0.0,3.0,,4.0,116.0,82.0,86.0,2.0,9.0,2.0,67.0,0.0,0.0,2.0,2.0,7.0,0.0,1.0,1.0,0.0,6.0,3.0,6.0,67.0,0.0,,1.0,1.0,,,,,,,,1.0,,,,,,,,2.0,0,90,4,0.0,0,,,,,,,
451,26-27-friendly-bristol-city-vs-newcastle-united-2026-07-29,69.0,0.0,0.0,1.0,0.05,0.01,0.0,0.0,,1.0,86.0,68.0,94.0,0.0,6.0,,,2.0,67.0,4.0,2.0,2.0,0.0,7.0,4.0,0.0,6.0,1.0,4.0,100.0,2.0,67.0,,0.0,,,,,,,,0.0,,,,,,,,4.0,20,90,4,0.0,0,,,,,,,
341,26-27-friendly-liverpool-vs-leeds-united-2026-08-02,7.0,0.0,0.0,,,,,0.0,,0.0,3.0,2.0,100.0,0.0,,,,,,0.0,0.0,0.0,0.0,0.0,,1.0,,2.0,0.0,0.0,0.0,,,1.0,,,,,,,,0.0,,,,,,,,0.0,83,90,0,0.0,0,,,,,,,
378,26-27-friendly-liverpool-vs-leeds-united-2026-08-02,,,,,,,,,,,,,,,,,,,,,,,,,,,,,,,,,,,,,,,,,,,,,,,,,,,0,90,4,0.0,0,,,,,,,
421,26-27-friendly-manchester-united-vs-atletico-madrid-2026-08-01,90.0,0.0,0.0,1.0,,,0.0,0.0,,1.0,84.0,65.0,87.0,0.0,8.0,,,3.0,30.0,1.0,0.0,1.0,0.0,2.0,1.0,0.0,5.0,3.0,4.0,80.0,1.0,33.0,3.0,1.0,,,,,,,,0.0,,,,,,,,1.0,0,90,1,0.0,0,,,,,,,
466,26-27-friendly-bristol-city-vs-newcastle-united-2026-07-29,56.0,0.0,0.0,2.0,0.14,,1.0,0.0,,4.0,14.0,6.0,86.0,0.0,,,,,,0.0,0.0,0.0,0.0,1.0,1.0,0.0,,4.0,0.0,0.0,0.0,0.0,,2.0,,,,,,,,1.0,,,,,,,,0.0,0,56,3,0.0,0,,,,,,,
355,26-27-friendly-liverpool-vs-wrexham-2026-07-29,14.0,,,,,,,0.0,,,3.0,,,,,,,,,0.0,0.0,0.0,,0.0,,,,,,,,,,0.0,0.0,0.0,,,0.0,3.0,1.0,,0.0,,0.0,,,,,0.0,76,90,0,0.0,0,,,,,,,
337,26-27-friendly-liverpool-vs-leeds-united-2026-08-02,45.0,1.0,1.0,1.0,,,1.0,1.0,,4.0,24.0,14.0,82.0,1.0,,,,,,1.0,1.0,3.0,0.0,0.0,,1.0,4.0,3.0,3.0,50.0,1.0,100.0,1.0,1.0,,,,,,,,0.0,,,,,,,,1.0,46,90,0,0.0,0,,,,,,,
371,26-27-friendly-liverpool-vs-leeds-united-2026-08-02,45.0,0.0,0.0,1.0,,,0.0,0.0,,0.0,37.0,26.0,84.0,0.0,2.0,,,0.0,0.0,0.0,0.0,2.0,0.0,2.0,2.0,0.0,3.0,2.0,1.0,100.0,2.0,50.0,1.0,0.0,,,,,,,,0.0,,,,,,,,0.0,46,90,4,0.0,0,,,,,,,
528,26-27-friendly-tottenham-hotspur-vs-milton-keynes-dons-2026-07-22,45.0,0.0,0.0,,,,,0.0,,1.0,10.0,4.0,80.0,0.0,,0.0,0.0,,,0.0,0.0,0.0,0.0,0.0,,0.0,,1.0,0.0,0.0,0.0,,,0.0,,,,,,,,1.0,,,,,,,,0.0,46,90,0,0.0,0,,,,,,,
561,26-27-friendly-chelsea-vs-milan-2026-08-08,11.0,0.0,0.0,1.0,,,0.0,0.0,,1.0,13.0,9.0,100.0,0.0,,,,1.0,100.0,1.0,0.0,1.0,0.0,0.0,,0.0,2.0,,1.0,100.0,1.0,100.0,,0.0,,,,,,,,0.0,,,,,,,,1.0,79,92,0,0.0,0,,,,,,,
383,26-27-friendly-liverpool-vs-leeds-united-2026-08-02,22.0,0.0,0.0,1.0,,,0.0,0.0,,1.0,25.0,12.0,71.0,0.0,5.0,0.0,0.0,2.0,50.0,0.0,0.0,2.0,0.0,0.0,,0.0,,1.0,0.0,0.0,0.0,,,0.0,,,,,,,,0.0,,,,,,,,0.0,68,90,3,0.0,0,,,,,,,
357,26-27-friendly-liverpool-vs-leeds-united-2026-08-02,77.0,0.0,1.0,,,,,1.0,,3.0,45.0,34.0,97.0,2.0,2.0,1.0,50.0,,,1.0,0.0,2.0,0.0,0.0,,0.0,3.0,2.0,3.0,75.0,0.0,0.0,1.0,1.0,,,,,,,,0.0,,,,,,,,1.0,0,77,3,0.0,0,,,,,,,
414,26-27-friendly-manchester-united-vs-paris-saint-germain-2026-08-08,49.0,,,,,,,0.0,,,16.0,,,,,,,,,1.0,0.0,3.0,,1.0,,,1.0,,1.0,100.0,,,,0.0,2.0,1.0,,,1.0,6.0,1.0,,0.0,,1.0,,,,,1.0,0,49,1,0.0,0,,,,,,,
418,26-27-friendly-manchester-united-vs-paris-saint-germain-2026-08-08,90.0,0.0,0.0,2.0,,,1.0,0.0,,1.0,53.0,43.0,91.0,1.0,4.0,,,7.0,78.0,1.0,0.0,7.0,0.0,1.0,1.0,0.0,3.0,,2.0,100.0,1.0,100.0,1.0,0.0,,,,,,,,0.0,,,,,,,,1.0,0,90,1,0.0,0,,,,,,,
423,26-27-friendly-manchester-united-vs-paris-saint-germain-2026-08-08,64.0,0.0,0.0,,,,,0.0,,1.0,40.0,19.0,86.0,0.0,2.0,1.0,100.0,1.0,100.0,2.0,3.0,0.0,0.0,2.0,1.0,0.0,2.0,1.0,2.0,67.0,0.0,,,0.0,,,,,,,,1.0,,,,,,,,2.0,0,64,1,0.0,0,,,,,,,
2,26-27-friendly-arsenal-vs-real-betis-2026-08-05,62.0,,,,,,,,,,21.0,,,,1.0,,,,,0.0,0.0,4.0,,0.0,,,,,,,,,,0.0,3.0,3.0,,,0.0,12.0,0.0,,1.0,,1.0,,,,,,0,62,3,0.0,0,,,,,,,
27,26-27-friendly-arsenal-vs-real-betis-2026-08-05,45.0,0.0,0.0,3.0,,,0.0,,,2.0,29.0,15.0,100.0,0.0,2.0,0.0,0.0,2.0,100.0,1.0,0.0,2.0,0.0,0.0,,0.0,6.0,2.0,5.0,71.0,1.0,100.0,1.0,1.0,,,,,,,,0.0,,,,,,,,,46,90,0,0.0,0,,,,,,,
327,26-27-friendly-leeds-united-vs-rb-leipzig-2026-08-08,10.0,0.0,0.0,1.0,,,1.0,,,2.0,50.0,42.0,95.0,0.0,2.0,,,3.0,100.0,0.0,0.0,0.0,0.0,3.0,3.0,0.0,1.0,2.0,0.0,0.0,1.0,50.0,,1.0,,,,,,,,0.0,,,,,,,,,0,100,0,0.0,0,,,,,,,
469,26-27-friendly-manchester-united-vs-atletico-madrid-2026-08-01,17.0,0.0,0.0,,,,,,,0.0,6.0,3.0,75.0,0.0,,,,,,0.0,0.0,1.0,0.0,1.0,1.0,0.0,,2.0,0.0,0.0,0.0,,,3.0,,,,,,,,0.0,,,,,,,,,73,90,0,0.0,0,,,,,,,
140,26-27-friendly-chelsea-vs-juventus-2026-08-05,45.0,,,,,,,,,,22.0,,,,4.0,,,,,0.0,0.0,5.0,,1.0,,,,,,,,,,0.0,1.0,0.0,,,0.0,10.0,3.0,,0.0,,0.0,,,,,,0,46,0,0.0,0,,,,,,,
136,26-27-friendly-annecy-fc-vs-brighton-hove-albion-2026-07-25,90.0,,,,,,,,,,,,,,,,,,,,,,,,,,,,,,,,,,,,,,,,,,,,,,,,,,0,90,0,0.0,0,,,,,,,
51,26-27-friendly-aston-villa-vs-real-sociedad-2026-07-28,46.0,1.0,,,,,,,,,,,,,,,,,,,,,,,,,,,,,,,,,,,,,,,,,,,,,,,,,0,46,0,0.0,0,,,,,,,
51,26-27-friendly-bg-pathum-united-vs-aston-villa-2026-08-04,47.0,,,,,,,,,,,,,,,,,,,,,,,,,,,,,,,,,,,,,,,,,,,,,,,,,,43,90,0,0.0,0,,,,,,,
284,26-27-friendly-eintracht-frankfurt-vs-hull-city-2026-08-08,83.0,,,,,,,,,,,,,,,,,,,,,,,,,,,,,,,,,,,,,,,,,,,,,,,,,,7,90,0,0.0,0,,,,,,,
483,26-27-friendly-nottingham-forest-vs-barcelona-2026-08-08,90.0,,,,,,,,,,,,,,,,,,,,,,,,,,,,,,,,,,,,,,,,,,,,,,,,,,0,90,0,0.0,0,,,,,,,
431,26-27-friendly-manchester-united-vs-leeds-united-2026-08-12,61.0,,,,,,,1.0,,1.0,39.0,,88.0,,4.0,,50.0,,0.0,0.0,0.0,1.0,0.0,0.0,,0.0,2.0,2.0,2.0,50.0,0.0,,,1.0,0.0,1.0,,,,,,,,,,,,,,0.0,0,61,1,0.0,0,,,,,,,
426,26-27-friendly-manchester-united-vs-paris-saint-germain-2026-08-08,26.0,0.0,0.0,1.0,,,0.0,,,2.0,20.0,13.0,76.0,0.0,2.0,0.0,0.0,1.0,50.0,0.0,1.0,1.0,0.0,0.0,,0.0,,,,,0.0,,,0.0,,,,,,,,0.0,,,,,,,,,64,90,0,0.0,0,,,,,,,
449,26-27-friendly-manchester-city-vs-inter-2026-08-01,,,,,,,,,,,,,,,,,,,,,,,,,,,,,,,,,,,,,,,,,,,,,,,,,,,0,121,1,0.0,0,,,,,,,
199,26-27-friendly-crystal-palace-vs-al-ula-fc-2026-07-31,90.0,0.0,0.0,0.0,,,0.0,0.0,,,12.0,10.0,,0.0,,0.0,,1.0,,0.0,0.0,4.0,,0.0,,,,,,,,,0.0,0.0,0.0,1.0,,,,,,0.0,,,,,,,,0.0,0,0,0,0.0,0,,,,,,,
203,26-27-friendly-crystal-palace-vs-al-ula-fc-2026-07-31,77.0,1.0,0.0,1.0,,,1.0,0.0,,,72.0,54.0,,0.0,,0.0,,6.0,,2.0,4.0,4.0,,1.0,,,,,,,,,1.0,1.0,0.0,1.0,,,,,,0.0,,,,,,,,2.0,0,0,0,0.0,0,,,,,,,
204,26-27-friendly-crystal-palace-vs-al-ula-fc-2026-07-31,77.0,0.0,0.0,0.0,,,0.0,0.0,,,63.0,35.0,,4.0,,2.0,,1.0,,2.0,1.0,9.0,,2.0,,,,,,,,,4.0,0.0,0.0,1.0,,,,,,0.0,,,,,,,,2.0,0,0,0,0.0,0,,,,,,,
215,26-27-friendly-crystal-palace-vs-al-ula-fc-2026-07-31,76.0,1.0,0.0,1.0,,,1.0,1.0,,,29.0,10.0,,1.0,,0.0,,1.0,,1.0,1.0,2.0,,0.0,,,,,,,,,0.0,0.0,0.0,1.0,,,,,,3.0,,,,,,,,2.0,0,0,0,0.0,0,,,,,,,
205,26-27-friendly-crystal-palace-vs-al-ula-fc-2026-07-31,62.0,0.0,0.0,0.0,,,0.0,1.0,,,54.0,46.0,,0.0,,0.0,,6.0,,1.0,0.0,1.0,,2.0,,,,,,,,,0.0,1.0,0.0,1.0,,,,,,0.0,,,,,,,,1.0,0,0,0,0.0,0,,,,,,,
212,26-27-friendly-crystal-palace-vs-al-ula-fc-2026-07-31,62.0,0.0,0.0,0.0,,,0.0,1.0,,,41.0,29.0,,0.0,,0.0,,0.0,,0.0,0.0,2.0,,0.0,,,,,,,,,1.0,1.0,0.0,1.0,,,,,,0.0,,,,,,,,1.0,0,0,0,0.0,0,,,,,,,
219,26-27-friendly-crystal-palace-vs-al-ula-fc-2026-07-31,45.0,0.0,0.0,0.0,,,0.0,0.0,,,9.0,5.0,,0.0,,0.0,,0.0,,0.0,1.0,0.0,,0.0,,,,,,,,,0.0,0.0,0.0,0.0,,,,,,0.0,,,,,,,,0.0,0,0,0,0.0,0,,,,,,,
202,26-27-friendly-crystal-palace-vs-al-ula-fc-2026-07-31,45.0,0.0,0.0,0.0,,,0.0,0.0,,,40.0,33.0,,0.0,,0.0,,0.0,,0.0,2.0,1.0,,1.0,,,,,,,,,0.0,0.0,0.0,1.0,,,,,,0.0,,,,,,,,1.0,0,0,0,0.0,0,,,,,,,
220,26-27-friendly-crystal-palace-vs-al-ula-fc-2026-07-31,45.0,0.0,2.0,0.0,,,0.0,1.0,,,31.0,11.0,,4.0,,3.0,,0.0,,2.0,0.0,1.0,,0.0,,,,,,,,,0.0,1.0,0.0,1.0,,,,,,1.0,,,,,,,,3.0,0,0,0,0.0,0,,,,,,,
565,26-27-friendly-manchester-city-vs-inter-2026-08-01,22.0,0.0,0.0,,,,,,,0.0,5.0,3.0,100.0,1.0,,,,,,2.0,0.0,0.0,0.0,0.0,,0.0,2.0,2.0,2.0,100.0,0.0,0.0,,1.0,,,,,,,,0.0,,,,,,,,,68,121,0,0.0,0,,,,,,,
410,26-27-friendly-manchester-city-vs-inter-2026-08-01,,,,,,,,,,,,,,,,,,,,,,,,,,,,,,,,,,,,,,,,,,,,,,,,,,,0,121,1,0.0,0,,,,,,,
156,26-27-friendly-chelsea-vs-juventus-2026-08-05,,,,,,,,,,,,,,,,,,,,,,,,,,,,,,,,,,,,,,,,,,,,,,,,,,,0,90,1,0.0,0,,,,,,,
438,26-27-friendly-manchester-united-vs-atletico-madrid-2026-08-01,,,,,,,,,,,,,,,,,,,,,,,,,,,,,,,,,,,,,,,,,,,,,,,,,,,0,90,1,0.0,0,,,,,,,
25,26-27-friendly-arsenal-vs-real-betis-2026-08-05,45.0,0.0,0.0,2.0,,,1.0,0.0,,1.0,14.0,7.0,78.0,0.0,,,,,,0.0,0.0,1.0,0.0,0.0,,0.0,2.0,,2.0,100.0,0.0,,2.0,0.0,,,,,,,,0.0,,,,,,,,0.0,0,46,3,0.0,0,,,,,,,
513,26-27-friendly-manchester-city-vs-inter-2026-08-01,,,,,,,,,,,,,,,,,,,,,,,,,,,,,,,,,,,,,,,,,,,,,,,,,,,0,121,1,0.0,0,,,,,,,
24,26-27-friendly-arsenal-vs-real-betis-2026-08-05,45.0,0.0,0.0,,,,,0.0,,1.0,32.0,26.0,96.0,1.0,3.0,0.0,0.0,2.0,100.0,2.0,0.0,5.0,1.0,0.0,,1.0,2.0,1.0,2.0,67.0,0.0,,,0.0,,,,,,,,0.0,,,,,,,,2.0,46,90,0,0.0,0,,,,,,,
4,26-27-friendly-manchester-united-vs-atletico-madrid-2026-08-01,8.0,0.0,0.0,1.0,,,0.0,,,2.0,6.0,3.0,75.0,0.0,,,,,,0.0,0.0,0.0,0.0,0.0,,0.0,1.0,,1.0,100.0,0.0,,1.0,0.0,,,,,,,,0.0,,,,,,,,,82,90,0,0.0,0,,,,,,,
158,26-27-friendly-chelsea-vs-juventus-2026-08-05,65.0,0.0,0.0,1.0,,,0.0,,,3.0,25.0,10.0,77.0,0.0,,1.0,100.0,,,1.0,0.0,1.0,0.0,0.0,,0.0,3.0,6.0,3.0,43.0,0.0,0.0,,1.0,,,,,,,,1.0,,,,,,,,,0,65,0,0.0,0,,,,,,,
159,26-27-friendly-chelsea-vs-juventus-2026-08-05,66.0,0.0,0.0,,,,,,,0.0,76.0,57.0,90.0,2.0,9.0,1.0,100.0,2.0,50.0,3.0,4.0,5.0,0.0,1.0,1.0,2.0,7.0,3.0,6.0,67.0,1.0,100.0,3.0,1.0,,,,,,,,0.0,,,,,,,,,0,66,0,0.0,0,,,,,,,
385,26-27-friendly-manchester-united-vs-leeds-united-2026-08-12,45.0,,,,,,,,,,29.0,,,,3.0,,,,,0.0,0.0,5.0,,1.0,,,,,,,,,,0.0,3.0,1.0,,,1.0,17.0,3.0,,1.0,,2.0,,,,,,0,46,1,0.0,0,,,,,,,
412,26-27-friendly-manchester-united-vs-leeds-united-2026-08-12,61.0,0.0,0.0,0.0,,,0.0,0.0,,,20.0,11.0,,0.0,1.0,0.0,,3.0,,0.0,0.0,5.0,,0.0,,,,,,,,,0.0,0.0,,,,,0.0,11.0,3.0,0.0,0.0,,1.0,,,,,0.0,0,61,1,0.0,0,,,,,,,
341,26-27-friendly-manchester-united-vs-leeds-united-2026-08-12,45.0,,,0.0,,,0.0,0.0,,0.0,36.0,,77.0,,3.0,,0.0,,100.0,2.0,3.0,2.0,0.0,2.0,1.0,0.0,3.0,2.0,2.0,50.0,1.0,100.0,0.0,1.0,0.0,0.0,,,,,,,,,,,,,,2.0,46,121,0,0.0,0,,,,,,,
214,26-27-friendly-crystal-palace-vs-al-ula-fc-2026-07-31,45.0,0.0,0.0,0.0,,,0.0,1.0,,,34.0,25.0,,0.0,,0.0,,3.0,,1.0,0.0,4.0,,0.0,,,,,,,,,1.0,0.0,0.0,1.0,,,,,,0.0,,,,,,,,1.0,0,0,0,0.0,0,,,,,,,
224,26-27-friendly-crystal-palace-vs-al-ula-fc-2026-07-31,45.0,1.0,0.0,4.0,,,2.0,1.0,,,21.0,10.0,,2.0,,0.0,,0.0,,0.0,0.0,0.0,,0.0,,,,,,,,,1.0,1.0,0.0,1.0,,,,,,1.0,,,,,,,,0.0,0,0,0,0.0,0,,,,,,,
221,26-27-friendly-crystal-palace-vs-al-ula-fc-2026-07-31,28.0,0.0,0.0,0.0,,,0.0,0.0,,,25.0,10.0,,0.0,,0.0,,0.0,,1.0,0.0,0.0,,0.0,,,,,,,,,1.0,2.0,0.0,0.0,,,,,,2.0,,,,,,,,1.0,0,0,0,0.0,0,,,,,,,
218,26-27-friendly-crystal-palace-vs-al-ula-fc-2026-07-31,28.0,0.0,0.0,0.0,,,0.0,0.0,,,32.0,29.0,,0.0,,0.0,,0.0,,0.0,1.0,1.0,,0.0,,,,,,,,,0.0,0.0,0.0,0.0,,,,,,0.0,,,,,,,,0.0,0,0,0,0.0,0,,,,,,,
208,26-27-friendly-crystal-palace-vs-al-ula-fc-2026-07-31,13.0,0.0,0.0,0.0,,,0.0,0.0,,,6.0,4.0,,0.0,,0.0,,1.0,,0.0,0.0,0.0,,0.0,,,,,,,,,0.0,0.0,0.0,0.0,,,,,,0.0,,,,,,,,0.0,0,0,0,0.0,0,,,,,,,
338,26-27-friendly-liverpool-vs-leeds-united-2026-08-02,90.0,0.0,1.0,,,,,0.0,,1.0,60.0,39.0,89.0,1.0,5.0,,,0.0,0.0,2.0,1.0,7.0,1.0,2.0,1.0,0.0,4.0,1.0,3.0,75.0,1.0,100.0,1.0,2.0,,,,,,,,0.0,,,,,,,,2.0,0,90,2,0.0,0,,,,,,,
136,26-27-friendly-chelsea-vs-juventus-2026-08-05,45.0,0.0,0.0,1.0,,,0.0,0.0,,1.0,25.0,11.0,85.0,1.0,,,,,,2.0,0.0,2.0,0.0,0.0,,0.0,4.0,2.0,4.0,67.0,0.0,,2.0,0.0,,,,,,,,0.0,,,,,,,,2.0,0,46,0,0.0,0,,,,,,,
147,26-27-friendly-chelsea-vs-juventus-2026-08-05,45.0,0.0,0.0,,,,,0.0,,0.0,42.0,36.0,90.0,0.0,3.0,,,0.0,0.0,0.0,0.0,0.0,1.0,1.0,,0.0,1.0,1.0,,,1.0,50.0,,0.0,,,,,,,,0.0,,,,,,,,0.0,0,46,0,0.0,0,,,,,,,
145,26-27-friendly-chelsea-vs-juventus-2026-08-05,66.0,0.0,0.0,,,,,0.0,,1.0,69.0,54.0,87.0,0.0,13.0,,,1.0,25.0,1.0,0.0,2.0,0.0,3.0,2.0,0.0,1.0,,1.0,100.0,0.0,,,0.0,,,,,,,,0.0,,,,,,,,1.0,0,66,0,0.0,0,,,,,,,
165,26-27-friendly-chelsea-vs-juventus-2026-08-05,66.0,0.0,0.0,,,,,1.0,,1.0,29.0,15.0,79.0,1.0,3.0,,,,,0.0,0.0,1.0,0.0,0.0,,0.0,5.0,2.0,5.0,71.0,0.0,,4.0,1.0,,,,,,,,0.0,,,,,,,,0.0,0,66,0,0.0,0,,,,,,,
381,26-27-friendly-liverpool-vs-wrexham-2026-07-29,63.0,0.0,0.0,2.0,,,0.0,,,4.0,15.0,6.0,100.0,1.0,,,,,,0.0,0.0,2.0,0.0,0.0,,0.0,1.0,2.0,1.0,50.0,0.0,0.0,1.0,2.0,,,,,,,,0.0,,,,,,,,,0,63,0,0.0,0,,,,,,,
193,26-27-friendly-liverpool-vs-wrexham-2026-07-29,27.0,0.0,0.0,,,,,,,0.0,5.0,1.0,50.0,0.0,,,,,,0.0,0.0,0.0,0.0,0.0,,0.0,,3.0,0.0,0.0,0.0,0.0,,1.0,,,,,,,,1.0,,,,,,,,,63,90,0,0.0,0,,,,,,,
23,26-27-friendly-arsenal-vs-real-betis-2026-08-05,45.0,0.0,0.0,1.0,,,0.0,1.0,,2.0,27.0,17.0,89.0,1.0,5.0,,,2.0,100.0,1.0,0.0,3.0,0.0,0.0,,1.0,3.0,3.0,3.0,50.0,0.0,,1.0,1.0,,,,,,,,0.0,,,,,,,,1.0,46,90,0,0.0,0,,,,,,,
557,26-27-friendly-arsenal-vs-real-betis-2026-08-05,45.0,0.0,1.0,1.0,,,0.0,1.0,,2.0,31.0,18.0,82.0,2.0,,2.0,100.0,,,1.0,0.0,2.0,0.0,0.0,,2.0,2.0,5.0,2.0,33.0,0.0,0.0,,0.0,,,,,,,,0.0,,,,,,,,1.0,0,46,3,0.0,0,,,,,,,
105,26-27-friendly-gateshead-fc-vs-newcastle-united-2026-07-25,8.0,0.0,0.0,,,,,,,0.0,4.0,3.0,100.0,0.0,,,,,,0.0,0.0,0.0,0.0,0.0,,0.0,,,,,0.0,,,0.0,,,,,,,,0.0,,,,,,,,,82,90,0,0.0,0,,,,,,,
462,26-27-friendly-gateshead-fc-vs-newcastle-united-2026-07-25,90.0,0.0,0.0,2.0,0.08,0.19,0.0,0.0,,1.0,99.0,84.0,95.0,0.0,8.0,1.0,50.0,2.0,100.0,2.0,0.0,6.0,0.0,0.0,,1.0,3.0,3.0,3.0,60.0,0.0,0.0,1.0,0.0,,,,,,,,1.0,,,,,,,,2.0,0,90,1,0.0,0,,,,,,,
459,26-27-friendly-gateshead-fc-vs-newcastle-united-2026-07-25,20.0,0.0,0.0,,,0.01,,,,0.0,30.0,16.0,80.0,0.0,4.0,0.0,0.0,,,1.0,0.0,0.0,0.0,0.0,,0.0,2.0,2.0,2.0,100.0,0.0,0.0,1.0,0.0,,,,,,,,0.0,,,,,,,,,69,90,0,0.0,0,,,,,,,
469,26-27-friendly-rosenborg-vs-manchester-united-2026-07-24,29.0,1.0,0.0,1.0,,,1.0,,,2.0,13.0,5.0,83.0,1.0,,2.0,100.0,1.0,100.0,0.0,1.0,0.0,0.0,0.0,,1.0,,2.0,0.0,0.0,0.0,,,0.0,,,,,,,,0.0,,,,,,,,,61,90,0,0.0,0,,,,,,,
438,26-27-friendly-rosenborg-vs-manchester-united-2026-07-24,29.0,0.0,0.0,1.0,,,0.0,,,0.0,23.0,17.0,94.0,0.0,5.0,,,,,0.0,0.0,0.0,0.0,0.0,,0.0,1.0,2.0,1.0,50.0,0.0,0.0,1.0,0.0,,,,,,,,0.0,,,,,,,,,61,90,0,0.0,0,,,,,,,
283,26-27-friendly-rosenborg-vs-manchester-united-2026-07-24,29.0,1.0,0.0,1.0,,,1.0,,,1.0,33.0,27.0,100.0,0.0,,,,,,0.0,0.0,1.0,0.0,0.0,,1.0,,3.0,0.0,0.0,0.0,,,1.0,,,,,,,,1.0,,,,,,,,,61,90,0,0.0,0,,,,,,,
4,26-27-friendly-rosenborg-vs-manchester-united-2026-07-24,,,,,,,,,,,,,,,,,,,,,,,,,,,,,,,,,,,,,,,,,,,,,,,,,,,0,90,0,0.0,0,,,,,,,
329,26-27-friendly-leeds-united-vs-rb-leipzig-2026-08-08,60.0,0.0,1.0,,,,,,,1.0,34.0,16.0,73.0,1.0,2.0,,,1.0,100.0,0.0,0.0,1.0,1.0,3.0,1.0,0.0,1.0,,1.0,100.0,0.0,,1.0,0.0,,,,,,,,0.0,,,,,,,,,0,100,0,0.0,0,,,,,,,
343,26-27-friendly-leeds-united-vs-rb-leipzig-2026-08-08,60.0,0.0,0.0,1.0,,,0.0,,,1.0,22.0,8.0,73.0,0.0,1.0,0.0,0.0,,,1.0,0.0,3.0,0.0,0.0,,2.0,4.0,4.0,4.0,50.0,0.0,,3.0,0.0,,,,,,,,1.0,,,,,,,,,0,100,0,0.0,0,,,,,,,
348,26-27-friendly-leeds-united-vs-rb-leipzig-2026-08-08,,,,,,,,,,,,,,,,,,,,,,,,,,,,,,,,,,,,,,,,,,,,,,,,,,,0,100,0,0.0,0,,,,,,,
578,26-27-friendly-chelsea-vs-milan-2026-08-08,5.0,0.0,0.0,,,,,,,0.0,6.0,2.0,50.0,0.0,,0.0,0.0,,,0.0,0.0,0.0,0.0,0.0,,0.0,,1.0,0.0,0.0,0.0,,,1.0,,,,,,,,0.0,,,,,,,,,85,92,0,0.0,0,,,,,,,
427,26-27-friendly-manchester-united-vs-paris-saint-germain-2026-08-08,64.0,1.0,0.0,5.0,,,4.0,0.0,,3.0,41.0,22.0,76.0,2.0,1.0,1.0,50.0,,,0.0,0.0,2.0,0.0,1.0,1.0,0.0,,4.0,0.0,0.0,0.0,0.0,,2.0,,,,,,,,0.0,,,,,,,,0.0,0,64,1,0.0,0,,,,,,,
440,26-27-friendly-manchester-united-vs-paris-saint-germain-2026-08-08,26.0,0.0,0.0,,,,,1.0,,1.0,17.0,7.0,58.0,1.0,1.0,,,,,0.0,0.0,3.0,0.0,1.0,1.0,0.0,2.0,1.0,1.0,50.0,1.0,100.0,,0.0,,,,,,,,0.0,,,,,,,,0.0,64,90,0,0.0,0,,,,,,,
338,26-27-friendly-leeds-united-vs-rb-leipzig-2026-08-08,60.0,0.0,0.0,,,,,,,0.0,41.0,28.0,88.0,0.0,1.0,,,2.0,67.0,3.0,1.0,4.0,0.0,3.0,1.0,2.0,6.0,4.0,5.0,56.0,1.0,100.0,2.0,2.0,,,,,,,,0.0,,,,,,,,,0,100,0,0.0,0,,,,,,,
431,26-27-friendly-manchester-united-vs-paris-saint-germain-2026-08-08,65.0,0.0,1.0,1.0,,,1.0,0.0,,3.0,40.0,30.0,94.0,1.0,2.0,,,,,2.0,0.0,5.0,0.0,0.0,,1.0,2.0,4.0,2.0,33.0,0.0,,,1.0,,,,,,,,1.0,,,,,,,,2.0,0,64,1,0.0,0,,,,,,,
420,26-27-friendly-manchester-united-vs-paris-saint-germain-2026-08-08,45.0,0.0,0.0,,,,,0.0,,0.0,25.0,17.0,89.0,0.0,2.0,,,1.0,100.0,0.0,1.0,2.0,0.0,4.0,1.0,0.0,1.0,,1.0,100.0,0.0,,1.0,0.0,,,,,,,,0.0,,,,,,,,0.0,46,90,0,0.0,0,,,,,,,
391,26-27-friendly-manchester-city-vs-inter-2026-08-01,45.0,0.0,0.0,,,,,0.0,,0.0,45.0,38.0,97.0,0.0,3.0,,,1.0,50.0,0.0,1.0,0.0,0.0,4.0,,0.0,,2.0,0.0,0.0,0.0,0.0,,1.0,,,,,,,,0.0,,,,,,,,0.0,0,46,1,0.0,0,,,,,,,
396,26-27-friendly-manchester-city-vs-inter-2026-08-01,45.0,0.0,0.0,4.0,,,1.0,1.0,,4.0,53.0,44.0,96.0,1.0,9.0,,,,,1.0,0.0,1.0,0.0,0.0,,0.0,5.0,2.0,2.0,50.0,3.0,100.0,,2.0,,,,,,,,0.0,,,,,,,,2.0,46,121,0,0.0,0,,,,,,,
110,26-27-friendly-coventry-city-vs-espanyol-2026-08-08,90.0,,,,,,,,,,,,,,,,,,,,,,,,,,,,,,,,,,,,,,,,,,,,,,,,,,0,90,0,0.0,0,,,,,,,
578,26-27-friendly-johor-darul-ta'zim-vs-chelsea-2026-08-09,3.0,0.0,0.0,,,,,,,0.0,3.0,0.0,0.0,1.0,1.0,1.0,100.0,0.0,0.0,0.0,1.0,0.0,0.0,0.0,,1.0,,1.0,0.0,0.0,0.0,,,0.0,,,,,,,,0.0,,,,,,,,,87,92,0,0.0,0,,,,,,,
18,26-27-friendly-arsenal-vs-real-betis-2026-08-05,32.0,0.0,0.0,,,,,,,1.0,22.0,14.0,93.0,1.0,2.0,,,1.0,100.0,1.0,1.0,2.0,0.0,0.0,,0.0,2.0,3.0,2.0,40.0,0.0,,,0.0,,,,,,,,2.0,,,,,,,,,46,77,0,0.0,0,,,,,,,
162,26-27-friendly-manchester-united-vs-paris-saint-germain-2026-08-08,65.0,0.0,0.0,,,,,0.0,,0.0,44.0,35.0,95.0,0.0,4.0,,,,,2.0,1.0,1.0,1.0,1.0,,1.0,3.0,4.0,3.0,50.0,0.0,0.0,1.0,1.0,,,,,,,,0.0,,,,,,,,2.0,0,64,1,0.0,0,,,,,,,
182,26-27-friendly-coventry-city-vs-espanyol-2026-08-08,90.0,,,,,,,,,,,,,,,,,,,,,,,,,,,,,,,,,,,,,,,,,,,,,,,,,,0,90,0,0.0,0,,,,,,,
424,26-27-friendly-manchester-united-vs-paris-saint-germain-2026-08-08,26.0,0.0,0.0,,,,,0.0,,1.0,13.0,7.0,88.0,0.0,,0.0,0.0,,,0.0,0.0,1.0,0.0,0.0,,0.0,,1.0,0.0,0.0,0.0,,,1.0,,,,,,,,0.0,,,,,,,,0.0,64,90,0,0.0,0,,,,,,,
435,26-27-friendly-manchester-united-vs-paris-saint-germain-2026-08-08,90.0,0.0,0.0,2.0,,,1.0,0.0,,2.0,33.0,20.0,91.0,1.0,2.0,2.0,67.0,,,0.0,0.0,2.0,0.0,0.0,,0.0,1.0,3.0,1.0,25.0,0.0,,1.0,1.0,,,,,,,,0.0,,,,,,,,0.0,0,90,1,0.0,0,,,,,,,
8,26-27-friendly-arsenal-vs-real-betis-2026-08-05,62.0,0.0,0.0,,,,,0.0,,1.0,49.0,34.0,89.0,0.0,2.0,,,,,0.0,1.0,2.0,0.0,0.0,,0.0,1.0,2.0,1.0,33.0,0.0,,1.0,1.0,,,,,,,,1.0,,,,,,,,0.0,0,62,3,0.0,0,,,,,,,
339,26-27-friendly-leeds-united-vs-rb-leipzig-2026-08-08,60.0,0.0,0.0,,,,,,,0.0,44.0,36.0,92.0,3.0,5.0,0.0,0.0,5.0,83.0,3.0,0.0,4.0,0.0,1.0,,2.0,3.0,6.0,3.0,43.0,0.0,0.0,,2.0,,,,,,,,0.0,,,,,,,,,0,100,0,0.0,0,,,,,,,
347,26-27-friendly-leeds-united-vs-rb-leipzig-2026-08-08,10.0,1.0,0.0,3.0,,,2.0,,,8.0,24.0,6.0,43.0,0.0,3.0,,,,,0.0,0.0,3.0,0.0,0.0,,0.0,1.0,6.0,0.0,0.0,1.0,50.0,,1.0,,,,,,,,3.0,,,,,,,,,0,100,0,0.0,0,,,,,,,
443,26-27-friendly-everton-vs-newcastle-united-2026-08-12,,,,,,,,,,,,,,,,,,,,,,,,,,,,,,,,,,,,,,,,,,,,,,,,,,,0,90,3,0.0,0,,,,,,,
23,26-27-friendly-girona-vs-arsenal-2026-08-01,29.0,0.0,0.0,,,,,0.0,,0.0,15.0,14.0,100.0,0.0,3.0,,,2.0,100.0,0.0,1.0,0.0,0.0,0.0,,0.0,,1.0,0.0,0.0,0.0,,,1.0,,,,,,,,0.0,,,,,,,,0.0,33,62,1,0.0,0,,,,,,,
557,26-27-friendly-girona-vs-arsenal-2026-08-01,62.0,1.0,0.0,2.0,,,1.0,0.0,,6.0,31.0,19.0,83.0,1.0,2.0,2.0,67.0,1.0,100.0,0.0,0.0,1.0,0.0,1.0,1.0,1.0,1.0,1.0,0.0,0.0,1.0,100.0,,0.0,,,,,,,,0.0,,,,,,,,0.0,0,62,1,0.0,0,,,,,,,
9,26-27-friendly-arsenal-vs-real-betis-2026-08-05,45.0,1.0,0.0,1.0,,,1.0,1.0,,2.0,49.0,41.0,93.0,0.0,6.0,,,3.0,100.0,1.0,0.0,1.0,0.0,0.0,,0.0,5.0,1.0,2.0,100.0,3.0,75.0,,0.0,,,,,,,,0.0,,,,,,,,1.0,0,46,3,0.0,0,,,,,,,
357,26-27-friendly-liverpool-vs-sunderland-2026-07-25,67.0,0.0,0.0,,,,,0.0,,1.0,53.0,39.0,95.0,0.0,3.0,0.0,0.0,1.0,50.0,0.0,1.0,4.0,0.0,0.0,,0.0,2.0,5.0,2.0,29.0,0.0,,2.0,4.0,,,,,,,,0.0,,,,,,,,0.0,0,68,2,0.0,0,,,,,,,
22,26-27-friendly-arsenal-vs-real-betis-2026-08-05,77.0,0.0,0.0,1.0,,,0.0,1.0,,3.0,50.0,31.0,86.0,1.0,4.0,0.0,0.0,2.0,100.0,2.0,0.0,3.0,0.0,1.0,,1.0,4.0,5.0,4.0,44.0,0.0,,1.0,2.0,,,,,,,,1.0,,,,,,,,2.0,0,77,3,0.0,0,,,,,,,
435,26-27-friendly-manchester-united-vs-leeds-united-2026-08-12,,,,,,,,,,,,,,,,,,,,,,,,,,,,,,,,,,,,,,,,,,,,,,,,,,,0,121,1,0.0,0,,,,,,,
4,26-27-friendly-manchester-united-vs-leeds-united-2026-08-12,,,,,,,,,,,,,,,,,,,,,,,,,,,,,,,,,,,,,,,,,,,,,,,,,,,0,121,1,0.0,0,,,,,,,
229,26-27-friendly-everton-vs-newcastle-united-2026-08-12,90.0,,,0.0,,,0.0,0.0,,1.0,50.0,,93.0,,1.0,0.0,,,60.0,1.0,2.0,3.0,0.0,3.0,2.0,0.0,2.0,,1.0,100.0,1.0,100.0,0.0,0.0,0.0,1.0,,,,,,,,,,,,,,1.0,0,90,1,0.0,0,,,,,,,
231,26-27-friendly-everton-vs-newcastle-united-2026-08-12,83.0,,,,0.05,0.01,,0.0,,1.0,68.0,,93.0,,3.0,0.0,,,67.0,1.0,0.0,1.0,1.0,5.0,2.0,1.0,3.0,1.0,1.0,50.0,2.0,100.0,0.0,0.0,0.0,0.0,,,,,,,,,,,,,,1.0,0,82,0,0.0,0,,,,,,,
420,26-27-friendly-manchester-united-vs-leeds-united-2026-08-12,90.0,,,0.0,,,0.0,1.0,,4.0,89.0,,90.0,,8.0,0.0,,,60.0,0.0,2.0,1.0,1.0,6.0,2.0,1.0,2.0,6.0,1.0,25.0,1.0,25.0,0.0,1.0,0.0,1.0,,,,,,,,,,,,,,0.0,0,121,1,0.0,0,,,,,,,
424,26-27-friendly-manchester-united-vs-leeds-united-2026-08-12,61.0,,,0.0,,,0.0,1.0,,1.0,44.0,,93.0,,1.0,,0.0,0.0,,3.0,1.0,4.0,0.0,1.0,1.0,0.0,4.0,3.0,4.0,57.0,0.0,,0.0,3.0,0.0,1.0,,,,,,,,,,,,,,3.0,0,61,1,0.0,0,,,,,,,
436,26-27-friendly-manchester-united-vs-leeds-united-2026-08-12,45.0,,,0.0,,,0.0,2.0,,1.0,42.0,,100.0,,5.0,0.0,,0.0,,0.0,2.0,3.0,1.0,1.0,1.0,1.0,2.0,2.0,2.0,50.0,0.0,,0.0,0.0,0.0,0.0,,,,,,,,,,,,,,0.0,46,121,0,0.0,0,,,,,,,
415,26-27-friendly-manchester-united-vs-leeds-united-2026-08-12,45.0,,,0.0,,,0.0,1.0,,1.0,31.0,,88.0,,1.0,,0.0,0.0,,1.0,0.0,1.0,0.0,4.0,3.0,0.0,6.0,3.0,4.0,57.0,2.0,100.0,,2.0,0.0,1.0,,,,,,,,,,,,,,1.0,0,46,1,0.0,0,,,,,,,
162,26-27-friendly-manchester-united-vs-leeds-united-2026-08-12,45.0,,,0.0,,,0.0,0.0,,0.0,39.0,,89.0,,2.0,0.0,,0.0,,0.0,0.0,5.0,0.0,0.0,,0.0,1.0,2.0,1.0,50.0,0.0,0.0,,0.0,0.0,1.0,,,,,,,,,,,,,,0.0,0,46,1,0.0,0,,,,,,,
421,26-27-friendly-manchester-united-vs-leeds-united-2026-08-12,45.0,,,,,,,0.0,,1.0,44.0,,100.0,,3.0,0.0,,,100.0,1.0,1.0,2.0,0.0,5.0,3.0,0.0,3.0,1.0,1.0,50.0,2.0,100.0,0.0,0.0,0.0,1.0,,,,,,,,,,,,,,1.0,0,46,1,0.0,0,,,,,,,
330,26-27-friendly-leeds-united-vs-rb-leipzig-2026-08-08,65.0,0.0,0.0,1.0,,,0.0,,,2.0,47.0,25.0,76.0,3.0,5.0,0.0,0.0,2.0,67.0,1.0,0.0,6.0,0.0,3.0,2.0,1.0,1.0,5.0,1.0,17.0,0.0,,,4.0,,,,,,,,0.0,,,,,,,,,0,100,0,0.0,0,,,,,,,
334,26-27-friendly-liverpool-vs-leeds-united-2026-08-02,90.0,0.0,0.0,1.0,,,0.0,0.0,,2.0,45.0,28.0,78.0,0.0,6.0,,,3.0,43.0,1.0,1.0,2.0,0.0,3.0,3.0,0.0,2.0,1.0,1.0,50.0,1.0,100.0,,0.0,,,,,,,,0.0,,,,,,,,1.0,0,90,2,0.0,0,,,,,,,
578,26-27-friendly-chelsea-vs-juventus-2026-08-05,8.0,0.0,0.0,,,,,,,2.0,9.0,3.0,75.0,0.0,1.0,0.0,0.0,,,1.0,0.0,0.0,0.0,0.0,,0.0,1.0,1.0,1.0,50.0,0.0,,,0.0,,,,,,,,0.0,,,,,,,,,82,90,0,0.0,0,,,,,,,
260,26-27-friendly-leeds-united-vs-rb-leipzig-2026-08-08,64.0,0.0,0.0,2.0,,,0.0,,,2.0,25.0,10.0,67.0,0.0,2.0,,,1.0,100.0,1.0,1.0,3.0,0.0,0.0,,1.0,3.0,4.0,3.0,50.0,0.0,0.0,,2.0,,,,,,,,0.0,,,,,,,,,0,100,0,0.0,0,,,,,,,
136,26-27-friendly-chelsea-vs-milan-2026-08-08,58.0,0.0,0.0,1.0,,,0.0,0.0,,3.0,16.0,4.0,80.0,0.0,,,,,,2.0,0.0,0.0,0.0,0.0,,0.0,4.0,2.0,3.0,75.0,1.0,50.0,1.0,0.0,,,,,,,,0.0,,,,,,,,2.0,0,58,0,0.0,0,,,,,,,
392,26-27-friendly-manchester-city-vs-atletico-madrid-2026-08-09,13.0,1.0,0.0,1.0,,,1.0,0.0,,2.0,7.0,0.0,,0.0,,,,,,1.0,0.0,1.0,0.0,0.0,,0.0,1.0,4.0,1.0,20.0,0.0,,,0.0,,,,,,,,1.0,,,,,,,,1.0,77,90,0,0.0,0,,,,,,,
389,26-27-friendly-manchester-city-vs-atletico-madrid-2026-08-09,90.0,0.0,0.0,1.0,,,1.0,0.0,,1.0,91.0,76.0,97.0,0.0,7.0,1.0,100.0,1.0,50.0,0.0,0.0,0.0,0.0,3.0,1.0,0.0,2.0,,1.0,100.0,1.0,100.0,1.0,0.0,,,,,,,,0.0,,,,,,,,0.0,0,90,1,0.0,0,,,,,,,
395,26-27-friendly-manchester-city-vs-atletico-madrid-2026-08-09,45.0,0.0,0.0,,,,,0.0,,0.0,44.0,21.0,81.0,1.0,4.0,,,1.0,100.0,3.0,1.0,2.0,0.0,2.0,1.0,1.0,4.0,2.0,4.0,67.0,0.0,,1.0,0.0,,,,,,,,1.0,,,,,,,,3.0,46,90,0,0.0,0,,,,,,,
407,26-27-friendly-manchester-city-vs-atletico-madrid-2026-08-09,8.0,0.0,0.0,1.0,,,0.0,0.0,,1.0,14.0,8.0,80.0,0.0,1.0,,,,,2.0,0.0,1.0,0.0,0.0,,0.0,2.0,1.0,2.0,67.0,0.0,,,0.0,,,,,,,,0.0,,,,,,,,2.0,83,90,0,0.0,0,,,,,,,
346,26-27-friendly-leeds-united-vs-rb-leipzig-2026-08-08,60.0,1.0,0.0,2.0,,,2.0,,,2.0,14.0,5.0,71.0,0.0,1.0,,,,,0.0,0.0,1.0,0.0,1.0,1.0,0.0,2.0,4.0,2.0,50.0,0.0,0.0,2.0,1.0,,,,,,,,1.0,,,,,,,,,0,100,0,0.0,0,,,,,,,
332,26-27-friendly-leeds-united-vs-rb-leipzig-2026-08-08,65.0,0.0,0.0,2.0,,,1.0,,,5.0,59.0,26.0,76.0,1.0,7.0,0.0,0.0,1.0,50.0,1.0,0.0,3.0,0.0,5.0,3.0,1.0,3.0,3.0,2.0,50.0,1.0,50.0,1.0,1.0,,,,,,,,0.0,,,,,,,,,0,100,0,0.0,0,,,,,,,
335,26-27-friendly-leeds-united-vs-rb-leipzig-2026-08-08,10.0,0.0,0.0,,,,,,,0.0,36.0,17.0,74.0,3.0,3.0,2.0,67.0,0.0,0.0,1.0,1.0,3.0,0.0,1.0,,0.0,3.0,6.0,3.0,33.0,0.0,,2.0,3.0,,,,,,,,2.0,,,,,,,,,0,100,0,0.0,0,,,,,,,
280,26-27-friendly-eintracht-frankfurt-vs-hull-city-2026-08-08,90.0,,,,,,,,,,,,,,,,,,,,,,,,,,,,,,,,,,,,,,,,,,,,,,,,,,0,90,0,0.0,0,,,,,,,
279,26-27-friendly-eintracht-frankfurt-vs-hull-city-2026-08-08,90.0,,,,,,,,,,,,,,,,,,,,,,,,,,,,,,,,,,,,,,,,,,,,,,,,,,0,90,0,0.0,0,,,,,,,
285,26-27-friendly-eintracht-frankfurt-vs-hull-city-2026-08-08,7.0,,,,,,,,,,,,,,,,,,,,,,,,,,,,,,,,,,,,,,,,,,,,,,,,,,0,7,0,0.0,0,,,,,,,
282,26-27-friendly-eintracht-frankfurt-vs-hull-city-2026-08-08,90.0,,,,,,,,,,,,,,,,,,,,,,,,,,,,,,,,,,,,,,,,,,,,,,,,,,0,90,0,0.0,0,,,,,,,
290,26-27-friendly-eintracht-frankfurt-vs-hull-city-2026-08-08,90.0,,,,,,,,,,,,,,,,,,,,,,,,,,,,,,,,,,,,,,,,,,,,,,,,,,0,90,0,0.0,0,,,,,,,
289,26-27-friendly-eintracht-frankfurt-vs-hull-city-2026-08-08,90.0,,,,,,,,,,,,,,,,,,,,,,,,,,,,,,,,,,,,,,,,,,,,,,,,,,0,90,0,0.0,0,,,,,,,
286,26-27-friendly-eintracht-frankfurt-vs-hull-city-2026-08-08,90.0,,,,,,,,,,,,,,,,,,,,,,,,,,,,,,,,,,,,,,,,,,,,,,,,,,0,90,0,0.0,0,,,,,,,
287,26-27-friendly-eintracht-frankfurt-vs-hull-city-2026-08-08,45.0,,,,,,,,,,,,,,,,,,,,,,,,,,,,,,,,,,,,,,,,,,,,,,,,,,0,45,0,0.0,0,,,,,,,
295,26-27-friendly-eintracht-frankfurt-vs-hull-city-2026-08-08,90.0,,,,,,,,,,,,,,,,,,,,,,,,,,,,,,,,,,,,,,,,,,,,,,,,,,0,90,0,0.0,0,,,,,,,
288,26-27-friendly-eintracht-frankfurt-vs-hull-city-2026-08-08,45.0,,,,,,,,,,,,,,,,,,,,,,,,,,,,,,,,,,,,,,,,,,,,,,,,,,45,90,0,0.0,0,,,,,,,
112,26-27-friendly-tottenham-hotspur-vs-getafe-2026-08-08,74.0,0.0,0.0,1.0,,,1.0,0.0,,,94.0,89.0,,2.0,,0.0,,4.0,,0.0,0.0,5.0,,0.0,,,,,,,,,0.0,3.0,0.0,1.0,,,,,,0.0,,,,,,,,0.0,0,0,0,0.0,0,,,,,,,
522,26-27-friendly-tottenham-hotspur-vs-getafe-2026-08-08,74.0,0.0,0.0,0.0,,,0.0,1.0,,,45.0,33.0,,1.0,,0.0,,0.0,,2.0,0.0,4.0,,0.0,,,,,,,,,2.0,1.0,0.0,1.0,,,,,,0.0,,,,,,,,2.0,0,0,0,0.0,0,,,,,,,
520,26-27-friendly-tottenham-hotspur-vs-getafe-2026-08-08,74.0,0.0,0.0,3.0,,,1.0,0.0,,,52.0,36.0,,1.0,,0.0,,0.0,,0.0,1.0,4.0,,2.0,,,,,,,,,2.0,1.0,0.0,1.0,,,,,,0.0,,,,,,,,0.0,0,0,0,0.0,0,,,,,,,
455,26-27-friendly-tottenham-hotspur-vs-getafe-2026-08-08,74.0,0.0,0.0,0.0,,,0.0,1.0,,,62.0,51.0,,0.0,,0.0,,1.0,,1.0,0.0,3.0,,0.0,,,,,,,,,2.0,0.0,0.0,1.0,,,,,,0.0,,,,,,,,1.0,0,0,0,0.0,0,,,,,,,
519,26-27-friendly-tottenham-hotspur-vs-getafe-2026-08-08,74.0,1.0,0.0,1.0,,,1.0,1.0,,,47.0,27.0,,0.0,,0.0,,1.0,,1.0,3.0,5.0,,0.0,,,,,,,,,3.0,2.0,0.0,1.0,,,,,,0.0,,,,,,,,3.0,0,0,0,0.0,0,,,,,,,
523,26-27-friendly-tottenham-hotspur-vs-getafe-2026-08-08,74.0,0.0,0.0,2.0,,,0.0,2.0,,,28.0,15.0,,0.0,,0.0,,0.0,,0.0,0.0,3.0,,0.0,,,,,,,,,1.0,0.0,0.0,1.0,,,,,,0.0,,,,,,,,1.0,0,0,0,0.0,0,,,,,,,
527,26-27-friendly-tottenham-hotspur-vs-getafe-2026-08-08,74.0,0.0,0.0,4.0,,,2.0,0.0,,,22.0,5.0,,1.0,,0.0,,1.0,,0.0,0.0,1.0,,1.0,,,,,,,,,2.0,0.0,0.0,1.0,,,,,,2.0,,,,,,,,0.0,0,0,0,0.0,0,,,,,,,
514,26-27-friendly-tottenham-hotspur-vs-getafe-2026-08-08,74.0,0.0,0.0,1.0,,,0.0,1.0,,,39.0,21.0,,1.0,,2.0,,1.0,,0.0,0.0,0.0,,0.0,,,,,,,,,0.0,0.0,0.0,1.0,,,,,,1.0,,,,,,,,0.0,0,0,0,0.0,0,,,,,,,
496,26-27-friendly-tottenham-hotspur-vs-getafe-2026-08-08,74.0,0.0,0.0,0.0,,,0.0,0.0,,,16.0,14.0,,0.0,,0.0,,1.0,,0.0,0.0,6.0,,0.0,,,,,,,,,0.0,0.0,0.0,1.0,,,,,,0.0,,,,,,,,0.0,0,0,0,0.0,0,,,,,,,
508,26-27-friendly-tottenham-hotspur-vs-getafe-2026-08-08,74.0,0.0,0.0,1.0,,,1.0,0.0,,,86.0,76.0,,0.0,,0.0,,1.0,,1.0,0.0,0.0,,1.0,,,,,,,,,1.0,0.0,0.0,1.0,,,,,,0.0,,,,,,,,1.0,0,0,0,0.0,0,,,,,,,
564,26-27-friendly-ipswich-town-vs-rayo-vallecano-2026-08-08,68.0,,,,,,,,,,,,,,,,,,,,,,,,,,,,,,,,,,,,,,,,,,,,,,,,,,0,68,0,0.0,0,,,,,,,
396,26-27-friendly-manchester-city-vs-atletico-madrid-2026-08-09,45.0,0.0,0.0,,,,,0.0,,0.0,47.0,40.0,95.0,0.0,4.0,,,2.0,67.0,0.0,0.0,1.0,0.0,3.0,1.0,0.0,,1.0,0.0,0.0,0.0,,,0.0,,,,,,,,0.0,,,,,,,,0.0,0,46,1,0.0,0,,,,,,,
260,26-27-friendly-liverpool-vs-leeds-united-2026-08-02,45.0,0.0,0.0,,,,,0.0,,0.0,30.0,13.0,76.0,4.0,3.0,3.0,60.0,2.0,100.0,0.0,2.0,3.0,0.0,0.0,,0.0,2.0,1.0,2.0,100.0,0.0,0.0,2.0,0.0,,,,,,,,0.0,,,,,,,,0.0,46,90,0,0.0,0,,,,,,,
346,26-27-friendly-liverpool-vs-leeds-united-2026-08-02,45.0,2.0,0.0,4.0,,,2.0,1.0,,6.0,20.0,5.0,56.0,0.0,3.0,,,1.0,100.0,0.0,0.0,0.0,0.0,1.0,1.0,0.0,5.0,3.0,1.0,33.0,4.0,80.0,,0.0,,,,,,,,1.0,,,,,,,,0.0,46,90,0,0.0,0,,,,,,,
364,26-27-friendly-liverpool-vs-leeds-united-2026-08-02,21.0,0.0,0.0,,,,,0.0,,0.0,20.0,12.0,80.0,1.0,2.0,,,1.0,50.0,0.0,1.0,1.0,0.0,1.0,,0.0,1.0,,1.0,100.0,0.0,,1.0,0.0,,,,,,,,0.0,,,,,,,,0.0,69,90,3,0.0,0,,,,,,,
379,26-27-friendly-liverpool-vs-leeds-united-2026-08-02,45.0,0.0,0.0,,,,,0.0,,1.0,17.0,8.0,57.0,0.0,4.0,,,1.0,100.0,0.0,0.0,2.0,0.0,0.0,,0.0,,,,,0.0,,,0.0,,,,,,,,0.0,,,,,,,,0.0,0,46,0,0.0,0,,,,,,,
332,26-27-friendly-liverpool-vs-leeds-united-2026-08-02,83.0,0.0,0.0,1.0,,,1.0,0.0,,1.0,40.0,20.0,74.0,0.0,2.0,0.0,0.0,1.0,50.0,2.0,0.0,3.0,0.0,0.0,,0.0,4.0,3.0,3.0,60.0,1.0,50.0,1.0,1.0,,,,,,,,1.0,,,,,,,,2.0,0,83,2,0.0,0,,,,,,,
37,26-27-friendly-bayern-münchen-vs-aston-villa-2026-08-07,90.0,0.0,0.0,,,,,1.0,,1.0,55.0,48.0,92.0,0.0,4.0,,,0.0,0.0,0.0,0.0,1.0,0.0,2.0,2.0,0.0,1.0,,1.0,100.0,0.0,,,0.0,,,,,,,,0.0,,,,,,,,0.0,0,90,2,0.0,0,,,,,,,
33,26-27-friendly-bayern-münchen-vs-aston-villa-2026-08-07,23.0,0.0,0.0,,,,,0.0,,0.0,15.0,11.0,100.0,0.0,2.0,,,,,2.0,0.0,1.0,1.0,0.0,,0.0,2.0,,2.0,100.0,0.0,,,0.0,,,,,,,,0.0,,,,,,,,2.0,67,90,1,0.0,0,,,,,,,
145,26-27-friendly-chelsea-vs-milan-2026-08-08,89.0,0.0,0.0,1.0,,,0.0,0.0,,1.0,82.0,62.0,93.0,0.0,5.0,,,1.0,25.0,2.0,3.0,7.0,1.0,6.0,3.0,0.0,10.0,3.0,4.0,67.0,6.0,86.0,2.0,2.0,,,,,,,,0.0,,,,,,,,2.0,0,92,0,0.0,0,,,,,,,
165,26-27-friendly-chelsea-vs-milan-2026-08-08,85.0,2.0,0.0,4.0,,,3.0,1.0,,10.0,38.0,15.0,65.0,1.0,3.0,0.0,0.0,,,1.0,0.0,1.0,0.0,0.0,,0.0,2.0,6.0,2.0,25.0,0.0,,,1.0,,,,,,,,3.0,,,,,,,,1.0,0,85,0,0.0,0,,,,,,,
154,26-27-friendly-chelsea-vs-milan-2026-08-08,85.0,0.0,0.0,3.0,,,2.0,0.0,,1.0,60.0,35.0,83.0,1.0,6.0,1.0,33.0,4.0,67.0,2.0,1.0,4.0,0.0,0.0,,0.0,4.0,3.0,4.0,57.0,0.0,,2.0,0.0,,,,,,,,1.0,,,,,,,,2.0,0,85,0,0.0,0,,,,,,,
435,26-27-friendly-manchester-united-vs-atletico-madrid-2026-08-01,73.0,0.0,0.0,2.0,,,1.0,2.0,,2.0,30.0,13.0,72.0,1.0,4.0,1.0,100.0,0.0,0.0,1.0,0.0,7.0,0.0,0.0,,0.0,4.0,3.0,4.0,57.0,0.0,,1.0,1.0,,,,,,,,1.0,,,,,,,,1.0,0,73,1,0.0,0,,,,,,,
415,26-27-friendly-manchester-united-vs-atletico-madrid-2026-08-01,73.0,0.0,0.0,,,,,0.0,,1.0,28.0,11.0,85.0,0.0,,,,,,1.0,1.0,1.0,0.0,1.0,1.0,0.0,7.0,4.0,7.0,64.0,0.0,,6.0,1.0,,,,,,,,2.0,,,,,,,,1.0,0,73,1,0.0,0,,,,,,,
158,26-27-friendly-chelsea-vs-milan-2026-08-08,,,,,,,,,,,,,,,,,,,,,,,,,,,,,,,,,,,,,,,,,,,,,,,,,,,0,92,0,0.0,0,,,,,,,
167,26-27-friendly-chelsea-vs-milan-2026-08-08,,,,,,,,,,,,,,,,,,,,,,,,,,,,,,,,,,,,,,,,,,,,,,,,,,,0,92,0,0.0,0,,,,,,,
560,26-27-friendly-chelsea-vs-milan-2026-08-08,,,,,,,,,,,,,,,,,,,,,,,,,,,,,,,,,,,,,,,,,,,,,,,,,,,0,92,0,0.0,0,,,,,,,
152,26-27-friendly-chelsea-vs-milan-2026-08-08,90.0,0.0,0.0,1.0,,,0.0,1.0,,2.0,41.0,27.0,87.0,3.0,3.0,0.0,0.0,,,1.0,0.0,1.0,0.0,0.0,,0.0,4.0,3.0,4.0,57.0,0.0,,2.0,3.0,,,,,,,,0.0,,,,,,,,1.0,0,92,0,0.0,0,,,,,,,
228,26-27-friendly-everton-vs-newcastle-united-2026-08-12,,,,,,,,,,,,,,,,,,,,,,,,,,,,,,,,,,,,,,,,,,,,,,,,,,,0,90,1,0.0,0,,,,,,,
164,26-27-friendly-chelsea-vs-milan-2026-08-08,31.0,0.0,0.0,3.0,,,0.0,0.0,,2.0,16.0,7.0,78.0,2.0,,,,,,0.0,1.0,1.0,0.0,0.0,,0.0,1.0,1.0,1.0,50.0,0.0,,1.0,1.0,,,,,,,,0.0,,,,,,,,0.0,58,92,0,0.0,0,,,,,,,
454,26-27-friendly-bristol-city-vs-newcastle-united-2026-07-29,74.0,0.0,0.0,2.0,0.02,0.07,1.0,2.0,,4.0,55.0,24.0,77.0,1.0,,1.0,20.0,0.0,0.0,1.0,1.0,1.0,0.0,1.0,,1.0,7.0,8.0,5.0,42.0,2.0,67.0,2.0,1.0,,,,,,,,2.0,,,,,,,0.05,1.0,0,74,3,0.0,0,,,,,,,
393,26-27-friendly-manchester-city-vs-inter-2026-08-01,90.0,0.0,0.0,1.0,,,1.0,0.0,,1.0,95.0,77.0,92.0,1.0,25.0,0.0,0.0,2.0,50.0,0.0,1.0,3.0,2.0,2.0,2.0,0.0,,3.0,0.0,0.0,0.0,,,3.0,,,,,,,,0.0,,,,,,,,0.0,0,121,1,0.0,0,,,,,,,
453,26-27-friendly-everton-vs-newcastle-united-2026-08-12,45.0,,,,0.69,0.02,,0.0,,3.0,25.0,,83.0,,,,0.0,0.0,,0.0,0.0,1.0,1.0,0.0,,0.0,,1.0,0.0,0.0,0.0,,0.0,0.0,0.0,1.0,,,,,,,,,,,,,0.87,0.0,46,90,1,0.0,0,,,,,,,
458,26-27-friendly-everton-vs-newcastle-united-2026-08-12,45.0,,,0.0,,0.01,0.0,0.0,,0.0,33.0,,89.0,,4.0,0.0,,,100.0,0.0,1.0,4.0,0.0,1.0,,0.0,,4.0,0.0,0.0,0.0,0.0,0.0,3.0,0.0,2.0,,,,,,,,,,,,,,0.0,0,46,2,0.0,0,,,,,,,
464,26-27-friendly-everton-vs-newcastle-united-2026-08-12,45.0,,,,0.49,0.07,,0.0,,7.0,31.0,,87.0,,4.0,0.0,,0.0,,1.0,0.0,2.0,0.0,0.0,,1.0,3.0,4.0,2.0,33.0,1.0,100.0,,2.0,0.0,2.0,,,,,,,,,,,,,0.24,1.0,0,46,2,0.0,0,,,,,,,
460,26-27-friendly-everton-vs-newcastle-united-2026-08-12,45.0,,,0.0,,0.03,0.0,0.0,,0.0,15.0,,83.0,,,0.0,,0.0,,0.0,0.0,1.0,0.0,2.0,1.0,0.0,,1.0,0.0,0.0,0.0,,0.0,1.0,0.0,1.0,,,,,,,,,,,,,,0.0,46,90,1,0.0,0,,,,,,,
457,26-27-friendly-everton-vs-newcastle-united-2026-08-12,45.0,,,,0.05,0.62,,0.0,,3.0,22.0,,62.0,,,,50.0,,0.0,0.0,1.0,2.0,0.0,1.0,1.0,1.0,1.0,2.0,1.0,50.0,0.0,0.0,,0.0,0.0,1.0,,,,,,,,,,,,,0.03,0.0,46,90,1,0.0,0,,,,,,,
227,26-27-friendly-everton-vs-newcastle-united-2026-08-12,90.0,0.0,0.0,0.0,,,0.0,0.0,,,40.0,21.0,,0.0,5.0,0.0,,6.0,,0.0,0.0,7.0,,0.0,,,,,,,,,0.0,0.0,,,1.31,0.31,0.0,21.0,6.0,0.0,0.0,,3.0,,,,,0.0,0,90,1,0.0,0,,,,,,,
366,26-27-friendly-liverpool-vs-leeds-united-2026-08-02,45.0,1.0,0.0,1.0,,,1.0,0.0,,1.0,36.0,26.0,87.0,0.0,2.0,,,1.0,100.0,0.0,0.0,5.0,1.0,0.0,,0.0,,3.0,0.0,0.0,0.0,,,1.0,,,,,,,,0.0,,,,,,,,0.0,0,46,0,0.0,0,,,,,,,
358,26-27-friendly-liverpool-vs-leeds-united-2026-08-02,69.0,0.0,1.0,1.0,,,0.0,0.0,,3.0,57.0,23.0,79.0,1.0,6.0,1.0,25.0,0.0,0.0,2.0,0.0,1.0,0.0,3.0,2.0,0.0,5.0,3.0,3.0,60.0,2.0,67.0,1.0,0.0,,,,,,,,0.0,,,,,,,,2.0,0,69,1,0.0,0,,,,,,,
375,26-27-friendly-liverpool-vs-leeds-united-2026-08-02,45.0,0.0,0.0,1.0,,,1.0,0.0,,1.0,51.0,40.0,95.0,0.0,8.0,,,1.0,50.0,1.0,2.0,2.0,0.0,1.0,,1.0,1.0,2.0,1.0,33.0,0.0,,,0.0,,,,,,,,1.0,,,,,,,,1.0,0,46,0,0.0,0,,,,,,,
443,26-27-friendly-valencia-vs-newcastle-united-2026-08-08,,,,,,,,,,,,,,,,,,,,,,,,,,,,,,,,,,,,,,,,,,,,,,,,,,,0,92,1,0.0,0,,,,,,,
561,26-27-friendly-johor-darul-ta'zim-vs-chelsea-2026-08-09,29.0,0.0,0.0,,,,,0.0,,0.0,13.0,10.0,100.0,0.0,1.0,,,1.0,100.0,1.0,0.0,3.0,0.0,1.0,,0.0,1.0,,1.0,100.0,0.0,,,0.0,0.0,1.0,,,,,,0.0,,,,,,,,1.0,0,29,1,0.0,0,,,,,,,
392,26-27-friendly-manchester-city-vs-inter-2026-08-01,45.0,0.0,0.0,,,,,0.0,,1.0,37.0,27.0,96.0,1.0,2.0,2.0,100.0,1.0,100.0,1.0,0.0,0.0,0.0,1.0,1.0,0.0,2.0,2.0,2.0,50.0,0.0,,1.0,1.0,,,,,,,,1.0,,,,,,,,1.0,46,121,0,0.0,0,,,,,,,
381,26-27-friendly-liverpool-vs-monaco-2026-08-09,75.0,0.0,0.0,4.0,,,1.0,,,6.0,31.0,13.0,72.0,1.0,1.0,1.0,50.0,0.0,0.0,0.0,1.0,7.0,0.0,0.0,,1.0,2.0,3.0,2.0,50.0,0.0,0.0,1.0,0.0,,,,,,,,1.0,,,,,,,,,0,76,2,0.0,0,,,,,,,
375,26-27-friendly-liverpool-vs-monaco-2026-08-09,31.0,0.0,0.0,,,,,,,0.0,37.0,31.0,94.0,0.0,5.0,,,3.0,100.0,2.0,2.0,2.0,0.0,0.0,,0.0,2.0,1.0,2.0,67.0,0.0,,,1.0,,,,,,,,0.0,,,,,,,,,60,90,1,0.0,0,,,,,,,
233,26-27-friendly-everton-vs-newcastle-united-2026-08-12,74.0,0.0,0.0,,,0.05,,,,0.0,55.0,29.0,78.0,0.0,3.0,2.0,100.0,0.0,0.0,1.0,1.0,4.0,0.0,7.0,2.0,0.0,2.0,,1.0,100.0,1.0,100.0,,0.0,,,,,,,,0.0,,,,,,,,,0,74,0,0.0,0,,,,,,,
464,26-27-friendly-valencia-vs-newcastle-united-2026-08-08,45.0,2.0,0.0,3.0,1.24,0.03,2.0,,,6.0,22.0,11.0,79.0,1.0,3.0,1.0,100.0,0.0,0.0,1.0,0.0,2.0,0.0,0.0,,0.0,2.0,1.0,2.0,67.0,0.0,,,1.0,,,,,,,,0.0,,,,,,,1.06,,46,92,0,0.0,0,,,,,,,
401,26-27-friendly-manchester-city-vs-atletico-madrid-2026-08-09,77.0,2.0,0.0,2.0,,,2.0,0.0,,3.0,17.0,5.0,71.0,1.0,1.0,,,,,2.0,1.0,1.0,0.0,0.0,,1.0,2.0,3.0,2.0,40.0,0.0,,,0.0,,,,,,,,1.0,,,,,,,,2.0,0,77,1,0.0,0,,,,,,,
572,26-27-friendly-eintracht-frankfurt-vs-hull-city-2026-08-08,90.0,,,,,,,,,,,,,,,,,,,,,,,,,,,,,,,,,,,,,,,,,,,,,,,,,,0,90,0,0.0,0,,,,,,,
26,26-27-friendly-girona-vs-arsenal-2026-08-01,33.0,1.0,0.0,1.0,,,1.0,1.0,,4.0,20.0,12.0,75.0,0.0,4.0,,,,,1.0,0.0,2.0,0.0,1.0,,0.0,2.0,1.0,2.0,67.0,0.0,,,1.0,,,,,,,,0.0,,,,,,,,1.0,0,33,0,0.0,0,,,,,,,
10,26-27-friendly-girona-vs-arsenal-2026-08-01,62.0,0.0,1.0,,,,,,,2.0,35.0,17.0,94.0,1.0,3.0,0.0,0.0,,,4.0,0.0,0.0,0.0,0.0,,1.0,6.0,2.0,5.0,71.0,1.0,100.0,1.0,1.0,,,,,,,,0.0,,,,,,,,,0,62,1,0.0,0,,,,,,,
8,26-27-friendly-girona-vs-arsenal-2026-08-01,62.0,0.0,1.0,1.0,,,1.0,0.0,,1.0,30.0,25.0,96.0,1.0,1.0,,,0.0,0.0,1.0,0.0,3.0,0.0,0.0,,0.0,1.0,1.0,1.0,50.0,0.0,,,1.0,,,,,,,,0.0,,,,,,,,1.0,0,62,1,0.0,0,,,,,,,
306,26-27-friendly-ipswich-town-vs-rayo-vallecano-2026-08-08,82.0,,,,,,,,,,,,,,,,,,,,,,,,,,,,,,,,,,,,,,,,,,,,,,,,,,0,82,0,0.0,0,,,,,,,
304,26-27-friendly-ipswich-town-vs-rayo-vallecano-2026-08-08,90.0,,,,,,,,,,,,,,,,,,,,,,,,,,,,,,,,,,,,,,,,,,,,,,,,,,0,90,0,0.0,0,,,,,,,
259,26-27-friendly-ipswich-town-vs-rayo-vallecano-2026-08-08,90.0,,,,,,,,,,,,,,,,,,,,,,,,,,,,,,,,,,,,,,,,,,,,,,,,,,0,90,0,0.0,0,,,,,,,
164,26-27-friendly-johor-darul-ta'zim-vs-chelsea-2026-08-09,90.0,0.0,0.0,,,,,1.0,,1.0,40.0,17.0,81.0,1.0,1.0,0.0,0.0,1.0,100.0,0.0,1.0,5.0,0.0,1.0,,0.0,8.0,2.0,8.0,89.0,0.0,0.0,7.0,0.0,0.0,3.0,,,,,,0.0,,,,,,,,0.0,0,92,3,0.0,0,,,,,,,
157,26-27-friendly-johor-darul-ta'zim-vs-chelsea-2026-08-09,90.0,0.0,0.0,2.0,,,0.0,1.0,,5.0,42.0,21.0,75.0,2.0,4.0,1.0,20.0,,,2.0,0.0,1.0,0.0,0.0,,0.0,3.0,4.0,3.0,43.0,0.0,,,2.0,0.0,3.0,,,,,,0.0,,,,,,,,2.0,0,92,3,0.0,0,,,,,,,
394,26-27-friendly-manchester-city-vs-inter-2026-08-01,45.0,0.0,0.0,1.0,,,0.0,0.0,,2.0,39.0,37.0,100.0,1.0,7.0,,,1.0,100.0,0.0,0.0,2.0,0.0,0.0,,0.0,,1.0,,,0.0,0.0,,0.0,,,,,,,,0.0,,,,,,,,0.0,46,121,0,0.0,0,,,,,,,
560,26-27-friendly-chelsea-vs-juventus-2026-08-05,45.0,,,,,,,0.0,,,12.0,,,,,,,,,0.0,0.0,2.0,,1.0,,,,,,,,,,0.0,0.0,1.0,,,0.0,5.0,0.0,,1.0,,0.0,,,,,0.0,46,90,1,0.0,0,,,,,,,
407,26-27-friendly-manchester-city-vs-inter-2026-08-01,22.0,0.0,0.0,1.0,,,0.0,1.0,,1.0,28.0,17.0,94.0,0.0,2.0,0.0,0.0,,,0.0,0.0,1.0,0.0,0.0,,0.0,2.0,2.0,2.0,50.0,0.0,,1.0,0.0,,,,,,,,1.0,,,,,,,,0.0,68,121,0,0.0,0,,,,,,,
151,26-27-friendly-chelsea-vs-juventus-2026-08-05,25.0,0.0,0.0,,,,,0.0,,0.0,16.0,10.0,91.0,0.0,2.0,0.0,0.0,,,1.0,1.0,0.0,0.0,0.0,,0.0,1.0,1.0,1.0,100.0,0.0,0.0,,0.0,,,,,,,,0.0,,,,,,,,1.0,65,90,1,0.0,0,,,,,,,
201,26-27-friendly-liverpool-vs-monaco-2026-08-09,31.0,0.0,0.0,,,,,,,1.0,14.0,6.0,60.0,0.0,,,,,,0.0,0.0,0.0,0.0,0.0,,0.0,1.0,1.0,0.0,0.0,1.0,100.0,,1.0,,,,,,,,0.0,,,,,,,,,60,90,1,0.0,0,,,,,,,
305,26-27-friendly-ipswich-town-vs-rayo-vallecano-2026-08-08,90.0,2.0,,,,,,,,,,,,,,,,,,,,,,,,,,,,,,,,,,,,,,,,,,,,,,,,,0,90,0,0.0,0,,,,,,,
309,26-27-friendly-ipswich-town-vs-rayo-vallecano-2026-08-08,90.0,,,,,,,,,,,,,,,,,,,,,,,,,,,,,,,,,,,,,,,,,,,,,,,,,,0,90,0,0.0,0,,,,,,,
321,26-27-friendly-ipswich-town-vs-rayo-vallecano-2026-08-08,68.0,,,,,,,,,,,,,,,,,,,,,,,,,,,,,,,,,,,,,,,,,,,,,,,,,,0,68,0,0.0,0,,,,,,,
447,26-27-friendly-everton-vs-newcastle-united-2026-08-12,45.0,,,0.0,,0.01,0.0,0.0,,0.0,48.0,,88.0,,5.0,0.0,,,100.0,0.0,1.0,2.0,0.0,2.0,1.0,1.0,4.0,3.0,0.0,0.0,4.0,80.0,0.0,1.0,0.0,2.0,,,,,,,,,,,,,,0.0,0,46,2,0.0,0,,,,,,,
3,26-27-friendly-girona-vs-arsenal-2026-08-01,28.0,,,,,,,0.0,,,24.0,,,,1.0,,,,,0.0,0.0,3.0,,0.0,,,,,,,,,,0.0,3.0,0.0,,,0.0,14.0,1.0,,0.0,,3.0,,,,,0.0,62,90,0,0.0,0,,,,,,,
415,26-27-friendly-rosenborg-vs-manchester-united-2026-07-24,61.0,0.0,0.0,1.0,,,0.0,,,1.0,33.0,18.0,95.0,1.0,2.0,0.0,0.0,,,0.0,2.0,1.0,0.0,0.0,,0.0,3.0,4.0,3.0,43.0,0.0,,3.0,2.0,,,,,,,,0.0,,,,,,,,,0,61,0,0.0,0,,,,,,,
441,26-27-friendly-rosenborg-vs-manchester-united-2026-07-24,29.0,0.0,0.0,,,,,,,0.0,6.0,4.0,100.0,0.0,1.0,,,1.0,100.0,0.0,0.0,0.0,0.0,0.0,,0.0,2.0,2.0,2.0,50.0,0.0,,2.0,2.0,,,,,,,,0.0,,,,,,,,,61,90,0,0.0,0,,,,,,,
9,26-27-friendly-girona-vs-arsenal-2026-08-01,33.0,0.0,0.0,,,,,0.0,,2.0,18.0,15.0,88.0,0.0,1.0,,,0.0,0.0,0.0,0.0,0.0,0.0,1.0,,0.0,,,,,0.0,,,0.0,,,,,,,,0.0,,,,,,,,0.0,0,33,0,0.0,0,,,,,,,
236,26-27-friendly-everton-vs-newcastle-united-2026-08-12,64.0,,,,0.54,0.08,,0.0,,3.0,44.0,,96.0,,3.0,,100.0,,100.0,2.0,3.0,2.0,0.0,0.0,,1.0,4.0,3.0,4.0,67.0,0.0,0.0,,0.0,0.0,0.0,,,,,,,,,,,,,0.53,2.0,0,64,0,0.0,0,,,,,,,
462,26-27-friendly-valencia-vs-newcastle-united-2026-08-08,45.0,0.0,0.0,1.0,0.03,0.06,0.0,0.0,,0.0,60.0,49.0,92.0,0.0,11.0,,,2.0,40.0,2.0,0.0,4.0,0.0,2.0,,0.0,2.0,,2.0,100.0,0.0,,,0.0,,,,,,,,0.0,,,,,,,,2.0,46,92,0,0.0,0,,,,,,,
559,26-27-friendly-valencia-vs-newcastle-united-2026-08-08,45.0,0.0,0.0,,,0.05,,0.0,,0.0,36.0,23.0,82.0,0.0,5.0,,,0.0,0.0,2.0,0.0,1.0,0.0,1.0,,0.0,3.0,3.0,3.0,50.0,0.0,,1.0,3.0,,,,,,,,0.0,,,,,,,,2.0,0,46,1,0.0,0,,,,,,,
133,26-27-friendly-johor-darul-ta'zim-vs-chelsea-2026-08-09,61.0,0.0,0.0,1.0,,,0.0,,,2.0,56.0,37.0,88.0,0.0,4.0,0.0,0.0,3.0,60.0,1.0,4.0,4.0,0.0,2.0,1.0,1.0,2.0,3.0,1.0,25.0,1.0,100.0,,1.0,,,,,,,,0.0,,,,,,,,,29,92,2,0.0,0,,,,,,,
148,26-27-friendly-chelsea-vs-juventus-2026-08-05,66.0,0.0,0.0,,,,,0.0,,0.0,50.0,30.0,91.0,0.0,4.0,0.0,0.0,0.0,0.0,0.0,2.0,6.0,1.0,1.0,,1.0,,1.0,0.0,0.0,0.0,,,0.0,,,,,,,,0.0,,,,,,,,0.0,0,66,0,0.0,0,,,,,,,
124,26-27-friendly-brighton-hove-albion-vs-roma-2026-08-08,85.0,0.0,0.0,,,,,,,0.0,71.0,58.0,95.0,3.0,6.0,4.0,50.0,3.0,60.0,0.0,0.0,3.0,0.0,0.0,,0.0,2.0,1.0,1.0,50.0,1.0,100.0,,0.0,,,,,,,,0.0,,,,,,,,,0,85,0,0.0,0,,,,,,,
57,26-27-friendly-real-betis-vs-afc-bournemouth-2026-08-08,90.0,,,,,,,,,,,,,,,,,,,,,,,,,,,,,,,,,,,,,,,,,,,,,,,,,,0,90,0,0.0,0,,,,,,,
64,26-27-friendly-real-betis-vs-afc-bournemouth-2026-08-08,66.0,,,,,,,,,,,,,,,,,,,,,,,,,,,,,,,,,,,,,,,,,,,,,,,,,,0,66,0,0.0,0,,,,,,,
62,26-27-friendly-real-betis-vs-afc-bournemouth-2026-08-08,46.0,,,,,,,,,,,,,,,,,,,,,,,,,,,,,,,,,,,,,,,,,,,,,,,,,,0,46,0,0.0,0,,,,,,,
60,26-27-friendly-real-betis-vs-afc-bournemouth-2026-08-08,90.0,,,,,,,,,,,,,,,,,,,,,,,,,,,,,,,,,,,,,,,,,,,,,,,,,,0,90,0,0.0,0,,,,,,,
61,26-27-friendly-real-betis-vs-afc-bournemouth-2026-08-08,80.0,,,,,,,,,,,,,,,,,,,,,,,,,,,,,,,,,,,,,,,,,,,,,,,,,,0,80,0,0.0,0,,,,,,,
71,26-27-friendly-real-betis-vs-afc-bournemouth-2026-08-08,46.0,,,,,,,,,,,,,,,,,,,,,,,,,,,,,,,,,,,,,,,,,,,,,,,,,,0,46,0,0.0,0,,,,,,,
69,26-27-friendly-real-betis-vs-afc-bournemouth-2026-08-08,90.0,,,,,,,,,,,,,,,,,,,,,,,,,,,,,,,,,,,,,,,,,,,,,,,,,,0,90,0,0.0,0,,,,,,,
68,26-27-friendly-real-betis-vs-afc-bournemouth-2026-08-08,80.0,1.0,,,,,,,,,,,,,,,,,,,,,,,,,,,,,,,,,,,,,,,,,,,,,,,,,0,80,0,0.0,0,,,,,,,
70,26-27-friendly-real-betis-vs-afc-bournemouth-2026-08-08,46.0,,,,,,,,,,,,,,,,,,,,,,,,,,,,,,,,,,,,,,,,,,,,,,,,,,0,46,0,0.0,0,,,,,,,
67,26-27-friendly-real-betis-vs-afc-bournemouth-2026-08-08,61.0,,,,,,,,,,,,,,,,,,,,,,,,,,,,,,,,,,,,,,,,,,,,,,,,,,0,61,0,0.0,0,,,,,,,
79,26-27-friendly-real-betis-vs-afc-bournemouth-2026-08-08,61.0,1.0,,,,,,,,,,,,,,,,,,,,,,,,,,,,,,,,,,,,,,,,,,,,,,,,,0,61,0,0.0,0,,,,,,,
80,26-27-friendly-real-betis-vs-afc-bournemouth-2026-08-08,1.0,,,,,,,,,,,,,,,,,,,,,,,,,,,,,,,,,,,,,,,,,,,,,,,,,,89,90,0,0.0,0,,,,,,,
72,26-27-friendly-real-betis-vs-afc-bournemouth-2026-08-08,29.0,,,,,,,,,,,,,,,,,,,,,,,,,,,,,,,,,,,,,,,,,,,,,,,,,,61,90,0,0.0,0,,,,,,,
76,26-27-friendly-real-betis-vs-afc-bournemouth-2026-08-08,44.0,,,,,,,,,,,,,,,,,,,,,,,,,,,,,,,,,,,,,,,,,,,,,,,,,,46,90,0,0.0,0,,,,,,,
77,26-27-friendly-real-betis-vs-afc-bournemouth-2026-08-08,43.0,,,,,,,,,,,,,,,,,,,,,,,,,,,,,,,,,,,,,,,,,,,,,,,,,,46,89,0,0.0,0,,,,,,,
467,26-27-friendly-nottingham-forest-vs-barcelona-2026-08-08,90.0,,,,,,,,,,,,,,,,,,,,,,,,,,,,,,,,,,,,,,,,,,,,,,,,,,0,90,0,0.0,0,,,,,,,
471,26-27-friendly-nottingham-forest-vs-barcelona-2026-08-08,90.0,,,,,,,,,,,,,,,,,,,,,,,,,,,,,,,,,,,,,,,,,,,,,,,,,,0,90,0,0.0,0,,,,,,,
472,26-27-friendly-nottingham-forest-vs-barcelona-2026-08-08,90.0,,,,,,,,,,,,,,,,,,,,,,,,,,,,,,,,,,,,,,,,,,,,,,,,,,0,90,0,0.0,0,,,,,,,
473,26-27-friendly-nottingham-forest-vs-barcelona-2026-08-08,90.0,,,,,,,,,,,,,,,,,,,,,,,,,,,,,,,,,,,,,,,,,,,,,,,,,,0,90,0,0.0,0,,,,,,,
486,26-27-friendly-nottingham-forest-vs-barcelona-2026-08-08,90.0,,,,,,,,,,,,,,,,,,,,,,,,,,,,,,,,,,,,,,,,,,,,,,,,,,0,90,0,0.0,0,,,,,,,
480,26-27-friendly-nottingham-forest-vs-barcelona-2026-08-08,90.0,,,,,,,,,,,,,,,,,,,,,,,,,,,,,,,,,,,,,,,,,,,,,,,,,,0,90,0,0.0,0,,,,,,,
488,26-27-friendly-nottingham-forest-vs-barcelona-2026-08-08,90.0,,,,,,,,,,,,,,,,,,,,,,,,,,,,,,,,,,,,,,,,,,,,,,,,,,0,90,0,0.0,0,,,,,,,
469,26-27-friendly-nottingham-forest-vs-barcelona-2026-08-08,90.0,,,,,,,,,,,,,,,,,,,,,,,,,,,,,,,,,,,,,,,,,,,,,,,,,,0,90,0,0.0,0,,,,,,,
491,26-27-friendly-nottingham-forest-vs-barcelona-2026-08-08,90.0,,,,,,,,,,,,,,,,,,,,,,,,,,,,,,,,,,,,,,,,,,,,,,,,,,0,90,0,0.0,0,,,,,,,
159,26-27-friendly-chelsea-vs-milan-2026-08-08,85.0,1.0,1.0,1.0,,,1.0,,,1.0,78.0,61.0,94.0,1.0,7.0,1.0,33.0,2.0,50.0,0.0,2.0,3.0,1.0,0.0,,1.0,1.0,5.0,1.0,20.0,0.0,0.0,1.0,1.0,,,,,,,,1.0,,,,,,,,,0,85,0,0.0,0,,,,,,,
161,26-27-friendly-chelsea-vs-milan-2026-08-08,90.0,0.0,1.0,,,,,0.0,,0.0,68.0,58.0,97.0,1.0,5.0,,,6.0,100.0,1.0,0.0,8.0,0.0,0.0,,0.0,4.0,2.0,4.0,67.0,0.0,,3.0,0.0,,,,,,,,0.0,,,,,,,,1.0,0,92,0,0.0,0,,,,,,,
150,26-27-friendly-chelsea-vs-juventus-2026-08-05,45.0,0.0,0.0,,,,,0.0,,0.0,58.0,48.0,94.0,0.0,4.0,,,1.0,50.0,3.0,0.0,3.0,0.0,1.0,,0.0,4.0,,4.0,100.0,0.0,,1.0,0.0,,,,,,,,0.0,,,,,,,,3.0,46,90,1,0.0,0,,,,,,,
2,26-27-friendly-arsenal-vs-como-2026-08-12,45.0,,,,,,,,,,6.0,,,,,,,,,0.0,0.0,3.0,,0.0,,,,,,,,,,0.0,1.0,1.0,,,0.0,1.0,0.0,,0.0,,1.0,,,,,,0,46,1,0.0,0,,,,,,,
15,26-27-friendly-arsenal-vs-como-2026-08-12,45.0,0.0,0.0,,,,,1.0,,2.0,38.0,33.0,97.0,3.0,2.0,,,1.0,50.0,1.0,0.0,2.0,0.0,0.0,,0.0,4.0,,3.0,100.0,1.0,100.0,1.0,0.0,,,,,,,,0.0,,,,,,,,1.0,46,121,0,0.0,0,,,,,,,
116,26-27-friendly-brighton-hove-albion-vs-roma-2026-08-08,45.0,0.0,0.0,,,,,,,0.0,47.0,39.0,93.0,0.0,1.0,,,3.0,75.0,0.0,0.0,5.0,2.0,3.0,1.0,0.0,,,,,0.0,,,0.0,,,,,,,,0.0,,,,,,,,,46,90,0,0.0,0,,,,,,,
114,26-27-friendly-brighton-hove-albion-vs-roma-2026-08-08,85.0,0.0,0.0,,,,,,,0.0,78.0,57.0,86.0,0.0,6.0,,,1.0,17.0,2.0,2.0,5.0,1.0,3.0,2.0,0.0,2.0,,2.0,100.0,0.0,,,0.0,,,,,,,,0.0,,,,,,,,,0,85,0,0.0,0,,,,,,,
113,26-27-friendly-brighton-hove-albion-vs-roma-2026-08-08,60.0,0.0,0.0,,,,,,,1.0,41.0,22.0,76.0,0.0,4.0,,,1.0,33.0,4.0,1.0,0.0,1.0,1.0,,0.0,4.0,,4.0,100.0,0.0,,,0.0,,,,,,,,0.0,,,,,,,,,0,60,0,0.0,0,,,,,,,
345,26-27-friendly-leeds-united-vs-rb-leipzig-2026-08-08,10.0,0.0,0.0,,,,,,,0.0,45.0,33.0,94.0,1.0,4.0,,,3.0,75.0,3.0,0.0,4.0,0.0,1.0,1.0,1.0,4.0,3.0,3.0,50.0,1.0,100.0,,0.0,,,,,,,,1.0,,,,,,,,,0,100,0,0.0,0,,,,,,,
337,26-27-friendly-leeds-united-vs-rb-leipzig-2026-08-08,10.0,0.0,0.0,3.0,,,0.0,,,7.0,37.0,25.0,89.0,2.0,6.0,,,0.0,0.0,0.0,0.0,3.0,0.0,0.0,,0.0,1.0,1.0,1.0,50.0,0.0,,1.0,0.0,,,,,,,,1.0,,,,,,,,,0,100,0,0.0,0,,,,,,,
341,26-27-friendly-leeds-united-vs-rb-leipzig-2026-08-08,5.0,0.0,1.0,1.0,,,1.0,,,3.0,15.0,9.0,90.0,1.0,2.0,,,,,0.0,0.0,1.0,0.0,1.0,,1.0,2.0,3.0,2.0,50.0,0.0,0.0,2.0,0.0,,,,,,,,0.0,,,,,,,,,0,100,0,0.0,0,,,,,,,
109,26-27-friendly-brighton-hove-albion-vs-roma-2026-08-08,90.0,,,,,,,,,,58.0,,,,3.0,,,,,0.0,0.0,7.0,,1.0,,,,,,,,,,0.0,0.0,0.0,,,0.0,41.0,8.0,,0.0,,0.0,,,,,,0,90,0,0.0,0,,,,,,,
41,26-27-friendly-bayern-münchen-vs-aston-villa-2026-08-07,79.0,0.0,0.0,,,,,,,0.0,47.0,16.0,62.0,0.0,4.0,0.0,0.0,0.0,0.0,10.0,1.0,6.0,0.0,0.0,,0.0,13.0,2.0,13.0,87.0,0.0,,2.0,0.0,,,,,,,,1.0,,,,,,,,,0,80,2,0.0,0,,,,,,,
2,26-27-friendly-girona-vs-arsenal-2026-08-01,62.0,,,,,,,,,,30.0,,,,3.0,,,,,0.0,0.0,8.0,,1.0,,,1.0,,,,1.0,100.0,,0.0,2.0,1.0,,,0.0,18.0,2.0,,0.0,,2.0,,,,,,0,62,1,0.0,0,,,,,,,
369,26-27-friendly-liverpool-vs-leeds-united-2026-08-02,45.0,0.0,0.0,,,,,2.0,,4.0,27.0,14.0,88.0,0.0,,2.0,100.0,,,0.0,0.0,2.0,0.0,0.0,,0.0,4.0,4.0,4.0,50.0,0.0,,2.0,0.0,,,,,,,,1.0,,,,,,,,0.0,0,46,0,0.0,0,,,,,,,
54,26-27-friendly-bayern-münchen-vs-aston-villa-2026-08-07,90.0,1.0,0.0,3.0,,,1.0,0.0,,1.0,76.0,45.0,85.0,2.0,9.0,0.0,0.0,5.0,62.0,3.0,1.0,4.0,0.0,1.0,,0.0,7.0,6.0,6.0,50.0,1.0,100.0,3.0,4.0,,,,,,,,0.0,,,,,,,,3.0,0,90,2,0.0,0,,,,,,,
27,26-27-friendly-girona-vs-arsenal-2026-08-01,53.0,1.0,0.0,2.0,,,1.0,,,2.0,19.0,14.0,100.0,0.0,,,,,,0.0,0.0,1.0,0.0,0.0,,0.0,,4.0,0.0,0.0,0.0,,,2.0,,,,,,,,1.0,,,,,,,,,33,86,1,0.0,0,,,,,,,
25,26-27-friendly-girona-vs-arsenal-2026-08-01,33.0,0.0,0.0,1.0,,,0.0,0.0,,3.0,10.0,8.0,100.0,1.0,,,,,,0.0,0.0,0.0,0.0,0.0,,0.0,,2.0,0.0,0.0,0.0,,,1.0,,,,,,,,0.0,,,,,,,,0.0,0,33,0,0.0,0,,,,,,,
24,26-27-friendly-girona-vs-arsenal-2026-08-01,28.0,0.0,0.0,1.0,,,0.0,0.0,,1.0,20.0,14.0,100.0,1.0,1.0,0.0,0.0,1.0,100.0,1.0,1.0,3.0,0.0,0.0,,0.0,1.0,2.0,1.0,33.0,0.0,,,0.0,,,,,,,,2.0,,,,,,,,1.0,62,90,0,0.0,0,,,,,,,
50,26-27-friendly-bayern-münchen-vs-aston-villa-2026-08-07,11.0,0.0,0.0,,,,,0.0,,1.0,10.0,6.0,100.0,1.0,,1.0,50.0,,,1.0,0.0,3.0,0.0,0.0,,0.0,1.0,1.0,1.0,50.0,0.0,,,0.0,,,,,,,,1.0,,,,,,,,0.0,80,90,0,0.0,0,,,,,,,
1,26-27-friendly-arsenal-vs-como-2026-08-12,45.0,,,,,,,,,,12.0,,,,,,,,,0.0,0.0,4.0,,1.0,,,,,,,,,,0.0,2.0,0.0,,,1.0,5.0,0.0,,0.0,,2.0,,,,,,46,121,0,0.0,0,,,,,,,
166,26-27-friendly-chelsea-vs-milan-2026-08-08,32.0,0.0,0.0,1.0,,,0.0,2.0,,1.0,15.0,7.0,100.0,2.0,,,,,,0.0,0.0,1.0,0.0,0.0,,0.0,4.0,,4.0,100.0,0.0,,2.0,0.0,,,,,,,,0.0,,,,,,,,0.0,58,92,0,0.0,0,,,,,,,
163,26-27-friendly-chelsea-vs-milan-2026-08-08,,,,,,,,,,,,,,,,,,,,,,,,,,,,,,,,,,,,,,,,,,,,,,,,,,,0,92,0,0.0,0,,,,,,,
151,26-27-friendly-chelsea-vs-milan-2026-08-08,90.0,0.0,0.0,,,,,1.0,,0.0,55.0,39.0,95.0,0.0,4.0,,,1.0,100.0,4.0,2.0,6.0,0.0,1.0,1.0,0.0,8.0,2.0,6.0,86.0,2.0,67.0,1.0,0.0,,,,,,,,1.0,,,,,,,,4.0,0,92,0,0.0,0,,,,,,,
17,26-27-friendly-arsenal-vs-como-2026-08-12,28.0,0.0,0.0,,,,,,,1.0,19.0,12.0,86.0,0.0,3.0,0.0,0.0,1.0,100.0,0.0,0.0,3.0,0.0,0.0,,0.0,3.0,,2.0,100.0,1.0,100.0,1.0,0.0,,,,,,,,0.0,,,,,,,,,61,121,0,0.0,0,,,,,,,
27,26-27-friendly-arsenal-vs-como-2026-08-12,32.0,0.0,0.0,1.0,,,0.0,,,1.0,19.0,13.0,81.0,0.0,1.0,,,1.0,100.0,1.0,0.0,2.0,0.0,0.0,,0.0,1.0,,1.0,100.0,0.0,,,0.0,,,,,,,,0.0,,,,,,,,,0,32,0,0.0,0,,,,,,,
148,26-27-friendly-chelsea-vs-milan-2026-08-08,79.0,0.0,0.0,,,,,1.0,,1.0,53.0,45.0,94.0,0.0,4.0,,,2.0,100.0,1.0,0.0,5.0,0.0,1.0,1.0,0.0,2.0,3.0,2.0,50.0,0.0,0.0,,1.0,,,,,,,,1.0,,,,,,,,1.0,0,79,0,0.0,0,,,,,,,
150,26-27-friendly-chelsea-vs-milan-2026-08-08,1.0,0.0,0.0,,,,,0.0,,0.0,2.0,2.0,100.0,0.0,,,,,,0.0,0.0,0.0,0.0,0.0,,0.0,,,,,0.0,,,0.0,,,,,,,,0.0,,,,,,,,0.0,92,92,0,0.0,0,,,,,,,
22,26-27-friendly-girona-vs-arsenal-2026-08-01,62.0,0.0,0.0,,,,,0.0,,2.0,34.0,26.0,100.0,1.0,1.0,,,1.0,100.0,1.0,0.0,1.0,0.0,0.0,,0.0,2.0,4.0,2.0,33.0,0.0,,1.0,1.0,,,,,,,,0.0,,,,,,,,1.0,0,62,1,0.0,0,,,,,,,
217,26-27-friendly-bromley-vs-crystal-palace-2026-07-25,45.0,0.0,0.0,5.0,0.91,0.33,3.0,,,9.0,25.0,9.0,75.0,2.0,3.0,,,1.0,100.0,1.0,0.0,2.0,0.0,1.0,,0.0,2.0,4.0,1.0,25.0,1.0,50.0,,1.0,,,,,,,,1.0,,,,,,,1.4,,0,46,0,0.0,0,,,,,,,
221,26-27-friendly-bromley-vs-crystal-palace-2026-07-25,45.0,0.0,0.0,1.0,0.29,0.08,0.0,0.0,,4.0,20.0,11.0,79.0,2.0,,1.0,50.0,,,0.0,0.0,1.0,0.0,0.0,,1.0,1.0,1.0,1.0,50.0,0.0,,1.0,0.0,,,,,,,,0.0,,,,,,,,0.0,46,90,3,0.0,0,,,,,,,
199,26-27-friendly-crystal-palace-vs-swindon-town-2026-07-18,45.0,,,,,,,,,,24.0,,,,2.0,,,,,0.0,0.0,5.0,,1.0,,,,,,,,,,0.0,2.0,1.0,1.64,0.64,1.0,13.0,4.0,,0.0,,2.0,,,,,,0,46,1,0.0,0,,,,,,,
555,26-27-friendly-crystal-palace-vs-swindon-town-2026-07-18,45.0,,,,,,,,,,23.0,,,,,,,,,0.0,0.0,7.0,,0.0,,,,,,,,,,0.0,1.0,0.0,0.18,0.18,0.0,15.0,1.0,,0.0,,0.0,,,,,,46,90,0,0.0,0,,,,,,,
205,26-27-friendly-crystal-palace-vs-swindon-town-2026-07-18,45.0,0.0,0.0,,,,,,,0.0,40.0,31.0,86.0,0.0,4.0,,,5.0,71.0,2.0,0.0,5.0,0.0,0.0,,0.0,2.0,1.0,2.0,67.0,0.0,,,1.0,,,,,,,,0.0,,,,,,,,,46,90,0,0.0,0,,,,,,,
204,26-27-friendly-crystal-palace-vs-swindon-town-2026-07-18,45.0,0.0,0.0,,,,,,,0.0,32.0,15.0,83.0,0.0,2.0,,,1.0,50.0,1.0,0.0,1.0,0.0,0.0,,0.0,2.0,2.0,1.0,50.0,1.0,50.0,,0.0,,,,,,,,0.0,,,,,,,,,0,46,1,0.0,0,,,,,,,
217,26-27-friendly-crystal-palace-vs-swindon-town-2026-07-18,45.0,3.0,0.0,3.0,1.32,,3.0,,,3.0,16.0,8.0,89.0,0.0,1.0,0.0,0.0,2.0,100.0,2.0,0.0,1.0,0.0,0.0,,0.0,2.0,2.0,2.0,67.0,0.0,0.0,,1.0,,,,,,,,0.0,,,,,,,1.91,,46,90,0,1.0,0,,,,,,,
220,26-27-friendly-crystal-palace-vs-swindon-town-2026-07-18,25.0,0.0,0.0,,,,,,,0.0,16.0,10.0,77.0,0.0,3.0,0.0,0.0,0.0,0.0,0.0,0.0,2.0,0.0,0.0,,0.0,1.0,1.0,0.0,0.0,1.0,100.0,,0.0,,,,,,,,0.0,,,,,,,,,46,70,0,0.0,0,,,,,,,
414,26-27-friendly-manchester-united-vs-wrexham-2026-07-18,45.0,,,,,,,,,,12.0,,,,1.0,,,,,0.0,0.0,1.0,,0.0,,,,,,,,,,0.0,0.0,1.0,,,0.0,9.0,3.0,,0.0,,0.0,,,,,,0,46,1,0.0,0,,,,,,,
418,26-27-friendly-manchester-united-vs-wrexham-2026-07-18,45.0,0.0,0.0,,,,,,,0.0,59.0,49.0,92.0,0.0,9.0,,,4.0,57.0,1.0,0.0,3.0,0.0,4.0,3.0,0.0,1.0,,1.0,100.0,0.0,,,0.0,,,,,,,,0.0,,,,,,,,,0,46,1,0.0,0,,,,,,,
423,26-27-friendly-manchester-united-vs-wrexham-2026-07-18,45.0,0.0,0.0,,,,,,,1.0,38.0,27.0,87.0,0.0,2.0,0.0,0.0,1.0,50.0,0.0,0.0,2.0,0.0,0.0,,0.0,,2.0,0.0,0.0,0.0,,,0.0,,,,,,,,1.0,,,,,,,,,0,46,1,0.0,0,,,,,,,
430,26-27-friendly-manchester-united-vs-wrexham-2026-07-18,45.0,0.0,0.0,,,,,,,0.0,49.0,35.0,90.0,0.0,4.0,0.0,0.0,2.0,100.0,2.0,2.0,2.0,0.0,0.0,,0.0,2.0,,2.0,100.0,0.0,,,0.0,,,,,,,,0.0,,,,,,,,,0,46,1,0.0,0,,,,,,,
427,26-27-friendly-manchester-united-vs-wrexham-2026-07-18,45.0,0.0,0.0,,,,,,,2.0,27.0,10.0,62.0,0.0,1.0,0.0,0.0,0.0,0.0,0.0,0.0,1.0,0.0,0.0,,1.0,3.0,3.0,3.0,50.0,0.0,,2.0,0.0,,,,,,,,1.0,,,,,,,,,0,46,1,0.0,0,,,,,,,
440,26-27-friendly-manchester-united-vs-wrexham-2026-07-18,45.0,0.0,0.0,2.0,,,0.0,,,1.0,20.0,10.0,77.0,0.0,3.0,,,,,0.0,0.0,1.0,0.0,0.0,,0.0,,2.0,0.0,0.0,0.0,0.0,,0.0,,,,,,,,0.0,,,,,,,,,0,46,1,0.0,0,,,,,,,
420,26-27-friendly-manchester-united-vs-wrexham-2026-07-18,45.0,0.0,0.0,,,,,,,0.0,39.0,25.0,86.0,0.0,3.0,0.0,0.0,,,1.0,2.0,1.0,0.0,0.0,,1.0,3.0,1.0,2.0,67.0,1.0,100.0,1.0,0.0,,,,,,,,0.0,,,,,,,,,0,46,1,0.0,0,,,,,,,
25,26-27-friendly-arsenal-vs-como-2026-08-12,30.0,0.0,0.0,1.0,,,0.0,0.0,,2.0,10.0,4.0,67.0,0.0,,,,,,0.0,0.0,1.0,0.0,0.0,,0.0,,1.0,0.0,0.0,0.0,,,0.0,,,,,,,,1.0,,,,,,,,0.0,32,61,1,0.0,0,,,,,,,
26,26-27-friendly-arsenal-vs-como-2026-08-12,28.0,0.0,0.0,1.0,,,0.0,0.0,,2.0,6.0,2.0,50.0,1.0,,,,,,0.0,0.0,1.0,0.0,0.0,,0.0,,,,,0.0,,,0.0,,,,,,,,0.0,,,,,,,,0.0,61,121,0,0.0,0,,,,,,,
10,26-27-friendly-arsenal-vs-como-2026-08-12,28.0,0.0,0.0,,,,,,,0.0,21.0,14.0,93.0,2.0,3.0,,,0.0,0.0,3.0,1.0,1.0,0.0,0.0,,0.0,3.0,1.0,3.0,75.0,0.0,,,0.0,,,,,,,,1.0,,,,,,,,,61,121,0,0.0,0,,,,,,,
173,26-27-friendly-brighton-hove-albion-vs-roma-2026-08-08,,,,,,,,,,,,,,,,,,,,,,,,,,,,,,,,,,,,,,,,,,,,,,,,,,,0,90,0,0.0,0,,,,,,,
157,26-27-friendly-chelsea-vs-juventus-2026-08-05,45.0,0.0,0.0,1.0,,,1.0,3.0,,4.0,38.0,17.0,74.0,0.0,4.0,1.0,33.0,1.0,50.0,0.0,1.0,3.0,0.0,0.0,,1.0,3.0,6.0,3.0,33.0,0.0,,,0.0,,,,,,,,3.0,,,,,,,,0.0,46,90,1,0.0,0,,,,,,,
237,26-27-friendly-liverpool-vs-wrexham-2026-07-29,14.0,0.0,0.0,,,,,,,0.0,13.0,11.0,92.0,0.0,1.0,,,0.0,0.0,0.0,0.0,1.0,0.0,0.0,,0.0,,,,,0.0,,,0.0,,,,,,,,0.0,,,,,,,,,76,90,0,0.0,0,,,,,,,
453,26-27-friendly-valencia-vs-newcastle-united-2026-08-08,45.0,0.0,0.0,,,0.24,,0.0,,2.0,21.0,15.0,100.0,1.0,,0.0,0.0,2.0,100.0,0.0,0.0,4.0,0.0,0.0,,0.0,,,,,0.0,,,0.0,,,,,,,,0.0,,,,,,,,0.0,0,46,1,0.0,0,,,,,,,
548,26-27-friendly-liverpool-vs-sunderland-2026-07-25,45.0,0.0,1.0,2.0,,,0.0,1.0,,0.0,22.0,14.0,82.0,2.0,1.0,1.0,100.0,,,0.0,0.0,2.0,0.0,0.0,,1.0,1.0,2.0,1.0,33.0,0.0,,,1.0,,,,,,,,0.0,,,,,,,,0.0,0,46,1,0.0,0,,,,,,,
460,26-27-friendly-valencia-vs-newcastle-united-2026-08-08,23.0,0.0,0.0,,,0.02,,1.0,,0.0,21.0,13.0,93.0,0.0,4.0,0.0,0.0,2.0,100.0,1.0,1.0,1.0,0.0,0.0,,0.0,2.0,,2.0,100.0,0.0,,,0.0,,,,,,,,0.0,,,,,,,,1.0,67,92,0,0.0,0,,,,,,,
10,26-27-friendly-arsenal-vs-real-betis-2026-08-05,45.0,0.0,0.0,,,,,,,0.0,30.0,18.0,90.0,0.0,5.0,0.0,0.0,0.0,0.0,1.0,2.0,1.0,0.0,1.0,,0.0,2.0,1.0,2.0,67.0,0.0,,1.0,1.0,,,,,,,,0.0,,,,,,,,,0,46,3,0.0,0,,,,,,,
456,26-27-friendly-valencia-vs-newcastle-united-2026-08-08,67.0,0.0,0.0,1.0,0.04,0.05,0.0,1.0,,0.0,57.0,37.0,80.0,0.0,9.0,0.0,0.0,2.0,50.0,3.0,0.0,7.0,0.0,0.0,,1.0,5.0,4.0,5.0,56.0,0.0,,1.0,0.0,,,,,,,,1.0,,,,,,,,3.0,0,67,1,0.0,0,,,,,,,
513,26-27-friendly-manchester-city-vs-atletico-madrid-2026-08-09,,,,,,,,,,,,,,,,,,,,,,,,,,,,,,,,,,,,,,,,,,,,,,,,,,,0,90,1,0.0,0,,,,,,,
193,26-27-friendly-bayern-münchen-vs-aston-villa-2026-08-07,,,,,,,,,,,,,,,,,,,,,,,,,,,,,,,,,,,,,,,,,,,,,,,,,,,0,90,2,0.0,0,,,,,,,
163,26-27-friendly-johor-darul-ta'zim-vs-chelsea-2026-08-09,90.0,0.0,0.0,1.0,,,0.0,,,1.0,93.0,69.0,92.0,0.0,13.0,,,3.0,75.0,2.0,3.0,9.0,0.0,1.0,1.0,0.0,5.0,4.0,5.0,56.0,0.0,,1.0,1.0,,,,,,,,2.0,,,,,,,,,0,92,3,0.0,0,,,,,,,
4,26-27-friendly-arsenal-vs-como-2026-08-12,45.0,0.0,0.0,1.0,,,1.0,,,2.0,36.0,29.0,97.0,0.0,5.0,,,,,2.0,0.0,2.0,0.0,1.0,1.0,0.0,5.0,2.0,3.0,60.0,2.0,100.0,1.0,2.0,,,,,,,,0.0,,,,,,,,,0,46,1,0.0,0,,,,,,,
157,26-27-friendly-chelsea-vs-milan-2026-08-08,5.0,0.0,0.0,1.0,,,1.0,0.0,,1.0,8.0,4.0,100.0,1.0,1.0,1.0,100.0,,,1.0,0.0,1.0,0.0,0.0,,0.0,1.0,1.0,1.0,50.0,0.0,,,0.0,,,,,,,,1.0,,,,,,,,1.0,85,92,0,0.0,0,,,,,,,
163,26-27-friendly-chelsea-vs-juventus-2026-08-05,24.0,0.0,0.0,,,,,,,0.0,36.0,27.0,90.0,0.0,5.0,,,1.0,100.0,2.0,0.0,2.0,0.0,0.0,,0.0,6.0,,5.0,100.0,1.0,100.0,2.0,0.0,,,,,,,,0.0,,,,,,,,,66,90,1,0.0,0,,,,,,,
14,26-27-friendly-arsenal-vs-como-2026-08-12,32.0,0.0,0.0,1.0,,,0.0,2.0,,3.0,39.0,26.0,87.0,2.0,4.0,1.0,33.0,1.0,50.0,0.0,0.0,2.0,0.0,0.0,,0.0,4.0,1.0,4.0,80.0,0.0,,2.0,0.0,,,,,,,,0.0,,,,,,,,0.0,0,32,0,0.0,0,,,,,,,
456,26-27-friendly-bristol-city-vs-newcastle-united-2026-07-29,90.0,0.0,1.0,,,0.13,,0.0,,4.0,58.0,45.0,87.0,3.0,9.0,0.0,0.0,2.0,100.0,0.0,0.0,3.0,0.0,0.0,,0.0,1.0,4.0,0.0,0.0,1.0,100.0,,2.0,,,,,,,,1.0,,,,,,,,0.0,0,90,4,0.0,0,,,,,,,
561,26-27-friendly-chelsea-vs-juventus-2026-08-05,24.0,0.0,0.0,,,,,0.0,,0.0,27.0,15.0,94.0,0.0,4.0,0.0,0.0,,,1.0,0.0,0.0,0.0,1.0,,0.0,2.0,1.0,1.0,50.0,1.0,100.0,,0.0,,,,,,,,0.0,,,,,,,,1.0,66,90,1,0.0,0,,,,,,,
4,26-27-friendly-arsenal-vs-real-betis-2026-08-05,31.0,0.0,0.0,,,,,,,0.0,39.0,35.0,95.0,0.0,3.0,,,,,0.0,0.0,0.0,0.0,1.0,1.0,0.0,1.0,2.0,1.0,50.0,0.0,0.0,1.0,1.0,,,,,,,,0.0,,,,,,,,,46,77,0,0.0,0,,,,,,,
105,26-27-friendly-bristol-city-vs-newcastle-united-2026-07-29,,,,,,,,,,,,,,,,,,,,,,,,,,,,,,,,,,,,,,,,,,,,,,,,,,,0,90,4,0.0,0,,,,,,,
459,26-27-friendly-bristol-city-vs-newcastle-united-2026-07-29,1.0,0.0,0.0,,,,,,,0.0,0.0,0.0,,0.0,,,,,,0.0,0.0,0.0,0.0,0.0,,0.0,,,,,0.0,,,0.0,,,,,,,,0.0,,,,,,,,,90,90,0,0.0,0,,,,,,,
125,26-27-friendly-brighton-hove-albion-vs-roma-2026-08-08,60.0,1.0,1.0,5.0,,,3.0,,,8.0,38.0,15.0,68.0,2.0,3.0,,,,,0.0,1.0,1.0,0.0,1.0,1.0,0.0,4.0,2.0,3.0,75.0,1.0,50.0,2.0,1.0,,,,,,,,0.0,,,,,,,,,0,60,0,0.0,0,,,,,,,
133,26-27-friendly-chelsea-vs-milan-2026-08-08,5.0,0.0,0.0,,,,,,,0.0,8.0,5.0,100.0,0.0,,,,,,0.0,0.0,1.0,0.0,0.0,,0.0,1.0,1.0,1.0,50.0,0.0,,1.0,0.0,,,,,,,,1.0,,,,,,,,,85,92,0,0.0,0,,,,,,,
457,26-27-friendly-valencia-vs-newcastle-united-2026-08-08,51.0,0.0,0.0,1.0,0.28,0.02,0.0,0.0,,2.0,34.0,15.0,79.0,0.0,,0.0,0.0,,,3.0,0.0,0.0,0.0,0.0,,0.0,3.0,4.0,3.0,43.0,0.0,,,2.0,,,,,,,,0.0,,,,,,,,3.0,39,92,0,0.0,0,,,,,,,
458,26-27-friendly-valencia-vs-newcastle-united-2026-08-08,23.0,0.0,0.0,,,0.03,,0.0,,0.0,11.0,10.0,100.0,0.0,,,,,,0.0,1.0,0.0,0.0,0.0,,1.0,,2.0,0.0,0.0,0.0,0.0,,0.0,,,,,,,,0.0,,,,,,,,0.0,67,92,0,0.0,0,,,,,,,
466,26-27-friendly-valencia-vs-newcastle-united-2026-08-08,,,,,,,,,,,,,,,,,,,,,,,,,,,,,,,,,,,,,,,,,,,,,,,,,,,0,92,1,0.0,0,,,,,,,
3,26-27-friendly-arsenal-vs-real-betis-2026-08-05,28.0,,,,,,,0.0,,,10.0,,,,,,,,,0.0,0.0,3.0,,0.0,,,,,,,,,,0.0,1.0,0.0,,,0.0,5.0,1.0,,0.0,,1.0,,,,,0.0,62,90,0,0.0,0,,,,,,,
370,26-27-friendly-liverpool-vs-leeds-united-2026-08-02,45.0,0.0,0.0,1.0,,,0.0,0.0,,1.0,14.0,10.0,91.0,0.0,2.0,,,,,1.0,0.0,2.0,0.0,0.0,,0.0,1.0,1.0,1.0,50.0,0.0,,,0.0,,,,,,,,0.0,,,,,,,,1.0,46,90,4,0.0,0,,,,,,,
330,26-27-friendly-liverpool-vs-leeds-united-2026-08-02,83.0,0.0,0.0,,,,,0.0,,2.0,39.0,21.0,88.0,1.0,4.0,1.0,33.0,1.0,100.0,1.0,1.0,4.0,0.0,2.0,2.0,0.0,2.0,7.0,2.0,29.0,0.0,0.0,1.0,3.0,,,,,,,,1.0,,,,,,,,1.0,0,83,2,0.0,0,,,,,,,
333,26-27-friendly-leeds-united-vs-rb-leipzig-2026-08-08,60.0,0.0,0.0,,,,,,,0.0,60.0,55.0,96.0,0.0,2.0,,,3.0,75.0,0.0,0.0,3.0,0.0,2.0,1.0,0.0,2.0,,1.0,100.0,1.0,100.0,1.0,0.0,,,,,,,,0.0,,,,,,,,,0,100,0,0.0,0,,,,,,,
130,26-27-friendly-brighton-hove-albion-vs-roma-2026-08-08,59.0,0.0,0.0,,,,,,,0.0,34.0,23.0,88.0,0.0,3.0,1.0,50.0,1.0,50.0,1.0,0.0,2.0,0.0,0.0,,0.0,1.0,4.0,1.0,20.0,0.0,,,4.0,,,,,,,,0.0,,,,,,,,,0,59,0,0.0,0,,,,,,,
119,26-27-friendly-brighton-hove-albion-vs-roma-2026-08-08,31.0,0.0,0.0,,,,,,,0.0,25.0,20.0,83.0,0.0,2.0,0.0,0.0,0.0,0.0,0.0,0.0,1.0,0.0,0.0,,1.0,,2.0,0.0,0.0,0.0,,,1.0,,,,,,,,0.0,,,,,,,,,59,90,0,0.0,0,,,,,,,
115,26-27-friendly-brighton-hove-albion-vs-roma-2026-08-08,30.0,0.0,0.0,,,,,,,0.0,35.0,24.0,86.0,1.0,6.0,1.0,100.0,3.0,75.0,1.0,1.0,1.0,0.0,1.0,,0.0,2.0,,1.0,100.0,1.0,100.0,,0.0,,,,,,,,0.0,,,,,,,,,60,90,0,0.0,0,,,,,,,
242,26-27-friendly-bromley-vs-crystal-palace-2026-07-25,45.0,0.0,0.0,,,,,,,0.0,33.0,25.0,81.0,0.0,3.0,,,2.0,40.0,1.0,0.0,5.0,0.0,1.0,,0.0,1.0,,1.0,100.0,0.0,,,0.0,,,,,,,,0.0,,,,,,,,,46,90,3,0.0,0,,,,,,,
64,26-27-friendly-bromley-vs-crystal-palace-2026-07-25,45.0,0.0,0.0,,,,,,,0.0,42.0,27.0,87.0,0.0,2.0,,,2.0,40.0,0.0,1.0,3.0,0.0,9.0,6.0,0.0,3.0,2.0,,,3.0,60.0,1.0,0.0,,,,,,,,0.0,,,,,,,,,0,46,0,0.0,0,,,,,,,
129,26-27-friendly-brighton-hove-albion-vs-roma-2026-08-08,85.0,2.0,0.0,3.0,,,2.0,,,2.0,54.0,39.0,89.0,1.0,5.0,,,3.0,100.0,0.0,2.0,8.0,1.0,1.0,,1.0,,3.0,0.0,0.0,0.0,,,1.0,,,,,,,,1.0,,,,,,,,,0,85,0,0.0,0,,,,,,,
123,26-27-friendly-brighton-hove-albion-vs-roma-2026-08-08,75.0,0.0,0.0,2.0,,,1.0,,,4.0,33.0,23.0,88.0,0.0,3.0,,,,,1.0,1.0,4.0,0.0,1.0,,0.0,1.0,1.0,1.0,50.0,0.0,,,1.0,,,,,,,,0.0,,,,,,,,,0,75,0,0.0,0,,,,,,,
127,26-27-friendly-brighton-hove-albion-vs-roma-2026-08-08,60.0,0.0,1.0,,,,,,,2.0,35.0,21.0,78.0,3.0,8.0,,,2.0,100.0,0.0,3.0,5.0,0.0,1.0,,0.0,4.0,2.0,3.0,75.0,1.0,50.0,,0.0,,,,,,,,0.0,,,,,,,,,0,60,0,0.0,0,,,,,,,
122,26-27-friendly-brighton-hove-albion-vs-roma-2026-08-08,59.0,0.0,0.0,,,,,,,3.0,26.0,13.0,87.0,0.0,2.0,0.0,0.0,1.0,100.0,1.0,2.0,2.0,0.0,1.0,,0.0,1.0,2.0,1.0,50.0,0.0,0.0,,0.0,,,,,,,,0.0,,,,,,,,,0,90,0,0.0,0,,,,,,,
452,26-27-friendly-arsenal-vs-como-2026-08-12,45.0,0.0,0.0,,,,,,,0.0,32.0,23.0,88.0,0.0,1.0,,,0.0,0.0,2.0,1.0,2.0,0.0,0.0,,0.0,2.0,2.0,2.0,50.0,0.0,,,1.0,,,,,,,,1.0,,,,,,,,,46,121,0,0.0,0,,,,,,,
3,26-27-friendly-arsenal-vs-como-2026-08-12,,,,,,,,,,,,,,,,,,,,,,,,,,,,,,,,,,,,,,,,,,,,,,,,,,,0,121,1,0.0,0,,,,,,,
18,26-27-friendly-arsenal-vs-como-2026-08-12,61.0,0.0,1.0,1.0,,,0.0,,,5.0,35.0,22.0,81.0,1.0,2.0,0.0,0.0,0.0,0.0,0.0,0.0,3.0,0.0,0.0,,0.0,3.0,2.0,3.0,100.0,0.0,0.0,1.0,0.0,,,,,,,,0.0,,,,,,,,,0,61,1,0.0,0,,,,,,,
23,26-27-friendly-arsenal-vs-como-2026-08-12,30.0,0.0,0.0,1.0,,,1.0,0.0,,2.0,12.0,5.0,83.0,1.0,1.0,1.0,25.0,0.0,0.0,0.0,0.0,1.0,0.0,0.0,,0.0,1.0,,1.0,100.0,0.0,,1.0,0.0,,,,,,,,0.0,,,,,,,,0.0,32,61,1,0.0,0,,,,,,,
16,26-27-friendly-arsenal-vs-como-2026-08-12,28.0,0.0,0.0,2.0,,,1.0,0.0,,3.0,16.0,7.0,100.0,1.0,,1.0,33.0,,,0.0,0.0,0.0,0.0,0.0,,0.0,,5.0,0.0,0.0,0.0,,,3.0,,,,,,,,1.0,,,,,,,,0.0,61,121,0,0.0,0,,,,,,,
8,26-27-friendly-arsenal-vs-como-2026-08-12,29.0,0.0,0.0,,,,,0.0,,0.0,17.0,11.0,85.0,0.0,,,,,,0.0,1.0,0.0,0.0,1.0,1.0,0.0,1.0,1.0,,,1.0,50.0,,0.0,,,,,,,,0.0,,,,,,,,0.0,61,121,0,0.0,0,,,,,,,
216,26-27-friendly-crystal-palace-vs-swindon-town-2026-07-18,45.0,0.0,1.0,2.0,0.17,0.06,0.0,0.0,,2.0,30.0,14.0,82.0,1.0,1.0,,,0.0,0.0,0.0,0.0,0.0,0.0,0.0,,1.0,6.0,4.0,5.0,56.0,1.0,100.0,5.0,1.0,,,,,,,,0.0,,,,,,,,0.0,0,46,1,0.0,0,,,,,,,
242,26-27-friendly-crystal-palace-vs-swindon-town-2026-07-18,45.0,0.0,0.0,,,,,,,0.0,23.0,15.0,75.0,0.0,4.0,,,1.0,25.0,0.0,1.0,0.0,0.0,1.0,,0.0,2.0,1.0,,,2.0,67.0,,0.0,,,,,,,,0.0,,,,,,,,,0,46,1,0.0,0,,,,,,,
64,26-27-friendly-crystal-palace-vs-swindon-town-2026-07-18,45.0,0.0,0.0,,,,,,,0.0,37.0,24.0,83.0,0.0,5.0,,,1.0,20.0,0.0,2.0,0.0,0.0,6.0,3.0,2.0,,3.0,0.0,0.0,0.0,0.0,,0.0,,,,,,,,0.0,,,,,,,,,0,46,1,0.0,0,,,,,,,
221,26-27-friendly-crystal-palace-vs-swindon-town-2026-07-18,45.0,0.0,0.0,,,,,2.0,,1.0,23.0,12.0,86.0,0.0,3.0,,,,,0.0,0.0,0.0,0.0,0.0,,0.0,6.0,2.0,5.0,71.0,1.0,100.0,3.0,0.0,,,,,,,,2.0,,,,,,,,0.0,46,90,0,0.0,0,,,,,,,
162,26-27-friendly-manchester-united-vs-wrexham-2026-07-18,45.0,0.0,0.0,,,,,,,0.0,56.0,39.0,91.0,2.0,3.0,,,1.0,50.0,2.0,3.0,1.0,0.0,0.0,,0.0,4.0,2.0,4.0,67.0,0.0,,2.0,1.0,,,,,,,,0.0,,,,,,,,,0,46,1,0.0,0,,,,,,,
469,26-27-friendly-manchester-united-vs-wrexham-2026-07-18,45.0,0.0,0.0,,,,,,,0.0,21.0,10.0,91.0,0.0,,0.0,0.0,,,2.0,0.0,1.0,0.0,0.0,,0.0,2.0,1.0,2.0,67.0,0.0,,,0.0,,,,,,,,1.0,,,,,,,,,46,90,0,0.0,0,,,,,,,
436,26-27-friendly-manchester-united-vs-wrexham-2026-07-18,45.0,0.0,0.0,,,,,,,0.0,24.0,20.0,95.0,0.0,1.0,,,,,0.0,1.0,2.0,0.0,0.0,,0.0,1.0,2.0,1.0,50.0,0.0,0.0,1.0,1.0,,,,,,,,0.0,,,,,,,,,46,90,0,0.0,0,,,,,,,
424,26-27-friendly-manchester-united-vs-wrexham-2026-07-18,45.0,0.0,0.0,,,,,,,1.0,41.0,27.0,87.0,1.0,4.0,1.0,100.0,1.0,50.0,1.0,0.0,1.0,0.0,0.0,,1.0,2.0,2.0,1.0,50.0,1.0,50.0,,0.0,,,,,,,,0.0,,,,,,,,,46,90,0,0.0,0,,,,,,,
435,26-27-friendly-manchester-united-vs-wrexham-2026-07-18,45.0,0.0,0.0,1.0,,,1.0,,,2.0,35.0,23.0,96.0,0.0,2.0,1.0,25.0,,,0.0,0.0,3.0,0.0,0.0,,0.0,,4.0,0.0,0.0,0.0,,,0.0,,,,,,,,2.0,,,,,,,,,46,90,0,0.0,0,,,,,,,
415,26-27-friendly-manchester-united-vs-wrexham-2026-07-18,45.0,0.0,0.0,1.0,,,0.0,,,0.0,21.0,10.0,71.0,0.0,2.0,0.0,0.0,0.0,0.0,0.0,0.0,1.0,0.0,1.0,1.0,0.0,,4.0,0.0,0.0,0.0,0.0,,0.0,,,,,,,,1.0,,,,,,,,,0,46,1,0.0,0,,,,,,,
441,26-27-friendly-manchester-united-vs-wrexham-2026-07-18,,,,,,,,,,,,,,,,,,,,,,,,,,,,,,,,,,,,,,,,,,,,,,,,,,,0,90,1,0.0,0,,,,,,,
421,26-27-friendly-manchester-united-vs-wrexham-2026-07-18,45.0,0.0,0.0,,,,,,,0.0,54.0,45.0,92.0,0.0,2.0,,,,,1.0,0.0,6.0,0.0,3.0,2.0,0.0,2.0,,1.0,100.0,1.0,100.0,,0.0,,,,,,,,0.0,,,,,,,,,0,46,1,0.0,0,,,,,,,
434,26-27-friendly-manchester-united-vs-wrexham-2026-07-18,45.0,0.0,0.0,,,,,,,0.0,27.0,17.0,85.0,0.0,2.0,,,0.0,0.0,1.0,1.0,2.0,0.0,0.0,,0.0,1.0,3.0,1.0,25.0,0.0,,,0.0,,,,,,,,2.0,,,,,,,,,0,46,1,0.0,0,,,,,,,
438,26-27-friendly-manchester-united-vs-wrexham-2026-07-18,45.0,0.0,0.0,,,,,0.0,,0.0,41.0,35.0,95.0,1.0,8.0,,,4.0,80.0,1.0,1.0,1.0,0.0,0.0,,0.0,2.0,,2.0,100.0,0.0,,1.0,0.0,,,,,,,,0.0,,,,,,,,1.0,46,90,0,0.0,0,,,,,,,
283,26-27-friendly-manchester-united-vs-wrexham-2026-07-18,45.0,0.0,0.0,,,,,,,0.0,66.0,65.0,100.0,0.0,7.0,,,2.0,100.0,0.0,0.0,2.0,0.0,0.0,,0.0,,2.0,0.0,0.0,0.0,0.0,,1.0,,,,,,,,0.0,,,,,,,,,46,90,0,0.0,0,,,,,,,
469,26-27-friendly-tottenham-hotspur-vs-milton-keynes-dons-2026-07-22,45.0,0.0,0.0,1.0,,,0.0,,,0.0,33.0,20.0,91.0,3.0,5.0,,,0.0,0.0,0.0,0.0,0.0,0.0,0.0,,0.0,3.0,5.0,3.0,38.0,0.0,,1.0,1.0,,,,,,,,0.0,,,,,,,,,46,90,0,0.0,0,,,,,,,
449,26-27-friendly-tottenham-hotspur-vs-milton-keynes-dons-2026-07-22,45.0,0.0,0.0,,,,,,,0.0,42.0,28.0,93.0,1.0,1.0,1.0,100.0,2.0,67.0,1.0,0.0,2.0,0.0,1.0,1.0,0.0,2.0,,1.0,100.0,1.0,100.0,,0.0,,,,,,,,0.0,,,,,,,,,46,90,0,0.0,0,,,,,,,
454,26-27-friendly-everton-vs-newcastle-united-2026-08-12,45.0,,,,0.06,0.09,,0.0,,2.0,35.0,,80.0,,2.0,,33.0,0.0,,1.0,0.0,2.0,0.0,0.0,,1.0,2.0,4.0,2.0,40.0,0.0,0.0,,0.0,0.0,2.0,,,,,,,,,,,,,0.17,1.0,0,46,2,0.0,0,,,,,,,
406,26-27-friendly-manchester-city-vs-atletico-madrid-2026-08-09,61.0,0.0,0.0,,,,,0.0,,0.0,63.0,55.0,96.0,0.0,11.0,,,3.0,60.0,2.0,0.0,6.0,0.0,0.0,,1.0,3.0,2.0,3.0,60.0,0.0,,1.0,0.0,,,,,,,,0.0,,,,,,,,2.0,0,61,1,0.0,0,,,,,,,
386,26-27-friendly-manchester-city-vs-atletico-madrid-2026-08-09,,,,,,,,,,,,,,,,,,,,,,,,,,,,,,,,,,,,,,,,,,,,,,,,,,,0,90,1,0.0,0,,,,,,,
390,26-27-friendly-manchester-city-vs-atletico-madrid-2026-08-09,90.0,0.0,0.0,,,,,,,0.0,70.0,61.0,100.0,1.0,4.0,,,4.0,100.0,2.0,0.0,3.0,1.0,5.0,2.0,0.0,2.0,2.0,2.0,100.0,0.0,0.0,,0.0,,,,,,,,0.0,,,,,,,,,0,90,1,0.0,0,,,,,,,
384,26-27-friendly-manchester-city-vs-atletico-madrid-2026-08-09,90.0,,,,,,,0.0,,,30.0,,,,,,,,,0.0,0.0,6.0,,0.0,,,,,,,,,,0.0,2.0,1.0,,,0.0,21.0,2.0,,0.0,,1.0,,,,,0.0,0,90,1,0.0,0,,,,,,,
133,26-27-friendly-chelsea-vs-juventus-2026-08-05,,,,,,,,,,,,,,,,,,,,,,,,,,,,,,,,,,,,,,,,,,,,,,,,,,,0,90,1,0.0,0,,,,,,,
504,26-27-friendly-brighton-hove-albion-vs-roma-2026-08-08,45.0,0.0,0.0,1.0,,,0.0,,,1.0,36.0,28.0,97.0,0.0,2.0,,,0.0,0.0,0.0,2.0,1.0,1.0,3.0,2.0,0.0,1.0,3.0,0.0,0.0,1.0,100.0,,3.0,,,,,,,,0.0,,,,,,,,,0,46,0,0.0,0,,,,,,,
398,26-27-friendly-manchester-city-vs-atletico-madrid-2026-08-09,90.0,0.0,0.0,4.0,,,1.0,1.0,,3.0,58.0,35.0,88.0,2.0,7.0,1.0,25.0,4.0,100.0,2.0,0.0,5.0,0.0,0.0,,0.0,6.0,3.0,6.0,86.0,0.0,0.0,3.0,0.0,,,,,,,,1.0,,,,,,,,2.0,0,90,1,0.0,0,,,,,,,
456,26-27-friendly-everton-vs-newcastle-united-2026-08-12,45.0,,,0.0,,0.04,0.0,1.0,,0.0,34.0,,78.0,,8.0,0.0,,,0.0,0.0,0.0,3.0,0.0,0.0,,0.0,3.0,1.0,2.0,67.0,1.0,100.0,,1.0,0.0,1.0,,,,,,,,,,,,,,0.0,46,90,1,0.0,0,,,,,,,
237,26-27-friendly-everton-vs-newcastle-united-2026-08-12,64.0,,,,1.13,0.02,,1.0,,7.0,36.0,,90.0,,1.0,0.0,,,0.0,1.0,1.0,4.0,0.0,2.0,1.0,0.0,3.0,4.0,3.0,43.0,0.0,,,1.0,0.0,0.0,,,,,,,,,,,,,1.29,1.0,0,64,0,1.0,0,,,,,,,
248,26-27-friendly-everton-vs-newcastle-united-2026-08-12,26.0,,,0.0,,,0.0,0.0,,0.0,4.0,,100.0,,1.0,0.0,,,100.0,0.0,0.0,1.0,0.0,0.0,,0.0,,3.0,0.0,0.0,0.0,0.0,0.0,1.0,0.0,1.0,,,,,,,,,,,,,,0.0,64,90,1,0.0,0,,,,,,,
394,26-27-friendly-manchester-city-vs-atletico-madrid-2026-08-09,,,,,,,,,,,,,,,,,,,,,,,,,,,,,,,,,,,,,,,,,,,,,,,,,,,0,90,1,0.0,0,,,,,,,
147,26-27-friendly-johor-darul-ta'zim-vs-chelsea-2026-08-09,90.0,0.0,0.0,2.0,,,0.0,0.0,,1.0,84.0,69.0,93.0,1.0,5.0,,,2.0,50.0,1.0,0.0,4.0,1.0,4.0,3.0,0.0,4.0,4.0,2.0,50.0,2.0,50.0,1.0,1.0,0.0,3.0,,,,,,0.0,,,,,,,,1.0,0,92,3,0.0,0,,,,,,,
158,26-27-friendly-johor-darul-ta'zim-vs-chelsea-2026-08-09,87.0,0.0,0.0,2.0,,,1.0,,,5.0,45.0,17.0,89.0,1.0,,0.0,0.0,1.0,100.0,1.0,0.0,0.0,0.0,1.0,1.0,0.0,9.0,9.0,7.0,50.0,2.0,50.0,4.0,2.0,,,,,,,,2.0,,,,,,,,,0,87,3,0.0,0,,,,,,,
167,26-27-friendly-johor-darul-ta'zim-vs-chelsea-2026-08-09,90.0,2.0,0.0,6.0,,,3.0,0.0,,8.0,26.0,7.0,78.0,0.0,1.0,,,,,0.0,0.0,0.0,0.0,0.0,,0.0,4.0,4.0,4.0,57.0,0.0,0.0,4.0,2.0,0.0,3.0,,,,,,1.0,,,,,,,,0.0,0,92,3,2.0,0,,,,,,,
166,26-27-friendly-johor-darul-ta'zim-vs-chelsea-2026-08-09,86.0,0.0,0.0,3.0,,,1.0,2.0,,5.0,44.0,24.0,83.0,4.0,7.0,,,2.0,67.0,0.0,0.0,0.0,0.0,0.0,,0.0,3.0,6.0,3.0,33.0,0.0,,1.0,3.0,0.0,3.0,,,,,,2.0,,,,,,,,0.0,0,86,3,0.0,0,,,,,,,
150,26-27-friendly-johor-darul-ta'zim-vs-chelsea-2026-08-09,,,,,,,,,,,,,,,,,,,,,,,,,,,,,,,,,,,,,,,,,,,,,,,,,,,0,92,3,0.0,0,,,,,,,
2,26-27-friendly-arsenal-vs-borussia-dortmund-2026-08-09,45.0,,,,,,,,,,16.0,,,,1.0,,,,,0.0,0.0,6.0,,1.0,,,,,,,,,,0.0,0.0,2.0,,,1.0,13.0,2.0,,0.0,,0.0,,,,,,0,46,2,0.0,0,,,,,,,
15,26-27-friendly-arsenal-vs-borussia-dortmund-2026-08-09,33.0,0.0,0.0,,,,,,,0.0,20.0,15.0,94.0,1.0,2.0,1.0,33.0,2.0,100.0,0.0,0.0,2.0,0.0,0.0,,0.0,1.0,,1.0,100.0,0.0,,1.0,0.0,,,,,,,,0.0,,,,,,,,,0,33,2,0.0,0,,,,,,,
27,26-27-friendly-arsenal-vs-borussia-dortmund-2026-08-09,12.0,0.0,0.0,,,,,,,2.0,7.0,5.0,100.0,0.0,1.0,,,1.0,100.0,0.0,0.0,0.0,0.0,0.0,,0.0,,,,,0.0,,,0.0,,,,,,,,0.0,,,,,,,,,78,121,0,0.0,0,,,,,,,
25,26-27-friendly-arsenal-vs-borussia-dortmund-2026-08-09,78.0,1.0,0.0,4.0,,,1.0,,,6.0,25.0,12.0,80.0,0.0,1.0,,,,,0.0,0.0,0.0,0.0,1.0,1.0,0.0,2.0,2.0,2.0,50.0,0.0,,2.0,1.0,,,,,,,,1.0,,,,,,,,,0,78,3,1.0,0,,,,,,,
24,26-27-friendly-arsenal-vs-borussia-dortmund-2026-08-09,,,,,,,,,,,,,,,,,,,,,,,,,,,,,,,,,,,,,,,,,,,,,,,,,,,0,121,3,0.0,0,,,,,,,
26,26-27-friendly-arsenal-vs-borussia-dortmund-2026-08-09,78.0,0.0,0.0,2.0,,,1.0,,,4.0,45.0,31.0,84.0,2.0,5.0,1.0,100.0,1.0,100.0,0.0,0.0,5.0,0.0,0.0,,0.0,4.0,8.0,2.0,25.0,2.0,50.0,2.0,4.0,,,,,,,,2.0,,,,,,,,,0,79,3,0.0,0,,,,,,,
10,26-27-friendly-arsenal-vs-borussia-dortmund-2026-08-09,78.0,0.0,0.0,1.0,,,1.0,,,1.0,61.0,44.0,90.0,0.0,12.0,0.0,0.0,1.0,50.0,2.0,0.0,4.0,0.0,0.0,,0.0,3.0,1.0,3.0,75.0,0.0,,,0.0,,,,,,,,0.0,,,,,,,,,0,79,3,0.0,0,,,,,,,
4,26-27-friendly-arsenal-vs-borussia-dortmund-2026-08-09,60.0,0.0,0.0,2.0,,,1.0,,,2.0,46.0,36.0,97.0,0.0,4.0,,,1.0,50.0,0.0,1.0,1.0,2.0,0.0,,0.0,2.0,4.0,1.0,20.0,1.0,100.0,1.0,2.0,,,,,,,,1.0,,,,,,,,,0,60,3,0.0,0,,,,,,,
3,26-27-friendly-arsenal-vs-borussia-dortmund-2026-08-09,45.0,,,,,,,,,,12.0,,,,,,,,,0.0,0.0,5.0,,0.0,,,1.0,,,,1.0,100.0,,0.0,1.0,1.0,,,0.0,4.0,0.0,,1.0,,1.0,,,,,,46,121,1,0.0,0,,,,,,,
18,26-27-friendly-arsenal-vs-borussia-dortmund-2026-08-09,12.0,0.0,0.0,,,,,,,0.0,17.0,9.0,75.0,0.0,,,,1.0,100.0,0.0,0.0,0.0,0.0,0.0,,0.0,2.0,1.0,2.0,67.0,0.0,,1.0,1.0,,,,,,,,0.0,,,,,,,,,78,121,0,0.0,0,,,,,,,
23,26-27-friendly-arsenal-vs-borussia-dortmund-2026-08-09,12.0,0.0,0.0,1.0,,,0.0,,,0.0,10.0,4.0,67.0,0.0,1.0,0.0,0.0,,,0.0,0.0,1.0,0.0,0.0,,0.0,1.0,,1.0,100.0,0.0,,,0.0,,,,,,,,0.0,,,,,,,,,78,121,0,0.0,0,,,,,,,
8,26-27-friendly-arsenal-vs-borussia-dortmund-2026-08-09,60.0,0.0,0.0,1.0,,,0.0,,,1.0,33.0,20.0,100.0,0.0,1.0,,,,,2.0,1.0,3.0,0.0,2.0,1.0,0.0,3.0,3.0,2.0,50.0,1.0,50.0,,1.0,,,,,,,,0.0,,,,,,,,,0,60,3,0.0,0,,,,,,,
9,26-27-friendly-arsenal-vs-borussia-dortmund-2026-08-09,30.0,0.0,0.0,,,,,,,0.0,23.0,16.0,76.0,0.0,4.0,,,1.0,50.0,1.0,0.0,1.0,0.0,0.0,,0.0,1.0,2.0,1.0,50.0,0.0,0.0,,1.0,,,,,,,,0.0,,,,,,,,,60,121,0,0.0,0,,,,,,,
557,26-27-friendly-arsenal-vs-borussia-dortmund-2026-08-09,78.0,0.0,1.0,,,,,,,2.0,36.0,20.0,80.0,4.0,2.0,2.0,40.0,0.0,0.0,0.0,2.0,4.0,0.0,0.0,,0.0,1.0,4.0,1.0,25.0,0.0,0.0,1.0,2.0,,,,,,,,0.0,,,,,,,,,0,78,3,0.0,0,,,,,,,
270,26-27-friendly-malaga-vs-fulham-2026-08-12,15.0,,,,,,,,,,,,,,,,,,,,,,,,,,,,,,,,,,,,,,,,,,,,,,,,,,75,90,0,0.0,0,,,,,,,
256,26-27-friendly-malaga-vs-fulham-2026-08-12,15.0,,,,,,,,,,,,,,,,,,,,,,,,,,,,,,,,,,,,,,,,,,,,,,,,,,75,90,0,0.0,0,,,,,,,
254,26-27-friendly-malaga-vs-fulham-2026-08-12,29.0,,,,,,,,,,,,,,,,,,,,,,,,,,,,,,,,,,,,,,,,,,,,,,,,,,61,90,0,0.0,0,,,,,,,
421,26-27-friendly-manchester-united-vs-paris-saint-germain-2026-08-08,45.0,0.0,0.0,,,,,0.0,,0.0,34.0,29.0,88.0,0.0,2.0,,,2.0,67.0,0.0,0.0,4.0,0.0,0.0,,0.0,1.0,1.0,0.0,0.0,1.0,100.0,,1.0,,,,,,,,0.0,,,,,,,,0.0,0,46,1,0.0,0,,,,,,,
580,26-27-friendly-malaga-vs-fulham-2026-08-12,29.0,,,,,,,,,,,,,,,,,,,,,,,,,,,,,,,,,,,,,,,,,,,,,,,,,,61,90,0,0.0,0,,,,,,,
570,26-27-friendly-malaga-vs-fulham-2026-08-12,29.0,,,,,,,,,,,,,,,,,,,,,,,,,,,,,,,,,,,,,,,,,,,,,,,,,,61,90,0,0.0,0,,,,,,,
335,26-27-friendly-liverpool-vs-leeds-united-2026-08-02,45.0,0.0,0.0,1.0,,,1.0,0.0,,1.0,31.0,10.0,62.0,2.0,4.0,2.0,40.0,1.0,100.0,3.0,1.0,2.0,0.0,1.0,1.0,1.0,4.0,1.0,3.0,75.0,1.0,100.0,,0.0,,,,,,,,0.0,,,,,,,,3.0,0,46,2,0.0,0,,,,,,,
355,26-27-friendly-liverpool-vs-leeds-united-2026-08-02,,,,,,,,,,,,,,,,,,,,,,,,,,,,,,,,,,,,,,,,,,,,,,,,,,,0,90,4,0.0,0,,,,,,,
381,26-27-friendly-liverpool-vs-leeds-united-2026-08-02,45.0,0.0,0.0,1.0,,,0.0,,,1.0,13.0,7.0,88.0,1.0,,,,,,0.0,0.0,1.0,0.0,0.0,,0.0,3.0,4.0,2.0,50.0,1.0,33.0,1.0,2.0,,,,,,,,0.0,,,,,,,,,46,90,4,0.0,0,,,,,,,
434,26-27-friendly-manchester-united-vs-paris-saint-germain-2026-08-08,25.0,0.0,0.0,,,,,0.0,,0.0,14.0,8.0,80.0,1.0,1.0,,,,,2.0,0.0,2.0,0.0,0.0,,0.0,2.0,1.0,2.0,67.0,0.0,,,0.0,,,,,,,,0.0,,,,,,,,2.0,64,90,0,0.0,0,,,,,,,
11,26-27-friendly-girona-vs-arsenal-2026-08-01,62.0,0.0,0.0,1.0,,,0.0,0.0,,1.0,54.0,46.0,94.0,0.0,5.0,,,0.0,0.0,0.0,0.0,1.0,1.0,2.0,2.0,0.0,2.0,1.0,,,2.0,67.0,,0.0,,,,,,,,0.0,,,,,,,,0.0,0,62,1,0.0,0,,,,,,,
7,26-27-friendly-girona-vs-arsenal-2026-08-01,62.0,0.0,1.0,,,,,0.0,,0.0,50.0,45.0,94.0,1.0,7.0,,,5.0,71.0,0.0,0.0,1.0,0.0,0.0,,0.0,2.0,1.0,2.0,100.0,0.0,0.0,2.0,0.0,,,,,,,,0.0,,,,,,,,0.0,0,62,1,0.0,0,,,,,,,
22,26-27-friendly-arsenal-vs-borussia-dortmund-2026-08-09,57.0,1.0,0.0,2.0,,,2.0,,,2.0,40.0,23.0,88.0,0.0,2.0,,,,,3.0,1.0,5.0,0.0,0.0,,1.0,4.0,6.0,4.0,40.0,0.0,,1.0,1.0,,,,,,,,3.0,,,,,,,,,33,121,1,0.0,0,,,,,,,
11,26-27-friendly-arsenal-vs-borussia-dortmund-2026-08-09,78.0,0.0,0.0,,,,,,,1.0,76.0,70.0,95.0,1.0,10.0,,,2.0,67.0,0.0,1.0,3.0,0.0,1.0,,0.0,2.0,1.0,,,2.0,67.0,,0.0,,,,,,,,0.0,,,,,,,,,0,79,3,0.0,0,,,,,,,
193,26-27-friendly-liverpool-vs-leeds-united-2026-08-02,,,,,,,,,,,,,,,,,,,,,,,,,,,,,,,,,,,,,,,,,,,,,,,,,,,0,90,4,0.0,0,,,,,,,
237,26-27-friendly-liverpool-vs-leeds-united-2026-08-02,21.0,0.0,0.0,,,,,,,0.0,20.0,16.0,94.0,0.0,3.0,,,1.0,50.0,0.0,1.0,0.0,0.0,1.0,,0.0,,3.0,,,0.0,0.0,,0.0,,,,,,,,0.0,,,,,,,,,69,90,3,0.0,0,,,,,,,
374,26-27-friendly-liverpool-vs-monaco-2026-08-09,45.0,0.0,0.0,,,,,,,0.0,48.0,33.0,82.0,0.0,2.0,,,1.0,50.0,0.0,2.0,4.0,1.0,1.0,1.0,0.0,3.0,,2.0,100.0,1.0,100.0,2.0,0.0,,,,,,,,0.0,,,,,,,,,46,90,2,0.0,0,,,,,,,
356,26-27-friendly-liverpool-vs-monaco-2026-08-09,59.0,0.0,0.0,1.0,,,0.0,,,1.0,54.0,42.0,91.0,0.0,4.0,,,3.0,60.0,0.0,3.0,2.0,0.0,2.0,,0.0,3.0,1.0,0.0,0.0,3.0,100.0,,1.0,,,,,,,,0.0,,,,,,,,,0,59,2,0.0,0,,,,,,,
350,26-27-friendly-liverpool-vs-monaco-2026-08-09,45.0,,,,,,,,,,20.0,,,,,,,,,0.0,0.0,4.0,,0.0,,,,,,,,,,0.0,2.0,1.0,,,1.0,14.0,2.0,,1.0,,2.0,,,,,,0,46,1,0.0,0,,,,,,,
364,26-27-friendly-liverpool-vs-monaco-2026-08-09,59.0,0.0,0.0,1.0,,,0.0,,,2.0,40.0,25.0,83.0,0.0,3.0,0.0,0.0,1.0,50.0,2.0,0.0,8.0,0.0,0.0,,1.0,4.0,2.0,3.0,60.0,1.0,100.0,1.0,1.0,,,,,,,,0.0,,,,,,,,,0,60,2,0.0,0,,,,,,,
379,26-27-friendly-liverpool-vs-monaco-2026-08-09,59.0,1.0,1.0,1.0,,,1.0,,,11.0,23.0,11.0,85.0,2.0,1.0,,,0.0,0.0,0.0,0.0,1.0,0.0,1.0,1.0,1.0,,4.0,0.0,0.0,0.0,,,0.0,,,,,,,,0.0,,,,,,,,,0,60,2,0.0,0,,,,,,,
370,26-27-friendly-liverpool-vs-monaco-2026-08-09,15.0,0.0,0.0,,,,,,,0.0,5.0,2.0,100.0,0.0,,,,,,0.0,0.0,1.0,0.0,0.0,,0.0,2.0,1.0,2.0,100.0,0.0,0.0,1.0,0.0,,,,,,,,0.0,,,,,,,,,76,90,1,0.0,0,,,,,,,
355,26-27-friendly-liverpool-vs-monaco-2026-08-09,,,,,,,,,,,,,,,,,,,,,,,,,,,,,,,,,,,,,,,,,,,,,,,,,,,0,90,3,0.0,0,,,,,,,
135,26-27-friendly-brighton-hove-albion-vs-roma-2026-08-08,30.0,0.0,0.0,1.0,,,0.0,,,4.0,21.0,9.0,75.0,0.0,,0.0,0.0,1.0,100.0,1.0,0.0,1.0,0.0,0.0,,0.0,3.0,7.0,3.0,43.0,0.0,0.0,1.0,3.0,,,,,,,,1.0,,,,,,,,,60,90,0,0.0,0,,,,,,,
216,26-27-friendly-brighton-hove-albion-vs-roma-2026-08-08,5.0,0.0,0.0,,,,,,,0.0,7.0,7.0,100.0,0.0,1.0,,,,,0.0,0.0,0.0,0.0,0.0,,0.0,,,,,0.0,,,0.0,,,,,,,,0.0,,,,,,,,,85,90,0,0.0,0,,,,,,,
367,26-27-friendly-liverpool-vs-monaco-2026-08-09,59.0,0.0,0.0,2.0,,,1.0,,,4.0,34.0,26.0,100.0,2.0,4.0,1.0,50.0,2.0,100.0,0.0,0.0,0.0,0.0,0.0,,0.0,1.0,1.0,1.0,50.0,0.0,,,1.0,,,,,,,,0.0,,,,,,,,,0,60,2,0.0,0,,,,,,,
226,26-27-friendly-everton-vs-newcastle-united-2026-08-12,,,,,,,,,,,,,,,,,,,,,,,,,,,,,,,,,,,,,,,,,,,,,,,,,,,0,90,1,0.0,0,,,,,,,
459,26-27-friendly-everton-vs-newcastle-united-2026-08-12,45.0,0.0,0.0,,,0.02,,,,0.0,34.0,14.0,78.0,1.0,2.0,0.0,0.0,0.0,0.0,2.0,0.0,1.0,0.0,1.0,,0.0,2.0,1.0,2.0,67.0,0.0,,,1.0,,,,,,,,0.0,,,,,,,,,46,90,1,0.0,0,,,,,,,
426,26-27-friendly-manchester-united-vs-leeds-united-2026-08-12,30.0,0.0,0.0,3.0,,,0.0,,,1.0,33.0,22.0,81.0,0.0,5.0,,,3.0,60.0,0.0,1.0,2.0,0.0,0.0,,0.0,,1.0,0.0,0.0,0.0,,,0.0,,,,,,,,0.0,,,,,,,,,60,121,0,0.0,0,,,,,,,
423,26-27-friendly-manchester-united-vs-leeds-united-2026-08-12,29.0,,,0.0,,,0.0,0.0,,0.0,26.0,,95.0,,2.0,,0.0,,0.0,0.0,1.0,2.0,0.0,0.0,,0.0,,1.0,,,0.0,0.0,0.0,0.0,0.0,0.0,,,,,,,,,,,,,,0.0,61,121,0,0.0,0,,,,,,,
43,26-27-friendly-manchester-united-vs-leeds-united-2026-08-12,29.0,,,0.0,,,0.0,0.0,,0.0,37.0,,88.0,,9.0,,0.0,,75.0,0.0,0.0,3.0,0.0,1.0,,0.0,,,,,0.0,,0.0,0.0,0.0,0.0,,,,,,,,,,,,,,0.0,61,121,0,0.0,0,,,,,,,
332,26-27-friendly-manchester-united-vs-leeds-united-2026-08-12,45.0,,,,,,,0.0,,0.0,21.0,,58.0,,,0.0,,,0.0,1.0,2.0,2.0,0.0,0.0,,1.0,4.0,2.0,2.0,50.0,2.0,100.0,,1.0,0.0,0.0,,,,,,,,,,,,,,1.0,46,121,0,0.0,0,,,,,,,
329,26-27-friendly-manchester-united-vs-leeds-united-2026-08-12,45.0,,,0.0,,,0.0,0.0,,2.0,21.0,,93.0,,3.0,,100.0,,100.0,0.0,0.0,3.0,1.0,1.0,1.0,0.0,1.0,1.0,0.0,0.0,1.0,100.0,0.0,0.0,0.0,0.0,,,,,,,,,,,,,,0.0,46,121,0,0.0,0,,,,,,,
260,26-27-friendly-manchester-united-vs-leeds-united-2026-08-12,45.0,,,,,,,0.0,,3.0,21.0,,82.0,,1.0,,0.0,0.0,,0.0,0.0,1.0,0.0,2.0,1.0,1.0,,1.0,0.0,0.0,0.0,,0.0,0.0,0.0,0.0,,,,,,,,,,,,,,0.0,46,121,0,0.0,0,,,,,,,
346,26-27-friendly-manchester-united-vs-leeds-united-2026-08-12,45.0,,,,,,,0.0,,2.0,9.0,,100.0,,1.0,0.0,,0.0,,0.0,0.0,1.0,0.0,1.0,1.0,1.0,1.0,1.0,1.0,50.0,0.0,,,0.0,0.0,0.0,,,,,,,,,,,,,,0.0,46,121,0,0.0,0,,,,,,,
331,26-27-friendly-liverpool-vs-leeds-united-2026-08-02,35.0,0.0,0.0,1.0,,,0.0,0.0,,0.0,7.0,1.0,50.0,0.0,,0.0,0.0,0.0,0.0,1.0,1.0,0.0,0.0,1.0,1.0,0.0,1.0,,1.0,100.0,0.0,,,0.0,,,,,,,,0.0,,,,,,,,1.0,0,35,1,0.0,0,,,,,,,
348,26-27-friendly-liverpool-vs-leeds-united-2026-08-02,,,,,,,,,,,,,,,,,,,,,,,,,,,,,,,,,,,,,,,,,,,,,,,,,,,0,90,2,0.0,0,,,,,,,
339,26-27-friendly-liverpool-vs-leeds-united-2026-08-02,45.0,1.0,0.0,1.0,,,1.0,0.0,,1.0,37.0,27.0,93.0,0.0,1.0,1.0,50.0,1.0,100.0,1.0,0.0,2.0,0.0,0.0,,0.0,1.0,3.0,1.0,33.0,0.0,0.0,,1.0,,,,,,,,1.0,,,,,,,,1.0,46,90,0,0.0,0,,,,,,,
368,26-27-friendly-liverpool-vs-leeds-united-2026-08-02,68.0,0.0,0.0,1.0,,,0.0,0.0,,0.0,54.0,39.0,89.0,1.0,4.0,2.0,40.0,1.0,25.0,1.0,0.0,3.0,0.0,0.0,,1.0,1.0,5.0,1.0,17.0,0.0,,,4.0,,,,,,,,0.0,,,,,,,,1.0,0,68,1,0.0,0,,,,,,,
347,26-27-friendly-liverpool-vs-leeds-united-2026-08-02,45.0,0.0,0.0,2.0,,,1.0,1.0,,1.0,18.0,6.0,75.0,0.0,,,,,,2.0,0.0,0.0,0.0,0.0,,0.0,5.0,3.0,4.0,57.0,1.0,100.0,1.0,0.0,,,,,,,,3.0,,,,,,,,2.0,0,46,2,0.0,0,,,,,,,
365,26-27-friendly-liverpool-vs-leeds-united-2026-08-02,22.0,0.0,0.0,,,,,0.0,,1.0,19.0,13.0,87.0,0.0,4.0,,,0.0,0.0,0.0,0.0,2.0,0.0,0.0,,0.0,2.0,1.0,2.0,100.0,0.0,0.0,2.0,0.0,,,,,,,,0.0,,,,,,,,0.0,68,90,3,0.0,0,,,,,,,
43,26-27-friendly-manchester-united-vs-paris-saint-germain-2026-08-08,25.0,0.0,0.0,,,,,,,0.0,22.0,21.0,100.0,1.0,1.0,,,,,1.0,0.0,5.0,0.0,0.0,,0.0,1.0,1.0,1.0,50.0,0.0,,,1.0,,,,,,,,0.0,,,,,,,,,64,90,0,0.0,0,,,,,,,
430,26-27-friendly-manchester-united-vs-paris-saint-germain-2026-08-08,20.0,0.0,0.0,,,,,0.0,,0.0,12.0,8.0,89.0,0.0,1.0,,,,,0.0,1.0,1.0,0.0,0.0,,0.0,,1.0,,,0.0,0.0,,0.0,,,,,,,,0.0,,,,,,,,0.0,0,20,1,0.0,0,,,,,,,
417,26-27-friendly-manchester-united-vs-paris-saint-germain-2026-08-08,45.0,0.0,0.0,,,,,,,1.0,22.0,9.0,82.0,1.0,,0.0,0.0,1.0,100.0,3.0,1.0,1.0,0.0,0.0,,0.0,3.0,1.0,3.0,75.0,0.0,,,1.0,,,,,,,,0.0,,,,,,,,,46,90,0,0.0,0,,,,,,,
415,26-27-friendly-manchester-united-vs-paris-saint-germain-2026-08-08,64.0,0.0,0.0,1.0,,,0.0,1.0,,5.0,35.0,11.0,73.0,0.0,1.0,0.0,0.0,,,2.0,1.0,2.0,0.0,0.0,,0.0,6.0,6.0,5.0,45.0,1.0,100.0,2.0,2.0,,,,,,,,2.0,,,,,,,,2.0,0,64,1,0.0,0,,,,,,,
567,26-27-friendly-valencia-vs-newcastle-united-2026-08-08,90.0,,,,,,,,,,32.0,,,,,,,,,0.0,0.0,8.0,,1.0,,,,,,,,,,0.0,4.0,1.0,1.86,0.86,1.0,18.0,5.0,,1.0,,2.0,,,,,,0,92,1,0.0,0,,,,,,,
461,26-27-friendly-valencia-vs-newcastle-united-2026-08-08,45.0,0.0,1.0,,,0.49,,,,4.0,38.0,23.0,92.0,3.0,,1.0,33.0,,,1.0,2.0,4.0,0.0,0.0,,1.0,2.0,5.0,2.0,29.0,0.0,,,1.0,,,,,,,,1.0,,,,,,,,,46,92,0,0.0,0,,,,,,,
89,26-27-friendly-valencia-vs-newcastle-united-2026-08-08,17.0,0.0,0.0,,,,,,,0.0,18.0,15.0,100.0,0.0,,,,,,0.0,0.0,2.0,0.0,2.0,2.0,0.0,,,,,0.0,,,0.0,,,,,,,,0.0,,,,,,,,,73,92,0,0.0,0,,,,,,,
459,26-27-friendly-valencia-vs-newcastle-united-2026-08-08,45.0,0.0,0.0,,,0.11,,,,0.0,30.0,23.0,92.0,1.0,5.0,1.0,100.0,2.0,100.0,2.0,0.0,2.0,0.0,0.0,,1.0,2.0,1.0,2.0,67.0,0.0,,,0.0,,,,,,,,0.0,,,,,,,,,46,92,0,0.0,0,,,,,,,
397,26-27-friendly-manchester-city-vs-atletico-madrid-2026-08-09,63.0,0.0,2.0,1.0,,,0.0,3.0,,8.0,41.0,13.0,81.0,2.0,1.0,0.0,0.0,0.0,0.0,2.0,0.0,1.0,0.0,0.0,,1.0,6.0,8.0,5.0,38.0,1.0,100.0,,2.0,,,,,,,,2.0,,,,,,,,2.0,0,64,1,0.0,0,,,,,,,
26,26-27-friendly-arsenal-vs-real-betis-2026-08-05,45.0,0.0,0.0,,,,,0.0,,3.0,27.0,20.0,83.0,2.0,2.0,,,1.0,100.0,0.0,0.0,3.0,0.0,1.0,1.0,0.0,2.0,1.0,0.0,0.0,2.0,100.0,,1.0,,,,,,,,0.0,,,,,,,,0.0,0,46,3,0.0,0,,,,,,,
11,26-27-friendly-arsenal-vs-real-betis-2026-08-05,45.0,0.0,0.0,,,,,0.0,,1.0,56.0,48.0,94.0,0.0,3.0,,,,,0.0,0.0,3.0,0.0,3.0,,0.0,2.0,,,,2.0,100.0,,0.0,,,,,,,,0.0,,,,,,,,0.0,0,46,3,0.0,0,,,,,,,
7,26-27-friendly-arsenal-vs-real-betis-2026-08-05,62.0,0.0,0.0,,,,,0.0,,0.0,80.0,70.0,95.0,0.0,11.0,,,4.0,100.0,0.0,0.0,3.0,0.0,1.0,,0.0,2.0,2.0,2.0,50.0,0.0,,2.0,2.0,,,,,,,,0.0,,,,,,,,0.0,0,62,3,0.0,0,,,,,,,
20,26-27-friendly-arsenal-vs-real-betis-2026-08-05,45.0,0.0,0.0,,,,,2.0,,0.0,28.0,11.0,85.0,1.0,,,,,,1.0,1.0,4.0,0.0,0.0,,0.0,5.0,7.0,5.0,42.0,0.0,,2.0,0.0,,,,,,,,2.0,,,,,,,,1.0,0,46,3,0.0,0,,,,,,,
9,26-27-friendly-arsenal-vs-como-2026-08-12,61.0,0.0,0.0,,,,,1.0,,2.0,38.0,30.0,97.0,0.0,3.0,,,,,1.0,0.0,2.0,0.0,0.0,,0.0,3.0,3.0,3.0,50.0,0.0,,1.0,2.0,,,,,,,,1.0,,,,,,,,1.0,0,61,1,0.0,0,,,,,,,
557,26-27-friendly-arsenal-vs-como-2026-08-12,29.0,0.0,0.0,,,,,0.0,,2.0,15.0,7.0,88.0,0.0,,1.0,25.0,,,0.0,0.0,3.0,0.0,0.0,,0.0,,1.0,0.0,0.0,0.0,,,0.0,,,,,,,,1.0,,,,,,,,0.0,61,121,0,0.0,0,,,,,,,
22,26-27-friendly-arsenal-vs-como-2026-08-12,45.0,0.0,0.0,,,,,0.0,,3.0,20.0,13.0,81.0,0.0,3.0,0.0,0.0,0.0,0.0,0.0,1.0,1.0,0.0,0.0,,1.0,,2.0,0.0,0.0,0.0,,,0.0,,,,,,,,1.0,,,,,,,,0.0,0,46,1,0.0,0,,,,,,,
11,26-27-friendly-arsenal-vs-como-2026-08-12,45.0,0.0,0.0,1.0,,,1.0,0.0,,3.0,41.0,33.0,94.0,0.0,4.0,,,1.0,100.0,0.0,0.0,3.0,0.0,3.0,2.0,0.0,5.0,2.0,0.0,0.0,5.0,100.0,,1.0,,,,,,,,1.0,,,,,,,,0.0,46,121,0,0.0,0,,,,,,,
7,26-27-friendly-arsenal-vs-como-2026-08-12,62.0,1.0,0.0,2.0,,,1.0,0.0,,0.0,30.0,22.0,100.0,0.0,2.0,,,,,0.0,0.0,2.0,0.0,0.0,,1.0,1.0,3.0,1.0,25.0,0.0,,1.0,1.0,,,,,,,,1.0,,,,,,,,0.0,0,61,1,0.0,0,,,,,,,
20,26-27-friendly-arsenal-vs-como-2026-08-12,45.0,0.0,0.0,,,,,1.0,,4.0,10.0,3.0,100.0,1.0,,,,,,1.0,0.0,0.0,0.0,0.0,,1.0,2.0,5.0,2.0,29.0,0.0,,,0.0,,,,,,,,1.0,,,,,,,,1.0,0,46,1,0.0,0,,,,,,,
243,26-27-friendly-everton-vs-newcastle-united-2026-08-12,26.0,0.0,0.0,1.0,0.04,0.01,0.0,,,0.0,23.0,16.0,94.0,0.0,1.0,,,1.0,100.0,0.0,1.0,0.0,0.0,0.0,,0.0,1.0,3.0,1.0,25.0,0.0,,,1.0,,,,,,,,2.0,,,,,,,,,64,90,1,0.0,0,,,,,,,
466,26-27-friendly-everton-vs-newcastle-united-2026-08-12,,,,,,,,,,,,,,,,,,,,,,,,,,,,,,,,,,,,,,,,,,,,,,,,,,,0,90,3,0.0,0,,,,,,,
89,26-27-friendly-everton-vs-newcastle-united-2026-08-12,45.0,0.0,0.0,,,0.01,,,,0.0,34.0,27.0,96.0,0.0,5.0,,,1.0,50.0,0.0,1.0,0.0,0.0,2.0,,0.0,,,,,0.0,,,0.0,,,,,,,,0.0,,,,,,,,,46,90,1,0.0,0,,,,,,,
417,26-27-friendly-manchester-united-vs-leeds-united-2026-08-12,60.0,0.0,0.0,1.0,,,1.0,,,1.0,46.0,36.0,97.0,1.0,3.0,1.0,50.0,2.0,100.0,0.0,0.0,2.0,0.0,3.0,2.0,0.0,,3.0,0.0,0.0,0.0,0.0,,1.0,,,,,,,,1.0,,,,,,,,,0,60,1,0.0,0,,,,,,,
348,26-27-friendly-manchester-united-vs-leeds-united-2026-08-12,,,,,,,,,,,,,,,,,,,,,,,,,,,,,,,,,,,,,,,,,,,,,,,,,,,0,121,1,0.0,0,,,,,,,
428,26-27-friendly-manchester-united-vs-leeds-united-2026-08-12,29.0,0.0,0.0,,,,,,,1.0,20.0,10.0,77.0,0.0,,0.0,0.0,,,0.0,0.0,3.0,0.0,0.0,,0.0,,4.0,0.0,0.0,0.0,0.0,,0.0,,,,,,,,1.0,,,,,,,,,61,121,0,0.0,0,,,,,,,
567,26-27-friendly-everton-vs-newcastle-united-2026-08-12,90.0,0.0,0.0,0.0,,,0.0,0.0,,,27.0,14.0,,0.0,2.0,0.0,,0.0,,0.0,0.0,3.0,,2.0,,,1.0,,,,1.0,100.0,0.0,0.0,,,2.74,-0.26,0.0,14.0,0.0,0.0,1.0,,2.0,,,,,0.0,0,90,3,0.0,0,,,,,,,
449,26-27-friendly-everton-vs-newcastle-united-2026-08-12,45.0,,,0.0,,0.01,0.0,0.0,,0.0,39.0,,85.0,,5.0,,0.0,,50.0,2.0,0.0,2.0,0.0,1.0,,0.0,4.0,4.0,3.0,50.0,1.0,50.0,,1.0,0.0,2.0,,,,,,,,,,,,,,2.0,0,46,2,0.0,0,,,,,,,
445,26-27-friendly-everton-vs-newcastle-united-2026-08-12,45.0,,,0.0,,0.1,0.0,0.0,,0.0,59.0,,91.0,,8.0,0.0,,,50.0,1.0,0.0,6.0,0.0,0.0,,0.0,4.0,,2.0,100.0,2.0,100.0,,0.0,0.0,2.0,,,,,,,,,,,,,,1.0,0,46,2,0.0,0,,,,,,,
559,26-27-friendly-everton-vs-newcastle-united-2026-08-12,45.0,,,0.0,,0.05,0.0,0.0,,0.0,34.0,,82.0,,8.0,0.0,,,0.0,2.0,0.0,1.0,0.0,0.0,,2.0,3.0,4.0,3.0,43.0,0.0,,,0.0,0.0,2.0,,,,,,,,,,,,,,2.0,0,46,2,0.0,0,,,,,,,
461,26-27-friendly-everton-vs-newcastle-united-2026-08-12,45.0,,,0.0,,0.11,0.0,1.0,,2.0,29.0,,100.0,,1.0,,0.0,,100.0,1.0,0.0,4.0,0.0,0.0,,0.0,3.0,2.0,3.0,60.0,0.0,,,1.0,0.0,2.0,,,,,,,,,,,,,,1.0,0,46,2,0.0,0,,,,,,,
465,26-27-friendly-everton-vs-newcastle-united-2026-08-12,45.0,,,0.0,,,0.0,2.0,,4.0,14.0,,80.0,,,0.0,,0.0,,0.0,0.0,0.0,0.0,0.0,,0.0,2.0,1.0,2.0,67.0,0.0,,0.0,0.0,0.0,2.0,,,,,,,,,,,,,,0.0,0,46,2,0.0,0,,,,,,,
462,26-27-friendly-everton-vs-newcastle-united-2026-08-12,45.0,,,0.0,,0.03,0.0,0.0,,0.0,42.0,,97.0,,4.0,0.0,,,100.0,4.0,0.0,2.0,0.0,3.0,,0.0,5.0,,4.0,100.0,1.0,100.0,0.0,0.0,0.0,1.0,,,,,,,,,,,,,,4.0,46,90,1,0.0,0,,,,,,,
463,26-27-friendly-everton-vs-newcastle-united-2026-08-12,45.0,,,0.0,,0.01,0.0,0.0,,1.0,14.0,,71.0,,,0.0,,0.0,,0.0,0.0,0.0,1.0,3.0,2.0,0.0,1.0,1.0,0.0,0.0,1.0,100.0,0.0,0.0,0.0,1.0,,,,,,,,,,,,,,0.0,46,90,1,0.0,0,,,,,,,
244,26-27-friendly-everton-vs-newcastle-united-2026-08-12,90.0,,,0.0,,0.12,0.0,0.0,,2.0,43.0,,94.0,,4.0,0.0,,,100.0,1.0,2.0,1.0,0.0,2.0,,0.0,3.0,1.0,3.0,75.0,0.0,,,0.0,0.0,1.0,,,,,,,,,,,,,,1.0,0,90,1,0.0,0,,,,,,,
242,26-27-friendly-everton-vs-newcastle-united-2026-08-12,90.0,,,,0.14,0.31,,2.0,,4.0,60.0,,89.0,,6.0,0.0,,,50.0,0.0,0.0,3.0,0.0,1.0,,0.0,3.0,2.0,3.0,75.0,0.0,0.0,,1.0,0.0,1.0,,,,,,,,,,,,,0.15,0.0,0,90,1,0.0,0,,,,,,,
247,26-27-friendly-everton-vs-newcastle-united-2026-08-12,83.0,,,0.0,,0.06,0.0,0.0,,3.0,70.0,,93.0,,12.0,,0.0,,75.0,1.0,1.0,3.0,0.0,0.0,,0.0,1.0,5.0,1.0,25.0,0.0,0.0,0.0,2.0,0.0,0.0,,,,,,,,,,,,,,1.0,0,83,0,0.0,0,,,,,,,
249,26-27-friendly-everton-vs-newcastle-united-2026-08-12,64.0,,,,0.28,0.13,,2.0,,3.0,33.0,,86.0,,,0.0,,0.0,,1.0,0.0,2.0,0.0,1.0,,0.0,7.0,12.0,6.0,55.0,1.0,12.0,,1.0,0.0,0.0,,,,,,,,,,,,,0.76,1.0,0,64,0,0.0,0,,,,,,,
234,26-27-friendly-everton-vs-newcastle-united-2026-08-12,53.0,,,0.0,,0.22,0.0,1.0,,0.0,34.0,,95.0,,2.0,,100.0,,50.0,1.0,0.0,3.0,0.0,1.0,1.0,2.0,4.0,4.0,4.0,50.0,0.0,,,2.0,0.0,0.0,,,,,,,,,,,,,,1.0,0,53,0,0.0,0,,,,,,,
246,26-27-friendly-everton-vs-newcastle-united-2026-08-12,37.0,,,0.0,,,0.0,0.0,,0.0,23.0,,94.0,,2.0,0.0,,0.0,,1.0,0.0,1.0,0.0,1.0,1.0,0.0,1.0,1.0,1.0,100.0,0.0,0.0,0.0,0.0,0.0,1.0,,,,,,,,,,,,,,1.0,53,90,1,0.0,0,,,,,,,
245,26-27-friendly-everton-vs-newcastle-united-2026-08-12,26.0,,,0.0,,,0.0,0.0,,1.0,17.0,,82.0,,,,0.0,0.0,,1.0,0.0,0.0,0.0,0.0,,0.0,2.0,,2.0,100.0,0.0,,,0.0,0.0,1.0,,,,,,,,,,,,,,1.0,64,90,1,0.0,0,,,,,,,
235,26-27-friendly-everton-vs-newcastle-united-2026-08-12,16.0,,,0.0,,,0.0,0.0,,1.0,15.0,,71.0,,,,0.0,,100.0,0.0,2.0,0.0,0.0,1.0,,0.0,,1.0,0.0,0.0,0.0,,0.0,0.0,0.0,1.0,,,,,,,,,,,,,,0.0,74,90,1,0.0,0,,,,,,,
232,26-27-friendly-everton-vs-newcastle-united-2026-08-12,7.0,,,0.0,,,0.0,0.0,,0.0,7.0,,67.0,,,0.0,,,0.0,0.0,0.0,0.0,0.0,1.0,,0.0,,,,,0.0,,0.0,0.0,0.0,1.0,,,,,,,,,,,,,,0.0,82,90,1,0.0,0,,,,,,,
438,26-27-friendly-manchester-united-vs-leeds-united-2026-08-12,61.0,,,0.0,,,0.0,0.0,,0.0,65.0,,96.0,,6.0,,0.0,,100.0,0.0,1.0,2.0,0.0,1.0,,1.0,,5.0,0.0,0.0,0.0,0.0,0.0,1.0,0.0,1.0,,,,,,,,,,,,,,0.0,0,61,1,0.0,0,,,,,,,
422,26-27-friendly-manchester-united-vs-leeds-united-2026-08-12,30.0,,,0.0,,,0.0,2.0,,3.0,25.0,,88.0,,,0.0,,0.0,,2.0,0.0,1.0,0.0,0.0,,0.0,4.0,,4.0,100.0,0.0,,0.0,0.0,0.0,0.0,,,,,,,,,,,,,,2.0,60,121,0,0.0,0,,,,,,,
434,26-27-friendly-manchester-united-vs-leeds-united-2026-08-12,29.0,,,,,,,0.0,,2.0,14.0,,75.0,,,,0.0,,100.0,0.0,0.0,1.0,0.0,0.0,,0.0,1.0,1.0,1.0,100.0,0.0,0.0,,0.0,0.0,0.0,,,,,,,,,,,,,,0.0,61,121,0,0.0,0,,,,,,,
338,26-27-friendly-manchester-united-vs-leeds-united-2026-08-12,45.0,,,0.0,,,0.0,0.0,,1.0,35.0,,91.0,,1.0,0.0,,,100.0,5.0,1.0,4.0,0.0,2.0,2.0,0.0,7.0,1.0,5.0,100.0,2.0,67.0,0.0,0.0,0.0,0.0,,,,,,,,,,,,,,5.0,46,121,0,0.0,0,,,,,,,
347,26-27-friendly-manchester-united-vs-leeds-united-2026-08-12,45.0,,,0.0,,,0.0,0.0,,2.0,15.0,,67.0,,1.0,0.0,,0.0,,1.0,0.0,0.0,0.0,1.0,1.0,1.0,2.0,1.0,1.0,50.0,1.0,100.0,0.0,0.0,0.0,1.0,,,,,,,,,,,,,,1.0,0,46,1,0.0,0,,,,,,,
339,26-27-friendly-manchester-united-vs-leeds-united-2026-08-12,45.0,,,0.0,,,0.0,0.0,,1.0,33.0,,92.0,,3.0,,100.0,,50.0,3.0,1.0,2.0,1.0,2.0,1.0,0.0,4.0,2.0,3.0,75.0,1.0,50.0,0.0,1.0,0.0,1.0,,,,,,,,,,,,,,3.0,0,46,1,0.0,0,,,,,,,
343,26-27-friendly-manchester-united-vs-leeds-united-2026-08-12,45.0,,,,,,,1.0,,2.0,18.0,,89.0,,1.0,,100.0,,100.0,0.0,0.0,5.0,0.0,0.0,,0.0,3.0,,3.0,100.0,0.0,,,0.0,0.0,1.0,,,,,,,,,,,,,,0.0,0,46,1,0.0,0,,,,,,,
327,26-27-friendly-manchester-united-vs-leeds-united-2026-08-12,45.0,,,,,,,0.0,,1.0,42.0,,97.0,,3.0,0.0,,,75.0,1.0,0.0,0.0,1.0,3.0,2.0,1.0,2.0,1.0,1.0,50.0,1.0,100.0,0.0,0.0,0.0,1.0,,,,,,,,,,,,,,1.0,0,46,1,0.0,0,,,,,,,
334,26-27-friendly-manchester-united-vs-leeds-united-2026-08-12,45.0,,,0.0,,,0.0,0.0,,1.0,37.0,,93.0,,1.0,0.0,,,100.0,1.0,1.0,2.0,0.0,2.0,2.0,0.0,2.0,1.0,1.0,50.0,1.0,100.0,0.0,0.0,0.0,1.0,,,,,,,,,,,,,,1.0,0,46,1,0.0,0,,,,,,,
330,26-27-friendly-manchester-united-vs-leeds-united-2026-08-12,45.0,,,0.0,,,0.0,0.0,,0.0,37.0,,83.0,,3.0,0.0,,,0.0,0.0,0.0,2.0,0.0,0.0,,0.0,4.0,3.0,4.0,57.0,0.0,,,0.0,0.0,1.0,,,,,,,,,,,,,,0.0,0,46,1,0.0,0,,,,,,,
