id,first_name,second_name,web_name,status,news,news_added,now_cost,now_cost_rank,now_cost_rank_type,selected_by_percent,selected_rank,selected_rank_type,form,form_rank,form_rank_type,event_points,cost_change_event,cost_change_event_fall,cost_change_start,cost_change_start_fall,transfers_in_event,transfers_out_event,value_form,value_season,ep_next,ep_this,points_per_game,points_per_game_rank,points_per_game_rank_type,chance_of_playing_next_round,chance_of_playing_this_round,influence_rank,influence_rank_type,creativity_rank,creativity_rank_type,threat_rank,threat_rank_type,ict_index_rank,ict_index_rank_type,corners_and_indirect_freekicks_order,direct_freekicks_order,penalties_order,set_piece_threat,corners_and_indirect_freekicks_text,direct_freekicks_text,penalties_text,expected_goals_per_90,expected_assists_per_90,expected_goal_involvements_per_90,expected_goals_conceded_per_90,saves_per_90,clean_sheets_per_90,goals_conceded_per_90,starts_per_90,defensive_contribution_per_90,gw,total_points,minutes,goals_scored,assists,clean_sheets,goals_conceded,own_goals,penalties_saved,penalties_missed,yellow_cards,red_cards,saves,starts,bonus,bps,transfers_in,transfers_out,dreamteam_count,expected_goals,expected_assists,expected_goal_involvements,expected_goals_conceded,influence,creativity,threat,ict_index,tackles,clearances_blocks_interceptions,recoveries,defensive_contribution
19,Martín,Zubimendi Ibáñez,Zubimendi,a,,,5.5,188,115,1.0,195,63,1.0,259,117,1,0,0,0,0,1322,16598,0.2,0.2,2.0,2.0,1.0,259,117,,,228,100,178,104,556,233,253,114,,,,,,,,0.0,0.08,0.08,0.61,0,0.0,0.0,0.0,12.27,1,1,22,0,0,0,0,0,0,0,0,0,0,0,0,3,1322,16598,0,0.0,0.02,0.02,0.15,3.8,2.3,0.0,0.6,1,0,2,3
51,George,Hemmings,George Hemmings,a,,,4.5,523,260,0.7,225,73,2.0,118,52,2,0,0,0,0,6340,4214,0.4,0.4,1.0,1.0,2.0,118,52,,,158,56,111,67,164,80,154,69,,,,,,,,0.0,0.0,0.0,3.77,0,0.0,4.0,1.0,5.0,1,2,90,0,0,0,4,0,0,0,0,0,0,1,0,12,6340,4214,0,0.0,0.0,0.0,3.77,10.6,11.6,2.0,2.4,3,0,2,5
52,Alysson Edward Franco,da Rocha dos Santos,Alysson,a,,,5.0,395,236,0.0,493,204,1.0,240,107,1,0,0,0,0,302,475,0.2,0.2,1.5,1.5,1.0,240,107,,,224,97,539,227,504,201,267,123,,,,,,,,0.0,0.0,0.0,1.58,0,0.0,0.0,0.0,33.75,1,1,8,0,0,0,0,0,0,0,0,0,0,0,0,5,302,475,0,0.0,0.0,0.0,0.14,4.0,0.0,0.0,0.4,1,1,1,3
53,Johan,Manzambi,Manzambi,i,Knee injury - Unknown return date,,6.0,110,71,0.2,346,125,0.0,597,260,0,0,0,0,0,200,7764,0.0,0.0,0.0,0.0,0.0,597,260,0.0,0.0,598,259,601,261,596,256,601,261,,,,,,,,0.0,0.0,0.0,0.0,0,0.0,0.0,0.0,0.0,1,0,0,0,0,0,0,0,0,0,0,0,0,0,0,0,200,7764,0,0.0,0.0,0.0,0.0,0.0,0.0,0.0,0.0,0,0,0,0
55,Ollie,Watkins,Watkins,a,,,7.9,12,4,8.3,49,7,0.0,612,72,0,-1,1,-1,1,9801,195661,0.0,0.0,2.4,2.4,0.0,612,72,,,615,73,616,73,616,73,616,73,,,2.0,,,,,0.0,0.0,0.0,0.0,0,0.0,0.0,0.0,0.0,1,0,0,0,0,0,0,0,0,0,0,0,0,0,0,0,9801,195661,0,0.0,0.0,0.0,0.0,0.0,0.0,0.0,0.0,0,0,0,0
56,Tammy,Abraham,Abraham,d,Knock - 75% chance of playing,,5.5,125,32,0.1,408,61,0.0,541,56,0,0,0,0,0,480,2101,0.0,0.0,1.3,1.3,0.0,541,56,75.0,75.0,531,46,546,54,516,53,547,55,,,,,,,,0.0,0.0,0.0,0.0,0,0.0,0.0,0.0,0.0,1,0,0,0,0,0,0,0,0,0,0,0,0,0,0,0,480,2101,0,0.0,0.0,0.0,0.0,0.0,0.0,0.0,0.0,0,0,0,0
160,Alejandro,Garnacho Ferreyra,Garnacho,a,,,6.0,95,60,0.6,244,82,1.0,281,131,1,0,0,0,0,1772,8317,0.2,0.2,2.2,2.2,1.0,281,131,,,591,254,595,257,589,251,595,257,,,,,,,,0.0,0.0,0.0,3.15,0,0.0,0.0,0.0,0.0,1,1,4,0,0,0,0,0,0,0,0,0,0,0,0,2,1772,8317,0,0.0,0.0,0.0,0.14,0.0,0.0,0.0,0.0,0,0,0,0
582,Brian,Madjo,Madjo,i,Unspecified injury - Unknown return date,,5.5,224,48,0.4,270,46,0.0,580,62,0,0,0,0,0,1073,6965,0.0,0.0,0.0,0.0,0.0,580,62,0.0,0.0,574,57,583,62,574,62,585,63,,,,,,,,0.0,0.0,0.0,0.0,0,0.0,0.0,0.0,0.0,1,0,0,0,0,0,0,0,0,0,0,0,0,0,0,0,1073,6965,0,0.0,0.0,0.0,0.0,0.0,0.0,0.0,0.0,0,0,0,0
596,Matteo,Ruggeri,Ruggeri,a,,,4.5,485,133,0.1,411,145,1.0,201,78,1,0,0,0,0,762,842,0.2,0.2,1.7,1.7,1.0,201,78,,,222,92,384,161,321,142,262,97,,,,,,,,0.0,0.0,0.0,1.58,0,0.0,0.0,0.0,22.5,1,1,8,0,0,0,0,0,0,0,0,0,0,0,0,3,762,842,0,0.0,0.0,0.0,0.14,4.0,0.0,0.0,0.4,2,0,0,2
597,Zion,Suzuki,Suzuki,a,,,5.0,299,15,0.8,213,30,0.0,483,65,0,0,0,0,0,3404,5243,0.0,0.0,2.6,2.6,0.0,483,65,,,472,65,482,58,435,58,488,65,,,,,,,,0.0,0.0,0.0,0.0,0,0.0,0.0,0.0,0.0,1,0,0,0,0,0,0,0,0,0,0,0,0,0,0,0,3404,5243,0,0.0,0.0,0.0,0.0,0.0,0.0,0.0,0.0,0,0,0,0
606,Triston,Rowe,Rowe,a,,,4.0,602,192,0.1,486,170,0.0,336,122,0,0,0,0,0,1194,193,0.0,0.0,1.0,1.0,0.0,336,122,,,323,127,323,129,245,98,340,128,,,,,,,,0.0,0.0,0.0,0.0,0,0.0,0.0,0.0,0.0,1,0,0,0,0,0,0,0,0,0,0,0,0,0,0,0,1194,193,0,0.0,0.0,0.0,0.0,0.0,0.0,0.0,0.0,0,0,0,0
607,Luka,Lynch,Lynch,a,,,4.5,518,258,0.1,439,175,0.0,419,157,0,0,0,0,0,3226,687,0.0,0.0,1.0,1.0,0.0,419,157,,,408,150,414,160,353,118,424,157,,,,,,,,0.0,0.0,0.0,0.0,0,0.0,0.0,0.0,0.0,1,0,0,0,0,0,0,0,0,0,0,0,0,0,0,0,3226,687,0,0.0,0.0,0.0,0.0,0.0,0.0,0.0,0.0,0,0,0,0
611,Aaron,Wan-Bissaka,Wan-Bissaka,a,,,4.5,440,102,0.0,525,182,0.0,368,139,0,0,0,0,0,969,89,0.0,0.0,1.7,1.7,0.0,368,139,,,355,144,359,148,287,122,372,145,,,,,,,,0.0,0.0,0.0,0.0,0,0.0,0.0,0.0,0.0,1,0,0,0,0,0,0,0,0,0,0,0,0,0,0,0,969,89,0,0.0,0.0,0.0,0.0,0.0,0.0,0.0,0.0,0,0,0,0
57,Đorđe,Petrović,Petrović,a,,,4.5,472,39,3.3,98,15,2.0,115,10,2,0,0,0,0,18491,10465,0.4,0.4,1.9,1.9,2.0,115,10,,,36,3,378,38,311,38,111,3,,,,,,,,0.0,0.0,0.0,2.25,4,0.0,2.0,1.0,0.0,1,2,90,0,0,0,2,0,0,0,0,0,4,1,0,13,18491,10465,0,0.0,0.0,0.0,2.25,36.8,0.0,0.0,3.7,0,2,5,0
58,Fraser,Forster,Forster,a,,,4.0,544,50,3.2,100,16,0.0,294,22,0,0,0,0,0,7353,8205,0.0,0.0,1.0,1.0,0.0,294,22,,,281,22,278,2,196,2,297,22,,,,,,,,0.0,0.0,0.0,0.0,0,0.0,0.0,0.0,0.0,1,0,0,0,0,0,0,0,0,0,0,0,0,0,0,0,7353,8205,0,0.0,0.0,0.0,0.0,0.0,0.0,0.0,0.0,0,0,0,0
59,Will,Dennis,Dennis,u,Has joined MK Dons permanently,,4.0,577,62,0.2,341,38,0.0,316,34,0,0,0,0,0,1133,766,0.0,0.0,0.0,1.0,0.0,316,34,0.0,,303,34,303,14,222,14,320,34,,,,,,,,0.0,0.0,0.0,0.0,0,0.0,0.0,0.0,0.0,1,0,0,0,0,0,0,0,0,0,0,0,0,0,0,0,1133,766,0,0.0,0.0,0.0,0.0,0.0,0.0,0.0,0.0,0,0,0,0
60,James,Hill,Hill,a,,,5.5,177,25,0.9,207,76,1.0,257,95,1,0,0,0,0,6841,5283,0.2,0.2,2.5,2.5,1.0,257,95,,,148,70,264,96,550,196,229,87,,,,,,,,0.0,0.0,0.0,2.25,0,0.0,2.0,1.0,6.0,1,1,90,0,0,0,2,0,0,0,0,0,0,1,0,0,6841,5283,0,0.0,0.0,0.0,2.25,11.6,0.3,0.0,1.2,1,5,1,6
61,Adrien,Truffert,Truffert,a,,,5.5,193,28,4.2,76,31,1.0,263,96,1,0,0,0,0,15651,19910,0.2,0.2,2.5,2.5,1.0,263,96,,,110,49,211,68,558,197,200,78,,,,,,,,0.0,0.0,0.0,2.25,0,0.0,2.0,1.0,7.0,1,1,90,0,0,0,2,0,0,0,0,0,0,1,0,0,15651,19910,0,0.0,0.0,0.0,2.25,15.4,1.3,0.0,1.7,2,5,7,7
63,Veljko,Milosavljevic,Milosavljević,i,Unspecified injury - Unknown return date,,5.0,389,77,0.0,582,198,0.0,534,191,0,0,0,0,0,64,253,0.0,0.0,0.0,0.0,0.0,534,191,0.0,0.0,523,197,535,197,499,189,539,197,,,,,,,,0.0,0.0,0.0,0.0,0,0.0,0.0,0.0,0.0,1,0,0,0,0,0,0,0,0,0,0,0,0,0,0,0,64,253,0,0.0,0.0,0.0,0.0,0.0,0.0,0.0,0.0,0,0,0,0
62,Bafodé,Diakité,Diakité,a,,,5.0,292,52,0.2,345,130,0.0,479,179,0,0,0,0,0,2379,1951,0.0,0.0,2.2,2.2,0.0,479,179,,,468,186,477,186,428,173,484,186,,,,,,,,0.0,0.0,0.0,0.0,0,0.0,0.0,0.0,0.0,1,0,0,0,0,0,0,0,0,0,0,0,0,0,0,0,2379,1951,0,0.0,0.0,0.0,0.0,0.0,0.0,0.0,0.0,0,0,0,0
64,Adam,Smith,Smith,a,,,4.5,402,81,0.1,395,141,1.0,182,62,1,0,0,0,0,2130,791,0.2,0.2,1.7,1.7,1.0,182,62,,,188,83,238,85,259,111,242,92,,,,,,,,0.0,0.0,0.0,2.25,0,0.0,2.0,1.0,5.0,1,1,90,0,0,0,2,0,0,0,0,0,0,1,0,4,2130,791,0,0.0,0.0,0.0,2.25,7.0,0.6,0.0,0.8,1,4,3,5
65,Julián,Araujo Zúñiga,J.Araujo,i,Thigh injury - Unknown return date,,4.5,467,123,0.0,560,195,0.0,385,152,0,0,0,0,0,76,446,0.0,0.0,0.0,0.0,0.0,385,152,0.0,0.0,371,156,375,159,308,137,388,157,,,,,,,,0.0,0.0,0.0,0.0,0,0.0,0.0,0.0,0.0,1,0,0,0,0,0,0,0,0,0,0,0,0,0,0,0,76,446,0,0.0,0.0,0.0,0.0,0.0,0.0,0.0,0.0,0,0,0,0
66,Julio,Soler Barreto,Soler,d,Hamstring injury - 75% chance of playing,,4.0,604,194,0.2,352,132,0.0,337,123,0,0,0,0,0,344,2057,0.0,0.0,0.8,0.8,0.0,337,123,75.0,75.0,324,128,324,130,247,100,341,129,,,,,,,,0.0,0.0,0.0,0.0,0,0.0,0.0,0.0,0.0,1,0,0,0,0,0,0,0,0,0,0,0,0,0,0,0,344,2057,0,0.0,0.0,0.0,0.0,0.0,0.0,0.0,0.0,0,0,0,0
67,Rayan Vitor,Simplício Rocha,Rayan,a,,,6.5,49,34,2.8,111,35,2.0,164,81,2,0,0,0,0,18292,17311,0.3,0.3,2.3,2.3,2.0,164,81,,,200,81,118,70,62,32,117,58,,,,,,,,0.04,0.03,0.07,2.11,0,0.0,1.02,1.02,1.02,1,2,88,0,0,0,1,0,0,0,0,0,0,1,0,9,18292,17311,0,0.04,0.03,0.07,2.06,6.2,11.3,17.0,3.5,0,1,0,1
68,Marcus,Tavernier,Tavernier,a,,,6.0,66,44,2.2,126,38,10.0,18,9,10,0,0,0,0,56466,9137,1.7,1.7,2.2,2.2,10.0,18,9,,,27,14,70,43,53,28,36,21,1.0,1.0,3.0,,,,,0.4,0.08,0.48,2.25,0,0.0,2.0,1.0,8.0,1,10,90,1,0,0,2,0,0,0,0,0,0,1,3,32,56466,9137,0,0.4,0.08,0.48,2.25,40.0,17.2,18.0,7.5,2,2,4,8
70,Justin,Kluivert,Kluivert,a,,,6.0,74,47,1.2,176,54,3.0,104,46,3,0,0,0,0,11394,7479,0.5,0.5,2.2,2.2,3.0,104,46,,,156,55,87,55,60,31,99,51,3.0,2.0,2.0,,,,,0.13,0.0,0.13,2.36,0,1.22,0.0,1.22,10.95,1,3,74,0,0,1,0,0,0,0,0,0,0,1,0,15,11394,7479,0,0.11,0.0,0.11,1.94,11.0,14.3,17.0,4.2,3,1,5,9
71,Lewis,Cook,Cook,a,,,5.0,245,148,0.2,362,134,3.0,86,34,3,0,0,0,0,2418,1317,0.6,0.6,1.5,1.5,3.0,86,34,,,216,92,184,107,391,137,245,108,5.0,,,,,,,0.0,0.0,0.0,2.33,0,1.2,0.0,1.2,8.4,1,3,75,0,0,1,0,0,0,0,0,0,0,1,0,8,2418,1317,0,0.0,0.0,0.0,1.94,4.6,2.1,0.0,0.7,1,3,3,7
72,Ben,Gannon-Doak,Gannon-Doak,a,,,5.0,341,198,0.1,438,174,1.0,222,95,1,0,0,0,0,310,692,0.2,0.2,1.5,1.5,1.0,222,95,,,276,131,275,143,171,84,282,133,,,,,,,,0.0,0.0,0.0,17.1,0,0.0,90.0,0.0,90.0,1,1,1,0,0,0,1,0,0,0,0,0,0,0,0,3,310,692,0,0.0,0.0,0.0,0.19,0.2,0.1,2.0,0.2,0,0,1,1
73,Tyler,Adams,Adams,a,,,5.0,258,157,0.2,328,116,1.0,212,91,1,0,0,0,0,2356,2473,0.2,0.2,1.5,1.1,1.0,212,91,100.0,75.0,231,101,239,127,403,145,263,119,,,,,,,,0.0,0.0,0.0,1.86,0,0.0,12.0,0.0,18.0,1,1,15,0,0,0,2,0,0,0,0,0,0,0,0,4,2356,2473,0,0.0,0.0,0.0,0.31,3.6,0.6,0.0,0.4,0,3,0,3
74,David,Brooks,Brooks,a,,,5.0,237,143,0.1,487,200,0.0,447,170,0,0,0,0,0,439,577,0.0,0.0,1.5,1.1,0.0,447,170,100.0,75.0,436,163,443,173,384,132,452,170,4.0,3.0,,,,,,0.0,0.0,0.0,0.0,0,0.0,0.0,0.0,0.0,1,0,0,0,0,0,0,0,0,0,0,0,0,0,0,0,439,577,0,0.0,0.0,0.0,0.0,0.0,0.0,0.0,0.0,0,0,0,0
75,Ryan,Christie,Christie,a,,,5.0,246,149,0.0,554,228,0.0,453,175,0,0,0,0,0,407,157,0.0,0.0,1.5,0.0,0.0,453,175,100.0,0.0,443,168,451,178,392,138,459,175,6.0,,,,,,,0.0,0.0,0.0,0.0,0,0.0,0.0,0.0,0.0,1,0,0,0,0,0,0,0,0,0,0,0,0,0,0,0,407,157,0,0.0,0.0,0.0,0.0,0.0,0.0,0.0,0.0,0,0,0,0
76,Alex,Tóth,Tóth.A,a,,,5.0,388,232,0.0,563,234,1.0,236,104,1,0,0,0,0,82,124,0.2,0.2,1.5,1.5,1.0,236,104,,,238,107,243,129,498,197,278,131,,,,,,,,0.0,0.0,0.0,1.86,0,0.0,12.0,0.0,12.0,1,1,15,0,0,0,2,0,0,0,0,0,0,0,0,5,82,124,0,0.0,0.0,0.0,0.31,2.8,0.6,0.0,0.3,1,0,1,2
77,Amine,Adli,Adli,i,Unspecified injury - Unknown return date,,5.0,333,193,0.0,542,224,0.0,506,205,0,0,0,0,0,41,854,0.0,0.0,0.0,0.0,0.0,506,205,0.0,0.0,494,197,506,206,463,173,510,204,,,,,,,,0.0,0.0,0.0,0.0,0,0.0,0.0,0.0,0.0,1,0,0,0,0,0,0,0,0,0,0,0,0,0,0,0,41,854,0,0.0,0.0,0.0,0.0,0.0,0.0,0.0,0.0,0,0,0,0
78,Junior,Kroupi,Kroupi.Jr,i,Foot injury - Unknown return date,,7.5,21,13,0.3,294,98,0.0,611,269,0,0,0,0,0,404,11468,0.0,0.0,0.0,0.0,0.0,611,269,0.0,0.0,614,269,615,270,615,270,615,270,,,1.0,,,,,0.0,0.0,0.0,0.0,0,0.0,0.0,0.0,0.0,1,0,0,0,0,0,0,0,0,0,0,0,0,0,0,0,404,11468,0,0.0,0.0,0.0,0.0,0.0,0.0,0.0,0.0,0,0,0,0
79,Francisco Evanilson,de Lima Barbosa,Evanilson,a,,,6.0,84,22,2.8,110,17,4.0,79,9,4,0,0,0,0,52360,14352,0.7,0.7,2.0,2.0,4.0,79,9,,,88,9,108,12,185,29,124,14,,,,,,,,0.0,0.26,0.26,2.36,0,1.22,0.0,1.22,9.73,1,4,74,0,1,1,0,0,0,0,1,0,0,1,0,17,52360,14352,0,0.0,0.21,0.21,1.94,19.4,11.9,2.0,3.3,1,4,3,8
80,Enes,Ünal,Enes Ünal,u,Has joined Getafe permanently,,5.5,122,30,0.0,535,70,0.0,540,55,0,0,0,0,0,0,937,0.0,0.0,0.0,0.0,0.0,540,55,0.0,0.0,530,45,545,53,515,52,546,54,,,,,,,,0.0,0.0,0.0,0.0,0,0.0,0.0,0.0,0.0,1,0,0,0,0,0,0,0,0,0,0,0,0,0,0,0,0,937,0,0.0,0.0,0.0,0.0,0.0,0.0,0.0,0.0,0,0,0,0
81,Álvaro,Rodríguez,Rodríguez,a,,,6.0,105,28,0.1,406,60,0.0,593,67,0,0,0,0,0,784,1008,0.0,0.0,2.0,1.5,0.0,593,67,100.0,75.0,594,67,598,68,593,68,598,68,,,,,,,,0.0,0.0,0.0,0.0,0,0.0,0.0,0.0,0.0,1,0,0,0,0,0,0,0,0,0,0,0,0,0,0,0,784,1008,0,0.0,0.0,0.0,0.0,0.0,0.0,0.0,0.0,0,0,0,0
566,António João,Pereira de Albuquerque Tavares da Silva,Silva,a,,,5.0,327,64,0.3,284,107,2.0,131,47,2,0,0,0,0,5056,1649,0.4,0.4,2.2,2.2,2.0,131,47,,,52,20,260,95,457,180,126,48,,,,,,,,0.0,0.0,0.0,2.25,0,0.0,2.0,1.0,13.0,1,2,90,0,0,0,2,0,0,0,1,0,0,1,0,5,5056,1649,0,0.0,0.0,0.0,2.25,31.4,0.3,0.0,3.2,0,13,1,13
22,Ethan,Nwaneri,Nwaneri,a,,,5.5,197,122,0.0,575,243,0.0,571,245,0,0,0,0,0,60,279,0.0,0.0,2.0,2.0,0.0,571,245,,,562,239,575,247,561,237,575,245,,,,,,,,0.0,0.0,0.0,0.0,0,0.0,0.0,0.0,0.0,1,0,0,0,0,0,0,0,0,0,0,0,0,0,0,0,60,279,0,0.0,0.0,0.0,0.0,0.0,0.0,0.0,0.0,0,0,0,0
23,Fábio,Ferreira Vieira,Fábio Vieira,a,,,5.5,163,101,0.0,585,249,0.0,559,237,0,0,0,0,0,64,183,0.0,0.0,2.0,2.0,0.0,559,237,,,548,231,561,239,539,224,562,237,,,,,,,,0.0,0.0,0.0,0.0,0,0.0,0.0,0.0,0.0,1,0,0,0,0,0,0,0,0,0,0,0,0,0,0,0,64,183,0,0.0,0.0,0.0,0.0,0.0,0.0,0.0,0.0,0,0,0,0
608,Daniel,Jebbison,Jebbison,a,,,5.0,359,58,0.0,509,67,1.0,230,21,1,0,0,0,0,1804,307,0.2,0.2,1.4,1.4,1.0,230,21,,,235,17,230,26,57,12,171,18,,,,,,,,0.6,0.0,0.6,1.86,0,0.0,12.0,0.0,6.0,1,1,15,0,0,0,2,0,0,0,0,0,0,0,0,6,1804,307,0,0.1,0.0,0.1,0.31,3.4,0.8,17.0,2.1,0,0,1,1
615,Michele,Di Gregorio,Di Gregorio,a,,,4.5,450,35,0.0,615,68,0.0,373,52,0,0,0,0,0,15,1,0.0,0.0,1.9,1.9,0.0,373,52,,,360,52,364,34,294,34,377,52,,,,,,,,0.0,0.0,0.0,0.0,0,0.0,0.0,0.0,0.0,1,0,0,0,0,0,0,0,0,0,0,0,0,0,0,0,15,1,0,0.0,0.0,0.0,0.0,0.0,0.0,0.0,0.0,0,0,0,0
82,Caoimhín,Kelleher,Kelleher,a,,,5.0,257,11,6.4,61,8,7.0,36,3,7,0,0,0,0,59352,14861,1.4,1.4,2.6,2.6,7.0,36,3,,,51,6,459,54,402,54,128,6,,,,,,,,0.0,0.01,0.01,0.57,4,1.0,0.0,1.0,0.0,1,7,90,0,0,1,0,0,0,0,0,0,4,1,0,34,59352,14861,0,0.0,0.01,0.01,0.57,31.4,0.0,0.0,3.1,0,0,5,0
83,Hákon Rafn,Valdimarsson,Valdimarsson,a,,,4.5,496,44,0.1,410,45,0.0,400,55,0,0,0,0,0,532,700,0.0,0.0,1.9,1.9,0.0,400,55,,,388,55,395,43,332,43,404,55,,,,,,,,0.0,0.0,0.0,0.0,0,0.0,0.0,0.0,0.0,1,0,0,0,0,0,0,0,0,0,0,0,0,0,0,0,532,700,0,0.0,0.0,0.0,0.0,0.0,0.0,0.0,0.0,0,0,0,0
84,Nathan,Collins,Collins,a,,,5.5,160,20,2.1,128,51,6.0,56,24,6,0,0,0,0,20271,7020,1.1,1.1,2.5,2.5,6.0,56,24,,,147,69,57,17,58,16,77,26,,,,,,,,0.34,0.04,0.38,0.57,0,1.0,0.0,1.0,3.0,1,6,90,0,0,1,0,0,0,0,0,0,0,1,0,21,20271,7020,0,0.34,0.04,0.38,0.57,11.6,21.5,17.0,5.0,0,3,3,3
85,Sepp,van den Berg,Van den Berg,i,Groin injury - Unknown return date,,5.0,306,57,0.1,407,143,0.0,489,182,0,0,0,0,0,131,3610,0.0,0.0,0.0,0.0,0.0,489,182,0.0,0.0,478,189,488,189,441,177,494,189,,,,,,,,0.0,0.0,0.0,0.0,0,0.0,0.0,0.0,0.0,1,0,0,0,0,0,0,0,0,0,0,0,0,0,0,0,131,3610,0,0.0,0.0,0.0,0.0,0.0,0.0,0.0,0.0,0,0,0,0
86,Keane,Lewis-Potter,Lewis-Potter,a,,,5.5,156,96,0.9,202,68,10.0,17,8,10,0,0,0,0,35181,5163,1.8,1.8,2.0,2.0,10.0,17,8,,,12,8,76,47,49,25,29,19,,1.0,,,,,,0.77,0.12,0.89,0.57,0,1.0,0.0,1.0,10.0,1,10,90,1,0,1,0,0,0,0,0,0,0,1,2,37,35181,5163,0,0.77,0.12,0.89,0.57,47.2,15.9,19.0,8.2,1,4,5,10
87,Kristoffer,Ajer,Ajer,a,,,4.5,432,96,3.9,83,33,8.0,30,12,8,0,0,0,0,47779,9962,1.8,1.8,1.7,1.7,8.0,30,12,,,84,38,223,74,21,5,60,18,,,,,,,,0.11,0.02,0.13,0.57,0,1.0,0.0,1.0,10.0,1,8,90,0,0,1,0,0,0,0,0,0,0,1,0,29,47779,9962,0,0.11,0.02,0.13,0.57,20.0,0.9,35.0,5.6,2,8,3,10
88,Michael,Kayode,Kayode,a,,,4.6,401,80,7.0,59,23,13.0,6,4,13,1,-1,1,-1,260453,16009,2.8,2.8,1.9,1.9,13.0,6,4,,,39,13,197,62,10,1,31,6,,,,,,,,0.6,0.0,0.6,0.56,0,1.2,0.0,1.2,4.8,1,13,75,1,0,1,0,0,0,0,0,0,0,1,1,36,260453,16009,0,0.5,0.0,0.5,0.47,33.8,1.5,46.0,8.1,0,4,5,4
89,Rico,Henry,Henry,a,,,4.5,433,97,0.3,316,119,0.0,364,137,0,0,0,0,0,465,1668,0.0,0.0,1.7,1.7,0.0,364,137,,,351,142,355,146,282,119,368,143,,,,,,,,0.0,0.0,0.0,0.0,0,0.0,0.0,0.0,0.0,1,0,0,0,0,0,0,0,0,0,0,0,0,0,0,0,465,1668,0,0.0,0.0,0.0,0.0,0.0,0.0,0.0,0.0,0,0,0,0
90,Aaron,Hickey,Hickey,a,,,4.5,478,129,0.1,448,159,1.0,197,75,1,0,0,0,0,500,431,0.2,0.2,1.7,1.7,1.0,197,75,,,377,159,257,93,316,140,393,159,,,,,,,,0.0,0.0,0.0,0.64,0,0.0,0.0,0.0,0.0,1,1,14,0,0,0,0,0,0,0,0,0,0,0,0,2,500,431,0,0.0,0.0,0.0,0.1,0.0,0.3,0.0,0.0,0,0,2,0
91,Ethan,Pinnock,Pinnock,a,,,4.5,451,111,0.1,446,157,0.0,374,143,0,0,0,0,0,371,767,0.0,0.0,1.7,1.7,0.0,374,143,,,361,148,365,152,295,128,378,149,,,,,,,,0.0,0.0,0.0,0.0,0,0.0,0.0,0.0,0.0,1,0,0,0,0,0,0,0,0,0,0,0,0,0,0,0,371,767,0,0.0,0.0,0.0,0.0,0.0,0.0,0.0,0.0,0,0,0,0
92,Kim,Ji-soo,Ji-soo,a,,,4.5,517,143,0.0,551,191,0.0,418,162,0,0,0,0,0,97,162,0.0,0.0,1.7,1.7,0.0,418,162,,,407,168,413,169,352,151,423,168,,,,,,,,0.0,0.0,0.0,0.0,0,0.0,0.0,0.0,0.0,1,0,0,0,0,0,0,0,0,0,0,0,0,0,0,0,97,162,0,0.0,0.0,0.0,0.0,0.0,0.0,0.0,0.0,0,0,0,0
93,Jannik,Schuster,Schuster,a,,,4.5,498,137,0.2,365,137,0.0,402,158,0,0,0,0,0,123,914,0.0,0.0,1.7,1.7,0.0,402,158,,,390,164,397,165,334,146,406,164,,,,,,,,0.0,0.0,0.0,0.0,0,0.0,0.0,0.0,0.0,1,0,0,0,0,0,0,0,0,0,0,0,0,0,0,0,123,914,0,0.0,0.0,0.0,0.0,0.0,0.0,0.0,0.0,0,0,0,0
94,Kevin,Schade,Schade,a,,,6.0,99,64,3.5,93,30,3.0,105,47,3,0,0,0,0,17268,19161,0.5,0.5,2.2,2.2,3.0,105,47,,,120,39,110,66,2,1,28,18,,,2.0,,,,,0.52,0.01,0.53,0.57,0,1.0,0.0,1.0,9.0,1,3,90,0,0,1,0,0,0,0,0,0,0,1,0,17,17268,19161,0,0.52,0.01,0.53,0.57,14.4,11.8,59.0,8.5,3,1,5,9
95,Dango,Ouattara,O.Dango,a,,,6.5,52,36,1.1,182,58,3.0,107,49,3,0,0,0,0,5809,7916,0.5,0.5,2.3,2.3,3.0,107,49,,,268,125,26,21,70,38,85,45,2.0,,,,,,,0.07,0.4,0.47,0.64,0,1.36,0.0,1.36,8.18,1,3,66,0,0,1,0,0,0,0,0,0,0,1,0,6,5809,7916,0,0.05,0.29,0.34,0.47,1.0,30.8,15.0,4.7,0,2,4,6
46,Ross,Barkley,Barkley,a,,,5.0,230,142,0.2,320,110,2.0,120,53,2,0,0,0,0,1558,2147,0.4,0.4,1.5,1.5,2.0,120,53,,,170,66,58,38,103,52,107,56,4.0,,,,,,,0.12,0.02,0.14,4.38,0,0.0,4.93,1.23,1.23,1,2,73,0,0,0,4,0,0,0,0,0,0,1,0,11,1558,2147,0,0.1,0.02,0.12,3.55,9.4,21.4,7.0,3.8,0,1,0,1
96,Mikkel,Damsgaard,Damsgaard,a,,,5.5,164,102,0.5,247,83,1.0,254,116,1,0,0,0,0,1700,5803,0.2,0.2,2.0,2.0,1.0,254,116,,,183,72,41,28,540,225,120,60,3.0,3.0,,,,,,0.0,0.71,0.71,0.64,0,0.0,0.0,0.0,25.71,1,1,14,0,0,0,0,0,0,0,0,0,0,0,0,6,1700,5803,0,0.0,0.11,0.11,0.1,7.6,26.3,0.0,3.4,1,0,3,4
97,Mathias,Jensen,Jensen,a,,,5.5,140,86,0.2,327,115,6.0,55,24,6,0,0,0,0,2835,1041,1.1,1.1,2.0,2.0,6.0,55,24,,,138,46,9,8,77,42,43,25,1.0,2.0,3.0,,,,,0.11,0.46,0.57,0.64,0,1.36,0.0,1.36,6.82,1,6,66,0,1,1,0,0,0,0,0,0,0,1,0,22,2835,1041,0,0.08,0.34,0.42,0.47,12.6,46.2,13.0,7.2,2,0,3,5
98,Vitaly,Janelt,Janelt,a,,,5.0,261,159,0.4,279,92,9.0,20,10,9,0,0,0,0,22570,3100,1.8,1.8,1.5,1.5,9.0,20,10,,,3,3,18,15,39,22,8,7,4.0,,,,,,,0.39,0.17,0.56,0.57,0,1.0,0.0,1.0,13.0,1,9,90,1,0,1,0,0,0,0,1,0,0,1,0,35,22570,3100,0,0.39,0.17,0.56,0.57,53.2,38.8,24.0,11.6,4,6,3,13
99,Antoni,Milambo,Milambo,i,Knee injury - Unknown return date,,5.0,368,217,0.0,609,266,0.0,524,216,0,0,0,0,0,24,40,0.0,0.0,0.0,0.0,0.0,524,216,0.0,0.0,512,208,525,217,483,185,528,215,,,,,,,,0.0,0.0,0.0,0.0,0,0.0,0.0,0.0,0.0,1,0,0,0,0,0,0,0,0,0,0,0,0,0,0,0,24,40,0,0.0,0.0,0.0,0.0,0.0,0.0,0.0,0.0,0,0,0,0
100,Fábio,Freitas Gouveia Carvalho,Carvalho,a,,,5.0,293,175,0.0,565,236,0.0,480,190,0,0,0,0,0,94,217,0.0,0.0,1.5,1.1,0.0,480,190,100.0,75.0,469,182,478,191,429,156,485,189,,,,,,,,0.0,0.0,0.0,0.0,0,0.0,0.0,0.0,0.0,1,0,0,0,0,0,0,0,0,0,0,0,0,0,0,0,94,217,0,0.0,0.0,0.0,0.0,0.0,0.0,0.0,0.0,0,0,0,0
102,Yehor,Yarmoliuk,Yarmoliuk,a,,,5.0,350,203,1.2,177,55,1.0,226,97,1,0,0,0,0,619,9980,0.2,0.2,1.5,1.5,1.0,226,97,,,246,111,229,126,150,77,252,113,,,,,,,,0.16,0.0,0.16,0.39,0,0.0,0.0,0.0,23.48,1,1,23,0,0,0,0,0,0,0,0,0,0,0,0,7,619,9980,0,0.04,0.0,0.04,0.1,2.2,0.8,3.0,0.6,2,1,3,6
103,Josh,Dasilva,Dasilva,a,,,5.0,254,154,0.0,536,221,0.0,458,178,0,0,0,0,0,147,284,0.0,0.0,1.5,1.5,0.0,458,178,,,449,172,457,181,400,143,465,179,,,,,,,,0.0,0.0,0.0,0.0,0,0.0,0.0,0.0,0.0,1,0,0,0,0,0,0,0,0,0,0,0,0,0,0,0,147,284,0,0.0,0.0,0.0,0.0,0.0,0.0,0.0,0.0,0,0,0,0
105,Jaidon,Anthony,Anthony,a,,,6.0,85,54,0.2,364,136,1.0,279,130,1,0,0,0,0,1520,1856,0.2,0.2,2.2,2.2,1.0,279,130,,,160,58,21,16,192,98,84,44,,,,,,,,0.12,1.37,1.49,0.39,0,0.0,0.0,0.0,31.3,1,1,23,0,0,0,0,0,0,0,0,0,0,0,0,9,1520,1856,0,0.03,0.35,0.38,0.1,10.6,34.9,1.0,4.7,2,0,6,8
106,Igor Thiago,Nascimento Rodrigues,Thiago,a,,,8.0,11,3,16.8,23,4,0.0,613,73,0,0,0,0,0,75281,105238,0.0,0.0,2.5,2.5,0.0,613,73,,,250,20,153,19,102,21,221,21,,,1.0,,,,,1.1,0.09,1.19,0.55,0,1.1,0.0,1.1,5.49,1,0,82,0,0,1,0,0,0,1,0,0,0,1,0,-3,75281,105238,0,1.0,0.08,1.08,0.5,2.2,4.0,8.0,1.4,0,1,4,5
108,Callum,Wilson,Wilson,a,,,5.5,115,29,0.4,280,47,1.0,243,22,1,0,0,0,0,3438,3822,0.2,0.2,1.8,1.8,1.0,243,22,,,248,19,122,15,125,23,192,19,,,,,,,,0.39,0.51,0.9,0.9,0,0.0,0.0,0.0,0.0,1,1,7,0,0,0,0,0,0,0,0,0,0,0,0,4,3438,3822,0,0.03,0.04,0.07,0.07,2.2,10.3,5.0,1.8,0,0,0,0
565,Mamadou,Sangaré,M.Sangaré,a,,,5.6,113,73,7.7,54,19,14.0,5,2,14,1,-1,1,-1,339922,16637,2.5,2.5,2.0,2.0,14.0,5,2,,,50,21,56,37,44,23,39,23,,,,,,,,0.06,0.4,0.46,0.56,0,1.2,0.0,1.2,15.6,1,14,75,0,2,1,0,0,0,0,0,0,0,1,3,41,339922,16637,0,0.05,0.33,0.38,0.47,31.6,21.8,21.0,7.4,2,4,7,13
109,Bart,Verbruggen,Verbruggen,a,,,4.5,486,43,21.5,14,3,6.0,50,5,6,0,0,0,0,66701,33259,1.3,1.3,1.9,1.9,6.0,50,5,,,195,20,385,42,322,42,244,20,,,,,,,,0.0,0.0,0.0,0.29,0,1.0,0.0,1.0,0.0,1,6,90,0,0,1,0,0,0,0,0,0,0,1,0,25,66701,33259,0,0.0,0.0,0.0,0.29,6.6,0.0,0.0,0.7,0,0,4,0
111,Jason,Steele,Steele,a,,,4.0,545,51,4.0,81,12,0.0,295,23,0,0,0,0,0,8263,10825,0.0,0.0,1.0,1.0,0.0,295,23,,,282,23,279,3,197,3,298,23,,,,,,,,0.0,0.0,0.0,0.0,0,0.0,0.0,0.0,0.0,1,0,0,0,0,0,0,0,0,0,0,0,0,0,0,0,8263,10825,0,0.0,0.0,0.0,0.0,0.0,0.0,0.0,0.0,0,0,0,0
113,Ferdi,Kadıoğlu,F.Kadıoğlu,d,Unspecified injury - 75% chance of playing,,4.5,452,112,2.3,123,49,0.0,375,144,0,0,0,0,0,2086,43792,0.0,0.0,1.3,1.7,0.0,375,144,75.0,,362,149,366,153,296,129,379,150,3.0,,,,,,,0.0,0.0,0.0,0.0,0,0.0,0.0,0.0,0.0,1,0,0,0,0,0,0,0,0,0,0,0,0,0,0,0,2086,43792,0,0.0,0.0,0.0,0.0,0.0,0.0,0.0,0.0,0,0,0,0
114,Olivier,Boscagli,Boscagli,a,,,4.5,437,100,0.3,312,117,6.0,45,18,6,0,0,0,0,2903,1104,1.3,1.3,1.7,1.7,6.0,45,18,,,112,51,130,39,114,33,133,51,,,,,,,,0.0,0.04,0.04,0.29,0,1.0,0.0,1.0,6.0,1,6,90,0,0,1,0,0,0,0,0,0,0,1,0,29,2903,1104,0,0.0,0.04,0.04,0.29,15.2,7.3,6.0,2.9,1,5,4,6
115,Maxim,De Cuyper,De Cuyper,a,,,4.6,400,79,7.1,57,22,17.0,1,1,17,1,-1,1,-1,394309,15572,3.7,3.7,1.9,1.9,17.0,1,1,,,26,9,10,2,11,2,4,1,2.0,4.0,,,,,,1.72,0.25,1.97,0.34,0,1.17,0.0,1.17,4.68,1,17,77,1,1,1,0,0,0,0,0,0,0,1,2,46,394309,15572,0,1.47,0.21,1.68,0.29,40.6,45.3,43.0,12.9,3,1,3,4
48,Amadou,Onana,Onana,i,Knee injury - Unknown return date,,5.0,309,182,0.0,544,225,0.0,492,196,0,0,0,0,0,125,459,0.0,0.0,0.0,0.0,0.0,492,196,0.0,0.0,481,188,491,197,444,163,497,195,,,,,,,,0.0,0.0,0.0,0.0,0,0.0,0.0,0.0,0.0,1,0,0,0,0,0,0,0,0,0,0,0,0,0,0,0,125,459,0,0.0,0.0,0.0,0.0,0.0,0.0,0.0,0.0,0,0,0,0
117,Diego,Coppola,Coppola,a,,,4.5,509,141,0.0,552,192,0.0,412,161,0,0,0,0,0,150,176,0.0,0.0,1.7,1.7,0.0,412,161,,,400,167,407,168,345,150,416,167,,,,,,,,0.0,0.0,0.0,0.0,0,0.0,0.0,0.0,0.0,1,0,0,0,0,0,0,0,0,0,0,0,0,0,0,0,150,176,0,0.0,0.0,0.0,0.0,0.0,0.0,0.0,0.0,0,0,0,0
118,Igor Julio,dos Santos de Paulo,Igor,a,,,4.5,445,106,0.1,435,153,0.0,372,142,0,0,0,0,0,405,699,0.0,0.0,1.7,1.7,0.0,372,142,,,359,147,363,151,291,125,376,148,,,,,,,,0.0,0.0,0.0,0.0,0,0.0,0.0,0.0,0.0,1,0,0,0,0,0,0,0,0,0,0,0,0,0,0,0,405,699,0,0.0,0.0,0.0,0.0,0.0,0.0,0.0,0.0,0,0,0,0
119,João Pedro,Loureiro da Costa,Costinha,a,,,4.5,471,126,0.0,516,179,1.0,193,72,1,0,0,0,0,243,160,0.2,0.2,1.7,1.7,1.0,193,72,,,177,77,188,57,50,14,139,55,,,,,,,,0.42,0.0,0.42,0.35,0,0.0,0.0,0.0,13.85,1,1,26,0,0,0,0,0,0,0,0,0,0,0,0,7,243,160,0,0.12,0.0,0.12,0.1,8.2,1.9,18.0,2.8,1,3,0,4
120,Michael,Svoboda,Svoboda,a,,,5.0,311,58,0.1,484,169,0.0,494,183,0,0,0,0,0,698,559,0.0,0.0,2.2,2.2,0.0,494,183,,,483,190,493,190,446,178,499,190,,,,,,,,0.0,0.0,0.0,0.0,0,0.0,0.0,0.0,0.0,1,0,0,0,0,0,0,0,0,0,0,0,0,0,0,0,698,559,0,0.0,0.0,0.0,0.0,0.0,0.0,0.0,0.0,0,0,0,0
121,Mitoma,Kaoru,Mitoma,i,Hamstring injury - Unknown return date,,6.0,87,56,0.0,496,206,0.0,587,254,0,0,0,0,0,139,1048,0.0,0.0,0.0,0.0,0.0,587,254,0.0,0.0,587,252,591,255,584,248,591,255,,,,,,,,0.0,0.0,0.0,0.0,0,0.0,0.0,0.0,0.0,1,0,0,0,0,0,0,0,0,0,0,0,0,0,0,0,139,1048,0,0.0,0.0,0.0,0.0,0.0,0.0,0.0,0.0,0,0,0,0
122,Yankuba,Minteh,Minteh,i,Leg injury - Expected back 28 Nov,,6.0,106,67,0.1,458,184,0.0,594,257,0,0,0,0,0,125,3022,0.0,0.0,0.0,0.0,0.0,594,257,0.0,0.0,595,256,599,259,594,254,599,259,5.0,,,,,,,0.0,0.0,0.0,0.0,0,0.0,0.0,0.0,0.0,1,0,0,0,0,0,0,0,0,0,0,0,0,0,0,0,125,3022,0,0.0,0.0,0.0,0.0,0.0,0.0,0.0,0.0,0,0,0,0
123,Jack,Hinshelwood,Hinshelwood,a,,,6.0,100,65,2.6,114,36,16.0,2,1,16,0,0,0,0,131790,15497,2.7,2.7,2.2,2.2,16.0,2,1,,,1,1,96,60,3,2,2,2,,,,,,,,2.01,0.03,2.04,0.27,0,1.43,0.0,1.43,4.29,1,16,63,2,0,1,0,0,0,0,0,0,0,1,3,54,131790,15497,0,1.41,0.02,1.43,0.19,72.8,13.4,59.0,14.5,2,0,1,3
124,Pascal,Groß,Groß,a,,,5.5,114,74,13.1,31,10,2.0,136,63,2,0,0,0,0,18679,80312,0.4,0.4,2.0,2.0,2.0,136,63,,,79,26,2,1,95,46,26,17,1.0,1.0,1.0,,,,,0.0,0.27,0.27,0.29,0,1.0,0.0,1.0,5.0,1,2,90,0,0,1,0,0,0,0,1,0,0,1,0,18,18679,80312,0,0.0,0.27,0.27,0.29,21.0,56.9,8.0,8.6,3,0,2,5
125,Georginio,Rutter,Georginio,d,Unspecified injury - 75% chance of playing,,5.5,176,41,1.1,193,30,5.0,70,7,5,0,0,0,0,22510,9480,0.9,0.9,1.3,1.8,5.0,70,7,75.0,,86,8,113,14,69,14,87,12,,,,,,,,0.08,0.44,0.52,0.29,0,1.0,0.0,1.0,7.0,1,5,90,0,1,1,0,0,0,0,0,0,0,1,0,22,22510,9480,0,0.08,0.44,0.52,0.29,19.8,11.4,15.0,4.6,2,1,4,7
126,Matt,O'Riley,O'Riley,a,,,5.5,145,89,0.1,418,164,0.0,553,233,0,0,0,0,0,526,1104,0.0,0.0,2.0,2.0,0.0,553,233,,,543,227,558,236,532,218,558,234,,,3.0,,,,,0.0,0.0,0.0,0.0,0,0.0,0.0,0.0,0.0,1,0,0,0,0,0,0,0,0,0,0,0,0,0,0,0,526,1104,0,0.0,0.0,0.0,0.0,0.0,0.0,0.0,0.0,0,0,0,0
127,Diego,Gómez Amarilla,Gomez,a,,,5.0,354,205,3.8,87,28,6.0,52,23,6,0,0,0,0,16323,12618,1.2,1.2,1.5,1.5,6.0,52,23,,,43,19,47,31,12,7,13,10,,5.0,,,,,,0.19,0.51,0.7,0.31,0,1.06,0.0,1.06,6.35,1,6,85,0,1,1,0,0,0,0,0,0,0,1,0,27,16323,12618,0,0.18,0.48,0.66,0.29,33.0,25.1,41.0,9.9,3,2,1,6
129,Yasin,Ayari,Ayari,a,,,5.5,200,124,0.6,234,77,2.0,146,70,2,0,0,0,0,2608,5755,0.4,0.4,2.0,2.0,2.0,146,70,,,564,241,81,51,121,62,201,89,4.0,2.0,,,,,,0.16,0.04,0.2,0.27,0,1.43,0.0,1.43,5.71,1,2,63,0,0,1,0,0,0,0,1,0,0,1,0,8,2608,5755,0,0.11,0.03,0.14,0.19,0.0,15.0,6.0,1.7,0,1,3,4
130,Mats,Wieffer,Wieffer,a,,,5.0,319,61,0.4,271,102,7.0,37,13,7,0,0,0,0,11073,2306,1.4,1.4,2.2,2.2,7.0,37,13,,,104,44,40,13,116,35,80,28,,,,,,,,0.11,0.06,0.17,0.34,0,1.17,0.0,1.17,9.35,1,7,77,0,0,1,0,0,0,0,0,0,0,1,1,32,11073,2306,0,0.09,0.05,0.14,0.29,16.6,26.3,6.0,4.9,4,4,5,8
132,Harry,Howell,Howell,u,Has joined Leicester City on loan for the rest of the season,,4.5,529,263,0.1,479,197,0.0,427,161,0,0,0,0,0,0,1337,0.0,0.0,0.0,0.0,0.0,427,161,0.0,0.0,416,154,422,164,362,122,432,161,,,,,,,,0.0,0.0,0.0,0.0,0,0.0,0.0,0.0,0.0,1,0,0,0,0,0,0,0,0,0,0,0,0,0,0,0,0,1337,0,0.0,0.0,0.0,0.0,0.0,0.0,0.0,0.0,0,0,0,0
133,Tom,Watson,Watson,u,Has joined Leicester City on loan for the rest of the season,,5.0,371,220,0.0,610,267,0.0,526,218,0,0,0,0,0,0,47,0.0,0.0,0.0,0.0,0.0,526,218,0.0,0.0,514,210,527,219,486,188,530,217,,,,,,,,0.0,0.0,0.0,0.0,0,0.0,0.0,0.0,0.0,1,0,0,0,0,0,0,0,0,0,0,0,0,0,0,0,0,47,0,0.0,0.0,0.0,0.0,0.0,0.0,0.0,0.0,0,0,0,0
134,Nehemiah,Oriola,Oriola,a,,,4.5,513,257,0.3,305,105,0.0,415,156,0,0,0,0,0,1405,2183,0.0,0.0,1.0,1.0,0.0,415,156,,,403,149,410,159,348,117,419,156,,,,,,,,0.0,0.0,0.0,0.0,0,0.0,0.0,0.0,0.0,1,0,0,0,0,0,0,0,0,0,0,0,0,0,0,0,1405,2183,0,0.0,0.0,0.0,0.0,0.0,0.0,0.0,0.0,0,0,0,0
135,Zadok,Yohanna,Yohanna,a,,,5.0,399,239,0.1,453,182,1.0,242,109,1,0,0,0,0,318,654,0.2,0.2,1.5,1.5,1.0,242,109,,,278,133,210,119,508,204,284,135,,,,,,,,0.0,0.22,0.22,0.0,0,0.0,0.0,0.0,0.0,1,1,12,0,0,0,0,0,0,0,0,0,0,0,0,3,318,654,0,0.0,0.03,0.03,0.0,0.2,1.3,0.0,0.2,0,0,0,0
137,Stefanos,Tzimas,Tzimas,i,Knee injury - Unknown return date,,5.5,220,46,0.0,589,72,0.0,577,61,0,0,0,0,0,72,205,0.0,0.0,0.0,0.0,0.0,577,61,0.0,0.0,570,55,580,61,571,61,582,62,,,,,,,,0.0,0.0,0.0,0.0,0,0.0,0.0,0.0,0.0,1,0,0,0,0,0,0,0,0,0,0,0,0,0,0,0,72,205,0,0.0,0.0,0.0,0.0,0.0,0.0,0.0,0.0,0,0,0,0
138,Charalampos,Kostoulas,Kostoulas,a,,,5.5,223,47,0.2,331,53,1.0,270,29,1,0,0,0,0,786,1631,0.2,0.2,1.8,1.8,1.0,270,29,,,573,56,255,29,88,17,237,23,,,,,,,,0.62,0.0,0.62,0.35,0,0.0,0.0,0.0,6.92,1,1,26,0,0,0,0,0,0,0,0,0,0,0,0,-1,786,1631,0,0.18,0.0,0.18,0.1,0.0,0.4,10.0,0.9,1,0,1,2
139,Evan,Ferguson,Ferguson,i,Ankle injury - Expected back 10 Oct,,5.0,330,55,0.0,521,69,0.0,504,49,0,0,0,0,0,274,543,0.0,0.0,0.0,0.0,0.0,504,49,0.0,0.0,492,39,504,47,460,46,508,48,,,,,,,,0.0,0.0,0.0,0.0,0,0.0,0.0,0.0,0.0,1,0,0,0,0,0,0,0,0,0,0,0,0,0,0,0,274,543,0,0.0,0.0,0.0,0.0,0.0,0.0,0.0,0.0,0,0,0,0
328,Pascal,Struijk,Struijk,a,,,5.0,280,50,0.2,322,122,0.0,469,177,0,0,0,0,0,1266,1969,0.0,0.0,2.2,2.2,0.0,469,177,100.0,100.0,461,185,470,185,418,171,477,185,,,,,,,,0.0,0.0,0.0,0.0,0,0.0,0.0,0.0,0.0,1,0,0,0,0,0,0,0,0,0,0,0,0,0,0,0,1266,1969,0,0.0,0.0,0.0,0.0,0.0,0.0,0.0,0.0,0,0,0,0
594,Promise,David,David,a,,,6.0,101,25,0.3,308,52,0.0,592,66,0,0,0,0,0,2175,3024,0.0,0.0,2.0,2.0,0.0,592,66,,,593,66,597,67,592,67,597,67,,,2.0,,,,,0.0,0.0,0.0,0.0,0,0.0,0.0,0.0,0.0,1,0,0,0,0,0,0,0,0,0,0,0,0,0,0,0,2175,3024,0,0.0,0.0,0.0,0.0,0.0,0.0,0.0,0.0,0,0,0,0
600,Ibrahim,Osman,Osman,a,,,5.0,387,231,0.0,567,238,1.0,235,103,1,0,0,0,0,192,116,0.2,0.2,1.5,1.5,1.0,235,103,,,221,95,78,49,136,68,157,71,,,,,,,,0.0,0.38,0.38,0.0,0,0.0,0.0,0.0,15.0,1,1,12,0,0,0,0,0,0,0,0,0,0,0,0,7,192,116,0,0.0,0.05,0.05,0.0,4.2,15.4,4.0,2.4,0,0,2,2
605,Malick,Yalcouyé,Yalcouyé,a,,,4.5,532,264,0.1,440,176,1.0,207,89,1,0,0,0,0,3339,718,0.2,0.2,1.0,1.0,1.0,207,89,,,269,126,167,98,364,123,275,129,,,,,,,,0.0,0.22,0.22,0.0,0,0.0,0.0,0.0,0.0,1,1,4,0,0,0,0,0,0,0,0,0,0,0,0,3,3339,718,0,0.0,0.01,0.01,0.0,0.6,2.7,0.0,0.3,0,0,0,0
614,Jaouen,Hadjam,Hadjam,a,,,4.5,497,136,0.0,587,200,0.0,401,157,0,0,0,0,0,527,22,0.0,0.0,1.7,1.7,0.0,401,157,,,389,163,396,164,333,145,405,163,,,,,,,,0.0,0.0,0.0,0.0,0,0.0,0.0,0.0,0.0,1,0,0,0,0,0,0,0,0,0,0,0,0,0,0,0,527,22,0,0.0,0.0,0.0,0.0,0.0,0.0,0.0,0.0,0,0,0,0
40,Morgan,Rogers,Rogers,a,,,7.5,16,9,25.9,11,5,8.0,34,17,8,0,0,0,0,191931,52379,1.1,1.1,2.6,2.6,8.0,34,17,,,8,6,4,3,30,16,3,3,4.0,,,,,,,1.07,0.11,1.18,1.38,0,0.0,2.22,1.11,7.78,1,8,81,1,0,0,2,0,0,0,0,0,0,1,1,37,191931,52379,0,0.96,0.1,1.06,1.24,48.8,53.5,29.0,13.1,2,0,5,7
136,Danny,Welbeck,Welbeck,a,,,6.0,57,13,1.0,196,31,0.0,582,63,0,0,0,0,0,1272,18953,0.0,0.0,2.0,1.5,0.0,582,63,100.0,75.0,576,58,585,63,576,63,587,64,,,,,,,,0.0,0.0,0.0,0.0,0,0.0,0.0,0.0,0.0,1,0,0,0,0,0,0,0,0,0,0,0,0,0,0,0,1272,18953,0,0.0,0.0,0.0,0.0,0.0,0.0,0.0,0.0,0,0,0,0
140,Robert,Lynch Sánchez,Sánchez,a,,,5.0,270,12,2.3,124,19,2.0,125,14,2,0,0,0,0,7540,15716,0.4,0.4,2.6,2.6,2.0,125,14,,,78,11,464,55,410,55,170,11,,,,,,,,0.0,0.01,0.01,1.33,4,0.0,2.0,1.0,0.0,1,2,90,0,0,0,2,0,0,0,0,0,4,1,0,6,7540,15716,0,0.0,0.01,0.01,1.33,21.4,0.0,0.0,2.1,0,1,5,0
141,Filip,Jörgensen,Jörgensen,u,Has joined RC Strasbourg on loan for the rest of the season,,5.0,351,21,0.0,573,66,0.0,517,68,0,0,0,0,0,0,460,0.0,0.0,0.0,0.0,0.0,517,68,0.0,0.0,505,68,518,64,475,64,521,68,,,,,,,,0.0,0.0,0.0,0.0,0,0.0,0.0,0.0,0.0,1,0,0,0,0,0,0,0,0,0,0,0,0,0,0,0,0,460,0,0.0,0.0,0.0,0.0,0.0,0.0,0.0,0.0,0,0,0,0
142,Reece,James,James,a,,,5.5,147,17,10.0,39,13,0.0,555,195,0,0,0,0,0,50502,63129,0.0,0.0,2.5,2.5,0.0,555,195,,,72,32,71,23,48,13,54,15,1.0,1.0,,,,,,0.1,0.07,0.17,1.33,0,0.0,2.0,1.0,6.0,1,0,90,0,0,0,2,0,0,0,1,0,0,1,0,5,50502,63129,0,0.1,0.07,0.17,1.33,23.4,16.8,19.0,5.9,0,6,4,6
143,Trevoh,Chalobah,Chalobah,u,Has joined Como permanently,,5.5,128,13,0.1,386,139,0.0,544,192,0,0,0,0,0,0,7090,0.0,0.0,0.0,0.0,0.0,544,192,0.0,0.0,534,198,549,198,519,190,550,198,,,,,,,,0.0,0.0,0.0,0.0,0,0.0,0.0,0.0,0.0,1,0,0,0,0,0,0,0,0,0,0,0,0,0,0,0,0,7090,0,0.0,0.0,0.0,0.0,0.0,0.0,0.0,0.0,0,0,0,0
144,Malo,Gusto,Gusto,a,,,5.0,326,63,1.2,173,70,1.0,221,88,1,0,0,0,0,10472,8706,0.2,0.2,2.2,2.2,1.0,221,88,,,185,82,125,38,117,36,162,63,,,,,,,,0.0,0.04,0.04,1.33,0,0.0,2.4,1.2,3.6,1,1,75,0,0,0,2,0,0,0,0,0,0,1,0,2,10472,8706,0,0.0,0.03,0.03,1.11,7.2,9.8,6.0,2.3,1,2,4,3
145,Wesley,Fofana,Fofana,a,,,5.0,305,56,0.0,527,184,0.0,488,181,0,0,0,0,0,612,209,0.0,0.0,2.2,0.0,0.0,488,181,100.0,0.0,477,188,487,188,440,176,493,188,,,,,,,,0.0,0.0,0.0,0.0,0,0.0,0.0,0.0,0.0,1,0,0,0,0,0,0,0,0,0,0,0,0,0,0,0,612,209,0,0.0,0.0,0.0,0.0,0.0,0.0,0.0,0.0,0,0,0,0
146,Benoît,Badiashile Mukinayi,B.Badiashile,u,Has joined Napoli on loan for the rest of the season,,4.5,458,116,0.0,543,187,0.0,380,148,0,0,0,0,0,232,640,0.0,0.0,0.0,1.7,0.0,380,148,0.0,,366,152,371,156,301,132,383,153,,,,,,,,0.0,0.0,0.0,0.0,0,0.0,0.0,0.0,0.0,1,0,0,0,0,0,0,0,0,0,0,0,0,0,0,0,232,640,0,0.0,0.0,0.0,0.0,0.0,0.0,0.0,0.0,0,0,0,0
147,Tosin,Adarabioyo,Tosin,a,,,4.5,415,86,0.2,344,129,0.0,354,134,0,0,0,0,0,230,1631,0.0,0.0,1.7,1.7,0.0,354,134,,,341,139,344,142,270,114,358,140,,,,,,,,0.0,0.0,0.0,0.0,0,0.0,0.0,0.0,0.0,1,0,0,0,0,0,0,0,0,0,0,0,0,0,0,0,230,1631,0,0.0,0.0,0.0,0.0,0.0,0.0,0.0,0.0,0,0,0,0
148,Jorrel,Hato,Hato,a,,,4.5,510,142,0.5,258,96,1.0,203,80,1,0,0,0,0,3402,3577,0.2,0.2,1.7,1.7,1.0,203,80,,,175,76,101,30,82,26,125,47,,,,,,,,0.01,0.04,0.05,1.48,0,0.0,2.81,1.41,4.22,1,1,64,0,0,0,2,0,0,0,0,0,0,1,0,5,3402,3577,0,0.01,0.03,0.04,1.05,8.4,12.3,11.0,3.2,2,1,2,3
149,Levi,Samuels Colwill,Colwill,a,,,5.0,312,59,1.5,156,64,0.0,495,184,0,0,0,0,0,8967,13856,0.0,0.0,2.2,2.2,0.0,495,184,,,201,88,195,60,105,31,208,81,,,,,,,,0.01,0.03,0.04,1.33,0,0.0,2.0,1.0,4.0,1,0,90,0,0,0,2,0,0,0,1,0,0,1,0,6,8967,13856,0,0.01,0.03,0.04,1.33,6.0,1.6,7.0,1.5,2,2,3,4
150,Mamadou,Sarr,M.Sarr,a,,,4.5,519,144,0.1,445,156,0.0,420,163,0,0,0,0,0,370,794,0.0,0.0,1.7,1.7,0.0,420,163,,,409,169,415,170,354,152,425,169,,,,,,,,0.0,0.0,0.0,0.0,0,0.0,0.0,0.0,0.0,1,0,0,0,0,0,0,0,0,0,0,0,0,0,0,0,370,794,0,0.0,0.0,0.0,0.0,0.0,0.0,0.0,0.0,0,0,0,0
151,Josh,Acheampong,Acheampong,a,,,4.5,522,146,0.3,287,108,3.0,85,36,3,0,0,0,0,5207,2322,0.7,0.7,1.7,1.7,3.0,85,36,,,41,14,180,54,163,59,112,40,,,,,,,,0.0,0.01,0.01,1.33,0,0.0,2.0,1.0,15.0,1,3,90,0,0,0,2,0,0,0,0,0,0,1,0,13,5207,2322,0,0.0,0.01,0.01,1.33,33.2,2.2,2.0,3.7,5,10,6,15
152,Marco,Palestra,Palestra,d,Unspecified injury - 75% chance of playing,,5.5,221,34,2.4,118,47,0.0,578,201,0,0,0,0,0,4820,43397,0.0,0.0,1.9,2.5,0.0,578,201,75.0,,571,203,581,203,572,202,583,203,,,,,,,,0.0,0.0,0.0,0.0,0,0.0,0.0,0.0,0.0,1,0,0,0,0,0,0,0,0,0,0,0,0,0,0,0,4820,43397,0,0.0,0.0,0.0,0.0,0.0,0.0,0.0,0.0,0,0,0,0
154,Cole,Palmer,Palmer,a,,,9.5,4,3,14.8,27,9,13.0,8,4,13,0,0,0,0,267670,25806,1.4,1.4,3.2,3.2,13.0,8,4,100.0,,2,2,14,12,5,4,1,1,,3.0,1.0,,,,,0.31,0.21,0.52,1.36,0,0.0,2.2,1.1,9.88,1,13,82,1,1,0,2,0,0,0,0,0,0,1,3,60,267670,25806,0,0.28,0.19,0.47,1.24,65.2,41.3,54.0,16.1,2,0,7,9
155,Enzo,Fernández,Enzo,a,,,7.0,29,19,4.7,71,23,1.0,291,141,1,0,0,0,0,13784,62329,0.1,0.1,2.5,2.5,1.0,291,141,,,236,105,106,64,611,268,212,95,3.0,2.0,2.0,,,,,0.0,0.07,0.07,1.01,0,0.0,0.0,0.0,10.8,1,1,25,0,0,0,0,0,0,0,0,0,0,0,0,6,13784,62329,0,0.0,0.02,0.02,0.28,3.4,12.0,0.0,1.5,0,0,3,3
156,Pedro,Lomba Neto,Neto,a,,,6.5,42,29,1.3,172,52,1.0,286,136,1,0,0,0,0,4921,17034,0.2,0.2,2.3,2.3,1.0,286,136,,,212,88,152,90,144,73,227,102,2.0,4.0,,,,,,0.19,0.45,0.64,1.41,0,0.0,0.0,0.0,25.71,1,1,14,0,0,0,0,0,0,0,0,0,0,0,0,9,4921,17034,0,0.03,0.07,0.1,0.22,5.2,4.1,4.0,1.3,1,0,3,4
157,Estêvão,Almeida de Oliveira Gonçalves,Estêvão,a,,,6.5,54,38,1.2,179,56,1.0,288,138,1,0,0,0,0,4572,18908,0.2,0.2,2.3,2.3,1.0,288,138,,,279,134,256,135,608,266,295,141,5.0,,3.0,,,,,0.0,0.0,0.0,1.16,0,0.0,0.0,0.0,12.86,1,1,7,0,0,0,0,0,0,0,0,0,0,0,0,3,4572,18908,0,0.0,0.0,0.0,0.09,0.2,0.4,0.0,0.1,0,0,1,1
158,Jamie,Bynoe-Gittens,Gittens,a,,,6.0,89,57,0.0,515,215,0.0,589,255,0,0,0,0,0,228,605,0.0,0.0,2.2,2.2,0.0,589,255,,,589,253,593,256,586,249,593,256,,,,,,,,0.0,0.0,0.0,0.0,0,0.0,0.0,0.0,0.0,1,0,0,0,0,0,0,0,0,0,0,0,0,0,0,0,228,605,0,0.0,0.0,0.0,0.0,0.0,0.0,0.0,0.0,0,0,0,0
159,Moisés,Caicedo Corozo,Caicedo,d,Unspecified injury - 75% chance of playing,,5.5,191,117,3.1,102,31,0.0,569,243,0,0,0,0,0,9238,74315,0.0,0.0,1.5,2.0,0.0,569,243,75.0,,560,237,573,245,557,234,573,243,,,,,,,,0.0,0.0,0.0,0.0,0,0.0,0.0,0.0,0.0,1,0,0,0,0,0,0,0,0,0,0,0,0,0,0,0,9238,74315,0,0.0,0.0,0.0,0.0,0.0,0.0,0.0,0.0,0,0,0,0
161,Roméo,Lavia,Lavia,a,,,5.0,355,206,0.1,473,194,1.0,227,98,1,0,0,0,0,912,740,0.2,0.2,1.5,1.5,1.0,227,98,,,130,43,55,36,24,11,44,26,,,,,,,,0.3,0.04,0.34,1.48,0,0.0,2.81,1.41,12.66,1,1,64,0,0,0,2,0,0,0,1,0,0,1,0,8,912,740,0,0.21,0.03,0.24,1.05,13.6,21.9,33.0,6.9,3,2,4,9
163,Dário,Luís Essugo,D.Essugo,a,,,4.5,488,250,0.2,350,128,0.0,392,149,0,0,0,0,0,1088,2370,0.0,0.0,1.0,1.0,0.0,392,149,,,380,142,387,152,324,110,396,149,,,,,,,,0.0,0.0,0.0,0.0,0,0.0,0.0,0.0,0.0,1,0,0,0,0,0,0,0,0,0,0,0,0,0,0,0,1088,2370,0,0.0,0.0,0.0,0.0,0.0,0.0,0.0,0.0,0,0,0,0
164,Geovany,Quenda,Quenda,a,,,5.5,219,137,0.0,498,207,1.0,269,125,1,0,0,0,0,201,640,0.2,0.2,2.0,2.0,1.0,269,125,100.0,100.0,264,122,265,140,181,91,270,126,,,,,,,,0.0,0.0,0.0,1.01,0,0.0,0.0,0.0,11.25,1,1,8,0,0,0,0,0,0,0,0,0,0,0,0,2,201,640,0,0.0,0.0,0.0,0.09,1.2,0.3,2.0,0.4,0,1,0,1
165,João Pedro,Junqueira de Jesus,João Pedro,a,,,7.6,13,5,67.3,2,2,11.0,13,1,11,1,-1,1,-1,304896,22908,1.4,1.4,2.4,2.4,11.0,13,1,,,5,1,53,3,19,7,11,2,,,,,,,,0.63,0.06,0.69,1.33,0,0.0,2.0,1.0,3.0,1,11,90,1,1,0,2,0,0,0,0,0,0,1,2,45,304896,22908,0,0.63,0.06,0.69,1.33,51.2,23.0,37.0,11.1,0,1,2,3
166,Nicolas,Jackson,N.Jackson,a,,,6.5,51,12,0.3,293,51,0.0,605,68,0,0,0,0,0,3300,6480,0.0,0.0,2.1,2.1,0.0,605,68,,,607,68,609,69,607,69,609,69,,,,,,,,0.0,0.0,0.0,0.0,0,0.0,0.0,0.0,0.0,1,0,0,0,0,0,0,0,0,0,0,0,0,0,0,0,3300,6480,0,0.0,0.0,0.0,0.0,0.0,0.0,0.0,0.0,0,0,0,0
167,Liam,Delap,Delap,a,,,5.5,175,40,0.5,263,45,0.0,564,60,0,0,0,0,0,4166,6127,0.0,0.0,1.8,1.8,0.0,564,60,,,553,52,566,58,549,59,567,60,,,4.0,,,,,0.0,0.0,0.0,0.0,0,0.0,0.0,0.0,0.0,1,0,0,0,0,0,0,0,0,0,0,0,0,0,0,0,4166,6127,0,0.0,0.0,0.0,0.0,0.0,0.0,0.0,0.0,0,0,0,0
168,Marc,Guiu Paz,Marc Guiu,a,,,5.0,344,56,0.5,261,44,0.0,514,50,0,0,0,0,0,1890,4890,0.0,0.0,1.4,1.4,0.0,514,50,,,502,40,515,48,472,47,518,49,,,,,,,,0.0,0.0,0.0,0.0,0,0.0,0.0,0.0,0.0,1,0,0,0,0,0,0,0,0,0,0,0,0,0,0,0,1890,4890,0,0.0,0.0,0.0,0.0,0.0,0.0,0.0,0.0,0,0,0,0
169,Shumaira,Mheuka,Mheuka,a,,,4.5,516,69,0.3,285,48,0.0,417,41,0,0,0,0,0,2444,3683,0.0,0.0,1.0,1.0,0.0,417,41,,,406,31,412,38,351,37,422,40,,,,,,,,0.0,0.0,0.0,0.0,0,0.0,0.0,0.0,0.0,1,0,0,0,0,0,0,0,0,0,0,0,0,0,0,0,2444,3683,0,0.0,0.0,0.0,0.0,0.0,0.0,0.0,0.0,0,0,0,0
170,Emmanuel,Emegha,Emegha,a,,,5.0,349,57,0.2,378,55,0.0,516,51,0,0,0,0,0,1285,1922,0.0,0.0,1.4,1.4,0.0,516,51,100.0,100.0,504,41,517,49,474,48,520,50,,,,,,,,0.0,0.0,0.0,0.0,0,0.0,0.0,0.0,0.0,1,0,0,0,0,0,0,0,0,0,0,0,0,0,0,0,1285,1922,0,0.0,0.0,0.0,0.0,0.0,0.0,0.0,0.0,0,0,0,0
200,Maxence,Lacroix,Lacroix,a,,,6.0,80,8,9.5,42,15,6.0,61,28,6,0,0,0,0,50170,34919,1.0,1.0,2.8,2.8,6.0,61,28,,,15,5,120,36,184,63,58,17,,,,,,,,0.0,0.2,0.2,1.33,0,0.0,2.0,1.0,12.0,1,6,90,0,1,0,2,0,0,0,0,0,0,1,0,25,50170,34919,0,0.0,0.2,0.2,1.33,44.2,11.2,2.0,5.7,5,7,2,12
560,Mike,Penders,Penders,a,,,4.5,508,47,0.1,454,50,0.0,411,58,0,0,0,0,0,309,602,0.0,0.0,1.9,1.9,0.0,411,58,,,399,58,406,46,344,46,415,58,,,,,,,,0.0,0.0,0.0,0.0,0,0.0,0.0,0.0,0.0,1,0,0,0,0,0,0,0,0,0,0,0,0,0,0,0,309,602,0,0.0,0.0,0.0,0.0,0.0,0.0,0.0,0.0,0,0,0,0
14,Eberechi,Eze,Eze,a,,,6.5,41,28,1.8,137,42,1.0,285,135,1,0,0,0,0,4819,35933,0.2,0.2,2.3,2.3,1.0,285,135,,,602,263,192,112,193,99,294,140,,3.0,,,,,,0.26,0.0,0.26,0.96,0,0.0,0.0,0.0,12.86,1,1,14,0,0,0,0,0,0,0,0,0,0,0,0,4,4819,35933,0,0.04,0.0,0.04,0.15,0.0,1.8,1.0,0.1,0,0,2,2
561,Aaron,Anselmino,Anselmino,d,Hamstring injury - 25% chance of playing,,4.5,535,150,0.0,555,193,0.0,431,166,0,0,0,0,0,98,410,0.0,0.0,0.4,1.7,0.0,431,166,25.0,,420,172,426,173,367,156,436,172,,,,,,,,0.0,0.0,0.0,0.0,0,0.0,0.0,0.0,0.0,1,0,0,0,0,0,0,0,0,0,0,0,0,0,0,0,98,410,0,0.0,0.0,0.0,0.0,0.0,0.0,0.0,0.0,0,0,0,0
583,Pep,Chavarría,Chavarria,a,,,5.0,343,70,0.2,342,127,1.0,224,89,1,0,0,0,0,837,1840,0.2,0.2,2.2,2.2,1.0,224,89,,,243,96,270,99,172,61,257,95,,,,,,,,0.0,0.0,0.0,1.01,0,0.0,0.0,0.0,3.6,1,1,25,0,0,0,0,0,0,0,0,0,0,0,0,3,837,1840,0,0.0,0.0,0.0,0.28,2.4,0.2,2.0,0.5,0,1,1,1
104,Frank,Onyeka,Onyeka,a,,,5.0,297,178,0.2,372,142,2.0,130,58,2,0,0,0,0,1534,1182,0.4,0.4,1.5,1.5,2.0,130,58,,,232,102,194,113,433,159,255,115,,,,,,,,0.0,0.01,0.01,1.88,0,0.0,3.0,1.0,9.0,1,2,90,0,0,0,3,0,0,0,0,0,0,1,0,8,1534,1182,0,0.0,0.01,0.01,1.88,3.6,1.6,0.0,0.5,1,3,5,9
110,Carl,Rushworth,Rushworth,a,,,4.5,479,40,1.2,178,27,1.0,198,17,1,0,0,0,0,5482,3387,0.2,0.2,1.9,1.9,1.0,198,17,,,121,17,381,39,317,39,215,17,,,,,,,,0.0,0.01,0.01,1.88,2,0.0,3.0,1.0,0.0,1,1,90,0,0,0,3,0,0,0,0,0,2,1,0,0,5482,3387,0,0.0,0.01,0.01,1.88,14.2,0.0,0.0,1.4,0,1,7,0
171,Oliver,Dovin,Dovin,a,,,4.0,587,65,1.6,155,22,0.0,322,37,0,0,0,0,0,1823,4843,0.0,0.0,1.0,1.0,0.0,322,37,,,309,37,309,17,230,17,326,37,,,,,,,,0.0,0.0,0.0,0.0,0,0.0,0.0,0.0,0.0,1,0,0,0,0,0,0,0,0,0,0,0,0,0,0,0,1823,4843,0,0.0,0.0,0.0,0.0,0.0,0.0,0.0,0.0,0,0,0,0
172,Ben,Wilson,Wilson,a,,,4.5,416,28,0.5,259,35,0.0,355,45,0,0,0,0,0,177,2621,0.0,0.0,1.9,1.9,0.0,355,45,,,342,45,345,27,271,27,359,45,,,,,,,,0.0,0.0,0.0,0.0,0,0.0,0.0,0.0,0.0,1,0,0,0,0,0,0,0,0,0,0,0,0,0,0,0,177,2621,0,0.0,0.0,0.0,0.0,0.0,0.0,0.0,0.0,0,0,0,0
173,Bobby,Thomas,Thomas,a,,,4.0,583,177,7.9,51,19,3.0,82,33,3,0,0,0,0,26721,18295,0.8,0.8,1.0,1.0,3.0,82,33,,,73,33,119,35,189,65,115,42,,,,,,,,0.02,0.01,0.03,1.88,0,0.0,3.0,1.0,10.0,1,3,90,0,0,0,3,0,0,0,0,0,0,1,0,11,26721,18295,0,0.02,0.01,0.03,1.88,23.2,11.2,1.0,3.5,1,9,2,10
174,Liam,Kitching,Kitching,a,,,4.0,576,172,0.7,228,86,0.0,315,107,0,0,0,0,0,406,3620,0.0,0.0,1.0,1.0,0.0,315,107,,,302,112,302,114,221,80,319,113,,,,,,,,0.0,0.0,0.0,0.0,0,0.0,0.0,0.0,0.0,1,0,0,0,0,0,0,0,0,0,0,0,0,0,0,0,406,3620,0,0.0,0.0,0.0,0.0,0.0,0.0,0.0,0.0,0,0,0,0
175,Milan,van Ewijk,van Ewijk,a,,,4.0,581,175,13.2,30,11,1.0,178,58,1,0,0,0,0,25390,40456,0.2,0.2,1.0,1.0,1.0,178,58,,,157,72,186,56,157,53,206,79,,,,,,,,0.0,0.01,0.01,1.88,0,0.0,3.0,1.0,7.0,1,1,90,0,0,0,3,0,0,0,0,0,0,1,0,-8,25390,40456,0,0.0,0.01,0.01,1.88,10.6,2.0,2.0,1.5,1,6,3,7
176,Jay,Dasilva,Dasilva,a,,,4.0,561,160,0.8,211,78,1.0,176,56,1,0,0,0,0,2144,3048,0.2,0.2,1.0,1.0,1.0,176,56,,,124,56,154,45,210,72,188,73,,,,,,,,0.0,0.02,0.02,1.88,0,0.0,3.0,1.0,6.0,1,1,90,0,0,0,3,0,0,0,0,0,0,1,0,-4,2144,3048,0,0.0,0.02,0.02,1.88,13.8,3.8,0.0,1.8,0,6,1,6
177,Kaine,Kesler-Hayden,Kesler-Hayden,i,Hamstring injury - Unknown return date,,4.0,585,178,0.1,472,165,0.0,320,109,0,0,0,0,0,137,422,0.0,0.0,0.0,1.0,0.0,320,109,0.0,,307,114,307,116,228,84,324,115,,,,,,,,0.0,0.0,0.0,0.0,0,0.0,0.0,0.0,0.0,1,0,0,0,0,0,0,0,0,0,0,0,0,0,0,0,137,422,0,0.0,0.0,0.0,0.0,0.0,0.0,0.0,0.0,0,0,0,0
178,Jake,Bidwell,Bidwell,a,,,4.0,548,152,0.1,432,152,0.0,298,98,0,0,0,0,0,440,595,0.0,0.0,1.0,1.0,0.0,298,98,,,285,103,282,102,200,67,301,103,,,,,,,,0.0,0.0,0.0,0.0,0,0.0,0.0,0.0,0.0,1,0,0,0,0,0,0,0,0,0,0,0,0,0,0,0,440,595,0,0.0,0.0,0.0,0.0,0.0,0.0,0.0,0.0,0,0,0,0
179,Joel,Latibeaudiere,Latibeaudiere,a,,,4.0,565,164,0.0,503,176,0.0,308,103,0,0,0,0,0,104,319,0.0,0.0,1.0,1.0,0.0,308,103,,,295,108,294,109,214,76,312,109,,,,,,,,0.0,0.0,0.0,0.0,0,0.0,0.0,0.0,0.0,1,0,0,0,0,0,0,0,0,0,0,0,0,0,0,0,104,319,0,0.0,0.0,0.0,0.0,0.0,0.0,0.0,0.0,0,0,0,0
180,Luke,Woolfenden,Woolfenden,i,Knee injury - Unknown return date,,4.0,570,168,0.2,357,135,0.0,311,105,0,0,0,0,0,862,1406,0.0,0.0,0.0,1.0,0.0,311,105,0.0,,298,110,297,111,217,78,315,111,,,,,,,,0.0,0.0,0.0,0.0,0,0.0,0.0,0.0,0.0,1,0,0,0,0,0,0,0,0,0,0,0,0,0,0,0,862,1406,0,0.0,0.0,0.0,0.0,0.0,0.0,0.0,0.0,0,0,0,0
181,Miguel,Brau,Brau,a,,,4.0,605,195,0.0,500,174,0.0,338,124,0,0,0,0,0,207,261,0.0,0.0,1.0,1.0,0.0,338,124,,,325,129,325,131,248,101,342,130,,,,,,,,0.0,0.0,0.0,0.0,0,0.0,0.0,0.0,0.0,1,0,0,0,0,0,0,0,0,0,0,0,0,0,0,0,207,261,0,0.0,0.0,0.0,0.0,0.0,0.0,0.0,0.0,0,0,0,0
182,Aurèle,Amenda,Amenda,a,,,4.0,596,186,0.9,210,77,1.0,179,59,1,0,0,0,0,2409,3455,0.2,0.2,1.0,1.0,1.0,179,59,,,54,21,227,77,239,92,129,49,,,,,,,,0.0,0.01,0.01,1.88,0,0.0,3.0,1.0,9.0,1,1,90,0,0,0,3,0,0,0,0,0,0,1,0,1,2409,3455,0,0.0,0.01,0.01,1.88,28.8,0.8,0.0,3.0,0,9,4,9
183,Jack,Rudoni,Rudoni,a,,,5.0,324,189,0.1,387,150,1.0,220,94,1,0,0,0,0,704,990,0.2,0.2,1.5,1.5,1.0,220,94,100.0,100.0,206,84,157,91,54,29,148,66,3.0,1.0,,,,,,0.68,0.0,0.68,1.3,0,0.0,0.0,0.0,22.5,1,1,20,0,0,0,0,0,0,0,0,0,0,0,0,3,704,990,0,0.15,0.0,0.15,0.29,5.6,3.8,17.0,2.6,1,0,4,5
184,Matt,Grimes,Grimes,a,,,5.0,248,151,0.2,347,126,2.0,121,54,2,0,0,0,0,1441,1205,0.4,0.4,1.5,1.5,2.0,121,54,,,133,44,158,92,394,140,197,87,1.0,,3.0,,,,,0.0,0.01,0.01,1.88,0,0.0,3.0,1.0,7.0,1,2,90,0,0,0,3,0,0,0,0,0,0,1,0,14,1441,1205,0,0.0,0.01,0.01,1.88,13.4,3.7,0.0,1.7,0,4,3,7
15,Martin,Ødegaard,Ødegaard,a,,,6.5,35,23,11.2,34,12,11.0,11,6,11,0,0,0,0,239839,27746,1.7,1.7,2.3,2.3,11.0,11,6,,,6,4,13,11,27,13,6,5,4.0,,3.0,,,,,0.25,0.12,0.37,0.07,0,1.2,0.0,1.2,9.6,1,11,75,1,0,1,0,0,0,0,0,0,0,1,3,41,239839,27746,0,0.21,0.1,0.31,0.06,50.6,41.5,31.0,12.3,3,1,4,8
20,Max,Dowman,Dowman,a,,,5.4,225,139,0.1,434,172,0.0,539,226,0,-1,1,-1,1,363,2027,0.0,0.0,1.9,1.9,0.0,539,226,,,529,220,542,229,509,205,545,227,,,,,,,,0.0,0.0,0.0,0.0,0,0.0,0.0,0.0,0.0,1,0,0,0,0,0,0,0,0,0,0,0,0,0,0,0,363,2027,0,0.0,0.0,0.0,0.0,0.0,0.0,0.0,0.0,0,0,0,0
25,Viktor,Gyökeres,Gyökeres,a,,,7.4,22,8,7.2,56,9,0.0,608,70,0,-1,1,-1,1,7533,183138,0.0,0.0,2.3,2.3,0.0,608,70,,,611,71,612,71,612,71,612,71,,,2.0,,,,,0.0,0.0,0.0,0.0,0,0.0,0.0,0.0,0.0,1,0,0,0,0,0,0,0,0,0,0,0,0,0,0,0,7533,183138,0,0.0,0.0,0.0,0.0,0.0,0.0,0.0,0.0,0,0,0,0
186,Ephron,Mason-Clark,Mason-Clark,a,,,5.5,151,93,0.1,400,157,0.0,557,236,0,0,0,0,0,297,1235,0.0,0.0,2.0,2.0,0.0,557,236,100.0,100.0,546,230,560,238,535,221,560,236,,,,,,,,0.0,0.0,0.0,0.0,0,0.0,0.0,0.0,0.0,1,0,0,0,0,0,0,0,0,0,0,0,0,0,0,0,297,1235,0,0.0,0.0,0.0,0.0,0.0,0.0,0.0,0.0,0,0,0,0
187,Josh,Eccles,Eccles,a,,,5.0,303,180,0.0,569,240,0.0,486,194,0,0,0,0,0,59,210,0.0,0.0,1.5,1.5,0.0,486,194,,,475,186,485,195,438,161,491,193,,,,,,,,0.0,0.0,0.0,0.0,0,0.0,0.0,0.0,0.0,1,0,0,0,0,0,0,0,0,0,0,0,0,0,0,0,59,210,0,0.0,0.0,0.0,0.0,0.0,0.0,0.0,0.0,0,0,0,0
188,Victor,Torp,Torp,a,,,5.5,148,91,0.2,369,140,1.0,250,114,1,0,0,0,0,311,1405,0.2,0.2,2.0,2.0,1.0,250,114,,,192,76,72,44,534,220,163,74,2.0,2.0,2.0,,,,,0.0,0.35,0.35,1.03,0,0.0,0.0,0.0,3.21,1,1,28,0,0,0,0,0,0,0,0,0,0,0,0,8,311,1405,0,0.0,0.11,0.11,0.32,6.8,16.4,0.0,2.3,0,1,0,1
189,George,Shepherd,Shepherd,a,,,4.5,541,269,0.3,301,102,0.0,437,166,0,0,0,0,0,833,2513,0.0,0.0,1.0,1.0,0.0,437,166,,,426,159,432,169,373,128,442,166,,,,,,,,0.0,0.0,0.0,0.0,0,0.0,0.0,0.0,0.0,1,0,0,0,0,0,0,0,0,0,0,0,0,0,0,0,833,2513,0,0.0,0.0,0.0,0.0,0.0,0.0,0.0,0.0,0,0,0,0
190,Loum,Tchaouna,Tchaouna,a,,,5.5,181,110,0.2,376,144,2.0,144,68,2,0,0,0,0,1572,1004,0.4,0.4,2.0,2.0,2.0,144,68,,,256,117,138,82,151,78,232,105,,,,,,,,0.04,0.02,0.06,1.96,0,0.0,3.33,1.11,8.89,1,2,81,0,0,0,3,0,0,0,0,0,0,1,0,11,1572,1004,0,0.04,0.02,0.06,1.76,1.8,6.0,3.0,1.1,0,3,5,8
191,Raphael,Borges Rodrigues,Borges Rodrigues,a,,,4.5,490,252,0.2,366,137,0.0,394,151,0,0,0,0,0,544,1507,0.0,0.0,1.0,1.0,0.0,394,151,,,382,144,389,154,326,112,398,151,,,,,,,,0.0,0.0,0.0,0.0,0,0.0,0.0,0.0,0.0,1,0,0,0,0,0,0,0,0,0,0,0,0,0,0,0,544,1507,0,0.0,0.0,0.0,0.0,0.0,0.0,0.0,0.0,0,0,0,0
192,Kai,Andrews,Andrews,a,,,4.5,536,266,0.7,232,76,0.0,432,163,0,0,0,0,0,2213,5810,0.0,0.0,1.0,1.0,0.0,432,163,,,421,156,427,166,368,125,437,163,,,,,,,,0.0,0.0,0.0,0.0,0,0.0,0.0,0.0,0.0,1,0,0,0,0,0,0,0,0,0,0,0,0,0,0,0,2213,5810,0,0.0,0.0,0.0,0.0,0.0,0.0,0.0,0.0,0,0,0,0
193,Haji,Wright,Wright,i,Thigh injury - Unknown return date,,5.5,127,34,0.1,382,57,0.0,543,58,0,0,0,0,0,90,4621,0.0,0.0,0.0,0.0,0.0,543,58,0.0,0.0,533,48,548,56,518,55,549,57,,,1.0,,,,,0.0,0.0,0.0,0.0,0,0.0,0.0,0.0,0.0,1,0,0,0,0,0,0,0,0,0,0,0,0,0,0,0,90,4621,0,0.0,0.0,0.0,0.0,0.0,0.0,0.0,0.0,0,0,0,0
194,Brandon,Thomas-Asante,Thomas-Asante,a,,,5.0,285,52,0.8,217,36,2.0,129,12,2,0,0,0,0,10537,6055,0.4,0.4,1.4,1.4,2.0,129,12,,,217,15,220,25,423,43,251,26,,,4.0,,,,,0.0,0.03,0.03,2.09,0,0.0,3.91,1.3,7.83,1,2,69,0,0,0,3,0,0,0,0,0,0,1,0,9,10537,6055,0,0.0,0.02,0.02,1.6,4.6,1.1,0.0,0.6,0,5,1,6
195,Ellis,Simms,Simms,a,,,5.0,274,50,1.0,199,32,2.0,127,11,2,0,0,0,0,14537,7000,0.4,0.4,1.4,1.4,2.0,127,11,,,241,18,102,10,168,27,198,20,,,,,,,,0.0,0.01,0.01,2.09,0,0.0,3.91,1.3,3.91,1,2,69,0,0,0,3,0,0,0,0,0,0,1,0,7,14537,7000,0,0.0,0.01,0.01,1.6,2.6,12.3,2.0,1.7,0,1,2,3
196,Jahnoah,Markelo,Markelo,u,Has joined Shabab Al-Ahli Dubai permanently,,5.0,373,59,0.0,574,71,0.0,528,52,0,0,0,0,0,0,521,0.0,0.0,0.0,0.0,0.0,528,52,0.0,0.0,516,42,529,50,488,49,532,51,,,,,,,,0.0,0.0,0.0,0.0,0,0.0,0.0,0.0,0.0,1,0,0,0,0,0,0,0,0,0,0,0,0,0,0,0,0,521,0,0.0,0.0,0.0,0.0,0.0,0.0,0.0,0.0,0,0,0,0
197,Norman,Bassette,Bassette,u,Has joined KVC Westerlo on loan for the rest of the season,,4.5,507,66,0.0,506,66,0.0,410,39,0,0,0,0,0,0,696,0.0,0.0,0.0,0.0,0.0,410,39,0.0,0.0,398,28,405,36,343,34,414,37,,,,,,,,0.0,0.0,0.0,0.0,0,0.0,0.0,0.0,0.0,1,0,0,0,0,0,0,0,0,0,0,0,0,0,0,0,0,696,0,0.0,0.0,0.0,0.0,0.0,0.0,0.0,0.0,0,0,0,0
492,Taiwo,Awoniyi,Awoniyi,a,,,5.5,142,36,0.8,216,35,1.0,249,24,1,0,0,0,0,4923,6952,0.2,0.2,1.8,1.8,1.0,249,24,,,541,49,201,24,530,56,291,32,,,5.0,,,,,0.0,0.0,0.0,1.3,0,0.0,0.0,0.0,4.5,1,1,20,0,0,0,0,0,0,0,0,0,0,0,0,4,4923,6952,0,0.0,0.0,0.0,0.29,0.0,1.4,0.0,0.1,0,0,1,1
575,Caleb,Yirenkyi,Yirenkyi,a,,,5.0,397,237,0.2,318,109,1.0,241,108,1,0,0,0,0,708,2086,0.2,0.2,1.5,1.5,1.0,241,108,,,527,218,164,96,506,202,543,225,,,,,,,,0.0,0.0,0.0,2.3,0,0.0,4.43,1.48,4.43,1,1,61,0,0,0,3,0,0,0,1,0,0,1,0,2,708,2086,0,0.0,0.0,0.0,1.56,0.0,3.1,0.0,0.0,0,0,3,3
584,Gustavo,Hamer,Hamer,a,,,5.5,131,81,0.1,383,147,1.0,246,112,1,0,0,0,0,287,1104,0.2,0.2,2.0,2.0,1.0,246,112,,,273,129,263,139,522,211,290,138,,,,,,,,0.0,0.0,0.0,1.46,0,0.0,0.0,0.0,11.25,1,1,8,0,0,0,0,0,0,0,0,0,0,0,0,3,287,1104,0,0.0,0.0,0.0,0.13,0.4,0.3,0.0,0.1,0,0,1,1
599,Sidiki,Cherif,Cherif,a,,,5.0,390,60,0.1,424,62,0.0,535,53,0,0,0,0,0,1366,1062,0.0,0.0,1.4,1.4,0.0,535,53,,,524,43,536,51,500,50,540,52,,,,,,,,0.0,0.0,0.0,0.0,0,0.0,0.0,0.0,0.0,1,0,0,0,0,0,0,0,0,0,0,0,0,0,0,0,1366,1062,0,0.0,0.0,0.0,0.0,0.0,0.0,0.0,0.0,0,0,0,0
42,Evann,Guessand,Guessand,a,,,5.5,189,116,0.0,492,203,1.0,260,118,1,0,0,0,0,352,515,0.2,0.2,2.0,2.0,1.0,260,118,,,237,106,191,111,111,58,230,104,,,,,,,,0.1,0.07,0.17,0.47,0,0.0,0.0,0.0,3.33,1,1,27,0,0,0,0,0,0,0,0,0,0,0,0,3,352,515,0,0.03,0.02,0.05,0.14,3.2,1.8,7.0,1.2,1,0,0,1
198,Dean,Henderson,Henderson,a,,,5.0,251,10,1.9,132,20,2.0,122,13,2,0,0,0,0,4664,11195,0.4,0.4,2.6,2.0,2.0,122,13,100.0,75.0,57,9,455,53,397,53,140,9,,,,,,,,0.0,0.0,0.0,1.12,3,0.0,2.0,1.0,0.0,1,2,90,0,0,0,2,0,0,0,0,0,3,1,0,14,4664,11195,0,0.0,0.0,0.0,1.12,28.2,0.0,0.0,2.8,0,3,13,0
199,Walter,Benítez,Benitez,a,,,4.5,417,29,0.1,403,44,0.0,356,46,0,0,0,0,0,398,958,0.0,0.0,1.9,1.9,0.0,356,46,,,343,46,346,28,272,28,360,46,,,,,,,,0.0,0.0,0.0,0.0,0,0.0,0.0,0.0,0.0,1,0,0,0,0,0,0,0,0,0,0,0,0,0,0,0,398,958,0,0.0,0.0,0.0,0.0,0.0,0.0,0.0,0.0,0,0,0,0
201,Daniel,Muñoz Mejía,Muñoz,a,,,5.5,155,19,8.6,48,18,0.0,558,196,0,0,0,0,0,13977,95127,0.0,0.0,2.5,2.5,0.0,558,196,,,263,100,190,58,43,10,159,61,,,,,,,,0.38,0.02,0.4,1.4,0,0.0,3.33,1.67,6.67,1,0,54,0,0,0,2,0,0,0,0,0,0,1,0,-4,13977,95127,0,0.23,0.01,0.24,0.84,1.2,1.8,21.0,2.4,1,3,1,4
202,Chris,Richards,Richards,a,,,5.0,296,53,0.7,222,84,3.0,89,38,3,0,0,0,0,3443,4803,0.6,0.6,2.2,2.2,3.0,89,38,,,22,8,236,83,432,174,95,33,,,,,,,,0.0,0.0,0.0,1.12,0,0.0,2.0,1.0,16.0,1,3,90,0,0,0,2,0,0,0,0,0,0,1,0,13,3443,4803,0,0.0,0.0,0.0,1.12,42.6,0.7,0.0,4.3,2,14,1,16
203,Jaydee,Canvot,Canvot,a,,,5.0,394,78,0.3,296,110,1.0,239,92,1,0,0,0,0,682,2983,0.2,0.2,2.2,2.2,1.0,239,92,,,60,23,142,42,124,40,109,38,,,,,,,,0.05,0.01,0.06,1.12,0,0.0,2.0,1.0,8.0,1,1,90,0,0,0,2,0,0,0,0,0,0,1,0,9,682,2983,0,0.05,0.01,0.06,1.12,27.4,5.7,5.0,3.8,4,4,3,8
204,Tyrick,Mitchell,Mitchell,a,,,4.5,462,119,5.7,67,27,1.0,191,70,1,0,0,0,0,5088,38668,0.2,0.2,1.7,1.7,1.0,191,70,,,145,68,92,27,162,58,143,56,,,,,,,,0.0,0.01,0.01,1.12,0,0.0,2.0,1.0,5.0,1,1,90,0,0,0,2,0,0,0,0,0,0,1,0,9,5088,38668,0,0.0,0.01,0.01,1.12,11.6,13.8,2.0,2.7,2,3,4,5
205,Borna,Sosa,Sosa,a,,,4.5,441,103,0.0,526,183,0.0,369,140,0,0,0,0,0,108,290,0.0,0.0,1.7,1.7,0.0,369,140,,,356,145,360,149,288,123,373,146,,,,,,,,0.0,0.0,0.0,0.0,0,0.0,0.0,0.0,0.0,1,0,0,0,0,0,0,0,0,0,0,0,0,0,0,0,108,290,0,0.0,0.0,0.0,0.0,0.0,0.0,0.0,0.0,0,0,0,0
206,Chadi,Riad Dnanou,Chadi Riad,i,Knee injury - Unknown return date,,4.5,500,138,0.1,488,171,1.0,202,79,1,0,0,0,0,264,2296,0.2,0.2,0.0,1.7,1.0,202,79,0.0,,137,64,206,66,336,147,216,83,,,,,,,,0.0,0.01,0.01,1.22,0,0.0,2.5,1.25,8.75,1,1,72,0,0,0,2,0,0,0,0,0,0,1,0,7,264,2296,0,0.0,0.01,0.01,0.98,12.6,1.3,0.0,1.4,1,6,3,7
207,Oscar,Mingueza,Mingueza,a,,,4.5,457,115,0.1,447,158,0.0,379,147,0,0,0,0,0,168,1011,0.0,0.0,1.7,1.7,0.0,379,147,,,365,151,370,155,300,131,382,152,,,,,,,,0.0,0.0,0.0,0.0,0,0.0,0.0,0.0,0.0,1,0,0,0,0,0,0,0,0,0,0,0,0,0,0,0,168,1011,0,0.0,0.0,0.0,0.0,0.0,0.0,0.0,0.0,0,0,0,0
208,Ismaïla,Sarr,Sarr,i,Groin injury - Unknown return date,,6.5,40,27,2.9,106,33,0.0,600,263,0,0,0,0,0,2039,147654,0.0,0.0,0.0,2.3,0.0,600,263,0.0,,601,262,604,264,601,261,604,264,,,2.0,,,,,0.0,0.0,0.0,0.0,0,0.0,0.0,0.0,0.0,1,0,0,0,0,0,0,0,0,0,0,0,0,0,0,0,2039,147654,0,0.0,0.0,0.0,0.0,0.0,0.0,0.0,0.0,0,0,0,0
210,Adam,Wharton,Wharton,a,,,5.5,194,119,0.9,206,69,4.0,76,32,4,0,0,0,0,5106,5957,0.7,0.7,2.0,2.0,4.0,76,32,100.0,100.0,103,36,25,20,559,235,82,43,1.0,,,,,,,0.0,0.24,0.24,1.12,0,0.0,2.0,1.0,14.0,1,4,90,0,0,0,2,0,0,0,0,0,0,1,0,20,5106,5957,0,0.0,0.24,0.24,1.12,16.8,30.9,0.0,4.8,2,4,8,14
211,Yéremy,Pino Santos,Yeremy,a,,,5.5,192,118,0.2,351,129,1.0,262,119,1,0,0,0,0,223,1828,0.2,0.2,2.0,2.0,1.0,262,119,,,254,116,137,81,120,61,220,98,2.0,1.0,,,,,,0.15,0.05,0.2,0.69,0,0.0,0.0,0.0,12.86,1,1,35,0,0,0,0,0,0,0,0,0,0,0,0,4,223,1828,0,0.06,0.02,0.08,0.27,2.0,6.3,6.0,1.4,2,0,3,5
212,Will,Hughes,Hughes,a,,,4.5,413,241,11.0,36,13,0.0,352,142,0,0,0,0,0,16585,70798,0.0,0.0,1.0,1.0,0.0,352,142,,,339,135,342,145,268,101,356,142,3.0,,,,,,,0.0,0.0,0.0,0.0,0,0.0,0.0,0.0,0.0,1,0,0,0,0,0,0,0,0,0,0,0,0,0,0,0,16585,70798,0,0.0,0.0,0.0,0.0,0.0,0.0,0.0,0.0,0,0,0,0
213,Jefferson,Lerma Solís,Lerma,a,,,5.0,243,146,0.1,412,161,0.0,451,173,0,0,0,0,0,169,1112,0.0,0.0,1.5,1.5,0.0,451,173,,,441,166,449,176,389,135,457,173,,,,,,,,0.0,0.0,0.0,0.0,0,0.0,0.0,0.0,0.0,1,0,0,0,0,0,0,0,0,0,0,0,0,0,0,0,169,1112,0,0.0,0.0,0.0,0.0,0.0,0.0,0.0,0.0,0,0,0,0
214,Daichi,Kamada,Kamada,a,,,5.0,265,162,0.3,306,106,3.0,87,35,3,0,0,0,0,1476,2417,0.6,0.6,1.5,1.5,3.0,87,35,,,81,27,29,22,407,147,75,40,4.0,,,,,,,0.0,0.27,0.27,1.12,0,0.0,2.0,1.0,14.0,1,3,90,0,0,0,2,0,0,0,1,0,0,1,0,25,1476,2417,0,0.0,0.27,0.27,1.12,20.4,29.3,0.0,5.0,3,3,8,14
215,Justin,Devenny,Devenny,a,,,5.0,332,192,0.0,578,245,0.0,505,204,0,0,0,0,0,57,148,0.0,0.0,1.5,1.5,0.0,505,204,,,493,196,505,205,462,172,509,203,,2.0,3.0,,,,,0.0,0.0,0.0,0.0,0,0.0,0.0,0.0,0.0,1,0,0,0,0,0,0,0,0,0,0,0,0,0,0,0,57,148,0,0.0,0.0,0.0,0.0,0.0,0.0,0.0,0.0,0,0,0,0
216,Romain,Esse,Esse,a,,,5.0,383,228,0.0,502,209,0.0,533,223,0,0,0,0,0,184,487,0.0,0.0,1.5,1.5,0.0,533,223,,,522,216,534,224,496,195,538,223,,,,,,,,0.0,0.0,0.0,0.0,0,0.0,0.0,0.0,0.0,1,0,0,0,0,0,0,0,0,0,0,0,0,0,0,0,184,487,0,0.0,0.0,0.0,0.0,0.0,0.0,0.0,0.0,0,0,0,0
217,Matheus,França de Oliveira,M.França,a,,,5.0,365,214,0.0,534,220,0.0,522,214,0,0,0,0,0,14,533,0.0,0.0,1.5,1.5,0.0,522,214,,,510,206,523,215,481,183,526,213,,,,,,,,0.0,0.0,0.0,0.0,0,0.0,0.0,0.0,0.0,1,0,0,0,0,0,0,0,0,0,0,0,0,0,0,0,14,533,0,0.0,0.0,0.0,0.0,0.0,0.0,0.0,0.0,0,0,0,0
218,Cheick,Doucouré,Doucouré,a,,,5.0,302,179,0.1,471,193,0.0,485,193,0,0,0,0,0,206,831,0.0,0.0,1.5,1.5,0.0,485,193,,,474,185,484,194,437,160,490,192,,,,,,,,0.0,0.0,0.0,0.0,0,0.0,0.0,0.0,0.0,1,0,0,0,0,0,0,0,0,0,0,0,0,0,0,0,206,831,0,0.0,0.0,0.0,0.0,0.0,0.0,0.0,0.0,0,0,0,0
219,Jesurun,Rak-Sakyi,J.Rak-Sakyi,a,,,5.0,310,183,0.0,595,255,0.0,493,197,0,0,0,0,0,32,71,0.0,0.0,1.5,1.5,0.0,493,197,,,482,189,492,198,445,164,498,196,,,,,,,,0.0,0.0,0.0,0.0,0,0.0,0.0,0.0,0.0,1,0,0,0,0,0,0,0,0,0,0,0,0,0,0,0,32,71,0,0.0,0.0,0.0,0.0,0.0,0.0,0.0,0.0,0,0,0,0
220,Rio,Cardines,Cardines,u,Has joined Bristol City on loan for the rest of the season,,4.5,524,147,0.0,608,204,0.0,422,164,0,0,0,0,0,0,56,0.0,0.0,0.0,0.0,0.0,422,164,0.0,0.0,411,170,417,171,357,154,427,170,,,,,,,,0.0,0.0,0.0,0.0,0,0.0,0.0,0.0,0.0,1,0,0,0,0,0,0,0,0,0,0,0,0,0,0,0,0,56,0,0.0,0.0,0.0,0.0,0.0,0.0,0.0,0.0,0,0,0,0
221,Joél,Drakes-Thomas,Drakes-Thomas,a,,,4.5,540,268,0.1,436,173,0.0,436,165,0,0,0,0,0,332,786,0.0,0.0,1.0,1.0,0.0,436,165,,,425,158,431,168,372,127,441,165,,,,,,,,0.0,0.0,0.0,0.0,0,0.0,0.0,0.0,0.0,1,0,0,0,0,0,0,0,0,0,0,0,0,0,0,0,332,786,0,0.0,0.0,0.0,0.0,0.0,0.0,0.0,0.0,0,0,0,0
222,Jørgen,Strand Larsen,Strand Larsen,a,,,6.0,77,20,0.5,250,42,1.0,277,33,1,0,0,0,0,1137,5624,0.2,0.2,2.0,2.0,1.0,277,33,,,266,23,159,20,61,13,168,17,,,,,,,,0.83,0.03,0.86,0.47,0,0.0,0.0,0.0,0.0,1,1,27,0,0,0,0,0,0,0,0,0,0,0,0,3,1137,5624,0,0.25,0.01,0.26,0.14,1.0,3.5,17.0,2.2,0,0,0,0
223,Jean-Philippe,Mateta,Mateta,a,,,6.5,39,11,5.3,68,11,2.0,162,16,2,0,0,0,0,19121,52584,0.3,0.3,2.1,2.1,2.0,162,16,,,260,22,103,11,85,16,153,16,,,1.0,,,,,1.02,0.03,1.05,1.42,0,0.0,2.9,1.45,7.26,1,2,62,0,0,0,2,0,0,0,0,0,0,1,0,-3,19121,52584,0,0.7,0.02,0.72,0.98,1.4,12.3,11.0,2.5,2,1,2,5
224,Eddie,Nketiah,Nketiah,a,,,5.5,138,35,0.5,257,43,1.0,248,23,1,0,0,0,0,2520,4458,0.2,0.2,1.8,1.8,1.0,248,23,,,161,12,49,2,42,11,56,10,,,,,,,,0.98,0.95,1.93,1.37,0,0.0,3.27,1.64,4.91,1,1,55,0,0,0,2,0,0,0,0,0,0,1,0,12,2520,4458,0,0.6,0.58,1.18,0.84,10.4,24.5,23.0,5.8,1,1,1,3
225,Christantus,Uche,Uche,u,has returned to Getafe CF,,5.0,396,61,0.0,616,73,0.0,537,54,0,0,0,0,0,0,0,0.0,0.0,0.0,0.0,0.0,537,54,0.0,0.0,526,44,540,52,505,51,542,53,,,,,,,,0.0,0.0,0.0,0.0,0,0.0,0.0,0.0,0.0,1,0,0,0,0,0,0,0,0,0,0,0,0,0,0,0,0,0,0,0.0,0.0,0.0,0.0,0.0,0.0,0.0,0.0,0,0,0,0
241,Dwight,McNeil,McNeil,a,,,5.5,161,100,0.2,363,135,2.0,142,66,2,0,0,0,0,297,1260,0.4,0.4,2.0,2.0,2.0,142,66,,,167,64,148,88,176,87,204,92,,,,,,,,0.07,0.03,0.1,1.42,0,0.0,2.9,1.45,7.26,1,2,62,0,0,0,2,0,0,0,0,0,0,1,0,11,297,1260,0,0.05,0.02,0.07,0.98,9.6,4.7,2.0,1.6,0,3,2,5
555,Remi,Matthews,Matthews,a,,,4.0,560,58,1.8,135,21,0.0,305,30,0,0,0,0,0,4869,5158,0.0,0.0,1.0,1.0,0.0,305,30,,,292,30,291,10,209,10,309,30,,,,,,,,0.0,0.0,0.0,0.0,0,0.0,0.0,0.0,0.0,1,0,0,0,0,0,0,0,0,0,0,0,0,0,0,0,4869,5158,0,0.0,0.0,0.0,0.0,0.0,0.0,0.0,0.0,0,0,0,0
577,Takehiro,Tomiyasu,Tomiyasu,a,,,4.5,446,107,0.4,282,106,1.0,189,68,1,0,0,0,0,714,2018,0.2,0.2,1.7,1.7,1.0,189,68,,,242,95,172,51,292,126,254,94,,,,,,,,0.0,0.05,0.05,0.7,0,0.0,0.0,0.0,5.0,1,1,18,0,0,0,0,0,0,0,0,0,0,0,0,3,714,2018,0,0.0,0.01,0.01,0.14,2.4,2.4,0.0,0.5,0,1,1,1
588,Anan,Khalaili,Khalaili,a,,,5.0,377,74,0.1,415,147,1.0,232,90,1,0,0,0,0,367,605,0.2,0.2,2.2,2.2,1.0,232,90,,,69,30,39,12,134,44,63,21,,,,,,,,0.0,0.41,0.41,0.69,0,0.0,0.0,0.0,23.14,1,1,35,0,0,0,0,0,0,0,0,0,0,0,0,12,367,605,0,0.0,0.16,0.16,0.27,24.0,26.5,4.0,5.5,4,5,3,9
595,Zavier,Gozo,Gozo,a,,,5.0,376,223,0.0,572,242,0.0,530,220,0,0,0,0,0,90,139,0.0,0.0,1.5,1.5,0.0,530,220,,,519,213,531,221,491,191,535,220,,,,,,,,0.0,0.0,0.0,0.0,0,0.0,0.0,0.0,0.0,1,0,0,0,0,0,0,0,0,0,0,0,0,0,0,0,90,139,0,0.0,0.0,0.0,0.0,0.0,0.0,0.0,0.0,0,0,0,0
21,Christian,Nørgaard,Nørgaard,i,Unspecified injury - Unknown return date,,5.0,239,144,0.1,429,169,0.0,448,171,0,0,0,0,0,92,2409,0.0,0.0,0.0,0.0,0.0,448,171,0.0,0.0,438,164,445,174,386,133,454,171,,,,,,,,0.0,0.0,0.0,0.0,0,0.0,0.0,0.0,0.0,1,0,0,0,0,0,0,0,0,0,0,0,0,0,0,0,92,2409,0,0.0,0.0,0.0,0.0,0.0,0.0,0.0,0.0,0,0,0,0
209,Brennan,Johnson,Johnson,a,,,6.0,76,49,0.2,374,143,1.0,276,128,1,0,0,0,0,521,1950,0.2,0.2,2.2,2.2,1.0,276,128,,,225,98,266,141,582,246,272,127,,,,,,,,0.0,0.0,0.0,4.35,0,0.0,0.0,0.0,30.0,1,1,6,0,0,0,0,0,0,0,0,0,0,0,0,3,521,1950,0,0.0,0.0,0.0,0.29,4.0,0.3,0.0,0.4,0,2,0,2
226,Jordan,Pickford,Pickford,a,,,5.5,118,2,8.8,47,6,7.0,38,4,7,0,0,0,0,52256,20697,1.3,1.3,3.3,3.3,7.0,38,4,,,49,5,543,65,512,65,127,5,,,,,,,,0.0,0.02,0.02,1.96,4,1.0,0.0,1.0,0.0,1,7,90,0,0,1,0,0,0,0,0,0,4,1,0,34,52256,20697,0,0.0,0.02,0.02,1.96,31.8,0.0,0.0,3.2,0,0,12,0
227,Mark,Travers,Travers,a,,,5.0,284,13,0.0,513,55,0.0,472,64,0,0,0,0,0,230,324,0.0,0.0,2.6,2.6,0.0,472,64,,,463,64,472,56,422,56,479,64,,,,,,,,0.0,0.0,0.0,0.0,0,0.0,0.0,0.0,0.0,1,0,0,0,0,0,0,0,0,0,0,0,0,0,0,0,230,324,0,0.0,0.0,0.0,0.0,0.0,0.0,0.0,0.0,0,0,0,0
228,Tom,King,King,a,,,4.5,420,31,0.0,497,53,0.0,358,48,0,0,0,0,0,212,303,0.0,0.0,1.9,1.9,0.0,358,48,,,345,48,348,30,274,30,362,48,,,,,,,,0.0,0.0,0.0,0.0,0,0.0,0.0,0.0,0.0,1,0,0,0,0,0,0,0,0,0,0,0,0,0,0,0,212,303,0,0.0,0.0,0.0,0.0,0.0,0.0,0.0,0.0,0,0,0,0
229,James,Tarkowski,Tarkowski,a,,,6.0,56,5,8.8,46,17,6.0,59,27,6,0,0,0,0,35636,25674,1.0,1.0,2.8,2.8,6.0,59,27,,,115,53,232,80,138,46,181,70,,,,,,,,0.05,0.0,0.05,1.96,0,1.0,0.0,1.0,9.0,1,6,90,0,0,1,0,0,0,0,0,0,0,1,0,25,35636,25674,0,0.05,0.0,0.05,1.96,15.2,0.8,4.0,2.0,1,8,4,9
230,Jarrad,Branthwaite,Branthwaite,a,,,5.5,186,27,1.8,134,54,6.0,57,25,6,0,0,0,0,15699,6468,1.1,1.1,2.5,2.5,6.0,57,25,,,92,39,231,79,119,37,152,59,,,,,,,,0.0,0.01,0.01,1.96,0,1.0,0.0,1.0,8.0,1,6,90,0,0,1,0,0,0,0,0,0,0,1,0,27,15699,6468,0,0.0,0.01,0.01,1.96,18.6,0.8,6.0,2.5,2,6,2,8
231,Michael,Keane,Keane,a,,,5.0,234,37,1.4,165,68,0.0,444,169,0,0,0,0,0,2807,18839,0.0,0.0,2.2,2.2,0.0,444,169,,,433,175,440,176,381,159,449,175,,,,,,,,0.0,0.0,0.0,0.0,0,0.0,0.0,0.0,0.0,1,0,0,0,0,0,0,0,0,0,0,0,0,0,0,0,2807,18839,0,0.0,0.0,0.0,0.0,0.0,0.0,0.0,0.0,0,0,0,0
232,Jake,O'Brien,O'Brien,a,,,5.0,352,71,0.5,264,99,0.0,518,189,0,0,0,0,0,1221,5521,0.0,0.0,2.2,2.2,0.0,518,189,,,506,195,519,195,476,186,522,195,,,,,,,,0.0,0.0,0.0,0.0,0,0.0,0.0,0.0,0.0,1,0,0,0,0,0,0,0,0,0,0,0,0,0,0,0,1221,5521,0,0.0,0.0,0.0,0.0,0.0,0.0,0.0,0.0,0,0,0,0
233,Vitalii,Mykolenko,Mykolenko,a,,,4.5,447,108,1.6,150,62,6.0,47,20,6,0,0,0,0,16449,6432,1.3,1.3,1.7,1.7,6.0,47,20,,,136,63,91,26,160,56,135,53,,,,,,,,0.0,0.05,0.05,1.96,0,1.0,0.0,1.0,4.0,1,6,90,0,0,1,0,0,0,0,0,0,0,1,0,27,16449,6432,0,0.0,0.05,0.05,1.96,12.8,13.8,2.0,2.9,0,4,4,4
234,Nathan,Patterson,Patterson,a,,,4.5,461,118,0.0,519,180,0.0,382,150,0,0,0,0,0,170,297,0.0,0.0,1.7,1.7,0.0,382,150,,,368,154,373,158,304,134,385,155,,,,,,,,0.0,0.0,0.0,0.0,0,0.0,0.0,0.0,0.0,1,0,0,0,0,0,0,0,0,0,0,0,0,0,0,0,170,297,0,0.0,0.0,0.0,0.0,0.0,0.0,0.0,0.0,0,0,0,0
235,Adam,Aznou,Aznou,a,,,4.0,590,181,0.2,356,134,0.0,325,112,0,0,0,0,0,866,1351,0.0,0.0,1.0,1.0,0.0,325,112,,,312,117,312,119,233,87,329,118,,,,,,,,0.0,0.0,0.0,0.0,0,0.0,0.0,0.0,0.0,1,0,0,0,0,0,0,0,0,0,0,0,0,0,0,0,866,1351,0,0.0,0.0,0.0,0.0,0.0,0.0,0.0,0.0,0,0,0,0
236,Kiernan,Dewsbury-Hall,Dewsbury-Hall,a,,,6.5,37,25,4.5,74,25,11.0,12,7,11,0,0,0,0,103476,20077,1.7,1.7,2.3,2.3,11.0,12,7,,,20,10,32,24,35,19,16,12,2.0,,,,,,,0.12,0.17,0.29,1.92,0,1.0,0.0,1.0,8.0,1,11,90,1,0,1,0,0,0,0,0,0,0,1,3,40,103476,20077,0,0.12,0.17,0.29,1.92,42.8,28.3,27.0,9.8,2,1,5,8
237,Iliman,Ndiaye,Ndiaye,a,,,6.0,81,52,16.0,25,8,9.0,26,12,9,0,0,0,0,92465,39356,1.5,1.5,2.2,2.2,9.0,26,12,,,25,13,15,13,9,6,5,4,,,1.0,,,,,0.24,0.32,0.56,1.96,0,1.0,0.0,1.0,12.0,1,9,90,0,1,1,0,0,0,0,0,0,0,1,1,36,92465,39356,0,0.24,0.32,0.56,1.96,40.8,39.8,48.0,12.9,4,0,8,12
239,James,Garner,Garner,a,,,6.0,75,48,0.1,392,153,1.0,275,127,1,0,0,0,0,1089,1364,0.2,0.2,2.2,0.5,1.0,275,127,100.0,25.0,215,91,109,65,183,93,187,84,1.0,1.0,3.0,,,,,0.0,0.25,0.25,2.78,0,0.0,0.0,0.0,8.18,1,1,11,0,0,0,0,0,0,0,0,0,0,0,0,6,1089,1364,0,0.0,0.03,0.03,0.34,4.8,11.8,2.0,1.9,1,0,0,1
240,Tim,Iroegbunam,Iroegbunam,i,Thigh injury - Unknown return date,,5.0,334,194,0.0,579,246,0.0,507,206,0,0,0,0,0,17,292,0.0,0.0,0.0,0.0,0.0,507,206,0.0,0.0,495,198,507,207,464,174,511,205,,,,,,,,0.0,0.0,0.0,0.0,0,0.0,0.0,0.0,0.0,1,0,0,0,0,0,0,0,0,0,0,0,0,0,0,0,17,292,0,0.0,0.0,0.0,0.0,0.0,0.0,0.0,0.0,0,0,0,0
242,Tyrique,George,George,a,,,5.5,209,131,0.3,303,104,3.0,102,45,3,0,0,0,0,1695,1897,0.5,0.5,2.0,2.0,3.0,102,45,,,190,75,50,32,37,21,65,34,,,,,,,,0.2,0.09,0.29,1.81,0,1.08,0.0,1.08,7.59,1,3,83,0,0,1,0,0,0,0,0,0,0,1,0,13,1695,1897,0,0.18,0.08,0.26,1.67,7.0,23.4,25.0,5.5,0,3,4,7
243,Carlos,Alcaraz Durán,Alcaraz,a,,,5.0,348,202,0.1,425,167,1.0,225,96,1,0,0,0,0,630,903,0.2,0.2,1.5,1.5,1.0,225,96,,,213,89,261,137,55,30,165,75,,,,,,,,1.8,0.0,1.8,3.6,0,0.0,0.0,0.0,270.0,1,1,1,0,0,0,0,0,0,0,0,0,0,0,0,7,630,903,0,0.02,0.0,0.02,0.04,5.0,0.3,17.0,2.2,1,0,2,3
244,Harrison,Armstrong,Armstrong,a,,,5.0,385,230,0.2,339,123,8.0,31,15,8,0,0,0,0,9224,1817,1.6,1.6,1.5,1.5,8.0,31,15,,,55,22,83,53,135,67,81,42,,,,,,,,0.0,0.04,0.04,1.96,0,1.0,0.0,1.0,16.0,1,8,90,0,1,1,0,0,0,0,0,0,0,1,0,25,9224,1817,0,0.0,0.04,0.04,1.96,28.8,14.7,4.0,4.8,2,3,11,16
246,Merlin,Röhl,Röhl,a,,,5.0,353,204,0.1,475,195,3.0,92,36,3,0,0,0,0,394,475,0.6,0.6,1.5,1.5,3.0,92,36,,,128,41,100,62,173,85,136,62,,,,,,,,0.0,0.06,0.06,1.96,0,1.0,0.0,1.0,9.0,1,3,90,0,0,1,0,0,0,0,0,0,0,1,0,12,394,475,0,0.0,0.06,0.06,1.96,13.8,13.0,2.0,2.9,2,2,5,9
247,Hayden,Hackney,Hackney,d,Knock - 75% chance of playing,,5.5,154,95,0.3,309,107,3.0,96,39,3,0,0,0,0,806,1919,0.5,0.5,1.5,2.0,3.0,96,39,75.0,,174,68,104,63,126,63,149,67,,,,,,,,0.01,0.01,0.02,1.87,0,1.15,0.0,1.15,8.08,1,3,78,0,0,1,0,0,0,0,0,0,0,1,0,16,806,1919,0,0.01,0.01,0.02,1.62,8.6,12.2,5.0,2.6,2,1,4,7
248,Norberto Bercique,Gomes Betuncal,Beto,a,,,5.5,190,43,2.4,119,18,1.0,261,28,1,0,0,0,0,6396,31617,0.2,0.2,1.8,1.8,1.0,261,28,,,559,54,572,60,177,28,285,30,,,4.0,,,,,0.41,0.0,0.41,2.78,0,0.0,0.0,0.0,0.0,1,1,11,0,0,0,0,0,0,0,0,0,0,0,0,3,6396,31617,0,0.05,0.0,0.05,0.34,0.0,0.0,2.0,0.2,0,0,0,0
249,Thierno,Barry,Barry,a,,,5.5,218,45,2.9,109,16,8.0,32,3,8,0,0,0,0,100627,15466,1.5,1.5,1.8,1.8,8.0,32,3,,,31,3,65,5,14,4,15,3,,,2.0,,,,,0.52,0.1,0.62,1.87,0,1.15,0.0,1.15,3.46,1,8,78,1,0,1,0,0,0,0,0,0,0,1,2,37,100627,15466,0,0.45,0.09,0.54,1.62,38.0,19.0,41.0,9.8,1,0,2,3
250,Bernd,Leno,Leno,a,,,4.5,405,24,3.0,104,17,2.0,112,8,2,0,0,0,0,8908,8756,0.4,0.4,1.9,1.9,2.0,112,8,,,53,7,338,23,262,23,130,7,,,,,,,,0.0,0.0,0.0,2.24,3,0.0,3.0,1.0,0.0,1,2,90,0,0,0,3,0,0,0,0,0,3,1,0,11,8908,8756,0,0.0,0.0,0.0,2.24,29.6,0.0,0.0,3.0,0,1,9,0
251,Benjamin,Lecomte,Lecomte,a,,,4.0,549,54,1.2,175,26,0.0,299,26,0,0,0,0,0,1103,2967,0.0,0.0,1.0,1.0,0.0,299,26,,,286,26,283,6,201,6,302,26,,,,,,,,0.0,0.0,0.0,0.0,0,0.0,0.0,0.0,0.0,1,0,0,0,0,0,0,0,0,0,0,0,0,0,0,0,1103,2967,0,0.0,0.0,0.0,0.0,0.0,0.0,0.0,0.0,0,0,0,0
252,Alfie,McNally,McNally,a,,,4.0,593,67,0.2,375,40,0.0,328,39,0,0,0,0,0,591,472,0.0,0.0,1.0,1.0,0.0,328,39,,,315,39,315,19,236,19,332,39,,,,,,,,0.0,0.0,0.0,0.0,0,0.0,0.0,0.0,0.0,1,0,0,0,0,0,0,0,0,0,0,0,0,0,0,0,591,472,0,0.0,0.0,0.0,0.0,0.0,0.0,0.0,0.0,0,0,0,0
253,Joachim,Andersen,Andersen,a,,,5.0,252,41,0.1,462,163,0.0,457,172,0,0,0,0,0,1570,477,0.0,0.0,2.2,0.0,0.0,457,172,100.0,0.0,447,179,456,180,398,163,463,179,,,,,,,,0.0,0.0,0.0,0.0,0,0.0,0.0,0.0,0.0,1,0,0,0,0,0,0,0,0,0,0,0,0,0,0,0,1570,477,0,0.0,0.0,0.0,0.0,0.0,0.0,0.0,0.0,0,0,0,0
254,Antonee,Robinson,Robinson,a,,,4.5,426,92,1.7,147,60,1.0,187,66,1,0,0,0,0,8842,7547,0.2,0.2,1.7,1.7,1.0,187,66,,,76,36,46,15,147,48,74,25,,,2.0,,,,,0.14,0.04,0.18,2.46,0,0.0,3.33,1.11,7.78,1,1,81,0,0,0,3,0,0,0,0,0,0,1,0,4,8842,7547,0,0.13,0.04,0.17,2.21,21.6,25.2,3.0,5.0,3,4,5,7
255,Jorge,Cuenca Barreno,J.Cuenca,a,,,4.5,464,121,0.0,524,181,3.0,84,35,3,0,0,0,0,586,187,0.7,0.7,1.7,1.7,3.0,84,35,,,44,16,60,18,306,136,66,22,,,,,,,,0.0,0.03,0.03,2.24,0,0.0,3.0,1.0,10.0,1,3,90,0,0,0,3,0,0,0,0,0,0,1,0,7,586,187,0,0.0,0.03,0.03,2.24,32.8,21.3,0.0,5.4,1,9,3,10
262,Emile,Smith Rowe,Smith Rowe,a,,,5.5,141,87,0.4,278,91,0.0,550,231,0,0,0,0,0,1005,3585,0.0,0.0,2.0,2.0,0.0,550,231,,,540,225,556,234,529,216,556,232,,,,,,,,0.0,0.0,0.0,0.0,0,0.0,0.0,0.0,0.0,1,0,0,0,0,0,0,0,0,0,0,0,0,0,0,0,1005,3585,0,0.0,0.0,0.0,0.0,0.0,0.0,0.0,0.0,0,0,0,0
263,Kevin,Santos Lopes de Macedo,Kevin,a,,,5.5,211,133,0.1,476,196,1.0,267,123,1,0,0,0,0,331,657,0.2,0.2,2.0,2.0,1.0,267,123,,,209,86,189,110,567,242,248,111,3.0,,,,,,,0.0,0.05,0.05,0.16,0,0.0,0.0,0.0,15.88,1,1,17,0,0,0,0,0,0,0,0,0,0,0,0,2,331,657,0,0.0,0.01,0.01,0.03,5.2,1.9,0.0,0.7,2,0,1,3
264,Oscar,Bobb,Bobb,a,,,5.5,185,113,0.3,295,99,2.0,145,69,2,0,0,0,0,3443,2390,0.4,0.4,2.0,2.0,2.0,145,69,,,165,62,93,59,118,60,132,61,2.0,,,,,,,0.0,0.35,0.35,3.01,0,0.0,4.09,1.36,8.18,1,2,66,0,0,0,3,0,0,0,0,0,0,1,0,10,3443,2390,0,0.0,0.26,0.26,2.21,9.8,13.8,6.0,3.0,3,1,2,6
265,Sander,Berge,Berge,a,,,5.0,262,160,0.4,275,89,2.0,123,55,2,0,0,0,0,1196,2613,0.4,0.4,1.5,1.5,2.0,123,55,,,129,42,52,34,104,53,91,48,,,,,,,,0.04,0.04,0.08,2.76,0,0.0,3.75,1.25,5.0,1,2,72,0,0,0,3,0,0,0,0,0,0,1,0,14,1196,2613,0,0.03,0.03,0.06,2.21,13.6,23.1,7.0,4.4,1,1,2,4
266,Tom,Cairney,Cairney,i,Knee injury - Expected back 10 Oct,,5.0,227,141,0.0,597,257,0.0,440,169,0,0,0,0,0,12,100,0.0,0.0,0.0,0.0,0.0,440,169,0.0,0.0,429,162,435,172,376,131,445,169,,,,,,,,0.0,0.0,0.0,0.0,0,0.0,0.0,0.0,0.0,1,0,0,0,0,0,0,0,0,0,0,0,0,0,0,0,12,100,0,0.0,0.0,0.0,0.0,0.0,0.0,0.0,0.0,0,0,0,0
268,Josh,King,King,a,,,5.5,216,136,0.5,255,85,7.0,40,20,7,0,0,0,0,25039,2813,1.3,1.3,2.0,2.0,7.0,40,20,,,23,12,77,48,13,8,14,11,,,,,,,,0.17,0.04,0.21,2.24,0,0.0,3.0,1.0,8.0,1,7,90,1,0,0,3,0,0,0,0,0,0,1,0,34,25039,2813,0,0.17,0.04,0.21,2.24,41.6,15.6,41.0,9.8,2,2,4,8
269,Ryan,Sessegnon,Sessegnon,a,,,4.5,430,94,0.4,269,101,1.0,188,67,1,0,0,0,0,756,2173,0.2,0.2,1.7,1.7,1.0,188,67,,,194,86,249,90,46,11,147,58,,,,,,,,0.16,0.0,0.16,0.16,0,0.0,0.0,0.0,5.29,1,1,17,0,0,0,0,0,0,0,0,0,0,0,0,7,756,2173,0,0.03,0.0,0.03,0.03,6.6,0.5,19.0,2.6,0,1,1,1
270,Harrison,Reed,Reed,a,,,4.5,422,242,1.5,163,48,0.0,359,143,0,0,0,0,0,4712,11333,0.0,0.0,1.0,1.0,0.0,359,143,,,346,136,350,146,276,102,363,143,,,,,,,,0.0,0.0,0.0,0.0,0,0.0,0.0,0.0,0.0,1,0,0,0,0,0,0,0,0,0,0,0,0,0,0,0,4712,11333,0,0.0,0.0,0.0,0.0,0.0,0.0,0.0,0.0,0,0,0,0
271,Rodrigo,Muniz Carvalho,Muniz,a,,,5.5,153,37,0.6,243,38,1.0,252,25,1,0,0,0,0,2127,5130,0.2,0.2,1.8,1.8,1.0,252,25,,,202,13,112,13,108,22,151,15,,,,,,,,0.22,0.0,0.22,0.34,0,0.0,0.0,0.0,11.25,1,1,8,0,0,0,0,0,0,0,0,0,0,0,0,6,2127,5130,0,0.02,0.0,0.02,0.03,6.0,11.5,7.0,2.5,0,1,0,1
272,Jonah,Kusi-Asare,Kusi-Asare,a,,,4.5,537,73,7.0,58,10,0.0,433,45,0,0,0,0,0,19500,34354,0.0,0.0,1.0,1.0,0.0,433,45,,,422,35,428,42,369,41,438,44,,,,,,,,0.0,0.0,0.0,0.0,0,0.0,0.0,0.0,0.0,1,0,0,0,0,0,0,0,0,0,0,0,0,0,0,0,19500,34354,0,0.0,0.0,0.0,0.0,0.0,0.0,0.0,0.0,0,0,0,0
569,Gonzalo,García,Gonzalo,a,,,6.0,104,27,3.2,99,13,6.0,62,4,6,0,0,0,0,86653,12307,1.0,1.0,2.0,2.0,6.0,62,4,,,34,4,150,18,16,6,30,6,,,1.0,,,,,0.73,0.01,0.74,2.24,0,0.0,3.0,1.0,2.0,1,6,90,1,0,0,3,0,0,0,0,0,0,1,0,33,86653,12307,0,0.73,0.01,0.74,2.24,37.2,4.3,40.0,8.2,1,0,1,2
570,César,Palacios,Palacios,a,,,5.5,214,135,0.2,338,122,2.0,148,72,2,0,0,0,0,719,1395,0.4,0.4,2.0,2.0,2.0,148,72,,,240,109,132,78,98,49,194,86,,,,,,,,0.2,0.01,0.21,2.76,0,0.0,3.75,1.25,5.0,1,2,72,0,0,0,3,0,0,0,0,0,0,1,0,10,719,1395,0,0.16,0.01,0.17,2.21,2.8,7.3,8.0,1.8,2,0,2,4
610,Luc,De Fougerolles,De Fougerolles,a,,,4.0,599,189,0.1,467,164,0.0,333,119,0,0,0,0,0,2337,284,0.0,0.0,1.0,1.0,0.0,333,119,,,320,124,320,126,242,95,337,125,,,,,,,,0.0,0.0,0.0,0.0,0,0.0,0.0,0.0,0.0,1,0,0,0,0,0,0,0,0,0,0,0,0,0,0,0,2337,284,0,0.0,0.0,0.0,0.0,0.0,0.0,0.0,0.0,0,0,0,0
273,Dillon,Phillips,Phillips,a,,,4.0,558,57,1.5,158,23,0.0,304,29,0,0,0,0,0,2508,5290,0.0,0.0,1.0,1.0,0.0,304,29,,,291,29,289,9,207,9,307,29,,,,,,,,0.0,0.0,0.0,0.0,0,0.0,0.0,0.0,0.0,1,0,0,0,0,0,0,0,0,0,0,0,0,0,0,0,2508,5290,0,0.0,0.0,0.0,0.0,0.0,0.0,0.0,0.0,0,0,0,0
274,Jack,Butland,Butland,i,Arm injury - Unknown return date,,4.5,411,26,0.1,421,46,0.0,351,43,0,0,0,0,0,101,1456,0.0,0.0,0.0,0.0,0.0,351,43,0.0,0.0,338,43,341,25,267,25,355,43,,,,,,,,0.0,0.0,0.0,0.0,0,0.0,0.0,0.0,0.0,1,0,0,0,0,0,0,0,0,0,0,0,0,0,0,0,101,1456,0,0.0,0.0,0.0,0.0,0.0,0.0,0.0,0.0,0,0,0,0
275,Harvey,Cartwright,Cartwright,u,Has joined Grimsby Town on loan for the rest of the season,,4.0,589,66,0.0,588,67,0.0,324,38,0,0,0,0,0,0,101,0.0,0.0,0.0,0.0,0.0,324,38,0.0,0.0,311,38,311,18,232,18,328,38,,,,,,,,0.0,0.0,0.0,0.0,0,0.0,0.0,0.0,0.0,1,0,0,0,0,0,0,0,0,0,0,0,0,0,0,0,0,101,0,0.0,0.0,0.0,0.0,0.0,0.0,0.0,0.0,0,0,0,0
276,Thimothée,Lo-Tutala,Lo-Tutala,u,Has joined Colchester United on loan for the rest of the season,,4.0,578,63,0.0,522,58,0.0,317,35,0,0,0,0,0,0,337,0.0,0.0,0.0,0.0,0.0,317,35,0.0,0.0,304,35,304,15,223,15,321,35,,,,,,,,0.0,0.0,0.0,0.0,0,0.0,0.0,0.0,0.0,1,0,0,0,0,0,0,0,0,0,0,0,0,0,0,0,0,337,0,0.0,0.0,0.0,0.0,0.0,0.0,0.0,0.0,0,0,0,0
47,Boubacar,Kamara,Kamara,a,,,5.0,282,168,0.3,286,95,2.0,128,57,2,0,0,0,0,2181,3846,0.4,0.4,1.5,1.5,2.0,128,57,100.0,100.0,154,53,165,97,420,151,218,97,,,,,,,,0.0,0.0,0.0,3.77,0,0.0,4.0,1.0,7.0,1,2,90,0,0,0,4,0,0,0,0,0,0,1,0,9,2181,3846,0,0.0,0.0,0.0,3.77,11.2,2.8,0.0,1.4,2,3,2,7
50,Bradley,Burrowes,Burrowes,a,,,4.5,539,267,0.7,229,75,0.0,435,164,0,0,0,0,0,2977,5601,0.0,0.0,1.0,1.0,0.0,435,164,,,424,157,430,167,371,126,440,164,,,,,,,,0.0,0.0,0.0,0.0,0,0.0,0.0,0.0,0.0,1,0,0,0,0,0,0,0,0,0,0,0,0,0,0,0,2977,5601,0,0.0,0.0,0.0,0.0,0.0,0.0,0.0,0.0,0,0,0,0
277,John,Egan,Egan,a,,,4.0,551,154,2.0,130,52,8.0,29,11,8,0,0,0,0,37363,8167,2.0,2.0,1.0,1.0,8.0,29,11,,,19,7,272,100,154,50,86,30,,,,,,,,0.0,0.0,0.0,1.83,0,1.0,0.0,1.0,21.0,1,8,90,0,0,1,0,0,0,0,0,0,0,1,0,27,37363,8167,0,0.0,0.0,0.0,1.83,43.4,0.1,2.0,4.6,1,20,3,21
278,Charlie,Hughes,Hughes,i,Groin injury - Unknown return date,,4.0,592,183,0.1,409,144,0.0,327,114,0,0,0,0,0,82,1966,0.0,0.0,0.0,0.0,0.0,327,114,0.0,0.0,314,119,314,121,235,89,331,120,,,,,,,,0.0,0.0,0.0,0.0,0,0.0,0.0,0.0,0.0,1,0,0,0,0,0,0,0,0,0,0,0,0,0,0,0,82,1966,0,0.0,0.0,0.0,0.0,0.0,0.0,0.0,0.0,0,0,0,0
279,Semi,Ajayi,Ajayi,a,,,4.0,554,156,1.6,153,63,14.0,4,3,14,0,0,0,0,50150,13023,3.5,3.5,1.0,1.0,14.0,4,3,100.0,,14,4,267,97,20,4,32,7,,,,,,,,0.74,0.0,0.74,1.23,0,1.43,0.0,1.43,10.0,1,14,63,1,0,1,0,0,0,0,0,0,0,1,2,39,50150,13023,0,0.52,0.0,0.52,0.86,44.2,0.2,35.0,7.9,0,7,3,7
280,Lewie,Coyle,Coyle,a,,,4.0,564,163,0.6,236,90,6.0,41,14,6,0,0,0,0,1523,4347,1.5,1.5,1.0,1.0,6.0,41,14,100.0,,203,89,114,33,213,75,196,77,,,,,,,,0.0,0.01,0.01,1.51,0,1.3,0.0,1.3,2.61,1,6,69,0,0,1,0,0,0,0,0,0,0,1,0,23,1523,4347,0,0.0,0.01,0.01,1.16,5.8,11.3,0.0,1.7,1,1,3,2
281,Cody,Drameh,Drameh,a,,,4.0,575,171,0.1,457,162,1.0,177,57,1,0,0,0,0,919,319,0.2,0.2,1.0,1.0,1.0,177,57,100.0,100.0,245,97,301,113,188,64,273,98,,,,,,,,0.22,0.0,0.22,3.02,0,0.0,0.0,0.0,13.5,1,1,20,0,0,0,0,0,0,0,0,0,0,0,0,4,919,319,0,0.05,0.0,0.05,0.67,2.2,0.0,1.0,0.3,1,2,2,3
282,Ryan,Giles,Giles,a,,,4.0,572,170,0.9,203,75,6.0,42,15,6,0,0,0,0,10940,3057,1.5,1.5,1.0,1.0,6.0,42,15,,,125,57,66,20,130,42,110,39,1.0,1.0,,,,,,0.02,0.08,0.1,1.89,0,1.07,0.0,1.07,6.43,1,6,84,0,0,1,0,0,0,0,0,0,0,1,0,24,10940,3057,0,0.02,0.07,0.09,1.76,13.8,18.8,4.0,3.7,1,5,1,6
283,Matty,Jacob,Jacob,i,Hip injury - Expected back 5 Sep,,4.0,579,173,0.0,577,196,0.0,318,108,0,0,0,0,0,43,184,0.0,0.0,0.0,0.0,0.0,318,108,0.0,0.0,305,113,305,115,224,81,322,114,,,,,,,,0.0,0.0,0.0,0.0,0,0.0,0.0,0.0,0.0,1,0,0,0,0,0,0,0,0,0,0,0,0,0,0,0,43,184,0,0.0,0.0,0.0,0.0,0.0,0.0,0.0,0.0,0,0,0,0
284,Cathal,McCarthy,McCarthy,a,,,4.0,616,205,0.1,437,154,0.0,347,132,0,0,0,0,0,576,788,0.0,0.0,1.0,1.0,0.0,347,132,,,334,137,335,140,258,110,351,138,,,,,,,,0.0,0.0,0.0,0.0,0,0.0,0.0,0.0,0.0,1,0,0,0,0,0,0,0,0,0,0,0,0,0,0,0,576,788,0,0.0,0.0,0.0,0.0,0.0,0.0,0.0,0.0,0,0,0,0
285,Paddy,McNair,McNair,a,,,4.0,556,157,0.1,393,140,1.0,173,53,1,0,0,0,0,568,542,0.2,0.2,1.0,1.0,1.0,173,53,,,220,91,288,105,206,70,261,96,,,,,,,,0.0,0.0,0.0,3.32,0,0.0,0.0,0.0,6.92,1,1,26,0,0,0,0,0,0,0,0,0,0,0,0,3,568,542,0,0.0,0.0,0.0,0.96,4.2,0.0,0.0,0.4,0,2,1,2
286,Mohamed,Belloumi,Belloumi,a,,,5.0,367,216,0.6,238,78,3.0,93,37,3,0,0,0,0,10805,3031,0.6,0.6,1.5,1.5,3.0,93,37,,,159,57,181,106,107,55,179,81,3.0,2.0,,,,,,0.05,0.03,0.08,1.83,0,1.0,0.0,1.0,10.0,1,3,90,0,0,1,0,0,0,0,0,0,0,1,0,8,10805,3031,0,0.05,0.03,0.08,1.83,10.6,2.2,7.0,2.0,4,3,3,10
287,Liam,Millar,Millar,a,,,5.0,289,173,0.1,466,190,0.0,476,188,0,0,0,0,0,257,724,0.0,0.0,1.5,1.5,0.0,476,188,,,252,114,259,136,169,83,265,121,,,,,,,,0.0,0.0,0.0,3.17,0,0.0,0.0,0.0,14.21,1,0,19,0,0,0,0,0,0,0,1,0,0,0,0,2,257,724,0,0.0,0.0,0.0,0.67,2.0,0.3,2.0,0.4,1,1,1,3
288,Kieran,Dowell,Dowell,a,,,4.5,427,243,0.4,281,93,0.0,361,144,0,0,0,0,0,1429,3405,0.0,0.0,1.0,1.0,0.0,361,144,,,348,137,352,147,278,103,365,144,,,,,,,,0.0,0.0,0.0,0.0,0,0.0,0.0,0.0,0.0,1,0,0,0,0,0,0,0,0,0,0,0,0,0,0,0,1429,3405,0,0.0,0.0,0.0,0.0,0.0,0.0,0.0,0.0,0,0,0,0
289,Matt,Crooks,Crooks,a,,,4.5,410,240,0.7,226,74,2.0,113,51,2,0,0,0,0,7962,4466,0.4,0.4,1.0,1.0,2.0,113,51,,,89,29,171,101,266,100,169,77,,,,,,,,0.0,0.0,0.0,1.83,0,1.0,0.0,1.0,9.0,1,2,90,0,0,1,0,0,0,0,1,0,0,1,0,9,7962,4466,0,0.0,0.0,0.0,1.83,19.0,2.4,0.0,2.1,4,4,1,9
294,Óscar,Zambrano,Zambrano,i,Thigh injury - Unknown return date,,4.5,511,256,0.1,416,163,0.0,413,155,0,0,0,0,0,387,1876,0.0,0.0,0.0,0.0,0.0,413,155,0.0,0.0,401,148,408,158,346,116,417,155,,,,,,,,0.0,0.0,0.0,0.0,0,0.0,0.0,0.0,0.0,1,0,0,0,0,0,0,0,0,0,0,0,0,0,0,0,387,1876,0,0.0,0.0,0.0,0.0,0.0,0.0,0.0,0.0,0,0,0,0
295,Oli,McBurnie,McBurnie,a,,,5.5,123,31,2.0,129,20,5.0,68,6,5,0,0,0,0,62080,11694,0.9,0.9,1.8,1.8,5.0,68,6,,,100,10,61,4,6,2,21,5,,,1.0,,,,,0.16,0.01,0.17,1.83,0,1.0,0.0,1.0,5.0,1,5,90,0,1,1,0,0,0,0,0,0,0,1,0,21,62080,11694,0,0.16,0.01,0.17,1.83,17.2,21.1,52.0,9.0,0,3,2,5
296,David,Akintola,Akintola,a,,,5.0,268,165,0.0,499,208,0.0,462,181,0,0,0,0,0,790,774,0.0,0.0,1.5,1.5,0.0,462,181,,,454,175,462,184,408,148,470,182,,,,,,,,0.0,0.0,0.0,0.0,0,0.0,0.0,0.0,0.0,1,0,0,0,0,0,0,0,0,0,0,0,0,0,0,0,790,774,0,0.0,0.0,0.0,0.0,0.0,0.0,0.0,0.0,0,0,0,0
26,Kai,Havertz,Havertz,a,,,7.5,15,6,7.3,55,8,6.0,64,5,6,0,0,0,0,153626,28378,0.8,0.8,2.4,2.4,6.0,64,5,,,35,5,98,9,38,10,38,7,,,,,,,,0.26,0.03,0.29,0.2,0,1.0,0.0,1.0,2.0,1,6,90,1,0,1,0,0,0,0,0,0,0,1,0,34,153626,28378,0,0.26,0.03,0.29,0.2,37.2,13.2,25.0,7.5,0,2,0,2
30,Lucas,Digne,Digne,u,Has joined Paris Saint-Germain permanently,,4.5,409,84,0.1,426,151,0.0,350,133,0,0,0,0,0,0,4470,0.0,0.0,0.0,0.0,0.0,350,133,0.0,0.0,337,138,340,141,265,113,354,139,,,,,,,,0.0,0.0,0.0,0.0,0,0.0,0.0,0.0,0.0,1,0,0,0,0,0,0,0,0,0,0,0,0,0,0,0,0,4470,0,0.0,0.0,0.0,0.0,0.0,0.0,0.0,0.0,0,0,0,0
38,Andrés,García,A.García,a,,,4.0,610,199,1.7,144,59,0.0,342,127,0,0,0,0,0,6252,11370,0.0,0.0,1.0,1.0,0.0,342,127,,,329,132,330,135,253,105,346,133,,,,,,,,0.0,0.0,0.0,0.0,0,0.0,0.0,0.0,0.0,1,0,0,0,0,0,0,0,0,0,0,0,0,0,0,0,6252,11370,0,0.0,0.0,0.0,0.0,0.0,0.0,0.0,0.0,0,0,0,0
297,Darko,Gyabi,Gyabi,i,Thigh injury - Unknown return date,,4.5,476,249,0.0,541,223,0.0,390,148,0,0,0,0,0,52,473,0.0,0.0,0.0,0.0,0.0,390,148,0.0,0.0,375,141,380,151,314,109,392,148,,,,,,,,0.0,0.0,0.0,0.0,0,0.0,0.0,0.0,0.0,1,0,0,0,0,0,0,0,0,0,0,0,0,0,0,0,52,473,0,0.0,0.0,0.0,0.0,0.0,0.0,0.0,0.0,0,0,0,0
298,Enis,Destan,Destan,u,Has joined Konyaspor permanently,,4.5,495,64,0.3,291,50,0.0,399,37,0,0,0,0,0,0,7750,0.0,0.0,0.0,0.0,0.0,399,37,0.0,0.0,387,26,394,34,331,32,403,35,,,,,,,,0.0,0.0,0.0,0.0,0,0.0,0.0,0.0,0.0,1,0,0,0,0,0,0,0,0,0,0,0,0,0,0,0,0,7750,0,0.0,0.0,0.0,0.0,0.0,0.0,0.0,0.0,0,0,0,0
299,Mason,Burstow,Burstow,u,Has joined Sheffield Wednesday on loan for the rest of the season,,4.5,504,65,0.1,482,64,0.0,407,38,0,0,0,0,0,0,1077,0.0,0.0,0.0,0.0,0.0,407,38,0.0,0.0,395,27,402,35,340,33,411,36,,,,,,,,0.0,0.0,0.0,0.0,0,0.0,0.0,0.0,0.0,1,0,0,0,0,0,0,0,0,0,0,0,0,0,0,0,0,1077,0,0.0,0.0,0.0,0.0,0.0,0.0,0.0,0.0,0,0,0,0
340,Joe,Gelhardt,Gelhardt,i,Ankle injury - Expected back 5 Sep,,5.0,315,185,0.0,576,244,0.0,498,199,0,0,0,0,0,38,235,0.0,0.0,0.0,0.0,0.0,498,199,0.0,0.0,486,191,496,200,449,166,502,198,,,,,,,,0.0,0.0,0.0,0.0,0,0.0,0.0,0.0,0.0,1,0,0,0,0,0,0,0,0,0,0,0,0,0,0,0,38,235,0,0.0,0.0,0.0,0.0,0.0,0.0,0.0,0.0,0,0,0,0
556,Matt,Targett,Targett,a,,,4.0,559,159,2.3,125,50,1.0,175,55,1,0,0,0,0,4603,12262,0.2,0.2,1.0,1.0,1.0,175,55,,,271,101,290,106,208,71,308,106,,,,,,,,0.0,0.0,0.0,1.26,0,0.0,0.0,0.0,0.0,1,1,5,0,0,0,0,0,0,0,0,0,0,0,0,3,4603,12262,0,0.0,0.0,0.0,0.07,0.4,0.0,0.0,0.0,0,0,1,0
563,Hidemasa,Morita,Morita,a,,,5.0,307,181,0.0,545,226,0.0,490,195,0,0,0,0,0,83,294,0.0,0.0,1.5,0.8,0.0,490,195,100.0,50.0,479,187,489,196,442,162,495,194,,,,,,,,0.0,0.0,0.0,0.0,0,0.0,0.0,0.0,0.0,1,0,0,0,0,0,0,0,0,0,0,0,0,0,0,0,83,294,0,0.0,0.0,0.0,0.0,0.0,0.0,0.0,0.0,0,0,0,0
572,Konstantinos,Tzolakis,Tzolakis,a,,,4.5,480,41,2.5,117,18,10.0,15,1,10,0,0,0,0,78411,8795,2.2,2.2,1.9,1.9,10.0,15,1,,,38,4,382,40,318,40,116,4,,,,,,,,0.0,0.0,0.0,1.83,5,1.0,0.0,1.0,0.0,1,10,90,0,0,1,0,0,0,0,0,0,5,1,3,41,78411,8795,0,0.0,0.0,0.0,1.83,34.6,0.0,0.0,3.5,0,0,22,0
574,Jens,Hjertø-Dahl,Hjertø-Dahl,a,,,5.0,374,221,0.1,442,177,0.0,529,219,0,0,0,0,0,258,723,0.0,0.0,1.5,1.5,0.0,529,219,,,517,211,530,220,489,189,533,218,,,,,,,,0.0,0.0,0.0,0.0,0,0.0,0.0,0.0,0.0,1,0,0,0,0,0,0,0,0,0,0,0,0,0,0,0,258,723,0,0.0,0.0,0.0,0.0,0.0,0.0,0.0,0.0,0,0,0,0
576,Elliot,Stroud,Stroud,a,,,5.0,384,229,0.1,427,168,3.0,94,38,3,0,0,0,0,1087,437,0.6,0.6,1.5,1.5,3.0,94,38,,,176,69,146,86,497,196,225,100,,,,,,,,0.0,0.04,0.04,1.49,0,1.29,0.0,1.29,7.71,1,3,70,0,0,1,0,0,0,0,0,0,0,1,0,11,1087,437,0,0.0,0.03,0.03,1.16,8.4,4.8,0.0,1.3,3,1,2,6
589,Lucas,Gourna-Douath,Gourna-Douath,a,,,5.0,322,188,0.0,529,217,0.0,500,201,0,0,0,0,0,108,218,0.0,0.0,1.5,1.5,0.0,500,201,,,488,193,499,202,454,169,504,200,,,,,,,,0.0,0.0,0.0,0.0,0,0.0,0.0,0.0,0.0,1,0,0,0,0,0,0,0,0,0,0,0,0,0,0,0,108,218,0,0.0,0.0,0.0,0.0,0.0,0.0,0.0,0.0,0,0,0,0
259,Issa,Diop,Diop,a,,,4.0,569,167,17.3,20,7,2.0,109,42,2,0,0,0,0,21965,53639,0.5,0.5,1.0,1.0,2.0,109,42,,,184,81,226,76,156,52,234,88,,,,,,,,0.0,0.01,0.01,0.66,0,0.0,1.0,1.0,5.0,1,2,90,0,0,0,1,0,0,0,0,0,0,1,0,7,21965,53639,0,0.0,0.01,0.01,0.66,7.2,0.8,2.0,1.0,1,4,6,5
267,Saša,Lukić,Lukić,a,,,5.0,267,164,0.1,397,155,5.0,66,26,5,0,0,0,0,899,848,1.0,1.0,1.5,1.5,5.0,66,26,,,71,24,82,52,167,82,102,53,4.0,,,,,,,0.0,0.02,0.02,0.66,0,0.0,1.0,1.0,6.0,1,5,90,0,1,0,1,0,0,0,0,0,0,1,0,22,899,848,0,0.0,0.02,0.02,0.66,23.4,14.8,2.0,4.0,1,2,3,6
300,Christian,Walton,Walton,a,,,4.5,414,27,0.5,253,34,0.0,353,44,0,0,0,0,0,187,3319,0.0,0.0,1.9,1.9,0.0,353,44,,,340,44,343,26,269,26,357,44,,,,,,,,0.0,0.0,0.0,0.0,0,0.0,0.0,0.0,0.0,1,0,0,0,0,0,0,0,0,0,0,0,0,0,0,0,187,3319,0,0.0,0.0,0.0,0.0,0.0,0.0,0.0,0.0,0,0,0,0
301,Alex,Palmer,Palmer,a,,,4.0,552,55,4.5,73,9,0.0,301,27,0,0,0,0,0,6041,13450,0.0,0.0,1.0,1.0,0.0,301,27,,,288,27,285,7,203,7,304,27,,,,,,,,0.0,0.0,0.0,0.0,0,0.0,0.0,0.0,0.0,1,0,0,0,0,0,0,0,0,0,0,0,0,0,0,0,6041,13450,0,0.0,0.0,0.0,0.0,0.0,0.0,0.0,0.0,0,0,0,0
27,Gabriel,Fernando de Jesus,G.Jesus,a,,,6.0,68,17,0.3,289,49,0.0,584,64,0,0,0,0,0,1613,6018,0.0,0.0,2.0,2.0,0.0,584,64,,,582,62,588,65,578,64,588,65,,,,,,,,0.0,0.0,0.0,0.0,0,0.0,0.0,0.0,0.0,1,0,0,0,0,0,0,0,0,0,0,0,0,0,0,0,1613,6018,0,0.0,0.0,0.0,0.0,0.0,0.0,0.0,0.0,0,0,0,0
452,Bruno,Guimarães Rodriguez Moura,Bruno G.,d,Thigh injury - 75% chance of playing,,7.0,24,15,2.9,105,32,0.0,606,267,0,0,0,0,0,710,102693,0.0,0.0,1.8,1.8,0.0,606,267,75.0,75.0,608,267,610,268,609,267,610,268,5.0,,4.0,,,,,0.0,0.0,0.0,0.0,0,0.0,0.0,0.0,0.0,1,0,0,0,0,0,0,0,0,0,0,0,0,0,0,0,710,102693,0,0.0,0.0,0.0,0.0,0.0,0.0,0.0,0.0,0,0,0,0
302,David,Button,Button,a,,,4.0,546,52,0.4,265,36,0.0,296,24,0,0,0,0,0,1468,1452,0.0,0.0,1.0,1.0,0.0,296,24,,,283,24,280,4,198,4,299,24,,,,,,,,0.0,0.0,0.0,0.0,0,0.0,0.0,0.0,0.0,1,0,0,0,0,0,0,0,0,0,0,0,0,0,0,0,1468,1452,0,0.0,0.0,0.0,0.0,0.0,0.0,0.0,0.0,0,0,0,0
303,Cédric,Kipré,Kipré,a,,,4.0,563,162,0.6,235,89,0.0,307,102,0,0,0,0,0,298,3634,0.0,0.0,1.0,1.0,0.0,307,102,,,294,107,293,108,212,74,311,108,,,,,,,,0.0,0.0,0.0,0.0,0,0.0,0.0,0.0,0.0,1,0,0,0,0,0,0,0,0,0,0,0,0,0,0,0,298,3634,0,0.0,0.0,0.0,0.0,0.0,0.0,0.0,0.0,0,0,0,0
304,Dara,O'Shea,O'Shea,a,,,4.0,568,166,3.4,96,40,4.0,74,31,4,0,0,0,0,12249,9976,1.0,1.0,1.0,1.0,4.0,74,31,,,9,2,48,16,155,51,34,9,,,,,,,,0.0,0.16,0.16,0.66,0,0.0,1.0,1.0,18.0,1,4,90,0,0,0,1,0,0,0,0,0,0,1,0,16,12249,9976,0,0.0,0.16,0.16,0.66,48.0,24.5,2.0,7.5,2,16,6,18
305,Leif,Davis,Davis,a,,,4.0,582,176,5.0,70,29,2.0,111,44,2,0,0,0,0,5969,15977,0.5,0.5,1.0,1.0,2.0,111,44,,,111,50,176,52,226,83,190,75,2.0,2.0,,,,,,0.0,0.01,0.01,0.66,0,0.0,1.0,1.0,7.0,1,2,90,0,0,0,1,0,0,0,0,0,0,1,0,10,5969,15977,0,0.0,0.01,0.01,0.66,15.2,2.3,0.0,1.8,0,7,4,7
306,Jacob,Greaves,Greaves,a,,,4.0,580,174,1.5,164,67,2.0,110,43,2,0,0,0,0,1366,4274,0.5,0.5,1.0,1.0,2.0,110,43,,,105,45,204,65,225,82,189,74,,,,,,,,0.0,0.0,0.0,0.66,0,0.0,1.0,1.0,7.0,1,2,90,0,0,0,1,0,0,0,0,0,0,1,0,12,1366,4274,0,0.0,0.0,0.0,0.66,16.4,1.3,0.0,1.8,3,4,1,7
307,Ben,Johnson,Johnson,a,,,4.0,571,169,0.1,413,146,0.0,312,106,0,0,0,0,0,366,834,0.0,0.0,1.0,1.0,0.0,312,106,,,299,111,298,112,218,79,316,112,,,,,,,,0.0,0.0,0.0,0.0,0,0.0,0.0,0.0,0.0,1,0,0,0,0,0,0,0,0,0,0,0,0,0,0,0,366,834,0,0.0,0.0,0.0,0.0,0.0,0.0,0.0,0.0,0,0,0,0
308,Darnell,Furlong,Furlong,a,,,4.0,562,161,0.6,237,91,0.0,306,101,0,0,0,0,0,229,3271,0.0,0.0,1.0,1.0,0.0,306,101,,,293,106,292,107,211,73,310,107,,,,,,,,0.0,0.0,0.0,0.0,0,0.0,0.0,0.0,0.0,1,0,0,0,0,0,0,0,0,0,0,0,0,0,0,0,229,3271,0,0.0,0.0,0.0,0.0,0.0,0.0,0.0,0.0,0,0,0,0
309,Marcelino,Núñez,Núñez,a,,,5.0,346,200,0.1,384,148,4.0,75,31,4,0,0,0,0,919,970,0.8,0.8,1.5,1.5,4.0,75,31,,,135,45,131,77,133,66,155,70,1.0,1.0,,,,,,0.03,0.03,0.06,0.72,0,0.0,1.14,1.14,13.67,1,4,79,0,0,0,1,0,0,0,0,0,0,1,0,26,919,970,0,0.03,0.03,0.06,0.63,13.0,7.3,4.0,2.4,2,4,6,12
310,Azor,Matusiwa,Matusiwa,i,Muscular injury - Unknown return date,,5.0,291,174,0.0,605,264,0.0,478,189,0,0,0,0,0,5,94,0.0,0.0,0.0,0.0,0.0,478,189,0.0,0.0,467,181,476,190,427,155,483,188,,,,,,,,0.0,0.0,0.0,0.0,0,0.0,0.0,0.0,0.0,1,0,0,0,0,0,0,0,0,0,0,0,0,0,0,0,5,94,0,0.0,0.0,0.0,0.0,0.0,0.0,0.0,0.0,0,0,0,0
311,Wes,Burns,Burns,u,Has joined Leicester City permanently,,5.0,242,145,0.0,598,258,0.0,450,172,0,0,0,0,0,0,171,0.0,0.0,0.0,0.0,0.0,450,172,0.0,0.0,440,165,448,175,388,134,456,172,,,,,,,,0.0,0.0,0.0,0.0,0,0.0,0.0,0.0,0.0,1,0,0,0,0,0,0,0,0,0,0,0,0,0,0,0,0,171,0,0.0,0.0,0.0,0.0,0.0,0.0,0.0,0.0,0,0,0,0
312,Jack,Taylor,Taylor,i,Knee injury - Unknown return date,,4.5,453,245,0.0,504,210,0.0,376,146,0,0,0,0,0,86,763,0.0,0.0,0.0,0.0,0.0,376,146,0.0,0.0,363,139,367,149,297,105,380,146,,,,,,,,0.0,0.0,0.0,0.0,0,0.0,0.0,0.0,0.0,1,0,0,0,0,0,0,0,0,0,0,0,0,0,0,0,86,763,0,0.0,0.0,0.0,0.0,0.0,0.0,0.0,0.0,0,0,0,0
313,Jack,Clarke,Clarke,a,,,5.5,167,104,0.3,300,101,7.0,39,19,7,0,0,0,0,2629,1770,1.3,1.3,2.0,2.0,7.0,39,19,,,40,18,245,130,51,26,72,39,3.0,3.0,1.0,,,,,0.47,0.0,0.47,0.14,0,0.0,0.0,0.0,9.47,1,7,19,1,0,0,0,0,0,0,0,0,0,0,1,27,2629,1770,0,0.1,0.0,0.1,0.03,33.6,0.6,18.0,5.2,1,0,1,2
314,Chiedozie,Ogbene,Ogbene,a,,,5.0,283,169,0.0,566,237,0.0,471,184,0,0,0,0,0,34,183,0.0,0.0,1.5,1.5,0.0,471,184,,,462,178,471,187,421,152,478,185,,,,,,,,0.0,0.0,0.0,0.0,0,0.0,0.0,0.0,0.0,1,0,0,0,0,0,0,0,0,0,0,0,0,0,0,0,34,183,0,0.0,0.0,0.0,0.0,0.0,0.0,0.0,0.0,0,0,0,0
315,Abdul,Fatawu,Fatawu,a,,,5.5,202,126,0.2,325,113,2.0,147,71,2,0,0,0,0,483,2139,0.4,0.4,2.0,2.0,2.0,147,71,,,93,32,31,23,97,48,64,33,,,,,,,,0.0,0.57,0.57,0.87,0,0.0,1.38,1.38,9.69,1,2,65,0,0,0,1,0,0,0,0,0,0,1,0,22,483,2139,0,0.0,0.41,0.41,0.63,18.6,28.4,8.0,5.5,4,1,2,7
316,Emersonn,Correia da Silva,Emersonn,a,,,5.5,204,44,1.6,152,24,9.0,24,2,9,0,0,0,0,64024,12362,1.6,1.6,1.8,1.8,9.0,24,2,,,13,2,42,1,15,5,10,1,,,2.0,,,,,1.14,0.08,1.22,0.87,0,0.0,1.38,1.38,4.15,1,9,65,1,0,0,1,0,0,0,0,0,0,1,3,41,64024,12362,0,0.82,0.06,0.88,0.63,45.6,26.3,40.0,11.2,1,1,1,3
317,George,Hirst,Hirst,u,Has joined Stoke City permanently,,5.0,279,51,0.2,361,54,0.0,468,46,0,0,0,0,0,0,7279,0.0,0.0,0.0,0.0,0.0,468,46,0.0,0.0,460,36,469,44,417,42,476,45,,,,,,,,0.0,0.0,0.0,0.0,0,0.0,0.0,0.0,0.0,1,0,0,0,0,0,0,0,0,0,0,0,0,0,0,0,0,7279,0,0.0,0.0,0.0,0.0,0.0,0.0,0.0,0.0,0,0,0,0
31,Ezri,Konsa Ngoyo,Konsa,a,,,4.5,435,99,11.1,35,12,0.0,365,138,0,0,0,0,0,38299,190175,0.0,0.0,1.7,1.7,0.0,365,138,,,352,143,356,147,284,121,369,144,,,,,,,,0.0,0.0,0.0,0.0,0,0.0,0.0,0.0,0.0,1,0,0,0,0,0,0,0,0,0,0,0,0,0,0,0,38299,190175,0,0.0,0.0,0.0,0.0,0.0,0.0,0.0,0.0,0,0,0,0
318,Jaden,Philogene,Philogene,i,Ankle injury - Unknown return date,,5.5,187,114,0.1,385,149,0.0,568,242,0,0,0,0,0,104,2750,0.0,0.0,0.0,2.0,0.0,568,242,0.0,,558,236,571,244,555,232,572,242,5.0,,3.0,,,,,0.0,0.0,0.0,0.0,0,0.0,0.0,0.0,0.0,1,0,0,0,0,0,0,0,0,0,0,0,0,0,0,0,104,2750,0,0.0,0.0,0.0,0.0,0.0,0.0,0.0,0.0,0,0,0,0
319,Sam,Szmodics,Szmodics,u,Has joined Derby County on loan for the rest of the season,,5.0,250,152,0.0,593,253,0.0,456,177,0,0,0,0,0,0,361,0.0,0.0,0.0,0.0,0.0,456,177,0.0,0.0,446,170,454,180,396,141,462,177,,,,,,,,0.0,0.0,0.0,0.0,0,0.0,0.0,0.0,0.0,1,0,0,0,0,0,0,0,0,0,0,0,0,0,0,0,0,361,0,0.0,0.0,0.0,0.0,0.0,0.0,0.0,0.0,0,0,0,0
320,Chuba,Akpom,Akpom,a,,,5.0,241,49,0.5,249,41,1.0,210,20,1,0,0,0,0,3815,4828,0.2,0.2,1.4,1.4,1.0,210,20,,,258,21,447,43,165,26,276,29,,,,,,,,0.0,0.0,0.0,0.11,0,0.0,0.0,0.0,11.25,1,1,24,0,0,0,0,0,0,0,0,0,0,0,0,3,3815,4828,0,0.0,0.0,0.0,0.03,1.4,0.0,2.0,0.3,1,0,2,3
321,Sindre,Walle Egeli,Walle Egeli,a,,,4.5,514,67,2.4,120,19,1.0,204,19,1,0,0,0,0,29808,17736,0.2,0.2,1.0,1.0,1.0,204,19,,,404,29,274,31,349,35,420,38,,,,,,,,0.0,0.0,0.0,0.27,0,0.0,0.0,0.0,0.0,1,1,10,0,0,0,0,0,0,0,0,0,0,0,0,3,29808,17736,0,0.0,0.0,0.0,0.03,0.0,0.1,0.0,0.0,0,0,0,0
322,Ali,Al-Hamadi,Al-Hamadi,u,Has joined Sheffield Wednesday on loan for the rest of the season,,5.0,314,54,0.1,390,58,0.0,497,48,0,0,0,0,0,755,1866,0.0,0.0,0.0,1.4,0.0,497,48,0.0,,485,38,495,46,448,45,501,47,,,,,,,,0.0,0.0,0.0,0.0,0,0.0,0.0,0.0,0.0,1,0,0,0,0,0,0,0,0,0,0,0,0,0,0,0,755,1866,0,0.0,0.0,0.0,0.0,0.0,0.0,0.0,0.0,0,0,0,0
323,Kasey,McAteer,McAteer,a,,,4.5,473,247,1.4,167,50,1.0,194,88,1,0,0,0,0,4618,9135,0.2,0.2,1.0,1.0,1.0,194,88,,,261,120,205,116,312,107,274,128,,,,,,,,0.0,0.0,0.0,0.11,0,0.0,0.0,0.0,11.25,1,1,24,0,0,0,0,0,0,0,0,0,0,0,0,4,4618,9135,0,0.0,0.0,0.0,0.03,1.2,1.3,0.0,0.3,1,0,2,3
324,Anis,Mehmeti,Mehmeti,a,,,5.0,287,171,0.0,489,201,0.0,474,186,0,0,0,0,0,40,525,0.0,0.0,1.5,1.5,0.0,474,186,,,465,180,474,189,425,154,481,187,,,,,,,,0.0,0.0,0.0,0.0,0,0.0,0.0,0.0,0.0,1,0,0,0,0,0,0,0,0,0,0,0,0,0,0,0,40,525,0,0.0,0.0,0.0,0.0,0.0,0.0,0.0,0.0,0,0,0,0
554,Kayne,van Oevelen,Van Oevelen,u,Has joined Valencia on loan for the rest of the season,,4.5,505,46,0.0,520,57,0.0,408,57,0,0,0,0,0,54,481,0.0,0.0,0.0,1.9,0.0,408,57,0.0,,396,57,403,45,341,45,412,57,,,,,,,,0.0,0.0,0.0,0.0,0,0.0,0.0,0.0,0.0,1,0,0,0,0,0,0,0,0,0,0,0,0,0,0,0,54,481,0,0.0,0.0,0.0,0.0,0.0,0.0,0.0,0.0,0,0,0,0
562,Daizen,Maeda,Maeda,a,,,5.5,166,103,0.4,277,90,2.0,143,67,2,0,0,0,0,639,2967,0.4,0.4,2.0,2.0,2.0,143,67,,,139,47,203,115,110,57,173,79,,,,,,,,0.69,0.0,0.69,0.72,0,0.0,1.14,1.14,10.25,1,2,79,0,0,0,1,0,0,0,0,0,0,1,0,7,639,2967,0,0.61,0.0,0.61,0.63,12.6,1.4,7.0,2.1,4,3,2,9
564,Kjell,Scherpen,Scherpen,a,,,4.5,456,36,0.6,233,32,2.0,114,9,2,0,0,0,0,1106,2481,0.4,0.4,1.9,1.9,2.0,114,9,,,118,16,369,35,299,35,214,16,,,,,,,,0.0,0.0,0.0,0.66,2,0.0,1.0,1.0,0.0,1,2,90,0,0,0,1,0,0,0,0,0,2,1,0,12,1106,2481,0,0.0,0.0,0.0,0.66,14.4,0.0,0.0,1.4,0,1,10,0
571,Florentino Ibrain,Morris Luís,Florentino,d,Calf injury - 75% chance of playing,,5.0,273,166,0.1,398,156,0.0,464,182,0,0,0,0,0,193,1505,0.0,0.0,1.1,1.5,0.0,464,182,75.0,,456,176,465,185,412,149,472,183,,,,,,,,0.0,0.0,0.0,0.0,0,0.0,0.0,0.0,0.0,1,0,0,0,0,0,0,0,0,0,0,0,0,0,0,0,193,1505,0,0.0,0.0,0.0,0.0,0.0,0.0,0.0,0.0,0,0,0,0
591,Julio,Enciso,Enciso,a,,,5.5,182,111,0.4,267,87,5.0,71,29,5,0,0,0,0,12930,3445,0.9,0.9,2.0,2.0,5.0,71,29,100.0,,77,25,88,56,52,27,68,36,,,,,,,,0.3,0.4,0.7,0.81,0,0.0,1.29,1.29,10.29,1,5,70,0,1,0,1,0,0,0,0,0,0,1,0,24,12930,3445,0,0.23,0.31,0.54,0.63,21.6,14.0,18.0,5.4,1,2,5,8
592,Abdoul,Ouattara,Ouattara,a,,,4.0,603,193,1.0,194,74,1.0,180,60,1,0,0,0,0,2441,4505,0.2,0.2,1.0,1.0,1.0,180,60,,,208,90,123,37,246,99,207,80,,,,,,,,0.0,0.0,0.0,0.27,0,0.0,0.0,0.0,18.0,1,1,10,0,0,0,0,0,0,0,0,0,0,0,0,4,2441,4505,0,0.0,0.0,0.0,0.03,5.2,10.0,0.0,1.5,0,2,0,2
602,Cameron,Humphreys,Humphreys,a,,,4.5,503,255,0.0,533,219,0.0,406,154,0,0,0,0,0,1088,281,0.0,0.0,1.0,1.0,0.0,406,154,,,394,147,401,157,339,115,410,154,,,,,,,,0.0,0.0,0.0,0.0,0,0.0,0.0,0.0,0.0,1,0,0,0,0,0,0,0,0,0,0,0,0,0,0,0,1088,281,0,0.0,0.0,0.0,0.0,0.0,0.0,0.0,0.0,0,0,0,0
260,Harry,Wilson,Wilson,a,,,6.5,33,21,5.8,65,21,3.0,106,48,3,0,0,0,0,12010,42176,0.5,0.5,2.3,2.3,3.0,106,48,,,199,80,79,50,143,72,150,68,2.0,,,,,,,0.0,0.03,0.03,0.73,0,1.38,0.0,1.38,2.77,1,3,65,0,0,1,0,0,0,0,0,0,0,1,0,8,12010,42176,0,0.0,0.02,0.02,0.53,6.2,15.3,4.0,2.6,2,0,0,2
326,Lucas Estella,Perri,Perri,a,,,4.5,436,33,0.6,242,33,0.0,366,50,0,0,0,0,0,279,3945,0.0,0.0,1.9,1.9,0.0,366,50,,,353,50,357,32,285,32,370,50,,,,,,,,0.0,0.0,0.0,0.0,0,0.0,0.0,0.0,0.0,1,0,0,0,0,0,0,0,0,0,0,0,0,0,0,0,279,3945,0,0.0,0.0,0.0,0.0,0.0,0.0,0.0,0.0,0,0,0,0
327,Jaka,Bijol,Bijol,a,,,5.0,300,54,0.8,212,79,10.0,16,7,10,0,0,0,0,33997,5946,2.0,2.0,2.2,2.2,10.0,16,7,,,70,31,254,92,68,18,104,35,,,,,,,,0.11,0.0,0.11,0.66,0,1.0,0.0,1.0,12.0,1,10,90,0,0,1,0,0,0,0,0,0,0,1,2,28,33997,5946,0,0.11,0.0,0.11,0.66,23.6,0.4,15.0,3.9,1,11,5,12
329,Joe,Rodon,Rodon,a,,,4.5,439,101,3.6,90,35,6.0,46,19,6,0,0,0,0,14787,8862,1.3,1.3,1.7,1.7,6.0,46,19,,,117,54,86,25,122,38,118,43,,,,,,,,0.03,0.06,0.09,0.66,0,1.0,0.0,1.0,7.0,1,6,90,0,0,1,0,0,0,0,0,0,0,1,0,21,14787,8862,0,0.03,0.06,0.09,0.66,14.4,14.4,5.0,3.4,1,6,1,7
330,Jayden,Bogle,Bogle,a,,,4.5,448,109,0.6,245,92,6.0,48,21,6,0,0,0,0,4886,2190,1.3,1.3,1.7,1.7,6.0,48,21,,,189,84,219,73,293,127,243,93,,,,,,,,0.0,0.0,0.0,0.66,0,1.0,0.0,1.0,3.0,1,6,90,0,0,1,0,0,0,0,0,0,0,1,0,24,4886,2190,0,0.0,0.0,0.0,0.66,7.0,1.1,0.0,0.8,1,2,3,3
331,Gabriel,Gudmundsson,Gudmundsson,i,Hamstring injury - Unknown return date,,4.5,460,117,0.0,494,173,0.0,381,149,0,0,0,0,0,53,852,0.0,0.0,0.0,0.0,0.0,381,149,0.0,0.0,367,153,372,157,303,133,384,154,,,,,,,,0.0,0.0,0.0,0.0,0,0.0,0.0,0.0,0.0,1,0,0,0,0,0,0,0,0,0,0,0,0,0,0,0,53,852,0,0.0,0.0,0.0,0.0,0.0,0.0,0.0,0.0,0,0,0,0
332,James,Justin,Justin,a,,,4.5,443,105,1.1,191,72,10.0,14,6,10,0,0,0,0,30441,6486,2.2,2.2,1.7,1.7,10.0,14,6,,,66,28,177,53,159,55,134,52,,,,,,,,0.0,0.01,0.01,0.66,0,1.0,0.0,1.0,12.0,1,10,90,0,0,1,0,0,0,0,0,0,0,1,2,28,30441,6486,0,0.0,0.01,0.01,0.66,24.6,2.3,2.0,2.9,6,6,4,12
333,Sebastiaan,Bornauw,Bornauw,u,Has joined Hamburg SV on loan for the rest of the season,,4.5,468,124,0.0,603,202,0.0,386,153,0,0,0,0,0,0,144,0.0,0.0,0.0,0.0,0.0,386,153,0.0,0.0,372,157,376,160,309,138,389,158,,,,,,,,0.0,0.0,0.0,0.0,0,0.0,0.0,0.0,0.0,1,0,0,0,0,0,0,0,0,0,0,0,0,0,0,0,0,144,0,0.0,0.0,0.0,0.0,0.0,0.0,0.0,0.0,0,0,0,0
334,Tarik,Muharemović,Muharemović,a,,,5.0,358,72,3.4,97,41,6.0,53,22,6,0,0,0,0,17369,8370,1.2,1.2,2.2,2.2,6.0,53,22,,,108,48,241,87,56,15,123,46,,,,,,,,0.09,0.0,0.09,0.66,0,1.0,0.0,1.0,7.0,1,6,90,0,0,1,0,0,0,0,0,0,0,1,0,25,17369,8370,0,0.09,0.0,0.09,0.66,15.6,0.6,17.0,3.3,0,7,1,7
335,Anton,Stach,Stach,a,,,6.0,91,58,2.1,127,39,13.0,7,3,13,0,0,0,0,55886,10019,2.2,2.2,2.2,2.2,13.0,7,3,,,10,7,179,105,65,35,47,29,1.0,1.0,,,,,,0.1,0.05,0.15,0.66,0,1.0,0.0,1.0,16.0,1,13,90,1,0,1,0,0,0,0,0,0,0,1,3,37,55886,10019,0,0.1,0.05,0.15,0.66,47.8,2.3,16.0,6.6,3,8,5,16
336,Noah,Okafor,Okafor,a,,,6.0,79,51,0.4,266,86,1.0,278,129,1,0,0,0,0,1071,6634,0.2,0.2,2.2,2.2,1.0,278,129,,,164,61,89,57,140,70,141,63,,,,,,,,0.0,0.6,0.6,0.49,0,0.0,0.0,0.0,18.75,1,1,24,0,0,0,0,0,0,0,0,0,0,0,0,10,1071,6634,0,0.0,0.16,0.16,0.13,10.0,14.0,4.0,2.8,2,1,2,5
337,Brenden,Aaronson,Aaronson,a,,,5.5,157,97,0.9,209,70,3.0,97,40,3,0,0,0,0,1948,6169,0.5,0.5,2.0,2.0,3.0,97,40,,,179,70,221,123,109,56,203,91,,3.0,,,,,,0.01,0.01,0.02,0.64,0,1.11,0.0,1.11,7.78,1,3,81,0,0,1,0,0,0,0,0,0,0,1,0,16,1948,6169,0,0.01,0.01,0.02,0.58,8.0,1.1,7.0,1.6,1,0,6,7
338,Ethan,Ampadu,Ampadu,a,,,5.5,133,82,1.4,168,51,5.0,69,28,5,0,0,0,0,3343,7293,0.9,0.9,2.0,2.0,5.0,69,28,,,91,31,51,33,523,212,97,50,,,,,,,,0.0,0.04,0.04,0.66,0,1.0,0.0,1.0,13.0,1,5,90,0,0,1,0,0,0,0,0,0,0,1,0,18,3343,7293,0,0.0,0.04,0.04,0.66,18.6,23.3,0.0,4.2,2,6,5,13
339,Sean,Longstaff,Longstaff,a,,,5.0,253,153,0.1,396,154,1.0,211,90,1,0,0,0,0,461,1270,0.2,0.2,1.5,1.5,1.0,211,90,,,448,171,268,142,399,142,464,178,3.0,2.0,,,,,,0.0,0.0,0.0,0.79,0,0.0,0.0,0.0,0.0,1,1,8,0,0,0,0,0,0,0,0,0,0,0,0,3,461,1270,0,0.0,0.0,0.0,0.07,0.0,0.2,0.0,0.0,0,0,0,0
341,Wilfried,Gnonto,Gnonto,i,Hamstring injury - Unknown return date,,5.0,339,197,0.0,561,232,0.0,512,209,0,0,0,0,0,13,615,0.0,0.0,0.0,0.0,0.0,512,209,0.0,0.0,500,201,512,210,469,177,516,208,,,,,,,,0.0,0.0,0.0,0.0,0,0.0,0.0,0.0,0.0,1,0,0,0,0,0,0,0,0,0,0,0,0,0,0,0,13,615,0,0.0,0.0,0.0,0.0,0.0,0.0,0.0,0.0,0,0,0,0
342,Jack,Harrison,Harrison,u,Has joined New England Revolution permanently,,5.0,276,167,0.0,614,270,0.0,465,183,0,0,0,0,0,0,33,0.0,0.0,0.0,0.0,0.0,465,183,0.0,0.0,457,177,466,186,414,150,473,184,,,,,,,,0.0,0.0,0.0,0.0,0,0.0,0.0,0.0,0.0,1,0,0,0,0,0,0,0,0,0,0,0,0,0,0,0,0,33,0,0.0,0.0,0.0,0.0,0.0,0.0,0.0,0.0,0,0,0,0
343,Daniel,James,James,a,,,5.0,256,156,0.1,404,159,0.0,459,179,0,0,0,0,0,618,1386,0.0,0.0,1.5,1.5,0.0,459,179,,,450,173,458,182,401,144,466,180,,,,,,,,0.0,0.0,0.0,0.0,0,0.0,0.0,0.0,0.0,1,0,0,0,0,0,0,0,0,0,0,0,0,0,0,0,618,1386,0,0.0,0.0,0.0,0.0,0.0,0.0,0.0,0.0,0,0,0,0
344,Ilia,Gruev,Gruev,i,Knee injury - Unknown return date,,5.0,329,191,0.0,601,261,0.0,503,203,0,0,0,0,0,7,113,0.0,0.0,0.0,0.0,0.0,503,203,0.0,0.0,491,195,503,204,459,171,507,202,,,,,,,,0.0,0.0,0.0,0.0,0,0.0,0.0,0.0,0.0,1,0,0,0,0,0,0,0,0,0,0,0,0,0,0,0,7,113,0,0.0,0.0,0.0,0.0,0.0,0.0,0.0,0.0,0,0,0,0
345,Tanaka,Ao,Tanaka,a,,,5.0,294,176,0.2,326,114,0.0,481,191,0,0,0,0,0,762,3404,0.0,0.0,1.5,1.5,0.0,481,191,,,470,183,479,192,430,157,486,190,4.0,,,,,,,0.0,0.0,0.0,0.0,0,0.0,0.0,0.0,0.0,1,0,0,0,0,0,0,0,0,0,0,0,0,0,0,0,762,3404,0,0.0,0.0,0.0,0.0,0.0,0.0,0.0,0.0,0,0,0,0
346,Dominic,Calvert-Lewin,Calvert-Lewin,a,,,6.0,63,16,29.0,9,3,1.0,273,32,1,0,0,0,0,62496,133631,0.2,0.2,2.0,2.0,1.0,273,32,,,580,61,233,27,84,15,249,25,,,1.0,,,,,0.13,0.0,0.13,0.66,0,1.0,0.0,1.0,2.0,1,1,90,0,0,1,0,0,0,0,1,0,0,1,0,-2,62496,133631,0,0.13,0.0,0.13,0.66,0.0,0.8,11.0,0.7,0,0,2,2
347,Lukas,Nmecha,Nmecha,a,,,5.5,126,33,0.5,248,40,0.0,542,57,0,0,0,0,0,1515,7271,0.0,0.0,1.8,1.8,0.0,542,57,,,532,47,547,55,517,54,548,56,,,2.0,,,,,0.0,0.0,0.0,0.0,0,0.0,0.0,0.0,0.0,1,0,0,0,0,0,0,0,0,0,0,0,0,0,0,0,1515,7271,0,0.0,0.0,0.0,0.0,0.0,0.0,0.0,0.0,0,0,0,0
603,Jayden,Lienou,Lienou,a,,,4.0,614,203,0.1,456,161,0.0,345,130,0,0,0,0,0,1327,271,0.0,0.0,1.0,1.0,0.0,345,130,,,332,135,333,138,256,108,349,136,,,,,,,,0.0,0.0,0.0,0.0,0,0.0,0.0,0.0,0.0,1,0,0,0,0,0,0,0,0,0,0,0,0,0,0,0,1327,271,0,0.0,0.0,0.0,0.0,0.0,0.0,0.0,0.0,0,0,0,0
604,Alfie,Cresswell,Cresswell,a,,,4.5,526,262,0.1,470,192,0.0,424,160,0,0,0,0,0,2481,586,0.0,0.0,1.0,1.0,0.0,424,160,,,413,153,419,163,359,121,429,160,,,,,,,,0.0,0.0,0.0,0.0,0,0.0,0.0,0.0,0.0,1,0,0,0,0,0,0,0,0,0,0,0,0,0,0,0,2481,586,0,0.0,0.0,0.0,0.0,0.0,0.0,0.0,0.0,0,0,0,0
350,Alisson,Becker,A.Becker,a,,,5.5,119,3,3.8,88,14,2.0,137,15,2,0,0,0,0,18753,16515,0.4,0.4,3.3,3.3,2.0,137,15,,,98,14,544,66,513,66,193,14,,,,,,,,0.0,0.0,0.0,1.58,3,0.0,2.0,1.0,0.0,1,2,90,0,0,0,2,0,0,0,0,0,3,1,0,7,18753,16515,0,0.0,0.0,0.0,1.58,17.8,0.0,0.0,1.8,0,2,6,0
16,Noni,Madueke,Madueke,a,,,6.5,43,30,0.3,297,100,1.0,287,137,1,0,0,0,0,1059,6509,0.2,0.2,2.3,2.3,1.0,287,137,,,171,67,11,9,602,262,70,37,6.0,,,,,,,0.0,0.16,0.16,0.61,0,0.0,0.0,0.0,8.18,1,1,22,0,0,0,0,0,0,0,0,0,0,0,0,8,1059,6509,0,0.0,0.04,0.04,0.15,9.4,43.1,0.0,5.3,0,0,2,2
17,Mikel,Merino Zazón,Merino,a,,,6.0,64,42,0.6,239,79,1.0,274,126,1,0,0,0,0,2053,13062,0.2,0.2,2.2,2.2,1.0,274,126,,,233,103,216,121,73,40,186,83,,,,,,,,0.9,0.13,1.03,0.96,0,0.0,0.0,0.0,12.86,1,1,14,0,0,0,0,0,0,0,0,0,0,0,0,5,2053,13062,0,0.14,0.02,0.16,0.15,3.6,1.2,14.0,1.9,0,0,2,2
351,Giorgi,Mamardashvili,Mamardashvili,a,,,5.0,308,17,0.2,377,41,0.0,491,67,0,0,0,0,0,548,1740,0.0,0.0,2.6,2.6,0.0,491,67,,,480,67,490,60,443,60,496,67,,,,,,,,0.0,0.0,0.0,0.0,0,0.0,0.0,0.0,0.0,1,0,0,0,0,0,0,0,0,0,0,0,0,0,0,0,548,1740,0,0.0,0.0,0.0,0.0,0.0,0.0,0.0,0.0,0,0,0,0
352,Freddie,Woodman,Woodman,a,,,4.0,555,56,1.1,188,28,0.0,303,28,0,0,0,0,0,2601,4570,0.0,0.0,1.0,1.0,0.0,303,28,,,290,28,287,8,205,8,306,28,,,,,,,,0.0,0.0,0.0,0.0,0,0.0,0.0,0.0,0.0,1,0,0,0,0,0,0,0,0,0,0,0,0,0,0,0,2601,4570,0,0.0,0.0,0.0,0.0,0.0,0.0,0.0,0.0,0,0,0,0
353,Armin,Pecsi,Pecsi,u,Has joined TSV Hartberg on loan for the rest of the season,,4.0,608,68,0.0,537,62,0.0,341,40,0,0,0,0,0,0,401,0.0,0.0,0.0,0.0,0.0,341,40,0.0,0.0,328,40,328,20,251,20,345,40,,,,,,,,0.0,0.0,0.0,0.0,0,0.0,0.0,0.0,0.0,1,0,0,0,0,0,0,0,0,0,0,0,0,0,0,0,0,401,0,0.0,0.0,0.0,0.0,0.0,0.0,0.0,0.0,0,0,0,0
354,Vitezslav,Jaros,Jaros,i,Knee injury - Unknown return date,,4.0,574,61,0.0,571,65,0.0,314,33,0,0,0,0,0,123,149,0.0,0.0,0.0,0.0,0.0,314,33,0.0,0.0,301,33,300,13,220,13,318,33,,,,,,,,0.0,0.0,0.0,0.0,0,0.0,0.0,0.0,0.0,1,0,0,0,0,0,0,0,0,0,0,0,0,0,0,0,123,149,0,0.0,0.0,0.0,0.0,0.0,0.0,0.0,0.0,0,0,0,0
355,Harvey,Davies,Davies,a,,,4.0,584,64,0.1,388,42,0.0,319,36,0,0,0,0,0,511,578,0.0,0.0,1.0,1.0,0.0,319,36,,,306,36,306,16,227,16,323,36,,,,,,,,0.0,0.0,0.0,0.0,0,0.0,0.0,0.0,0.0,1,0,0,0,0,0,0,0,0,0,0,0,0,0,0,0,511,578,0,0.0,0.0,0.0,0.0,0.0,0.0,0.0,0.0,0,0,0,0
356,Virgil,van Dijk,Virgil,a,,,6.5,31,2,19.6,17,5,2.0,160,51,2,0,0,0,0,59157,61574,0.3,0.3,3.1,3.1,2.0,160,51,,,63,25,196,61,40,8,73,24,,,,,,,,0.25,0.01,0.26,1.58,0,0.0,2.0,1.0,11.0,1,2,90,0,0,0,2,0,0,0,1,0,0,1,0,8,59157,61574,0,0.25,0.01,0.26,1.58,25.6,1.6,24.0,5.1,2,9,6,11
357,Jeremie,Frimpong,Frimpong,a,,,5.5,144,16,3.4,95,39,0.0,552,194,0,0,0,0,0,18595,26663,0.0,0.0,2.5,2.5,0.0,552,194,,,131,60,19,4,87,29,53,14,,,,,,,,0.01,0.09,0.1,1.58,0,0.0,2.0,1.0,2.0,1,0,90,0,0,0,2,0,0,0,1,0,0,1,0,3,18595,26663,0,0.01,0.09,0.1,1.58,13.6,37.8,10.0,6.1,1,1,3,2
358,Milos,Kerkez,Kerkez,a,,,5.5,205,30,3.6,91,36,0.0,574,199,0,0,0,0,0,11939,26943,0.0,0.0,2.5,2.5,0.0,574,199,,,96,41,94,28,79,23,93,32,,,,,,,,0.02,0.02,0.04,1.58,0,0.0,2.0,1.0,7.0,1,0,90,0,0,0,2,0,0,0,1,0,0,1,0,3,11939,26943,0,0.02,0.02,0.04,1.58,18.0,13.8,12.0,4.4,3,4,3,7
359,Joe,Gomez,Gomez,i,Muscular injury - Unknown return date,,5.0,249,40,0.0,559,194,0.0,455,171,0,0,0,0,0,64,361,0.0,0.0,0.0,0.0,0.0,455,171,0.0,0.0,445,178,453,179,395,162,461,178,,,,,,,,0.0,0.0,0.0,0.0,0,0.0,0.0,0.0,0.0,1,0,0,0,0,0,0,0,0,0,0,0,0,0,0,0,64,361,0,0.0,0.0,0.0,0.0,0.0,0.0,0.0,0.0,0,0,0,0
361,Wellity,Lucky,Lucky,a,,,4.0,594,184,0.1,402,142,0.0,329,115,0,0,0,0,0,523,940,0.0,0.0,1.0,1.0,0.0,329,115,,,316,120,316,122,237,90,333,121,,,,,,,,0.0,0.0,0.0,0.0,0,0.0,0.0,0.0,0.0,1,0,0,0,0,0,0,0,0,0,0,0,0,0,0,0,523,940,0,0.0,0.0,0.0,0.0,0.0,0.0,0.0,0.0,0,0,0,0
362,Jeremy,Jacquet,Jacquet,a,,,5.0,382,75,2.4,122,48,1.0,234,91,1,0,0,0,0,17966,14287,0.2,0.2,2.2,2.2,1.0,234,91,100.0,100.0,140,65,107,32,495,188,156,60,,,,,,,,0.0,0.03,0.03,1.36,0,0.0,2.61,1.3,3.91,1,1,69,0,0,0,2,0,0,0,0,0,0,1,0,9,17966,14287,0,0.0,0.02,0.02,1.04,12.4,11.9,0.0,2.4,1,2,3,3
363,Giovanni,Leoni,Leoni,i,Knee injury - Unknown return date,,4.0,615,204,0.0,501,175,0.0,346,131,0,0,0,0,0,157,447,0.0,0.0,0.0,0.0,0.0,346,131,0.0,0.0,333,136,334,139,257,109,350,137,,,,,,,,0.0,0.0,0.0,0.0,0,0.0,0.0,0.0,0.0,1,0,0,0,0,0,0,0,0,0,0,0,0,0,0,0,157,447,0,0.0,0.0,0.0,0.0,0.0,0.0,0.0,0.0,0,0,0,0
364,Kostas,Tsimikas,Tsimikas,a,,,5.0,269,44,0.1,449,160,0.0,463,174,0,0,0,0,0,294,801,0.0,0.0,2.2,2.2,0.0,463,174,,,455,182,463,182,409,166,471,182,,,,,,,,0.0,0.0,0.0,0.0,0,0.0,0.0,0.0,0.0,1,0,0,0,0,0,0,0,0,0,0,0,0,0,0,0,294,801,0,0.0,0.0,0.0,0.0,0.0,0.0,0.0,0.0,0,0,0,0
365,Calvin,Ramsay,Ramsay,u,Has joined St Mirren on loan for the rest of the season,,4.0,588,180,0.2,343,128,0.0,323,111,0,0,0,0,0,638,2474,0.0,0.0,0.0,1.0,0.0,323,111,0.0,,310,116,310,118,231,86,327,117,,,,,,,,0.0,0.0,0.0,0.0,0,0.0,0.0,0.0,0.0,1,0,0,0,0,0,0,0,0,0,0,0,0,0,0,0,638,2474,0,0.0,0.0,0.0,0.0,0.0,0.0,0.0,0.0,0,0,0,0
366,Florian,Wirtz,Wirtz,a,,,7.5,19,12,11.7,33,11,2.0,165,82,2,0,0,0,0,20323,91499,0.3,0.3,2.6,2.6,2.0,165,82,,,166,63,68,42,31,17,59,32,3.0,2.0,4.0,,,,,0.38,0.06,0.44,0.74,0,0.0,2.9,1.45,7.26,1,2,62,0,0,0,2,0,0,0,0,0,0,1,0,16,20323,91499,0,0.26,0.04,0.3,0.51,9.8,17.9,29.0,5.7,1,0,4,5
367,Cody,Gakpo,Gakpo,a,,,7.0,26,17,5.8,66,22,12.0,9,5,12,0,0,0,0,150642,19781,1.7,1.7,2.5,2.5,12.0,9,5,,,16,9,22,17,18,9,9,8,2.0,,3.0,,,,,0.3,0.15,0.45,1.58,0,0.0,2.0,1.0,12.0,1,12,90,1,0,0,2,0,0,0,0,0,0,1,3,33,150642,19781,0,0.3,0.15,0.45,1.58,44.0,34.0,37.0,11.5,3,4,5,12
32,Matty,Cash,Cash,a,,,4.5,434,98,7.9,52,20,-1.0,614,204,-1,0,0,0,0,25232,83188,-0.2,-0.2,1.7,1.7,-1.0,614,204,,,143,67,218,72,283,120,222,85,1.0,,,,,,,0.0,0.0,0.0,3.77,0,0.0,4.0,1.0,7.0,1,-1,90,0,0,0,4,0,0,0,1,0,0,1,0,-8,25232,83188,0,0.0,0.0,0.0,3.77,12.0,1.1,0.0,1.3,2,5,0,7
368,Dominik,Szoboszlai,Szoboszlai,a,,,7.0,27,18,43.0,4,2,8.0,33,16,8,0,0,0,0,183990,51495,1.1,1.1,2.5,2.5,8.0,33,16,,,7,5,8,7,45,24,7,6,1.0,1.0,1.0,,,,,0.85,0.27,1.12,1.58,0,0.0,2.0,1.0,7.0,1,8,90,1,0,0,2,0,0,0,0,0,0,1,1,29,183990,51495,0,0.85,0.27,1.12,1.58,50.4,47.1,21.0,11.9,1,2,4,7
369,Rio,Ngumoha,Ngumoha,a,,,6.0,109,70,1.1,185,60,2.0,159,79,2,0,0,0,0,4476,11628,0.3,0.3,2.2,2.2,2.0,159,79,,,244,110,139,83,128,64,226,101,,,,,,,,0.06,0.03,0.09,0.74,0,0.0,2.9,1.45,4.35,1,2,62,0,0,0,2,0,0,0,0,0,0,1,0,9,4476,11628,0,0.04,0.02,0.06,0.51,2.4,6.0,5.0,1.3,1,0,2,3
370,Federico,Chiesa,Chiesa,i,Back injury - Unknown return date,,5.5,146,90,0.1,401,158,0.0,554,234,0,0,0,0,0,580,2428,0.0,0.0,0.0,2.0,0.0,554,234,0.0,,544,228,559,237,533,219,559,235,,,,,,,,0.0,0.0,0.0,0.0,0,0.0,0.0,0.0,0.0,1,0,0,0,0,0,0,0,0,0,0,0,0,0,0,0,580,2428,0,0.0,0.0,0.0,0.0,0.0,0.0,0.0,0.0,0,0,0,0
371,Ryan,Gravenberch,Gravenberch,a,,,6.0,83,53,2.0,131,40,5.0,72,30,5,0,0,0,0,11398,12071,0.8,0.8,2.2,2.2,5.0,72,30,,,68,23,75,46,141,71,94,49,,,,,,,,0.07,0.06,0.13,1.29,0,0.0,2.34,1.17,12.86,1,5,77,0,1,0,2,0,0,0,0,0,0,1,0,26,11398,12071,0,0.06,0.05,0.11,1.1,24.4,16.0,4.0,4.4,1,2,8,11
372,Alexis,Mac Allister,Mac Allister,a,,,5.5,152,94,1.6,151,45,1.0,251,115,1,0,0,0,0,5267,17178,0.2,0.2,2.0,2.0,1.0,251,115,,,204,82,202,114,536,222,246,109,,,5.0,,,,,0.0,0.03,0.03,3.57,0,0.0,0.0,0.0,10.0,1,1,27,0,0,0,0,0,0,0,0,0,0,0,0,9,5267,17178,0,0.0,0.01,0.01,1.07,5.8,1.4,0.0,0.7,2,0,1,3
373,Curtis,Jones,C.Jones,d,Hip injury - 75% chance of playing,,5.5,139,85,0.0,505,211,0.0,549,230,0,0,0,0,0,29,957,0.0,0.0,1.5,1.5,0.0,549,230,75.0,75.0,539,224,555,233,528,215,555,231,,,,,,,,0.0,0.0,0.0,0.0,0,0.0,0.0,0.0,0.0,1,0,0,0,0,0,0,0,0,0,0,0,0,0,0,0,29,957,0,0.0,0.0,0.0,0.0,0.0,0.0,0.0,0.0,0,0,0,0
374,Endo,Wataru,Endo,a,,,5.0,247,150,0.1,468,191,0.0,454,176,0,0,0,0,0,432,834,0.0,0.0,1.5,1.5,0.0,454,176,100.0,100.0,444,169,452,179,393,139,460,176,,,,,,,,0.0,0.0,0.0,0.0,0,0.0,0.0,0.0,0.0,1,0,0,0,0,0,0,0,0,0,0,0,0,0,0,0,432,834,0,0.0,0.0,0.0,0.0,0.0,0.0,0.0,0.0,0,0,0,0
375,Trey,Nyoni,Nyoni,a,,,5.0,381,227,0.0,510,213,0.0,532,222,0,0,0,0,0,122,564,0.0,0.0,1.5,1.5,0.0,532,222,,,521,215,533,223,494,194,537,222,,,,,,,,0.0,0.0,0.0,0.0,0,0.0,0.0,0.0,0.0,1,0,0,0,0,0,0,0,0,0,0,0,0,0,0,0,122,564,0,0.0,0.0,0.0,0.0,0.0,0.0,0.0,0.0,0,0,0,0
376,Stefan,Bajčetić Maquieira,Bajcetic,i,Hamstring injury - Unknown return date,,5.0,363,212,0.0,611,268,0.0,521,213,0,0,0,0,0,7,26,0.0,0.0,0.0,0.0,0.0,521,213,0.0,0.0,509,205,522,214,480,182,525,212,,,,,,,,0.0,0.0,0.0,0.0,0,0.0,0.0,0.0,0.0,1,0,0,0,0,0,0,0,0,0,0,0,0,0,0,0,7,26,0,0.0,0.0,0.0,0.0,0.0,0.0,0.0,0.0,0,0,0,0
377,Victor,Munoz,Munoz,a,,,6.5,53,37,0.6,240,80,4.0,81,33,4,0,0,0,0,5120,4572,0.6,0.6,2.3,2.3,4.0,81,33,,,226,99,127,74,74,41,146,65,,,,,,,,0.33,0.13,0.46,3.57,0,0.0,0.0,0.0,0.0,1,4,27,0,1,0,0,0,0,0,0,0,0,0,0,15,5120,4572,0,0.1,0.04,0.14,1.07,4.0,8.9,14.0,2.7,0,0,0,0
378,James,McConnell,McConnell,a,,,4.5,489,251,0.3,313,108,0.0,393,150,0,0,0,0,0,808,2415,0.0,0.0,1.0,1.0,0.0,393,150,,,381,143,388,153,325,111,397,150,,,,,,,,0.0,0.0,0.0,0.0,0,0.0,0.0,0.0,0.0,1,0,0,0,0,0,0,0,0,0,0,0,0,0,0,0,808,2415,0,0.0,0.0,0.0,0.0,0.0,0.0,0.0,0.0,0,0,0,0
379,Alexander,Isak,Isak,a,,,9.0,5,2,16.5,24,5,2.0,170,17,2,0,0,0,0,53034,76664,0.2,0.2,2.7,2.7,2.0,170,17,,,153,11,85,7,1,1,19,4,,,2.0,,,,,1.09,0.01,1.1,1.58,0,0.0,2.0,1.0,1.0,1,2,90,0,0,0,2,0,0,0,0,0,0,1,0,6,53034,76664,0,1.09,0.01,1.1,1.58,11.4,14.6,66.0,9.2,0,1,0,1
380,Hugo,Ekitiké,Ekitiké,i,Achilles injury - Unknown return date,,7.5,20,7,0.1,380,56,0.0,610,71,0,0,0,0,0,639,3355,0.0,0.0,0.0,0.0,0.0,610,71,0.0,0.0,613,72,614,72,614,72,614,72,,,,,,,,0.0,0.0,0.0,0.0,0,0.0,0.0,0.0,0.0,1,0,0,0,0,0,0,0,0,0,0,0,0,0,0,0,639,3355,0,0.0,0.0,0.0,0.0,0.0,0.0,0.0,0.0,0,0,0,0
381,Lewis,Koumas,Koumas,a,,,5.0,356,207,0.0,546,227,1.0,228,99,1,0,0,0,0,126,165,0.2,0.2,1.5,1.5,1.0,228,99,,,262,121,250,133,106,54,236,107,,,,,,,,0.22,0.0,0.22,3.6,0,0.0,0.0,0.0,7.5,1,1,12,0,0,0,0,0,0,0,0,0,0,0,0,4,126,165,0,0.03,0.0,0.03,0.48,1.2,0.5,7.0,0.9,0,0,1,1
382,Jayden,Danns,Danns,i,Unspecified injury - Unknown return date,,4.5,493,63,0.0,518,68,0.0,397,36,0,0,0,0,0,253,462,0.0,0.0,0.0,0.0,0.0,397,36,0.0,0.0,385,25,392,33,329,31,401,34,,,,,,,,0.0,0.0,0.0,0.0,0,0.0,0.0,0.0,0.0,1,0,0,0,0,0,0,0,0,0,0,0,0,0,0,0,253,462,0,0.0,0.0,0.0,0.0,0.0,0.0,0.0,0.0,0,0,0,0
579,Ronald,Araujo,Araujo,a,,,5.5,169,22,2.7,112,43,1.0,255,93,1,0,0,0,0,21482,27470,0.2,0.2,2.5,2.5,1.0,255,93,,,134,62,215,71,543,193,219,84,,,,,,,,0.0,0.14,0.14,2.43,0,0.0,0.0,0.0,18.0,1,1,20,0,0,0,0,0,0,0,0,0,0,0,0,3,21482,27470,0,0.0,0.03,0.03,0.54,13.2,1.2,0.0,1.4,1,3,1,4
238,Jack,Grealish,Grealish,a,,,6.5,32,20,0.2,334,119,1.0,283,133,1,0,0,0,0,1019,1778,0.2,0.2,2.3,2.3,1.0,283,133,100.0,100.0,267,124,248,132,598,258,287,136,,,,,,,,0.0,0.0,0.0,0.0,0,0.0,0.0,0.0,11.25,1,1,8,0,0,0,0,0,0,0,0,0,0,0,0,2,1019,1778,0,0.0,0.0,0.0,0.0,1.0,0.6,0.0,0.2,1,0,0,1
384,Gianluigi,Donnarumma,Donnarumma,a,,,5.5,137,4,8.3,50,7,3.0,95,7,3,0,0,0,0,26408,36236,0.5,0.5,3.3,3.3,3.0,95,7,,,61,10,554,67,527,67,145,10,,,,,,,,0.0,0.0,0.0,0.65,3,0.0,1.0,1.0,0.0,1,3,90,0,0,0,1,0,0,0,0,0,3,1,0,12,26408,36236,0,0.0,0.0,0.0,0.65,26.8,0.0,0.0,2.7,0,1,4,0
24,Reiss,Nelson,Nelson,a,,,5.5,134,83,0.0,584,248,0.0,547,229,0,0,0,0,0,53,135,0.0,0.0,2.0,2.0,0.0,547,229,,,537,223,552,232,524,213,553,230,,,,,,,,0.0,0.0,0.0,0.0,0,0.0,0.0,0.0,0.0,1,0,0,0,0,0,0,0,0,0,0,0,0,0,0,0,53,135,0,0.0,0.0,0.0,0.0,0.0,0.0,0.0,0.0,0,0,0,0
33,Tyrone,Mings,Mings,a,,,4.5,421,88,0.4,276,105,1.0,186,65,1,0,0,0,0,2929,2804,0.2,0.2,1.7,1.7,1.0,186,65,,,251,98,349,143,275,115,280,99,,,,,,,,0.0,0.0,0.0,1.24,0,0.0,0.0,0.0,5.62,1,1,16,0,0,0,0,0,0,0,0,0,0,0,0,5,2929,2804,0,0.0,0.0,0.0,0.22,2.0,0.0,0.0,0.2,1,0,0,1
386,Marcus,Bettinelli,Bettinelli,a,,,4.5,418,30,0.0,530,60,0.0,357,47,0,0,0,0,0,107,190,0.0,0.0,1.9,1.9,0.0,357,47,,,344,47,347,29,273,29,361,47,,,,,,,,0.0,0.0,0.0,0.0,0,0.0,0.0,0.0,0.0,1,0,0,0,0,0,0,0,0,0,0,0,0,0,0,0,107,190,0,0.0,0.0,0.0,0.0,0.0,0.0,0.0,0.0,0,0,0,0
387,Nico,O'Reilly,O'Reilly,a,,,6.5,48,4,21.0,15,3,2.0,163,52,2,0,0,0,0,55263,83492,0.3,0.3,3.1,3.1,2.0,163,52,,,173,75,27,6,86,28,79,27,,,,,,,,0.1,0.6,0.7,0.8,0,0.0,1.45,1.45,2.9,1,2,62,0,0,0,1,0,0,0,0,0,0,1,0,5,55263,83492,0,0.07,0.41,0.48,0.55,8.8,30.4,11.0,5.0,1,1,5,2
388,Marc,Guéhi,Guéhi,a,,,6.0,69,6,19.2,18,6,10.0,19,8,10,0,0,0,0,146445,31688,1.7,1.7,2.8,2.8,10.0,19,8,,,18,6,69,22,32,7,23,4,,,,,,,,0.89,0.32,1.21,0.65,0,0.0,1.0,1.0,4.0,1,10,90,1,0,0,1,0,0,0,0,0,0,1,2,31,146445,31688,0,0.89,0.32,1.21,0.65,43.6,17.5,28.0,8.9,3,1,4,4
389,Matheus,Nunes,Matheus N.,d,Unspecified injury - 75% chance of playing,,6.0,90,10,1.5,157,65,1.0,280,97,1,0,0,0,0,2967,10346,0.2,0.2,2.1,2.8,1.0,280,97,75.0,100.0,229,94,199,63,142,47,238,89,,,5.0,,,,,0.0,0.11,0.11,0.27,0,0.0,0.0,0.0,2.73,1,1,33,0,0,0,0,0,0,0,0,0,0,0,0,4,2967,10346,0,0.0,0.04,0.04,0.1,3.8,1.5,4.0,0.9,0,1,2,1
390,Rúben,dos Santos Gato Alves Dias,Rúben,a,,,5.5,124,12,1.8,138,55,2.0,139,48,2,0,0,0,0,8278,10048,0.4,0.4,2.5,2.5,2.0,139,48,,,67,29,67,21,175,62,92,31,,,,,,,,0.0,0.14,0.14,0.65,0,0.0,1.0,1.0,6.0,1,2,90,0,0,0,1,0,0,0,0,0,0,1,0,11,8278,10048,0,0.0,0.14,0.14,0.65,24.4,17.9,2.0,4.4,0,6,8,6
391,Joško,Gvardiol,Gvardiol,a,,,5.5,184,26,13.3,29,10,9.0,23,9,9,0,0,0,0,173058,26409,1.6,1.6,2.5,2.5,9.0,23,9,,,11,3,97,29,59,17,33,8,,,,,,,,0.19,0.05,0.24,0.65,0,0.0,1.0,1.0,7.0,1,9,90,1,0,0,1,0,0,0,0,0,0,1,1,28,173058,26409,0,0.19,0.05,0.24,0.65,47.6,13.3,17.0,7.8,2,5,5,7
392,Rayan,Aït-Nouri,Aït-Nouri,a,,,5.5,172,24,0.8,215,80,0.0,562,198,0,0,0,0,0,2328,12883,0.0,0.0,2.5,2.5,0.0,562,198,,,551,201,564,201,546,195,565,201,,,,,,,,0.0,0.0,0.0,0.0,0,0.0,0.0,0.0,0.0,1,0,0,0,0,0,0,0,0,0,0,0,0,0,0,0,2328,12883,0,0.0,0.0,0.0,0.0,0.0,0.0,0.0,0.0,0,0,0,0
393,Abdukodir,Khusanov,Khusanov,a,,,5.5,217,33,1.7,141,57,2.0,149,50,2,0,0,0,0,5205,11558,0.4,0.4,2.5,2.5,2.0,149,50,,,101,43,161,48,570,201,180,69,,,,,,,,0.0,0.02,0.02,0.65,0,0.0,1.0,1.0,4.0,1,2,90,0,0,0,1,0,0,0,0,0,0,1,0,14,5205,11558,0,0.0,0.02,0.02,0.65,17.0,3.4,0.0,2.0,2,2,6,4
394,Max,Alleyne,Alleyne,u,Has joined Burnley on loan for the rest of the season,,5.0,340,69,0.0,592,201,0.0,513,188,0,0,0,0,0,0,313,0.0,0.0,0.0,0.0,0.0,513,188,0.0,0.0,501,194,513,194,470,185,517,194,,,,,,,,0.0,0.0,0.0,0.0,0,0.0,0.0,0.0,0.0,1,0,0,0,0,0,0,0,0,0,0,0,0,0,0,0,0,313,0,0.0,0.0,0.0,0.0,0.0,0.0,0.0,0.0,0,0,0,0
395,Rico,Lewis,Lewis,a,,,4.5,481,130,0.2,317,120,1.0,199,76,1,0,0,0,0,2870,2033,0.2,0.2,1.7,1.7,1.0,199,76,,,227,93,156,47,17,3,83,29,,,,,,,,0.27,0.03,0.3,0.88,0,0.0,1.61,1.61,3.21,1,1,56,0,0,0,1,0,0,0,0,0,0,1,0,-1,2870,2033,0,0.17,0.02,0.19,0.55,3.8,3.8,39.0,4.7,0,2,0,2
396,Vitor,de Oliveira Nunes dos Reis,Vitor Reis,a,,,4.5,534,149,0.0,547,188,0.0,430,165,0,0,0,0,0,89,187,0.0,0.0,1.7,1.7,0.0,430,165,,,419,171,425,172,366,155,435,171,,,,,,,,0.0,0.0,0.0,0.0,0,0.0,0.0,0.0,0.0,1,0,0,0,0,0,0,0,0,0,0,0,0,0,0,0,89,187,0,0.0,0.0,0.0,0.0,0.0,0.0,0.0,0.0,0,0,0,0
397,Antoine,Semenyo,Semenyo,a,,,8.5,6,4,24.5,12,6,2.0,169,86,2,0,0,0,0,37024,127703,0.2,0.2,2.9,2.9,2.0,169,86,,,205,83,128,75,28,14,88,46,,,3.0,,,,,0.06,0.02,0.08,0.65,0,0.0,1.0,1.0,5.0,1,2,90,0,0,0,1,0,0,0,0,0,0,1,0,16,37024,127703,0,0.06,0.02,0.08,0.65,5.8,8.9,31.0,4.6,1,0,4,5
398,Phil,Foden,Foden,a,,,7.0,25,16,4.1,77,26,1.0,290,140,1,0,0,0,0,14700,33626,0.1,0.1,2.5,2.5,1.0,290,140,,,163,60,5,4,71,39,37,22,3.0,3.0,,,,,,0.13,0.44,0.57,0.72,0,0.0,1.11,1.11,6.67,1,1,81,0,0,0,1,0,0,0,1,0,0,1,0,15,14700,33626,0,0.12,0.4,0.52,0.65,10.4,49.6,15.0,7.5,3,0,3,6
399,Rayan,Cherki,Cherki,a,,,7.5,18,11,10.3,38,15,8.0,35,18,8,0,0,0,0,155240,31890,1.1,1.1,2.6,2.6,8.0,35,18,,,28,15,6,5,146,75,18,14,1.0,1.0,,,,,,0.0,1.67,1.67,0.33,0,0.0,0.0,0.0,0.0,1,8,27,0,2,0,0,0,0,0,0,0,0,0,1,28,155240,31890,0,0.0,0.5,0.5,0.1,39.2,48.8,4.0,9.2,0,0,0,0
400,Jérémy,Doku,Doku,i,Calf injury - Expected back 5 Sep,,7.5,17,10,1.4,166,49,0.0,609,268,0,0,0,0,0,445,58337,0.0,0.0,0.0,0.0,0.0,609,268,0.0,0.0,612,268,613,269,613,269,613,269,,,4.0,,,,,0.0,0.0,0.0,0.0,0,0.0,0.0,0.0,0.0,1,0,0,0,0,0,0,0,0,0,0,0,0,0,0,0,445,58337,0,0.0,0.0,0.0,0.0,0.0,0.0,0.0,0.0,0,0,0,0
401,Omar,Marmoush,Marmoush,a,,,7.0,28,9,1.1,189,28,0.0,607,69,0,0,0,0,0,18874,15483,0.0,0.0,2.2,2.2,0.0,607,69,,,609,69,611,70,610,70,611,70,,2.0,2.0,,,,,0.0,0.0,0.0,0.0,0,0.0,0.0,0.0,0.0,1,0,0,0,0,0,0,0,0,0,0,0,0,0,0,0,18874,15483,0,0.0,0.0,0.0,0.0,0.0,0.0,0.0,0.0,0,0,0,0
402,Rodrigo 'Rodri',Hernandez Cascante,Rodrigo,u,Has joined Barcelona permanently,,6.5,38,26,0.0,562,233,0.0,599,262,0,0,0,0,0,0,749,0.0,0.0,0.0,0.0,0.0,599,262,0.0,0.0,600,261,603,263,600,260,603,263,,,,,,,,0.0,0.0,0.0,0.0,0,0.0,0.0,0.0,0.0,1,0,0,0,0,0,0,0,0,0,0,0,0,0,0,0,0,749,0,0.0,0.0,0.0,0.0,0.0,0.0,0.0,0.0,0,0,0,0
404,Tijjani,Reijnders,Reijnders,u,Has joined Al Qadsiah permanently,,6.0,78,50,0.1,465,189,0.0,586,253,0,0,0,0,0,0,5078,0.0,0.0,0.0,0.0,0.0,586,253,0.0,0.0,585,251,590,254,583,247,590,254,,,,,,,,0.0,0.0,0.0,0.0,0,0.0,0.0,0.0,0.0,1,0,0,0,0,0,0,0,0,0,0,0,0,0,0,0,0,5078,0,0.0,0.0,0.0,0.0,0.0,0.0,0.0,0.0,0,0,0,0
405,Nico,González Iglesias,N.Gonzalez,a,,,5.5,179,108,0.1,379,145,0.0,565,239,0,0,0,0,0,1333,1361,0.0,0.0,2.0,2.0,0.0,565,239,,,555,233,568,241,552,229,569,239,,,,,,,,0.0,0.0,0.0,0.0,0,0.0,0.0,0.0,0.0,1,0,0,0,0,0,0,0,0,0,0,0,0,0,0,0,1333,1361,0,0.0,0.0,0.0,0.0,0.0,0.0,0.0,0.0,0,0,0,0
406,Mateo,Kovačić,Kovačić,a,,,5.5,117,76,0.1,433,171,1.0,244,110,1,0,0,0,0,677,1042,0.2,0.2,2.0,2.0,1.0,244,110,,,249,113,185,108,511,207,268,124,,,,,,,,0.0,0.03,0.03,0.33,0,0.0,0.0,0.0,6.67,1,1,27,0,0,0,0,0,0,0,0,0,0,0,0,3,677,1042,0,0.0,0.01,0.01,0.1,2.2,2.1,0.0,0.4,0,0,2,2
407,Claudio,Echeverri,Echeverri,a,,,5.0,378,224,0.0,557,230,0.0,531,221,0,0,0,0,0,82,230,0.0,0.0,1.5,1.5,0.0,531,221,,,520,214,532,222,492,192,536,221,,,,,,,,0.0,0.0,0.0,0.0,0,0.0,0.0,0.0,0.0,1,0,0,0,0,0,0,0,0,0,0,0,0,0,0,0,82,230,0,0.0,0.0,0.0,0.0,0.0,0.0,0.0,0.0,0,0,0,0
408,Kalvin,Phillips,Phillips,u,Has joined Sheffield United on loan for the rest of the season,,5.0,244,147,0.0,591,252,0.0,452,174,0,0,0,0,0,0,272,0.0,0.0,0.0,0.0,0.0,452,174,0.0,0.0,442,167,450,177,390,136,458,174,,,,,,,,0.0,0.0,0.0,0.0,0,0.0,0.0,0.0,0.0,1,0,0,0,0,0,0,0,0,0,0,0,0,0,0,0,0,272,0,0.0,0.0,0.0,0.0,0.0,0.0,0.0,0.0,0,0,0,0
409,Divine,Mukasa,Mukasa,a,,,4.5,525,261,0.2,360,133,0.0,423,159,0,0,0,0,0,816,2038,0.0,0.0,1.0,1.0,0.0,423,159,,,412,152,418,162,358,120,428,159,,,,,,,,0.0,0.0,0.0,0.0,0,0.0,0.0,0.0,0.0,1,0,0,0,0,0,0,0,0,0,0,0,0,0,0,0,816,2038,0,0.0,0.0,0.0,0.0,0.0,0.0,0.0,0.0,0,0,0,0
410,Jeremy,Monga,Monga,a,,,5.0,393,235,0.0,564,235,0.0,536,224,0,0,0,0,0,69,235,0.0,0.0,1.5,1.5,0.0,536,224,,,525,217,538,226,503,200,541,224,,,,,,,,0.0,0.0,0.0,0.0,0,0.0,0.0,0.0,0.0,1,0,0,0,0,0,0,0,0,0,0,0,0,0,0,0,69,235,0,0.0,0.0,0.0,0.0,0.0,0.0,0.0,0.0,0,0,0,0
411,Erling,Haaland,Haaland,a,,,15.5,1,1,68.0,1,1,2.0,172,18,2,0,0,0,0,53239,79642,0.1,0.1,4.0,4.0,2.0,172,18,,,230,16,145,17,7,3,55,9,,,1.0,,,,,0.74,0.02,0.76,0.65,0,0.0,1.0,1.0,3.0,1,2,90,0,0,0,1,0,0,0,0,0,0,1,0,6,53239,79642,0,0.74,0.02,0.76,0.65,3.8,5.2,50.0,5.9,0,0,3,3
481,Elliot,Anderson,Anderson,a,,,6.5,36,24,6.2,63,20,2.0,161,80,2,0,0,0,0,6244,133340,0.3,0.3,2.3,2.3,2.0,161,80,100.0,,187,74,62,40,599,259,142,64,2.0,,,,,,,0.0,0.36,0.36,0.8,0,0.0,1.45,1.45,8.71,1,2,62,0,0,0,1,0,0,0,0,0,0,1,0,14,6244,133340,0,0.0,0.25,0.25,0.55,7.2,20.8,0.0,2.8,2,1,3,6
587,Gerónimo,Rulli,Rulli,a,,,5.0,235,8,0.0,548,63,0.0,445,62,0,0,0,0,0,78,173,0.0,0.0,2.6,2.6,0.0,445,62,,,434,62,441,51,382,51,450,62,,,,,,,,0.0,0.0,0.0,0.0,0,0.0,0.0,0.0,0.0,1,0,0,0,0,0,0,0,0,0,0,0,0,0,0,0,78,173,0,0.0,0.0,0.0,0.0,0.0,0.0,0.0,0.0,0,0,0,0
616,Ayyoub,Bouaddi,Bouaddi,a,,,5.5,222,138,0.0,600,260,0.0,579,249,0,0,0,0,0,249,10,0.0,0.0,2.0,2.0,0.0,579,249,,,572,246,582,251,573,243,584,251,,,,,,,,0.0,0.0,0.0,0.0,0,0.0,0.0,0.0,0.0,1,0,0,0,0,0,0,0,0,0,0,0,0,0,0,0,249,10,0,0.0,0.0,0.0,0.0,0.0,0.0,0.0,0.0,0,0,0,0
43,Youri,Tielemans,Tielemans,a,,,6.0,62,41,2.4,121,37,2.0,150,73,2,0,0,0,0,10111,28488,0.3,0.3,2.2,2.2,2.0,150,73,100.0,100.0,214,90,117,69,139,69,182,82,,,3.0,,,,,0.05,0.15,0.2,1.28,0,0.0,2.73,1.36,6.82,1,2,66,0,0,0,2,0,0,0,0,0,0,1,0,13,10111,28488,0,0.04,0.11,0.15,0.94,5.0,11.3,4.0,2.0,0,0,5,5
131,Carlos,Baleba,Baleba,i,Ankle injury - Unknown return date,,5.0,361,210,0.2,355,131,0.0,519,211,0,0,0,0,0,2139,3608,0.0,0.0,0.0,0.0,0.0,519,211,0.0,0.0,507,203,520,212,478,180,523,210,,,,,,,,0.0,0.0,0.0,0.0,0,0.0,0.0,0.0,0.0,1,0,0,0,0,0,0,0,0,0,0,0,0,0,0,0,2139,3608,0,0.0,0.0,0.0,0.0,0.0,0.0,0.0,0.0,0,0,0,0
162,Andrey,Nascimento dos Santos,Andrey Santos,a,,,5.0,360,209,1.0,197,64,2.0,133,60,2,0,0,0,0,6248,12476,0.4,0.4,1.5,1.5,2.0,133,60,,,151,51,151,89,174,86,191,85,,,,,,,,0.0,0.31,0.31,1.28,0,0.0,2.73,1.36,12.27,1,2,66,0,0,0,2,0,0,0,0,0,0,1,0,17,6248,12476,0,0.0,0.23,0.23,0.94,11.4,4.2,2.0,1.8,1,3,5,9
325,Karl,Darlow,Darlow,a,,,4.5,403,22,0.0,508,54,0.0,348,41,0,0,0,0,0,192,203,0.0,0.0,1.9,1.4,0.0,348,41,100.0,75.0,335,41,336,21,260,21,352,41,,,,,,,,0.0,0.0,0.0,0.0,0,0.0,0.0,0.0,0.0,1,0,0,0,0,0,0,0,0,0,0,0,0,0,0,0,192,203,0,0.0,0.0,0.0,0.0,0.0,0.0,0.0,0.0,0,0,0,0
412,Senne,Lammens,Lammens,a,,,5.0,317,18,15.7,26,5,1.0,217,18,1,0,0,0,0,25504,71742,0.2,0.2,2.6,2.6,1.0,217,18,,,82,12,497,61,451,61,178,12,,,,,,,,0.0,0.0,0.0,1.01,2,0.0,2.0,1.0,0.0,1,1,90,0,0,0,2,0,0,0,0,0,2,1,0,7,25504,71742,0,0.0,0.0,0.0,1.01,20.2,0.0,0.0,2.0,0,2,8,0
414,Tom,Heaton,Heaton,i,Hamstring injury - Unknown return date,,4.0,543,49,0.1,431,48,0.0,293,21,0,0,0,0,0,166,877,0.0,0.0,0.0,0.0,0.0,293,21,0.0,0.0,280,21,277,1,195,1,296,21,,,,,,,,0.0,0.0,0.0,0.0,0,0.0,0.0,0.0,0.0,1,0,0,0,0,0,0,0,0,0,0,0,0,0,0,0,166,877,0,0.0,0.0,0.0,0.0,0.0,0.0,0.0,0.0,0,0,0,0
415,Patrick,Dorgu,Dorgu,a,,,6.0,107,68,1.1,181,57,0.0,595,258,0,0,0,0,0,3885,22346,0.0,0.0,2.2,2.2,0.0,595,258,,,596,257,217,122,66,36,250,112,,,,,,,,0.94,0.06,1.0,1.84,0,0.0,4.0,2.0,2.0,1,0,45,0,0,0,2,0,0,0,1,0,0,1,0,-11,3885,22346,0,0.47,0.03,0.5,0.92,0.0,1.2,16.0,0.7,0,1,0,1
416,Matthijs,de Ligt,De Ligt,i,Back injury - Unknown return date,,5.0,264,43,0.0,539,185,0.0,461,173,0,0,0,0,0,103,444,0.0,0.0,0.0,0.0,0.0,461,173,0.0,0.0,453,181,461,181,406,165,469,181,,,,,,,,0.0,0.0,0.0,0.0,0,0.0,0.0,0.0,0.0,1,0,0,0,0,0,0,0,0,0,0,0,0,0,0,0,103,444,0,0.0,0.0,0.0,0.0,0.0,0.0,0.0,0.0,0,0,0,0
417,Diogo,Dalot Teixeira,Dalot,a,,,5.0,272,46,2.5,116,46,1.0,215,86,1,0,0,0,0,6734,25367,0.2,0.2,2.2,2.2,1.0,215,86,,,181,79,115,34,411,167,183,71,,,,,,,,0.0,0.0,0.0,0.0,0,0.0,0.0,0.0,27.0,1,1,10,0,0,0,0,0,0,0,0,0,0,0,0,6,6734,25367,0,0.0,0.0,0.0,0.0,7.6,11.3,0.0,1.9,2,1,1,3
418,Harry,Maguire,Maguire,a,,,5.0,231,36,17.2,21,8,1.0,208,83,1,0,0,0,0,39313,82589,0.2,0.2,2.2,2.2,1.0,208,83,,,64,26,30,8,47,12,40,10,,,,,,,,0.04,0.4,0.44,1.01,0,0.0,2.0,1.0,4.0,1,1,90,0,0,0,2,0,0,0,0,0,0,1,0,15,39313,82589,0,0.04,0.4,0.44,1.01,25.4,28.6,19.0,7.3,0,4,5,4
419,Lisandro,Martínez,Martinez,a,,,5.0,278,49,1.3,170,69,0.0,467,176,0,0,0,0,0,5984,15377,0.0,0.0,2.2,2.2,0.0,467,176,100.0,100.0,459,184,468,184,416,170,475,184,,,,,,,,0.0,0.0,0.0,0.0,0,0.0,0.0,0.0,0.0,1,0,0,0,0,0,0,0,0,0,0,0,0,0,0,0,5984,15377,0,0.0,0.0,0.0,0.0,0.0,0.0,0.0,0.0,0,0,0,0
421,Ayden,Heaven,Heaven,a,,,4.5,531,148,0.4,274,104,1.0,206,82,1,0,0,0,0,2548,3380,0.2,0.2,1.7,1.7,1.0,206,82,,,191,85,168,50,83,27,177,68,,,,,,,,0.12,0.04,0.16,1.01,0,0.0,2.0,1.0,2.0,1,1,90,0,0,0,2,0,0,0,0,0,0,1,0,5,2548,3380,0,0.12,0.04,0.16,1.01,6.8,2.6,11.0,2.0,1,1,4,2
422,Noussair,Mazraoui,Mazraoui,a,,,4.5,449,110,0.7,227,85,1.0,190,69,1,0,0,0,0,4660,4972,0.2,0.2,1.7,1.7,1.0,190,69,,,99,42,28,7,89,30,61,19,,,,,,,,0.25,0.06,0.31,1.15,0,0.0,2.28,1.14,5.7,1,1,79,0,0,0,2,0,0,0,0,0,0,1,0,8,4660,4972,0,0.22,0.05,0.27,1.01,17.4,29.4,9.0,5.6,1,4,3,5
423,Luke,Shaw,Shaw,a,,,4.5,412,85,19.8,16,4,1.0,185,64,1,0,0,0,0,32459,94288,0.2,0.2,1.7,1.7,1.0,185,64,,,65,27,1,1,113,32,20,2,3.0,,,,,,,0.0,0.26,0.26,1.01,0,0.0,2.0,1.0,4.0,1,1,90,0,0,0,2,0,0,0,0,0,0,1,0,13,32459,94288,0,0.0,0.26,0.26,1.01,25.2,59.2,6.0,9.0,1,3,3,4
424,Harry,Amass,Amass,a,,,4.0,606,196,0.2,348,131,0.0,339,125,0,0,0,0,0,773,1658,0.0,0.0,1.0,1.0,0.0,339,125,,,326,130,326,132,249,102,343,131,,,,,,,,0.0,0.0,0.0,0.0,0,0.0,0.0,0.0,0.0,1,0,0,0,0,0,0,0,0,0,0,0,0,0,0,0,773,1658,0,0.0,0.0,0.0,0.0,0.0,0.0,0.0,0.0,0,0,0,0
425,Tyler,Fredricson,Fredricson,u,Has joined Lausanne-Sport permanently,,4.0,598,188,0.0,550,190,0.0,332,118,0,0,0,0,0,0,622,0.0,0.0,0.0,0.0,0.0,332,118,0.0,0.0,319,123,319,125,241,94,336,124,,,,,,,,0.0,0.0,0.0,0.0,0,0.0,0.0,0.0,0.0,1,0,0,0,0,0,0,0,0,0,0,0,0,0,0,0,0,622,0,0.0,0.0,0.0,0.0,0.0,0.0,0.0,0.0,0,0,0,0
426,Bruno,Borges Fernandes,B.Fernandes,a,,,12.0,2,1,48.7,3,1,2.0,171,87,2,0,0,0,0,35594,176976,0.2,0.2,4.0,4.0,2.0,171,87,,,83,28,3,2,63,33,17,13,1.0,1.0,1.0,,,,,0.08,0.26,0.34,1.01,0,0.0,2.0,1.0,6.0,1,2,90,0,0,0,2,0,0,0,0,0,0,1,0,18,35594,176976,0,0.08,0.26,0.34,1.01,20.2,55.4,17.0,9.3,0,1,5,6
427,Bryan,Mbeumo,Mbeumo,a,,,8.0,10,7,36.2,7,3,2.0,168,85,2,0,0,0,0,59225,164431,0.2,0.2,2.8,2.8,2.0,168,85,,,168,65,34,26,8,5,25,16,2.0,2.0,2.0,,,,,0.5,0.23,0.73,1.01,0,0.0,2.0,1.0,4.0,1,2,90,0,0,0,2,0,0,0,0,0,0,1,0,12,59225,164431,0,0.5,0.23,0.73,1.01,9.6,28.1,49.0,8.7,0,0,4,4
428,Matheus,Santos Carneiro da Cunha,Cunha,a,,,8.0,9,6,9.5,41,16,2.0,167,84,2,0,0,0,0,20589,72647,0.2,0.2,2.8,2.8,2.0,167,84,,,207,85,33,25,22,10,46,28,,,,,,,,0.27,0.24,0.51,1.15,0,0.0,2.28,1.14,3.42,1,2,79,0,0,0,2,0,0,0,0,0,0,1,0,14,20589,72647,0,0.24,0.21,0.45,1.01,5.4,28.2,35.0,6.9,0,0,3,3
429,Marcus,Rashford,Rashford,a,,,7.0,23,14,1.7,145,43,1.0,289,139,1,0,0,0,0,12173,17765,0.1,0.1,2.5,2.5,1.0,289,139,,,149,50,7,6,145,74,49,30,,,,,,,,0.0,0.2,0.2,0.18,0,0.0,0.0,0.0,2.0,1,1,45,0,0,0,0,0,0,0,0,0,0,0,0,9,12173,17765,0,0.0,0.1,0.1,0.09,11.6,48.6,4.0,6.4,0,0,1,1
430,Mason,Mount,Mount,d,Foot injury - 75% chance of playing,,5.5,130,80,0.0,531,218,0.0,546,228,0,0,0,0,0,30,609,0.0,0.0,1.5,1.0,0.0,546,228,75.0,50.0,536,222,551,231,521,210,552,229,,3.0,,,,,,0.0,0.0,0.0,0.0,0,0.0,0.0,0.0,0.0,1,0,0,0,0,0,0,0,0,0,0,0,0,0,0,0,30,609,0,0.0,0.0,0.0,0.0,0.0,0.0,0.0,0.0,0,0,0,0
432,Kobbie,Mainoo,Mainoo,a,,,5.5,201,125,1.0,201,67,1.0,264,120,1,0,0,0,0,2807,11481,0.2,0.2,2.0,2.0,1.0,264,120,,,239,108,170,100,178,88,247,110,,,,,,,,0.27,0.04,0.31,0.27,0,0.0,0.0,0.0,3.91,1,1,23,0,0,0,0,0,0,0,0,0,0,0,0,7,2807,11481,0,0.07,0.01,0.08,0.07,2.8,2.5,2.0,0.7,0,0,1,1
433,Manuel,Ugarte Ribeiro,Ugarte,i,Knee injury - Unknown return date,,5.0,286,170,0.0,604,263,0.0,473,185,0,0,0,0,0,19,79,0.0,0.0,0.0,0.0,0.0,473,185,0.0,0.0,464,179,473,188,424,153,480,186,,,,,,,,0.0,0.0,0.0,0.0,0,0.0,0.0,0.0,0.0,1,0,0,0,0,0,0,0,0,0,0,0,0,0,0,0,19,79,0,0.0,0.0,0.0,0.0,0.0,0.0,0.0,0.0,0,0,0,0
434,Jack,Fletcher,J.Fletcher,a,,,5.0,369,218,0.0,580,247,0.0,525,217,0,0,0,0,0,37,141,0.0,0.0,1.5,1.5,0.0,525,217,,,513,209,526,218,484,186,529,216,,,,,,,,0.0,0.0,0.0,0.0,0,0.0,0.0,0.0,0.0,1,0,0,0,0,0,0,0,0,0,0,0,0,0,0,0,37,141,0,0.0,0.0,0.0,0.0,0.0,0.0,0.0,0.0,0,0,0,0
435,Shea,Lacey,Lacey,a,,,5.0,379,225,0.0,490,202,1.0,233,102,1,0,0,0,0,276,485,0.2,0.2,1.5,1.5,1.0,233,102,,,277,132,242,128,493,193,289,137,,,,,,,,0.0,0.0,0.0,0.0,0,0.0,0.0,0.0,9.0,1,1,10,0,0,0,0,0,0,0,0,0,0,0,0,3,276,485,0,0.0,0.0,0.0,0.0,0.2,0.6,0.0,0.1,0,0,1,1
436,Toby,Collyer,Collyer,a,,,5.0,336,196,0.0,558,231,0.0,509,208,0,0,0,0,0,56,195,0.0,0.0,1.5,1.5,0.0,509,208,,,497,200,509,209,466,176,513,207,,,,,,,,0.0,0.0,0.0,0.0,0,0.0,0.0,0.0,0.0,1,0,0,0,0,0,0,0,0,0,0,0,0,0,0,0,56,195,0,0.0,0.0,0.0,0.0,0.0,0.0,0.0,0.0,0,0,0,0
437,Bendito,Mantato,Bendito Mantato,a,,,4.5,521,259,0.2,359,132,0.0,421,158,0,0,0,0,0,866,2022,0.0,0.0,1.0,1.0,0.0,421,158,,,410,151,416,161,356,119,426,158,,,,,,,,0.0,0.0,0.0,0.0,0,0.0,0.0,0.0,0.0,1,0,0,0,0,0,0,0,0,0,0,0,0,0,0,0,866,2022,0,0.0,0.0,0.0,0.0,0.0,0.0,0.0,0.0,0,0,0,0
438,Tyler,Fletcher,Fletcher,a,,,4.5,502,254,0.3,290,96,0.0,405,153,0,0,0,0,0,1174,3381,0.0,0.0,1.0,1.0,0.0,405,153,,,393,146,400,156,338,114,409,153,,,,,,,,0.0,0.0,0.0,0.0,0,0.0,0.0,0.0,0.0,1,0,0,0,0,0,0,0,0,0,0,0,0,0,0,0,1174,3381,0,0.0,0.0,0.0,0.0,0.0,0.0,0.0,0.0,0,0,0,0
439,Benjamin,Sesko,Šeško,a,,,7.0,30,10,1.8,140,21,1.0,292,34,1,0,0,0,0,23429,12269,0.1,0.1,2.2,1.7,1.0,292,34,100.0,75.0,610,70,253,28,94,19,239,24,,,,,,,,0.16,0.0,0.16,0.27,0,0.0,0.0,0.0,0.0,1,1,23,0,0,0,0,0,0,0,0,0,0,0,0,2,23429,12269,0,0.04,0.0,0.04,0.07,0.0,0.5,9.0,0.9,0,0,0,0
440,Joshua,Zirkzee,Zirkzee,a,,,5.5,174,39,0.5,246,39,0.0,563,59,0,0,0,0,0,1805,10420,0.0,0.0,1.8,1.8,0.0,563,59,,,552,51,565,57,548,58,566,59,,,,,,,,0.0,0.0,0.0,0.0,0,0.0,0.0,0.0,0.0,1,0,0,0,0,0,0,0,0,0,0,0,0,0,0,0,1805,10420,0,0.0,0.0,0.0,0.0,0.0,0.0,0.0,0.0,0,0,0,0
441,Chido,Obi,Obi,a,,,4.5,528,71,1.1,183,27,0.0,426,43,0,0,0,0,0,5277,9582,0.0,0.0,1.0,1.0,0.0,426,43,,,415,33,421,40,361,39,431,42,,,,,,,,0.0,0.0,0.0,0.0,0,0.0,0.0,0.0,0.0,1,0,0,0,0,0,0,0,0,0,0,0,0,0,0,0,5277,9582,0,0.0,0.0,0.0,0.0,0.0,0.0,0.0,0.0,0,0,0,0
442,Nick,Pope,Pope,a,,,5.0,232,6,1.3,171,25,0.0,442,60,0,0,0,0,0,2259,9639,0.0,0.0,2.6,2.6,0.0,442,60,,,431,60,438,49,379,49,447,60,,,,,,,,0.0,0.0,0.0,0.0,0,0.0,0.0,0.0,0.0,1,0,0,0,0,0,0,0,0,0,0,0,0,0,0,0,2259,9639,0,0.0,0.0,0.0,0.0,0.0,0.0,0.0,0.0,0,0,0,0
443,Mark,Gillespie,Gillespie,a,,,4.5,406,25,0.0,517,56,0.0,349,42,0,0,0,0,0,143,187,0.0,0.0,1.9,1.9,0.0,349,42,,,336,42,339,24,263,24,353,42,,,,,,,,0.0,0.0,0.0,0.0,0,0.0,0.0,0.0,0.0,1,0,0,0,0,0,0,0,0,0,0,0,0,0,0,0,143,187,0,0.0,0.0,0.0,0.0,0.0,0.0,0.0,0.0,0,0,0,0
444,Ewen,Jaouen,Jaouen,a,,,4.5,512,48,0.0,532,61,0.0,414,59,0,0,0,0,0,98,299,0.0,0.0,1.9,1.9,0.0,414,59,,,402,59,409,47,347,47,418,59,,,,,,,,0.0,0.0,0.0,0.0,0,0.0,0.0,0.0,0.0,1,0,0,0,0,0,0,0,0,0,0,0,0,0,0,0,98,299,0,0.0,0.0,0.0,0.0,0.0,0.0,0.0,0.0,0,0,0,0
445,Malick,Thiaw,Thiaw,a,,,5.0,318,60,1.7,143,58,3.0,90,39,3,0,0,0,0,14935,8159,0.6,0.6,2.2,2.2,3.0,90,39,,,32,11,269,98,452,179,108,37,,,,,,,,0.0,0.0,0.0,2.98,0,0.0,2.0,1.0,15.0,1,3,90,0,0,0,2,0,0,0,0,0,0,1,0,0,14935,8159,0,0.0,0.0,0.0,2.98,37.8,0.2,0.0,3.8,0,15,2,15
446,Fabian,Schär,Schär,a,,,5.0,238,38,0.3,310,115,1.0,209,84,1,0,0,0,0,1640,1476,0.2,0.2,2.2,2.2,1.0,209,84,100.0,100.0,437,176,444,177,385,160,453,176,,2.0,,,,,,0.0,0.0,0.0,71.1,0,0.0,90.0,0.0,0.0,1,1,1,0,0,0,1,0,0,0,0,0,0,0,0,-1,1640,1476,0,0.0,0.0,0.0,0.79,0.0,0.0,0.0,0.0,0,0,0,0
447,Sven,Botman,Botman,a,,,5.0,275,47,0.5,251,93,3.0,88,37,3,0,0,0,0,7206,2602,0.6,0.6,2.2,2.2,3.0,88,37,,,46,17,258,94,413,168,121,44,,,,,,,,0.0,0.01,0.01,2.98,0,0.0,2.0,1.0,10.0,1,3,90,0,0,0,2,0,0,0,0,0,0,1,0,4,7206,2602,0,0.0,0.01,0.01,2.98,32.4,0.3,0.0,3.3,0,10,2,10
448,Dan,Burn,Burn,i,Ankle injury - Expected back 14 Sep,,5.0,228,35,1.8,139,56,0.0,441,168,0,0,0,0,0,6208,61864,0.0,0.0,0.0,2.2,0.0,441,168,0.0,,430,174,436,175,377,158,446,174,,,,,,,,0.0,0.0,0.0,0.0,0,0.0,0.0,0.0,0.0,1,0,0,0,0,0,0,0,0,0,0,0,0,0,0,0,6208,61864,0,0.0,0.0,0.0,0.0,0.0,0.0,0.0,0.0,0,0,0,0
449,Lewis,Hall,Hall,a,,,5.0,331,66,4.1,80,32,3.0,91,40,3,0,0,0,0,43856,15032,0.6,0.6,2.2,2.2,3.0,91,40,,,75,35,80,24,461,182,113,41,1.0,1.0,,,,,,0.0,0.35,0.35,2.98,0,0.0,2.0,1.0,11.0,1,3,90,0,0,0,2,0,0,0,0,0,0,1,0,8,43856,15032,0,0.0,0.35,0.35,2.98,22.0,15.2,0.0,3.7,5,6,8,11
461,Bazoumana,Touré,Touré,a,,,6.0,108,69,0.2,329,117,0.0,596,259,0,0,0,0,0,427,3385,0.0,0.0,2.2,2.2,0.0,596,259,,,597,258,600,260,595,255,600,260,,,,,,,,0.0,0.0,0.0,0.0,0,0.0,0.0,0.0,0.0,1,0,0,0,0,0,0,0,0,0,0,0,0,0,0,0,427,3385,0,0.0,0.0,0.0,0.0,0.0,0.0,0.0,0.0,0,0,0,0
488,Ibrahim,Sangaré,I.Sangaré,a,,,5.0,266,163,1.0,198,65,2.0,124,56,2,0,0,0,0,2520,9180,0.4,0.4,1.5,1.5,2.0,124,56,,,97,34,99,61,149,76,119,59,,,,,,,,0.03,0.01,0.04,0.47,0,0.0,1.0,1.0,6.0,1,2,90,0,0,0,1,0,0,0,0,0,0,1,0,10,2520,9180,0,0.03,0.01,0.04,0.47,17.8,13.0,3.0,3.4,0,3,3,6
489,Ryan,Yates,Yates,i,Unspecified injury - Unknown return date,,4.5,438,244,1.5,162,47,0.0,367,145,0,0,0,0,0,604,33504,0.0,0.0,0.0,0.0,0.0,367,145,0.0,0.0,354,138,358,148,286,104,371,145,,,,,,,,0.0,0.0,0.0,0.0,0,0.0,0.0,0.0,0.0,1,0,0,0,0,0,0,0,0,0,0,0,0,0,0,0,604,33504,0,0.0,0.0,0.0,0.0,0.0,0.0,0.0,0.0,0,0,0,0
505,Djed,Spence,Spence,u,Has joined Internazionale permanently,,4.5,454,113,0.5,252,94,0.0,377,145,0,0,0,0,0,0,42167,0.0,0.0,0.0,0.0,0.0,377,145,0.0,0.0,364,150,368,154,298,130,381,151,,,,,,,,0.0,0.0,0.0,0.0,0,0.0,0.0,0.0,0.0,1,0,0,0,0,0,0,0,0,0,0,0,0,0,0,0,0,42167,0,0.0,0.0,0.0,0.0,0.0,0.0,0.0,0.0,0,0,0,0
506,Destiny,Udogie,Udogie,a,,,4.5,483,131,0.5,256,95,1.0,200,77,1,0,0,0,0,1468,3722,0.2,0.2,1.7,1.7,1.0,200,77,,,378,160,235,82,320,141,394,160,,,,,,,,0.0,0.45,0.45,9.9,0,0.0,0.0,0.0,0.0,1,1,4,0,0,0,0,0,0,0,0,0,0,0,0,3,1468,3722,0,0.0,0.02,0.02,0.44,0.0,0.7,0.0,0.0,0,0,2,0
516,Rodrigo,Bentancur,Bentancur,a,,,5.5,136,84,0.2,349,127,1.0,247,113,1,0,0,0,0,440,1561,0.2,0.2,2.0,2.0,1.0,247,113,,,253,115,84,54,526,214,199,88,,,,,,,,0.0,0.02,0.02,4.36,0,0.0,2.0,0.0,10.0,1,1,45,0,0,0,1,0,0,0,0,0,0,0,0,8,440,1561,0,0.0,0.01,0.01,2.18,2.0,14.7,0.0,1.7,3,0,2,5
517,Wilson,Odobert,Odobert,i,Knee injury - Unknown return date,,5.5,210,132,0.0,613,269,0.0,575,248,0,0,0,0,0,10,14,0.0,0.0,0.0,0.0,0.0,575,248,0.0,0.0,567,244,578,250,566,241,579,249,,,,,,,,0.0,0.0,0.0,0.0,0,0.0,0.0,0.0,0.0,1,0,0,0,0,0,0,0,0,0,0,0,0,0,0,0,10,14,0,0.0,0.0,0.0,0.0,0.0,0.0,0.0,0.0,0,0,0,0
527,Richarlison,de Andrade,Richarlison,a,,,6.0,71,18,2.9,107,15,2.0,153,13,2,0,0,0,0,11144,29924,0.3,0.3,2.0,2.0,2.0,153,13,,,584,63,182,22,580,65,286,31,,,4.0,,,,,0.0,0.0,0.0,4.06,0,0.0,4.03,1.34,1.34,1,2,67,0,0,0,3,0,0,0,0,0,0,1,0,6,11144,29924,0,0.0,0.0,0.0,3.02,0.0,2.2,0.0,0.2,0,1,0,1
557,Christos,Tzolis,Tzolis,a,,,6.5,44,31,25.9,10,4,6.0,63,25,6,0,0,0,0,188703,40249,0.9,0.9,2.3,2.3,6.0,63,25,,,102,35,16,14,29,15,24,15,3.0,,,,,,,0.23,0.17,0.4,0.07,0,1.2,0.0,1.2,7.2,1,6,75,0,1,1,0,0,0,0,0,0,0,1,0,30,188703,40249,0,0.19,0.14,0.33,0.06,17.0,39.8,30.0,8.7,1,2,3,6
28,Emiliano,Martínez Romero,Martinez,a,,,5.0,233,7,4.1,79,11,0.0,443,61,0,0,0,0,0,7356,45233,0.0,0.0,2.6,2.6,0.0,443,61,,,432,61,439,50,380,50,448,61,,,,,,,,0.0,0.0,0.0,0.0,0,0.0,0.0,0.0,0.0,1,0,0,0,0,0,0,0,0,0,0,0,0,0,0,0,7356,45233,0,0.0,0.0,0.0,0.0,0.0,0.0,0.0,0.0,0,0,0,0
29,Marco,Bizot,M.Bizot,a,,,4.5,404,23,0.1,394,43,1.0,183,16,1,0,0,0,0,625,659,0.2,0.2,1.9,1.9,1.0,183,16,,,56,8,337,22,261,22,138,8,,,,,,,,0.0,0.0,0.0,3.77,3,0.0,4.0,1.0,0.0,1,1,90,0,0,0,4,0,0,0,0,0,3,1,0,1,625,659,0,0.0,0.0,0.0,3.77,28.2,0.0,0.0,2.8,0,2,6,0
34,Pau,Torres,Pau,a,,,4.5,463,120,0.4,268,100,0.0,383,151,0,0,0,0,0,1717,3995,0.0,0.0,1.7,1.7,0.0,383,151,,,369,155,234,81,305,135,386,156,,,,,,,,0.0,0.0,0.0,4.38,0,0.0,4.93,1.23,6.16,1,0,73,0,0,0,4,0,0,0,0,0,0,1,0,-14,1717,3995,0,0.0,0.0,0.0,3.55,0.0,0.7,0.0,0.0,0,5,1,5
35,Lamare,Bogarde,Bogarde,a,,,5.0,357,208,0.1,452,181,1.0,229,100,1,0,0,0,0,566,777,0.2,0.2,1.5,1.5,1.0,229,100,,,247,112,251,134,477,179,277,130,,,,,,,,0.0,0.0,0.0,1.24,0,0.0,0.0,0.0,5.62,1,1,16,0,0,0,0,0,0,0,0,0,0,0,0,3,566,777,0,0.0,0.0,0.0,0.22,2.2,0.5,0.0,0.3,0,1,0,1
36,Ian,Maatsen,Maatsen,a,,,4.5,469,125,0.8,220,82,0.0,387,154,0,0,0,0,0,2306,6968,0.0,0.0,1.7,1.7,0.0,387,154,,,172,74,228,78,148,49,223,86,,,,,,,,0.03,0.0,0.03,4.02,0,0.0,4.44,1.11,10.0,1,0,81,0,0,0,4,0,0,0,0,0,0,1,0,-9,2306,6968,0,0.03,0.0,0.03,3.62,9.2,0.8,3.0,1.3,2,7,2,9
37,Victor,Lindelöf,Lindelöf,a,,,4.5,431,95,0.3,304,113,-2.0,615,205,-2,0,0,0,0,1611,3254,-0.4,-0.4,1.7,1.7,-2.0,615,205,,,255,99,273,101,281,118,281,100,,,,,,,,0.0,0.0,0.0,3.77,0,0.0,4.0,1.0,3.0,1,-2,90,0,0,0,4,1,0,0,0,0,0,1,0,-13,1611,3254,0,0.0,0.0,0.0,3.77,1.8,0.1,0.0,0.2,0,3,1,3
39,Kosta,Nedeljkovic,Nedeljkovic,u,Has joined Rangers on loan for the rest of the season,,4.0,607,197,0.2,323,123,0.0,340,126,0,0,0,0,0,0,6071,0.0,0.0,0.0,0.0,0.0,340,126,0.0,0.0,327,131,327,133,250,103,344,132,,,,,,,,0.0,0.0,0.0,0.0,0,0.0,0.0,0.0,0.0,1,0,0,0,0,0,0,0,0,0,0,0,0,0,0,0,0,6071,0,0.0,0.0,0.0,0.0,0.0,0.0,0.0,0.0,0,0,0,0
41,Emiliano,Buendía Stati,Buendía,a,,,6.0,65,43,1.2,174,53,2.0,151,74,2,0,0,0,0,4157,16091,0.3,0.3,2.2,2.2,2.0,151,74,,,581,249,73,45,99,50,167,76,3.0,1.0,1.0,,,,,0.14,0.1,0.24,3.83,0,0.0,4.24,1.06,7.41,1,2,85,0,0,0,4,0,0,0,0,0,0,1,0,4,4157,16091,0,0.13,0.09,0.22,3.62,0.0,16.3,8.0,2.2,1,3,3,7
44,Leon,Bailey,Bailey,a,,,5.5,143,88,0.1,381,146,0.0,551,232,0,0,0,0,0,860,2164,0.0,0.0,2.0,2.0,0.0,551,232,,,542,226,557,235,531,217,557,233,,,,,,,,0.0,0.0,0.0,0.0,0,0.0,0.0,0.0,0.0,1,0,0,0,0,0,0,0,0,0,0,0,0,0,0,0,860,2164,0,0.0,0.0,0.0,0.0,0.0,0.0,0.0,0.0,0,0,0,0
6,William,Saliba,Saliba,i,Back injury - Unknown return date,,6.0,88,9,0.3,311,116,0.0,588,202,0,0,0,0,0,756,5997,0.0,0.0,0.0,0.0,0.0,588,202,0.0,0.0,588,204,592,204,585,204,592,204,,,,,,,,0.0,0.0,0.0,0.0,0,0.0,0.0,0.0,0.0,1,0,0,0,0,0,0,0,0,0,0,0,0,0,0,0,756,5997,0,0.0,0.0,0.0,0.0,0.0,0.0,0.0,0.0,0,0,0,0
7,Myles,Lewis-Skelly,Lewis-Skelly,a,,,5.5,196,121,0.7,224,72,3.0,100,43,3,0,0,0,0,7958,7259,0.5,0.5,2.0,2.0,3.0,100,43,,,155,54,54,35,112,59,101,52,,,,,,,,0.06,0.11,0.17,0.2,0,1.0,0.0,1.0,7.0,1,3,90,0,0,1,0,0,0,0,0,0,0,1,0,15,7958,7259,0,0.06,0.11,0.17,0.2,11.0,22.9,7.0,4.1,1,1,5,7
8,Riccardo,Calafiori,Calafiori,a,,,5.6,112,11,41.5,5,1,9.0,25,10,9,1,-1,1,-1,266815,31975,1.6,1.6,2.6,2.6,9.0,25,10,,,62,24,105,31,137,45,98,34,,,,,,,,0.04,0.1,0.14,0.07,0,1.12,0.0,1.12,5.62,1,9,80,0,1,1,0,0,0,0,0,0,0,1,0,31,266815,31975,0,0.04,0.09,0.13,0.06,26.0,12.2,4.0,4.2,1,4,1,5
9,Piero,Hincapié,Hincapie,a,,,5.5,171,23,1.5,159,66,1.0,256,94,1,0,0,0,0,3320,34006,0.2,0.2,2.5,2.5,1.0,256,94,,,274,102,252,91,545,194,292,102,,,,,,,,0.0,0.0,0.0,1.5,0,0.0,0.0,0.0,0.0,1,1,9,0,0,0,0,0,0,0,0,0,0,0,0,3,3320,34006,0,0.0,0.0,0.0,0.15,0.4,0.5,0.0,0.1,0,0,0,0
10,Benjamin,White,White,a,,,5.5,132,14,6.3,62,25,11.0,10,5,11,0,0,0,0,112762,18224,2.0,2.0,2.5,2.5,11.0,10,5,100.0,100.0,42,15,38,11,76,21,41,11,,,,,,,,0.18,0.21,0.39,0.2,0,1.0,0.0,1.0,5.0,1,11,90,0,1,1,0,0,0,0,0,0,0,1,2,37,112762,18224,0,0.18,0.21,0.39,0.2,33.2,26.8,13.0,7.3,1,4,3,5
11,Cristhian,Mosquera,Mosquera,a,,,5.5,198,29,5.9,64,26,6.0,58,26,6,0,0,0,0,13030,33261,1.1,1.1,2.5,2.5,6.0,58,26,,,119,55,246,89,562,198,210,82,,,,,,,,0.0,0.0,0.0,0.2,0,1.0,0.0,1.0,6.0,1,6,90,0,0,1,0,0,0,0,0,0,0,1,0,27,13030,33261,0,0.0,0.0,0.0,0.2,14.4,0.6,0.0,1.5,0,6,3,6
12,Bukayo,Saka,Saka,a,,,9.5,3,2,10.4,37,14,9.0,28,14,9,0,0,0,0,72661,25483,0.9,0.9,3.2,3.2,9.0,28,14,,,21,11,43,29,25,12,12,9,2.0,2.0,1.0,,,,,0.86,0.11,0.97,0.08,0,1.34,0.0,1.34,9.4,1,9,67,1,0,1,0,0,0,0,0,0,0,1,1,36,72661,25483,0,0.64,0.08,0.72,0.06,42.8,26.1,33.0,10.2,1,2,4,7
13,Declan,Rice,Rice,a,,,7.5,14,8,17.2,22,7,3.0,108,50,3,0,0,0,0,30371,122853,0.4,0.4,2.6,2.6,3.0,108,50,,,193,77,136,80,187,95,213,96,1.0,1.0,,,,,,0.09,0.11,0.2,0.08,0,1.34,0.0,1.34,8.06,1,3,67,0,0,1,0,0,0,0,0,0,0,1,0,10,30371,122853,0,0.07,0.08,0.15,0.06,6.8,6.4,2.0,1.5,0,3,3,6
18,Gabriel,Martinelli Silva,Martinelli,a,,,6.4,55,39,0.2,340,124,0.0,598,261,0,-1,1,-1,1,1068,5850,0.0,0.0,2.3,2.3,0.0,598,261,,,599,260,602,262,597,257,602,262,,,,,,,,0.0,0.0,0.0,0.0,0,0.0,0.0,0.0,0.0,1,0,0,0,0,0,0,0,0,0,0,0,0,0,0,0,1068,5850,0,0.0,0.0,0.0,0.0,0.0,0.0,0.0,0.0,0,0,0,0
547,Romaine,Mundle,Mundle,a,,,5.0,313,184,0.0,590,251,0.0,496,198,0,0,0,0,0,34,132,0.0,0.0,1.5,1.5,0.0,496,198,,,484,190,494,199,447,165,500,197,,,,,,,,0.0,0.0,0.0,0.0,0,0.0,0.0,0.0,0.0,1,0,0,0,0,0,0,0,0,0,0,0,0,0,0,0,34,132,0,0.0,0.0,0.0,0.0,0.0,0.0,0.0,0.0,0,0,0,0
1,David,Raya Martín,Raya,a,,,6.0,60,1,38.2,6,1,6.0,60,6,6,0,0,0,0,85517,63186,1.0,1.0,4.0,4.0,6.0,60,6,,,144,19,586,68,577,68,231,19,,,,,,,,0.0,0.0,0.0,0.2,1,1.0,0.0,1.0,0.0,1,6,90,0,0,1,0,0,0,0,0,0,1,1,0,24,85517,63186,0,0.0,0.0,0.0,0.2,11.8,0.0,0.0,1.2,0,1,8,0
2,Kepa,Arrizabalaga Revuelta,Arrizabalaga,a,,,5.0,236,9,0.1,441,49,0.0,446,63,0,0,0,0,0,273,1116,0.0,0.0,2.6,2.6,0.0,446,63,,,435,63,442,52,383,52,451,63,,,,,,,,0.0,0.0,0.0,0.0,0,0.0,0.0,0.0,0.0,1,0,0,0,0,0,0,0,0,0,0,0,0,0,0,0,273,1116,0,0.0,0.0,0.0,0.0,0.0,0.0,0.0,0.0,0,0,0,0
3,Illan,Meslier,Meslier,a,,,5.0,301,16,0.0,523,59,0.0,484,66,0,0,0,0,0,87,406,0.0,0.0,2.6,2.6,0.0,484,66,,,473,66,483,59,436,59,489,66,,,,,,,,0.0,0.0,0.0,0.0,0,0.0,0.0,0.0,0.0,1,0,0,0,0,0,0,0,0,0,0,0,0,0,0,0,87,406,0,0.0,0.0,0.0,0.0,0.0,0.0,0.0,0.0,0,0,0,0
4,Gabriel,dos Santos Magalhães,Gabriel,a,,,8.0,8,1,29.2,8,2,5.0,73,30,5,0,0,0,0,49073,96499,0.6,0.6,4.0,4.0,5.0,73,30,,,196,87,193,59,194,66,240,90,,,,,,,,0.05,0.01,0.06,0.2,0,1.0,0.0,1.0,4.0,1,5,90,0,0,1,0,0,0,0,1,0,0,1,0,21,49073,96499,0,0.05,0.01,0.06,0.2,6.6,1.8,1.0,0.9,0,4,2,4
5,Jurriën,Timber,J.Timber,i,Groin injury - Unknown return date,,6.5,46,3,0.1,417,148,0.0,602,203,0,0,0,0,0,348,2668,0.0,0.0,0.0,0.0,0.0,602,203,0.0,0.0,604,205,606,205,604,205,606,205,,,,,,,,0.0,0.0,0.0,0.0,0,0.0,0.0,0.0,0.0,1,0,0,0,0,0,0,0,0,0,0,0,0,0,0,0,348,2668,0,0.0,0.0,0.0,0.0,0.0,0.0,0.0,0.0,0,0,0,0
45,John,McGinn,McGinn,a,,,5.5,120,77,2.9,108,34,1.0,245,111,1,0,0,0,0,6483,34114,0.2,0.2,2.0,2.0,1.0,245,111,,,257,118,173,102,190,96,258,117,2.0,,,,,,,0.04,0.01,0.05,4.02,0,0.0,4.44,1.11,6.67,1,1,81,0,0,0,4,0,0,0,1,0,0,1,0,8,6483,34114,0,0.04,0.01,0.05,3.62,1.6,2.4,1.0,0.5,1,2,3,6
49,Samuel,Iling-Junior,Iling Jr,u,Has joined Bolton Wanderers on loan for the rest of the season,,5.0,321,187,0.0,606,265,0.0,499,200,0,0,0,0,0,0,112,0.0,0.0,0.0,0.0,0.0,499,200,0.0,0.0,487,192,498,201,453,168,503,199,,,,,,,,0.0,0.0,0.0,0.0,0,0.0,0.0,0.0,0.0,1,0,0,0,0,0,0,0,0,0,0,0,0,0,0,0,0,112,0,0.0,0.0,0.0,0.0,0.0,0.0,0.0,0.0,0,0,0,0
54,Joao,Gomes,Gomes,s,Suspended until 19 Sep,,5.5,170,106,0.1,480,198,-2.0,616,270,-2,0,0,0,0,122,1634,-0.4,-0.4,0.0,0.0,-2.0,616,270,0.0,0.0,265,123,121,71,544,227,228,103,,,,,,,,0.0,0.02,0.02,5.95,0,0.0,9.23,2.31,16.15,1,-2,39,0,0,0,4,0,0,0,0,1,0,1,0,-2,122,1634,0,0.0,0.01,0.01,2.58,1.0,11.0,0.0,1.2,4,1,2,7
69,Alex,Scott,Scott,a,,,6.0,97,62,1.5,161,46,2.0,157,77,2,0,0,0,0,6517,10258,0.3,0.3,2.2,2.2,2.0,157,77,,,152,52,147,87,591,253,205,93,2.0,4.0,,,,,,0.0,0.01,0.01,2.25,0,0.0,2.0,1.0,11.0,1,2,90,0,0,0,2,0,0,0,0,0,0,1,0,17,6517,10258,0,0.0,0.01,0.01,2.25,11.4,4.8,0.0,1.6,4,1,6,11
573,Juanlu,Sánchez,Sanchez,a,,,4.5,491,134,0.2,330,124,0.0,395,155,0,0,0,0,0,405,1123,0.0,0.0,1.7,1.7,0.0,395,155,,,383,161,390,162,327,143,399,161,,,,,,,,0.0,0.0,0.0,0.0,0,0.0,0.0,0.0,0.0,1,0,0,0,0,0,0,0,0,0,0,0,0,0,0,0,405,1123,0,0.0,0.0,0.0,0.0,0.0,0.0,0.0,0.0,0,0,0,0
107,Kaye,Furo,Furo,a,,,4.5,527,70,0.9,205,34,0.0,425,42,0,0,0,0,0,6533,6764,0.0,0.0,1.0,1.0,0.0,425,42,,,414,32,420,39,360,38,430,41,,,,,,,,0.0,0.0,0.0,0.0,0,0.0,0.0,0.0,0.0,1,0,0,0,0,0,0,0,0,0,0,0,0,0,0,0,6533,6764,0,0.0,0.0,0.0,0.0,0.0,0.0,0.0,0.0,0,0,0,0
116,Lewis,Dunk,Dunk,a,,,4.5,407,82,1.2,180,71,6.0,43,16,6,0,0,0,0,10307,3918,1.3,1.3,1.7,1.7,6.0,43,16,,,132,61,134,40,264,112,175,66,,3.0,,,,,,0.0,0.04,0.04,0.29,0,1.0,0.0,1.0,2.0,1,6,90,0,0,1,0,0,0,0,0,0,0,1,0,24,10307,3918,0,0.0,0.04,0.04,0.29,13.4,6.4,0.0,2.0,1,1,2,2
128,Facundo,Buonanotte,Buonanotte,u,Has joined Elche on loan for the rest of the season,,5.0,366,215,0.0,602,262,0.0,523,215,0,0,0,0,0,0,152,0.0,0.0,0.0,0.0,0.0,523,215,0.0,0.0,511,207,524,216,482,184,527,214,,,,,,,,0.0,0.0,0.0,0.0,0,0.0,0.0,0.0,0.0,1,0,0,0,0,0,0,0,0,0,0,0,0,0,0,0,0,152,0,0.0,0.0,0.0,0.0,0.0,0.0,0.0,0.0,0,0,0,0
504,Luka,Vušković,Vuskovic,a,,,5.0,386,76,2.5,115,45,6.0,54,23,6,0,0,0,0,18448,9197,1.2,1.2,2.2,2.2,6.0,54,23,,,141,66,149,44,78,22,137,54,,,,,,,,0.13,0.03,0.16,0.29,0,1.0,0.0,1.0,4.0,1,6,90,0,0,1,0,0,0,0,0,0,0,1,0,19,18448,9197,0,0.13,0.03,0.16,0.29,12.4,4.5,12.0,2.9,0,4,2,4
101,Jordan,Henderson,Henderson,d,Wrist injury - 75% chance of playing,,5.0,226,140,0.0,507,212,0.0,439,168,0,0,0,0,0,193,573,0.0,0.0,1.1,1.1,0.0,439,168,75.0,75.0,428,161,434,171,375,130,444,168,,,,,,,,0.0,0.0,0.0,0.0,0,0.0,0.0,0.0,0.0,1,0,0,0,0,0,0,0,0,0,0,0,0,0,0,0,193,573,0,0.0,0.0,0.0,0.0,0.0,0.0,0.0,0.0,0,0,0,0
153,Axel,Disasi,Disasi,a,,,4.5,442,104,0.1,474,166,0.0,370,141,0,0,0,0,0,391,718,0.0,0.0,1.7,1.7,0.0,370,141,,,357,146,361,150,289,124,374,147,,,,,,,,0.0,0.0,0.0,0.0,0,0.0,0.0,0.0,0.0,1,0,0,0,0,0,0,0,0,0,0,0,0,0,0,0,391,718,0,0.0,0.0,0.0,0.0,0.0,0.0,0.0,0.0,0,0,0,0
568,Valentín,Barco,Barco,a,,,5.5,203,127,0.1,389,151,0.0,573,247,0,0,0,0,0,263,1281,0.0,0.0,2.0,2.0,0.0,573,247,,,565,242,577,249,564,239,577,247,,,,,,,,0.0,0.0,0.0,0.0,0,0.0,0.0,0.0,0.0,1,0,0,0,0,0,0,0,0,0,0,0,0,0,0,0,263,1281,0,0.0,0.0,0.0,0.0,0.0,0.0,0.0,0.0,0,0,0,0
578,Mykhailo,Mudryk,Mudryk,a,,,5.5,180,109,0.0,495,205,0.0,566,240,0,0,0,0,0,207,801,0.0,0.0,2.0,2.0,0.0,566,240,,,556,234,569,242,553,230,570,240,,,,,,,,0.0,0.0,0.0,0.0,0,0.0,0.0,0.0,0.0,1,0,0,0,0,0,0,0,0,0,0,0,0,0,0,0,207,801,0,0.0,0.0,0.0,0.0,0.0,0.0,0.0,0.0,0,0,0,0
185,Tatsuhiro,Sakamoto,Sakamoto,a,,,5.0,347,201,0.1,420,166,0.0,515,210,0,0,0,0,0,108,1122,0.0,0.0,1.5,1.5,0.0,515,210,,,503,202,516,211,473,178,519,209,,,,,,,,0.0,0.0,0.0,0.0,0,0.0,0.0,0.0,0.0,1,0,0,0,0,0,0,0,0,0,0,0,0,0,0,0,108,1122,0,0.0,0.0,0.0,0.0,0.0,0.0,0.0,0.0,0,0,0,0
245,Tyler,Dibling,Dibling,a,,,5.5,195,120,0.0,512,214,0.0,570,244,0,0,0,0,0,148,583,0.0,0.0,2.0,2.0,0.0,570,244,,,561,238,574,246,560,236,574,244,,,,,,,,0.0,0.0,0.0,0.0,0,0.0,0.0,0.0,0.0,1,0,0,0,0,0,0,0,0,0,0,0,0,0,0,0,148,583,0,0.0,0.0,0.0,0.0,0.0,0.0,0.0,0.0,0,0,0,0
256,Kenny,Tete,Tete,a,,,4.5,425,91,0.3,307,114,0.0,360,135,0,0,0,0,0,265,1560,0.0,0.0,1.7,1.7,0.0,360,135,,,347,140,351,144,277,116,364,141,,,,,,,,0.0,0.0,0.0,0.0,0,0.0,0.0,0.0,0.0,1,0,0,0,0,0,0,0,0,0,0,0,0,0,0,0,265,1560,0,0.0,0.0,0.0,0.0,0.0,0.0,0.0,0.0,0,0,0,0
257,Calvin,Bassey,Bassey,a,,,4.5,455,114,0.8,218,81,0.0,378,146,0,0,0,0,0,5776,4686,0.0,0.0,1.7,1.7,0.0,378,146,,,127,59,155,46,161,57,176,67,,,,,,,,0.02,0.02,0.04,2.24,0,0.0,3.0,1.0,4.0,1,0,90,0,0,0,3,0,0,0,1,0,0,1,0,1,5776,4686,0,0.02,0.02,0.04,2.24,13.8,3.8,2.0,2.0,1,3,4,4
258,Timothy,Castagne,Castagne,a,,,4.5,424,90,0.4,272,103,6.0,44,17,6,0,0,0,0,8155,1799,1.3,1.3,1.7,1.7,6.0,44,17,,,30,10,35,9,41,9,22,3,,,,,,,,0.09,0.18,0.27,2.24,0,0.0,3.0,1.0,6.0,1,6,90,0,2,0,3,0,0,0,1,0,0,1,0,21,8155,1799,0,0.09,0.18,0.27,2.24,38.0,27.8,23.0,8.9,1,5,4,6
261,Alex,Iwobi,Iwobi,a,,,5.5,121,78,1.0,200,66,2.0,138,64,2,0,0,0,0,4639,7072,0.4,0.4,2.0,2.0,2.0,138,64,,,142,48,116,68,514,208,158,72,1.0,1.0,3.0,,,,,0.0,0.04,0.04,2.24,0,0.0,3.0,1.0,10.0,1,2,90,0,0,0,3,0,0,0,0,0,0,1,0,17,4639,7072,0,0.0,0.04,0.04,2.24,12.4,11.3,0.0,2.4,1,3,6,10
580,Shea,Charles,Charles,a,,,5.0,316,186,0.1,430,170,1.0,216,93,1,0,0,0,0,304,614,0.2,0.2,1.5,1.5,1.0,216,93,,,234,104,209,118,450,167,256,116,,,,,,,,0.0,0.0,0.0,0.12,0,0.0,0.0,0.0,11.74,1,1,23,0,0,0,0,0,0,0,0,0,0,0,0,5,304,614,0,0.0,0.0,0.0,0.03,3.4,1.3,0.0,0.5,1,0,2,3
290,Regan,Slater,Slater,a,,,4.5,459,246,3.7,89,29,6.0,49,21,6,0,0,0,0,68401,17269,1.3,1.3,1.0,1.0,6.0,49,21,,,94,33,63,41,302,106,106,55,2.0,,,,,,,0.0,0.44,0.44,1.83,0,1.0,0.0,1.0,3.0,1,6,90,0,1,1,0,0,0,0,0,0,0,1,0,20,68401,17269,0,0.0,0.44,0.44,1.83,18.4,19.3,0.0,3.8,1,0,2,3
291,Eliot,Matazo,Matazo,i,Knee injury - Unknown return date,,4.5,475,248,0.0,594,254,0.0,389,147,0,0,0,0,0,48,80,0.0,0.0,0.0,0.0,0.0,389,147,0.0,0.0,374,140,379,150,313,108,391,147,,,,,,,,0.0,0.0,0.0,0.0,0,0.0,0.0,0.0,0.0,1,0,0,0,0,0,0,0,0,0,0,0,0,0,0,0,48,80,0,0.0,0.0,0.0,0.0,0.0,0.0,0.0,0.0,0,0,0,0
292,Abdülkadir,Ömür,Ömür,a,,,5.0,263,161,0.0,556,229,0.0,460,180,0,0,0,0,0,178,313,0.0,0.0,1.5,1.5,0.0,460,180,,,452,174,460,183,405,146,468,181,,,,,,,,0.0,0.0,0.0,0.0,0,0.0,0.0,0.0,0.0,1,0,0,0,0,0,0,0,0,0,0,0,0,0,0,0,178,313,0,0.0,0.0,0.0,0.0,0.0,0.0,0.0,0.0,0,0,0,0
293,Abu,Kamara,Kamara,u,Has joined Portsmouth permanently,,5.0,335,195,0.0,599,259,0.0,508,207,0,0,0,0,0,0,171,0.0,0.0,0.0,0.0,0.0,508,207,0.0,0.0,496,199,508,208,465,175,512,206,,,,,,,,0.0,0.0,0.0,0.0,0,0.0,0.0,0.0,0.0,1,0,0,0,0,0,0,0,0,0,0,0,0,0,0,0,0,171,0,0.0,0.0,0.0,0.0,0.0,0.0,0.0,0.0,0,0,0,0
585,Lucas,Herrington,Herrington,a,,,4.0,609,198,0.7,231,88,1.0,181,61,1,0,0,0,0,2484,2769,0.2,0.2,1.0,1.0,1.0,181,61,,,178,78,329,134,252,104,241,91,,,,,,,,0.0,0.0,0.0,3.32,0,0.0,0.0,0.0,13.85,1,1,26,0,0,0,0,0,0,0,0,0,0,0,0,4,2484,2769,0,0.0,0.0,0.0,0.96,8.0,0.0,0.0,0.8,0,4,0,4
586,Nobel,Mendy,Mendy,a,,,4.0,611,200,3.2,101,42,15.0,3,2,15,0,0,0,0,120047,15186,3.8,3.8,1.0,1.0,15.0,3,2,100.0,,4,1,237,84,23,6,27,5,,,,,,,,0.4,0.0,0.4,1.23,0,1.43,0.0,1.43,18.57,1,15,63,1,0,1,0,0,0,0,0,0,0,1,1,35,120047,15186,0,0.28,0.0,0.28,0.86,51.8,0.6,33.0,8.5,0,13,2,13
348,Joël,Piroe,Piroe,u,Has joined West Ham United on loan for the rest of the season,,5.0,290,53,0.1,399,59,0.0,477,47,0,0,0,0,0,0,4707,0.0,0.0,0.0,0.0,0.0,477,47,0.0,0.0,466,37,475,45,426,44,482,46,,,3.0,,,,,0.0,0.0,0.0,0.0,0,0.0,0.0,0.0,0.0,1,0,0,0,0,0,0,0,0,0,0,0,0,0,0,0,0,4707,0,0.0,0.0,0.0,0.0,0.0,0.0,0.0,0.0,0,0,0,0
349,Mateo,Joseph Fernández-Regatillo,Mateo Joseph,i,Knee injury - Unknown return date,,4.5,515,68,0.1,477,63,0.0,416,40,0,0,0,0,0,256,879,0.0,0.0,0.0,0.0,0.0,416,40,0.0,0.0,405,30,411,37,350,36,421,39,,,,,,,,0.0,0.0,0.0,0.0,0,0.0,0.0,0.0,0.0,1,0,0,0,0,0,0,0,0,0,0,0,0,0,0,0,256,879,0,0.0,0.0,0.0,0.0,0.0,0.0,0.0,0.0,0,0,0,0
385,James,Trafford,Trafford,a,,,5.0,298,14,4.1,78,10,9.0,21,2,9,0,0,0,0,50481,10799,1.8,1.8,2.6,2.6,9.0,21,2,,,87,13,481,57,434,57,185,13,,,,,,,,0.0,0.0,0.0,0.66,3,1.0,0.0,1.0,0.0,1,9,90,0,0,1,0,0,0,0,0,0,3,1,2,28,50481,10799,0,0.0,0.0,0.0,0.66,19.4,0.0,0.0,1.9,0,0,9,0
598,Nico,Elvedi,Elvedi,a,,,4.5,428,93,0.0,540,186,0.0,362,136,0,0,0,0,0,287,213,0.0,0.0,1.7,1.7,0.0,362,136,,,349,141,353,145,279,117,366,142,,,,,,,,0.0,0.0,0.0,0.0,0,0.0,0.0,0.0,0.0,1,0,0,0,0,0,0,0,0,0,0,0,0,0,0,0,287,213,0,0.0,0.0,0.0,0.0,0.0,0.0,0.0,0.0,0,0,0,0
360,Conor,Bradley,Bradley,i,Knee injury - Unknown return date,,5.0,338,68,0.0,583,199,0.0,511,187,0,0,0,0,0,67,195,0.0,0.0,0.0,0.0,0.0,511,187,0.0,0.0,499,193,511,193,468,184,515,193,,,,,,,,0.0,0.0,0.0,0.0,0,0.0,0.0,0.0,0.0,1,0,0,0,0,0,0,0,0,0,0,0,0,0,0,0,67,195,0,0.0,0.0,0.0,0.0,0.0,0.0,0.0,0.0,0,0,0,0
383,Harvey,Elliott,Elliott,a,,,5.5,168,105,0.1,451,180,0.0,561,238,0,0,0,0,0,307,994,0.0,0.0,2.0,2.0,0.0,561,238,,,550,232,563,240,542,226,564,238,,,,,,,,0.0,0.0,0.0,0.0,0,0.0,0.0,0.0,0.0,1,0,0,0,0,0,0,0,0,0,0,0,0,0,0,0,307,994,0,0.0,0.0,0.0,0.0,0.0,0.0,0.0,0.0,0,0,0,0
413,Altay,Bayındır,Bayindir,u,Has joined Celta Vigo on loan for the rest of the season,,4.5,470,38,0.0,553,64,0.0,388,54,0,0,0,0,0,0,531,0.0,0.0,0.0,0.0,0.0,388,54,0.0,0.0,373,54,377,37,310,37,390,54,,,,,,,,0.0,0.0,0.0,0.0,0,0.0,0.0,0.0,0.0,1,0,0,0,0,0,0,0,0,0,0,0,0,0,0,0,0,531,0,0.0,0.0,0.0,0.0,0.0,0.0,0.0,0.0,0,0,0,0
420,Leny,Yoro,Yoro,a,,,5.0,372,73,0.7,230,87,0.0,527,190,0,0,0,0,0,1418,8639,0.0,0.0,2.2,2.2,0.0,527,190,,,515,196,528,196,487,187,531,196,,,,,,,,0.0,0.0,0.0,0.0,0,0.0,0.0,0.0,0.0,1,0,0,0,0,0,0,0,0,0,0,0,0,0,0,0,1418,8639,0,0.0,0.0,0.0,0.0,0.0,0.0,0.0,0.0,0,0,0,0
431,Amad,Diallo,Amad,d,Unspecified injury - 75% chance of playing,,5.9,111,72,1.1,187,62,0.0,581,250,0,-1,1,-1,1,1495,43932,0.0,0.0,1.6,2.1,0.0,581,250,75.0,,575,247,584,252,575,244,586,252,4.0,,,,,,,0.0,0.0,0.0,0.0,0,0.0,0.0,0.0,0.0,1,0,0,0,0,0,0,0,0,0,0,0,0,0,0,0,1495,43932,0,0.0,0.0,0.0,0.0,0.0,0.0,0.0,0.0,0,0,0,0
450,Tino,Livramento,Livramento,i,Calf injury - Unknown return date,,5.0,304,55,0.0,511,177,0.0,487,180,0,0,0,0,0,79,1057,0.0,0.0,0.0,0.0,0.0,487,180,0.0,0.0,476,187,486,187,439,175,492,187,,,,,,,,0.0,0.0,0.0,0.0,0,0.0,0.0,0.0,0.0,1,0,0,0,0,0,0,0,0,0,0,0,0,0,0,0,79,1057,0,0.0,0.0,0.0,0.0,0.0,0.0,0.0,0.0,0,0,0,0
451,Alex,Murphy,A.Murphy,u,Has joined FC Kaiserslautern on loan for the rest of the season,,4.0,597,187,0.1,422,149,0.0,331,117,0,0,0,0,0,0,2959,0.0,0.0,0.0,0.0,0.0,331,117,0.0,0.0,318,122,318,124,240,93,335,123,,,,,,,,0.0,0.0,0.0,0.0,0,0.0,0.0,0.0,0.0,1,0,0,0,0,0,0,0,0,0,0,0,0,0,0,0,0,2959,0,0.0,0.0,0.0,0.0,0.0,0.0,0.0,0.0,0,0,0,0
453,Harvey,Barnes,Barnes,a,,,6.0,67,45,1.1,186,61,2.0,152,75,2,0,0,0,0,9008,7578,0.3,0.3,2.2,2.2,2.0,152,75,,,210,87,175,103,91,44,202,90,,,,,,,,0.07,0.02,0.09,2.98,0,0.0,2.0,1.0,8.0,1,2,90,0,0,0,2,0,0,0,0,0,0,1,0,12,9008,7578,0,0.07,0.02,0.09,2.98,5.2,2.4,9.0,1.7,1,3,4,8
454,Anthony,Elanga,Elanga,a,,,6.0,86,55,1.8,136,41,9.0,27,13,9,0,0,0,0,69042,8756,1.5,1.5,2.2,2.2,9.0,27,13,,,33,17,160,93,34,18,45,27,4.0,,,,,,,0.26,0.01,0.27,2.33,0,0.0,1.2,1.2,2.4,1,9,75,1,0,0,1,0,0,0,0,0,0,1,2,31,69042,8756,0,0.22,0.01,0.23,1.94,37.4,3.5,28.0,6.9,0,1,1,2
456,Jacob,Ramsey,J.Ramsey,a,,,5.0,288,172,0.4,283,94,0.0,475,187,0,0,0,0,0,1205,3590,0.0,0.0,1.5,1.5,0.0,475,187,,,180,71,208,117,132,65,224,99,,,,,,,,0.16,0.03,0.19,3.97,0,0.0,2.65,0.0,15.88,1,0,34,0,0,0,1,0,0,0,1,0,0,0,0,1,1205,3590,0,0.06,0.01,0.07,1.5,7.8,1.3,4.0,1.3,2,3,1,6
457,Jacob,Murphy,J.Murphy,a,,,6.0,59,40,0.2,371,141,0.0,583,251,0,0,0,0,0,591,2047,0.0,0.0,2.2,2.2,0.0,583,251,,,578,248,276,144,182,92,293,139,2.0,,,,,,,0.0,0.0,0.0,6.69,0,0.0,6.43,0.0,12.86,1,0,14,0,0,0,1,0,0,0,1,0,0,0,0,-1,591,2047,0,0.0,0.0,0.0,1.04,0.0,0.1,2.0,0.1,0,1,1,2
458,Joelinton Cássio,Apolinário de Lira,Joelinton,i,Unspecified injury - Unknown return date,,5.5,129,79,0.0,528,216,0.0,545,227,0,0,0,0,0,38,900,0.0,0.0,0.0,0.0,0.0,545,227,0.0,0.0,535,221,550,230,520,209,551,228,,,,,,,,0.0,0.0,0.0,0.0,0,0.0,0.0,0.0,0.0,1,0,0,0,0,0,0,0,0,0,0,0,0,0,0,0,38,900,0,0.0,0.0,0.0,0.0,0.0,0.0,0.0,0.0,0,0,0,0
459,Lewis,Miley,L.Miley,a,,,5.5,207,129,0.1,464,188,3.0,101,44,3,0,0,0,0,1035,404,0.5,0.5,2.0,2.0,3.0,101,44,100.0,100.0,109,37,59,39,152,79,103,54,3.0,,,,,,,0.06,0.01,0.07,2.33,0,0.0,1.2,1.2,15.6,1,3,75,0,0,0,1,0,0,0,1,0,0,1,0,13,1035,404,0,0.05,0.01,0.06,1.94,15.6,21.4,3.0,4.0,1,6,6,13
460,Joe,Willock,Willock,a,,,5.0,255,155,0.2,335,120,6.0,51,22,6,0,0,0,0,6168,1428,1.2,1.2,1.5,1.5,6.0,51,22,,,29,16,90,58,90,43,52,31,,,,,,,,0.24,0.45,0.69,3.97,0,0.0,2.65,0.0,7.94,1,6,34,1,0,0,1,0,0,0,0,0,0,0,0,28,6168,1428,0,0.09,0.17,0.26,1.5,38.4,13.9,9.0,6.1,2,0,1,3
462,Sean,Steur,Steur,a,,,5.0,392,234,0.1,414,162,1.0,238,106,1,0,0,0,0,637,811,0.2,0.2,1.5,1.5,1.0,238,106,,,272,128,214,120,502,199,283,134,,,,,,,,0.0,0.0,0.0,2.42,0,0.0,1.64,1.64,3.27,1,1,55,0,0,0,1,0,0,0,0,0,0,1,0,3,637,811,0,0.0,0.0,0.0,1.48,0.4,1.2,0.0,0.2,0,0,2,2
463,Nick,Woltemade,Woltemade,a,,,6.0,92,23,1.6,154,25,0.0,590,65,0,0,0,0,0,6096,24308,0.0,0.0,2.0,2.0,0.0,590,65,,,590,65,594,66,587,66,594,66,,,1.0,,,,,0.0,0.0,0.0,0.0,0,0.0,0.0,0.0,0.0,1,0,0,0,0,0,0,0,0,0,0,0,0,0,0,0,6096,24308,0,0.0,0.0,0.0,0.0,0.0,0.0,0.0,0.0,0,0,0,0
464,Yoane,Wissa,Wissa,a,,,6.0,72,19,3.1,103,14,4.0,78,8,4,0,0,0,0,108513,16821,0.7,0.7,2.0,2.0,4.0,78,8,,,85,7,74,6,33,9,48,8,,,3.0,,,,,1.0,0.02,1.02,2.19,0,0.0,1.0,1.0,8.0,1,4,90,0,1,0,1,0,0,0,1,0,0,1,0,7,108513,16821,0,1.0,0.02,1.02,2.19,20.0,16.3,28.0,6.4,4,1,3,8
465,William,Osula,Osula,d,Foot injury - 25% chance of playing,,6.0,102,26,1.1,190,29,4.0,80,10,4,0,0,0,0,20200,14582,0.7,0.7,0.5,2.0,4.0,80,10,25.0,,59,6,95,8,100,20,78,11,,,2.0,,,,,0.1,0.23,0.33,2.42,0,0.0,1.64,1.64,8.18,1,4,55,0,1,0,1,0,0,0,0,0,0,1,0,18,20200,14582,0,0.06,0.14,0.2,1.48,28.2,13.7,8.0,5.0,1,2,2,5
466,Sean,Neave,Neave,a,,,4.5,530,72,0.8,219,37,0.0,428,44,0,0,0,0,0,5318,6576,0.0,0.0,1.0,1.0,0.0,428,44,,,417,34,423,41,363,40,433,43,,,,,,,,0.0,0.0,0.0,0.0,0,0.0,0.0,0.0,0.0,1,0,0,0,0,0,0,0,0,0,0,0,0,0,0,0,5318,6576,0,0.0,0.0,0.0,0.0,0.0,0.0,0.0,0.0,0,0,0,0
559,Aladji,Bamba,Bamba,a,,,5.0,391,233,0.1,391,152,1.0,237,105,1,0,0,0,0,582,1328,0.2,0.2,1.5,1.5,1.0,237,105,,,223,96,537,225,501,198,266,122,,,,,,,,0.0,0.0,0.0,6.69,0,0.0,6.43,0.0,12.86,1,1,14,0,0,0,1,0,0,0,0,0,0,0,0,5,582,1328,0,0.0,0.0,0.0,1.04,4.0,0.0,0.0,0.4,1,1,0,2
567,Lukás,Hornícek,Horníček,a,,,5.0,323,19,0.7,223,31,1.0,219,19,1,0,0,0,0,4354,3214,0.2,0.2,2.6,2.6,1.0,219,19,,,24,2,500,62,455,62,100,2,,,,,,,,0.0,0.0,0.0,2.98,5,0.0,2.0,1.0,0.0,1,1,90,0,0,0,2,0,0,0,1,0,5,1,0,12,4354,3214,0,0.0,0.0,0.0,2.98,41.2,0.0,0.0,4.1,0,3,5,0
593,Amar,Dedic,Dedić,a,,,4.5,474,127,0.3,288,109,1.0,195,73,1,0,0,0,0,6961,1519,0.2,0.2,1.7,1.7,1.0,195,73,,,106,46,212,69,123,39,161,62,,,,,,,,0.03,0.0,0.03,2.98,0,0.0,2.0,1.0,9.0,1,1,90,0,0,0,2,0,0,0,0,0,0,1,0,-1,6961,1519,0,0.03,0.0,0.03,2.98,16.4,1.2,5.0,2.3,2,7,2,9
609,Leo,Shahar,Shahar,a,,,4.0,601,191,0.1,423,150,0.0,335,121,0,0,0,0,0,3104,497,0.0,0.0,1.0,1.0,0.0,335,121,,,322,126,322,128,244,97,339,127,,,,,,,,0.0,0.0,0.0,0.0,0,0.0,0.0,0.0,0.0,1,0,0,0,0,0,0,0,0,0,0,0,0,0,0,0,3104,497,0,0.0,0.0,0.0,0.0,0.0,0.0,0.0,0.0,0,0,0,0
467,Matz,Sels,Sels,a,,,5.0,229,5,1.5,160,24,2.0,119,12,2,0,0,0,0,2346,8135,0.4,0.4,2.6,2.6,2.0,119,12,,,122,18,437,48,378,48,217,18,,,,,,,,0.0,0.0,0.0,0.47,2,0.0,1.0,1.0,0.0,1,2,90,0,0,0,1,0,0,0,0,0,2,1,0,11,2346,8135,0,0.0,0.0,0.0,0.47,14.2,0.0,0.0,1.4,0,0,9,0
468,John Victor,Maciel Furtado,John,a,,,4.5,444,34,0.1,469,52,0.0,371,51,0,0,0,0,0,145,375,0.0,0.0,1.9,1.9,0.0,371,51,,,358,51,362,33,290,33,375,51,,,,,,,,0.0,0.0,0.0,0.0,0,0.0,0.0,0.0,0.0,1,0,0,0,0,0,0,0,0,0,0,0,0,0,0,0,145,375,0,0.0,0.0,0.0,0.0,0.0,0.0,0.0,0.0,0,0,0,0
469,Neco,Williams,N.Williams,a,,,5.0,271,45,9.2,43,16,2.0,126,46,2,0,0,0,0,12425,57905,0.4,0.4,2.2,2.2,2.0,126,46,,,113,52,141,41,115,34,144,57,1.0,2.0,,,,,,0.0,0.02,0.02,0.47,0,0.0,1.0,1.0,6.0,1,2,90,0,0,0,1,0,0,0,0,0,0,1,0,13,12425,57905,0,0.0,0.02,0.02,0.47,15.2,5.8,6.0,2.7,3,3,10,6
470,Felipe,Rodrigues da Silva,Morato,a,,,5.0,328,65,0.0,491,172,0.0,502,185,0,0,0,0,0,209,523,0.0,0.0,2.2,2.2,0.0,502,185,,,490,191,502,191,458,181,506,191,,,,,,,,0.0,0.0,0.0,0.0,0,0.0,0.0,0.0,0.0,1,0,0,0,0,0,0,0,0,0,0,0,0,0,0,0,209,523,0,0.0,0.0,0.0,0.0,0.0,0.0,0.0,0.0,0,0,0,0
471,Nikola,Milenković,Milenković,a,,,5.5,149,18,1.8,133,53,2.0,140,49,2,0,0,0,0,2175,11892,0.4,0.4,2.5,2.5,2.0,140,49,,,182,80,244,88,72,19,166,65,,,,,,,,0.11,0.02,0.13,0.47,0,0.0,1.0,1.0,7.0,1,2,90,0,0,0,1,0,0,0,0,0,0,1,0,4,2175,11892,0,0.11,0.02,0.13,0.47,7.6,0.6,14.0,2.2,0,7,6,7
472,Murillo,Costa dos Santos,Murillo,a,,,5.5,215,32,1.7,148,61,4.0,77,32,4,0,0,0,0,7251,8493,0.7,0.7,2.5,2.5,4.0,77,32,100.0,100.0,47,18,45,14,569,200,57,16,,3.0,,,,,,0.0,0.28,0.28,0.47,0,0.0,1.0,1.0,14.0,1,4,90,0,0,0,1,0,0,0,0,0,0,1,0,15,7251,8493,0,0.0,0.28,0.28,0.47,32.2,25.9,0.0,5.8,2,12,3,14
473,Ola,Aina,Aina,a,,,4.5,423,89,3.5,92,37,5.0,65,29,5,0,0,0,0,14559,16783,1.1,1.1,1.7,1.7,5.0,65,29,,,107,47,20,5,81,25,50,12,,,,,,,,0.05,0.21,0.26,0.42,0,1.23,0.0,1.23,2.47,1,5,73,0,0,1,0,0,0,0,1,0,0,1,0,24,14559,16783,0,0.04,0.17,0.21,0.34,16.0,35.6,11.0,6.3,0,2,4,2
474,Jair,Paula da Cunha Filho,Jair Cunha,a,,,4.5,520,145,0.2,333,125,1.0,205,81,1,0,0,0,0,228,1169,0.2,0.2,1.7,1.7,1.0,205,81,,,80,37,207,67,355,153,164,64,,,,,,,,0.0,0.0,0.0,0.47,0,0.0,1.0,1.0,8.0,1,1,90,0,0,0,1,0,0,0,1,0,0,1,0,5,228,1169,0,0.0,0.0,0.0,0.47,20.8,1.3,0.0,2.2,1,7,0,8
475,Nicolò,Savona,Savona,i,Knee injury - Unknown return date,,4.5,494,135,0.0,607,203,0.0,398,156,0,0,0,0,0,61,37,0.0,0.0,0.0,0.0,0.0,398,156,0.0,0.0,386,162,393,163,330,144,402,162,,,,,,,,0.0,0.0,0.0,0.0,0,0.0,0.0,0.0,0.0,1,0,0,0,0,0,0,0,0,0,0,0,0,0,0,0,61,37,0,0.0,0.0,0.0,0.0,0.0,0.0,0.0,0.0,0,0,0,0
476,Omar,Richards,O.Richards,a,,,4.0,566,165,0.2,319,121,0.0,309,104,0,0,0,0,0,426,1617,0.0,0.0,1.0,1.0,0.0,309,104,,,296,109,295,110,215,77,313,110,,,,,,,,0.0,0.0,0.0,0.0,0,0.0,0.0,0.0,0.0,1,0,0,0,0,0,0,0,0,0,0,0,0,0,0,0,426,1617,0,0.0,0.0,0.0,0.0,0.0,0.0,0.0,0.0,0,0,0,0
477,Zach,Abbott,Abbott,a,,,4.0,600,190,0.3,315,118,0.0,334,120,0,0,0,0,0,867,1784,0.0,0.0,1.0,1.0,0.0,334,120,,,321,125,321,127,243,96,338,126,,,,,,,,0.0,0.0,0.0,0.0,0,0.0,0.0,0.0,0.0,1,0,0,0,0,0,0,0,0,0,0,0,0,0,0,0,867,1784,0,0.0,0.0,0.0,0.0,0.0,0.0,0.0,0.0,0,0,0,0
478,Luca,Netz,Netz,a,,,4.5,477,128,0.0,514,178,1.0,196,74,1,0,0,0,0,92,237,0.2,0.2,1.7,1.7,1.0,196,74,,,376,158,224,75,315,139,288,101,,,,,,,,0.0,0.0,0.0,0.73,0,0.0,5.62,0.0,0.0,1,1,16,0,0,0,1,0,0,0,0,0,0,0,0,-2,92,237,0,0.0,0.0,0.0,0.13,0.0,0.9,0.0,0.1,0,0,1,0
479,Tyler,Bindon,Bindon,a,,,4.0,595,185,0.2,353,133,0.0,330,116,0,0,0,0,0,303,1120,0.0,0.0,1.0,1.0,0.0,330,116,,,317,121,317,123,238,91,334,122,,,,,,,,0.0,0.0,0.0,0.0,0,0.0,0.0,0.0,0.0,1,0,0,0,0,0,0,0,0,0,0,0,0,0,0,0,303,1120,0,0.0,0.0,0.0,0.0,0.0,0.0,0.0,0.0,0,0,0,0
480,Morgan,Gibbs-White,Gibbs-White,d,Knee injury - 75% chance of playing,,8.0,7,5,9.1,44,17,2.0,166,83,2,0,0,0,0,7197,207996,0.2,0.2,2.1,2.8,2.0,166,83,75.0,,616,270,126,73,67,37,160,73,,1.0,2.0,,,,,0.13,0.06,0.19,0.47,0,0.0,1.0,1.0,3.0,1,2,90,0,0,0,1,0,0,0,0,0,0,1,0,10,7197,207996,0,0.13,0.06,0.19,0.47,0.0,9.3,16.0,2.4,0,1,2,3
482,Callum,Hudson-Odoi,Hudson-Odoi,a,,,6.0,70,46,0.2,321,111,0.0,585,252,0,0,0,0,0,600,3912,0.0,0.0,2.2,2.2,0.0,585,252,100.0,100.0,583,250,589,253,579,245,589,253,,4.0,,,,,,0.0,0.0,0.0,0.0,0,0.0,0.0,0.0,0.0,1,0,0,0,0,0,0,0,0,0,0,0,0,0,0,0,600,3912,0,0.0,0.0,0.0,0.0,0.0,0.0,0.0,0.0,0,0,0,0
483,Dan,Ndoye,Ndoye,a,,,5.5,173,107,0.4,273,88,3.0,99,42,3,0,0,0,0,948,3727,0.5,0.5,2.0,2.0,3.0,99,42,,,259,119,169,99,547,228,269,125,,,,,,,,0.0,0.0,0.0,0.37,0,1.48,0.0,1.48,4.43,1,3,61,0,0,1,0,0,0,0,0,0,0,1,0,5,948,3727,0,0.0,0.0,0.0,0.25,1.4,2.5,0.0,0.4,1,1,1,3
484,Omari,Hutchinson,Hutchinson,a,,,5.5,199,123,0.2,368,139,0.0,572,246,0,0,0,0,0,169,1642,0.0,0.0,2.0,2.0,0.0,572,246,,,563,240,576,248,563,238,576,246,4.0,,,,,,,0.0,0.0,0.0,0.0,0,0.0,0.0,0.0,0.0,1,0,0,0,0,0,0,0,0,0,0,0,0,0,0,0,169,1642,0,0.0,0.0,0.0,0.0,0.0,0.0,0.0,0.0,0,0,0,0
485,Dilane,Bakwa,Bakwa,u,Has joined Lille on loan for the rest of the season,,5.5,183,112,0.0,570,241,0.0,567,241,0,0,0,0,0,107,272,0.0,0.0,0.0,2.0,0.0,567,241,0.0,,557,235,570,243,554,231,571,241,,,,,,,,0.0,0.0,0.0,0.0,0,0.0,0.0,0.0,0.0,1,0,0,0,0,0,0,0,0,0,0,0,0,0,0,0,107,272,0,0.0,0.0,0.0,0.0,0.0,0.0,0.0,0.0,0,0,0,0
486,James,McAtee,McAtee,a,,,5.5,159,99,0.1,485,199,3.0,98,41,3,0,0,0,0,482,356,0.5,0.5,2.0,2.0,3.0,98,41,,,146,49,12,10,537,223,67,35,2.0,,,,,,,0.0,0.2,0.2,0.42,0,1.23,0.0,1.23,9.86,1,3,73,0,0,1,0,0,0,0,0,0,0,1,0,18,482,356,0,0.0,0.16,0.16,0.34,11.6,42.5,0.0,5.4,1,2,5,8
487,Nicolás,Domínguez,Dominguez,a,,,5.0,295,177,0.1,444,178,0.0,482,192,0,0,0,0,0,183,830,0.0,0.0,1.5,1.5,0.0,482,192,,,471,184,480,193,431,158,487,191,,,,,,,,0.0,0.0,0.0,0.0,0,0.0,0.0,0.0,0.0,1,0,0,0,0,0,0,0,0,0,0,0,0,0,0,0,183,830,0,0.0,0.0,0.0,0.0,0.0,0.0,0.0,0.0,0,0,0,0
490,Chris,Wood,Wood,a,,,6.0,58,14,1.6,149,23,1.0,271,30,1,0,0,0,0,3838,21142,0.2,0.2,2.0,2.0,1.0,271,30,,,577,59,174,21,153,25,271,28,,,1.0,,,,,0.39,0.03,0.42,0.71,0,0.0,3.21,0.0,3.21,1,1,28,0,0,0,1,0,0,0,0,0,0,0,0,3,3838,21142,0,0.12,0.01,0.13,0.22,0.0,2.4,3.0,0.4,0,0,1,1
491,Igor Jesus,Maciel da Cruz,Igor Jesus,a,,,6.0,93,24,3.9,84,12,2.0,155,15,2,0,0,0,0,8210,39302,0.3,0.3,2.0,2.0,2.0,155,15,,,211,14,133,16,26,8,96,13,,,3.0,,,,,0.22,0.02,0.24,0.47,0,0.0,1.0,1.0,3.0,1,2,90,0,0,0,1,0,0,0,0,0,0,1,0,8,8210,39302,0,0.22,0.02,0.24,0.47,5.2,6.8,31.0,4.3,0,2,1,3
493,Arnaud,Kalimuendo,Kalimuendo,a,,,5.5,178,42,0.1,483,65,1.0,258,27,1,0,0,0,0,269,560,0.2,0.2,1.8,1.8,1.0,258,27,,,554,53,567,59,551,60,568,61,,,,,,,,0.0,0.0,0.0,0.0,0,0.0,0.0,0.0,0.0,1,1,1,0,0,0,0,0,0,0,0,0,0,0,0,3,269,560,0,0.0,0.0,0.0,0.0,0.0,0.0,0.0,0.0,0,0,0,0
558,Xaver,Schlager,Schlager,a,,,5.0,260,158,0.1,419,165,1.0,214,92,1,0,0,0,0,133,834,0.2,0.2,1.5,1.5,1.0,214,92,,,270,127,222,124,166,81,264,120,3.0,,,,,,,0.0,0.0,0.0,0.73,0,0.0,5.62,0.0,5.62,1,1,16,0,0,0,1,0,0,0,0,0,0,0,0,3,133,834,0,0.0,0.0,0.0,0.13,0.6,1.0,2.0,0.4,0,0,1,1
581,Ousmane,Diomande,Diomande,a,,,5.5,212,31,0.7,221,83,0.0,576,200,0,0,0,0,0,3121,9478,0.0,0.0,2.5,2.5,0.0,576,200,,,568,202,579,202,568,199,580,202,,,,,,,,0.0,0.0,0.0,0.0,0,0.0,0.0,0.0,0.0,1,0,0,0,0,0,0,0,0,0,0,0,0,0,0,0,3121,9478,0,0.0,0.0,0.0,0.0,0.0,0.0,0.0,0.0,0,0,0,0
590,Steven,Benda,Benda,a,,,4.5,465,37,0.1,463,51,0.0,384,53,0,0,0,0,0,523,446,0.0,0.0,1.9,1.9,0.0,384,53,,,370,53,374,36,307,36,387,53,,,,,,,,0.0,0.0,0.0,0.0,0,0.0,0.0,0.0,0.0,1,0,0,0,0,0,0,0,0,0,0,0,0,0,0,0,523,446,0,0.0,0.0,0.0,0.0,0.0,0.0,0.0,0.0,0,0,0,0
112,Jan Paul,van Hecke,Van Hecke,a,,,5.0,320,62,9.8,40,14,1.0,218,87,1,0,0,0,0,31915,77257,0.2,0.2,2.2,2.2,1.0,218,87,,,58,22,166,49,170,60,122,45,,,,,,,,0.0,0.03,0.03,3.87,0,0.0,3.0,1.0,9.0,1,1,90,0,0,0,3,0,0,0,0,0,0,1,0,3,31915,77257,0,0.0,0.03,0.03,3.87,28.2,2.8,2.0,3.3,2,7,3,9
403,Sávio,Moreira de Oliveira,Sávio,a,,,6.5,50,35,0.6,241,81,0.0,604,266,0,0,0,0,0,26504,4407,0.0,0.0,2.3,2.3,0.0,604,266,,,606,266,608,267,606,265,608,267,,,,,,,,0.0,0.0,0.0,0.0,0,0.0,0.0,0.0,0.0,1,0,0,0,0,0,0,0,0,0,0,0,0,0,0,0,26504,4407,0,0.0,0.0,0.0,0.0,0.0,0.0,0.0,0.0,0,0,0,0
455,Sandro,Tonali,Tonali,a,,,5.5,158,98,3.8,86,27,2.0,141,65,2,0,0,0,0,10560,40718,0.4,0.4,2.0,2.0,2.0,141,65,,,198,79,135,79,96,47,172,78,2.0,5.0,,,,,,0.04,0.06,0.1,3.87,0,0.0,3.0,1.0,4.0,1,2,90,0,0,0,3,0,0,0,0,0,0,1,0,14,10560,40718,0,0.04,0.06,0.1,3.87,6.2,6.4,8.0,2.1,1,0,3,4
494,Guglielmo,Vicario,Vicario,u,Has joined Juventus on loan for the rest of the season,,4.5,429,32,0.3,314,37,0.0,363,49,0,0,0,0,0,0,10226,0.0,0.0,0.0,0.0,0.0,363,49,0.0,0.0,350,49,354,31,280,31,367,49,,,,,,,,0.0,0.0,0.0,0.0,0,0.0,0.0,0.0,0.0,1,0,0,0,0,0,0,0,0,0,0,0,0,0,0,0,0,10226,0,0.0,0.0,0.0,0.0,0.0,0.0,0.0,0.0,0,0,0,0
495,Brandon,Austin,Austin,a,,,4.0,567,59,0.9,208,29,0.0,310,31,0,0,0,0,0,2501,2968,0.0,0.0,1.0,1.0,0.0,310,31,,,297,31,296,11,216,11,314,31,,,,,,,,0.0,0.0,0.0,0.0,0,0.0,0.0,0.0,0.0,1,0,0,0,0,0,0,0,0,0,0,0,0,0,0,0,2501,2968,0,0.0,0.0,0.0,0.0,0.0,0.0,0.0,0.0,0,0,0,0
496,Antonín,Kinský,Kinsky,a,,,4.5,482,42,22.9,13,2,2.0,116,11,2,0,0,0,0,26172,63329,0.4,0.4,1.9,1.9,2.0,116,11,,,17,1,383,41,319,41,90,1,,,,,,,,0.0,0.0,0.0,3.87,5,0.0,3.0,1.0,0.0,1,2,90,0,0,0,3,0,0,0,0,0,5,1,0,15,26172,63329,0,0.0,0.0,0.0,3.87,43.6,0.0,0.0,4.4,0,4,12,0
497,Martin,Dubravka,Dubravka,a,,,4.0,547,53,18.7,19,4,0.0,297,25,0,0,0,0,0,26896,49347,0.0,0.0,1.0,1.0,0.0,297,25,,,284,25,281,5,199,5,300,25,,,,,,,,0.0,0.0,0.0,0.0,0,0.0,0.0,0.0,0.0,1,0,0,0,0,0,0,0,0,0,0,0,0,0,0,0,26896,49347,0,0.0,0.0,0.0,0.0,0.0,0.0,0.0,0.0,0,0,0,0
498,Marcos,Senesi Barón,Senesi,a,,,6.0,73,7,7.7,53,21,3.0,103,41,3,0,0,0,0,12911,48620,0.5,0.5,2.8,2.8,3.0,103,41,,,37,12,183,55,581,203,105,36,,,,,,,,0.0,0.02,0.02,3.87,0,0.0,3.0,1.0,16.0,1,3,90,0,0,0,3,0,0,0,0,0,0,1,0,10,12911,48620,0,0.0,0.02,0.02,3.87,36.6,2.2,0.0,3.9,5,11,2,16
499,Pedro,Porro Sauceda,Pedro Porro,a,,,5.5,165,21,13.7,28,9,0.0,560,197,0,0,0,0,0,12227,286623,0.0,0.0,2.5,0.0,0.0,560,197,100.0,0.0,549,200,562,200,541,192,563,200,1.0,1.0,,,,,,0.0,0.0,0.0,0.0,0,0.0,0.0,0.0,0.0,1,0,0,0,0,0,0,0,0,0,0,0,0,0,0,0,12227,286623,0,0.0,0.0,0.0,0.0,0.0,0.0,0.0,0.0,0,0,0,0
500,Cristian,Romero,Romero,u,Has joined Atletico Madrid permanently,,5.0,277,48,0.2,373,138,0.0,466,175,0,0,0,0,0,0,9879,0.0,0.0,0.0,0.0,0.0,466,175,0.0,0.0,458,183,467,183,415,169,474,183,,,,,,,,0.0,0.0,0.0,0.0,0,0.0,0.0,0.0,0.0,1,0,0,0,0,0,0,0,0,0,0,0,0,0,0,0,0,9879,0,0.0,0.0,0.0,0.0,0.0,0.0,0.0,0.0,0,0,0,0
501,Kevin,Danso,Danso,a,,,5.0,240,39,0.2,358,136,0.0,449,170,0,0,0,0,0,905,1969,0.0,0.0,2.2,2.2,0.0,449,170,,,439,177,446,178,387,161,455,177,,,,,,,,0.0,0.0,0.0,0.0,0,0.0,0.0,0.0,0.0,1,0,0,0,0,0,0,0,0,0,0,0,0,0,0,0,905,1969,0,0.0,0.0,0.0,0.0,0.0,0.0,0.0,0.0,0,0,0,0
502,Andrew,Robertson,Robertson,a,,,4.5,419,87,3.8,85,34,3.0,83,34,3,0,0,0,0,17055,18056,0.7,0.7,1.7,1.7,3.0,83,34,,,48,19,64,19,158,54,69,23,3.0,,,,,,,0.0,0.06,0.06,3.87,0,0.0,3.0,1.0,11.0,1,3,90,0,0,0,3,0,0,0,0,0,0,1,0,13,17055,18056,0,0.0,0.06,0.06,3.87,31.8,19.2,2.0,5.3,2,9,3,11
503,Micky,van de Ven,Van de Ven,a,,,5.0,337,67,4.3,75,30,0.0,510,186,0,0,0,0,0,5404,115278,0.0,0.0,2.2,0.0,0.0,510,186,100.0,0.0,498,192,510,192,467,183,514,192,,,,,,,,0.0,0.0,0.0,0.0,0,0.0,0.0,0.0,0.0,1,0,0,0,0,0,0,0,0,0,0,0,0,0,0,0,5404,115278,0,0.0,0.0,0.0,0.0,0.0,0.0,0.0,0.0,0,0,0,0
507,Ashley,Phillips,Phillips,u,Has joined Middlesbrough permanently,,4.5,506,140,0.0,549,189,0.0,409,160,0,0,0,0,0,0,585,0.0,0.0,0.0,0.0,0.0,409,160,0.0,0.0,397,166,404,167,342,149,413,166,,,,,,,,0.0,0.0,0.0,0.0,0,0.0,0.0,0.0,0.0,1,0,0,0,0,0,0,0,0,0,0,0,0,0,0,0,0,585,0,0.0,0.0,0.0,0.0,0.0,0.0,0.0,0.0,0,0,0,0
508,Ben,Davies,Davies,a,,,4.0,553,155,1.1,192,73,0.0,302,100,0,0,0,0,0,2440,7163,0.0,0.0,1.0,1.0,0.0,302,100,,,289,105,286,104,204,69,305,105,,,,,,,,0.0,0.0,0.0,0.0,0,0.0,0.0,0.0,0.0,1,0,0,0,0,0,0,0,0,0,0,0,0,0,0,0,2440,7163,0,0.0,0.0,0.0,0.0,0.0,0.0,0.0,0.0,0,0,0,0
509,Jun'ai,Byfield,Byfield,a,,,4.0,613,202,0.1,478,167,0.0,344,129,0,0,0,0,0,280,457,0.0,0.0,1.0,1.0,0.0,344,129,,,331,134,332,137,255,107,348,135,,,,,,,,0.0,0.0,0.0,0.0,0,0.0,0.0,0.0,0.0,1,0,0,0,0,0,0,0,0,0,0,0,0,0,0,0,280,457,0,0.0,0.0,0.0,0.0,0.0,0.0,0.0,0.0,0,0,0,0
510,James,Rowswell,Rowswell,a,,,4.0,591,182,0.1,443,155,0.0,326,113,0,0,0,0,0,278,565,0.0,0.0,1.0,1.0,0.0,326,113,,,313,118,313,120,234,88,330,119,,,,,,,,0.0,0.0,0.0,0.0,0,0.0,0.0,0.0,0.0,1,0,0,0,0,0,0,0,0,0,0,0,0,0,0,0,278,565,0,0.0,0.0,0.0,0.0,0.0,0.0,0.0,0.0,0,0,0,0
511,João Victor,de Souza Menezes,Souza,a,,,4.0,612,201,0.3,299,112,0.0,343,128,0,0,0,0,0,988,2206,0.0,0.0,1.0,1.0,0.0,343,128,,,330,133,331,136,254,106,347,134,,,,,,,,0.0,0.0,0.0,0.0,0,0.0,0.0,0.0,0.0,1,0,0,0,0,0,0,0,0,0,0,0,0,0,0,0,988,2206,0,0.0,0.0,0.0,0.0,0.0,0.0,0.0,0.0,0,0,0,0
512,Mohammed,Kudus,Kudus,d,Thigh injury - 50% chance of playing,,6.5,47,33,0.1,450,179,0.0,603,265,0,0,0,0,0,242,1974,0.0,0.0,1.1,0.6,0.0,603,265,50.0,25.0,605,265,607,266,605,264,607,266,5.0,3.0,2.0,,,,,0.0,0.0,0.0,0.0,0,0.0,0.0,0.0,0.0,1,0,0,0,0,0,0,0,0,0,0,0,0,0,0,0,242,1974,0,0.0,0.0,0.0,0.0,0.0,0.0,0.0,0.0,0,0,0,0
513,Xavi,Simons,Xavi,i,Knee injury - Unknown return date,,6.0,96,61,0.0,568,239,0.0,591,256,0,0,0,0,0,61,303,0.0,0.0,0.0,0.0,0.0,591,256,0.0,0.0,592,255,596,258,590,252,596,258,6.0,2.0,3.0,,,,,0.0,0.0,0.0,0.0,0,0.0,0.0,0.0,0.0,1,0,0,0,0,0,0,0,0,0,0,0,0,0,0,0,61,303,0,0.0,0.0,0.0,0.0,0.0,0.0,0.0,0.0,0,0,0,0
514,Mathys,Tel,Tel,a,,,6.0,98,63,0.5,254,84,2.0,158,78,2,0,0,0,0,2608,7209,0.3,0.3,2.2,2.2,2.0,158,78,,,162,59,44,30,93,45,89,47,4.0,4.0,,,,,,0.06,0.06,0.12,3.87,0,0.0,3.0,1.0,8.0,1,2,90,0,0,0,3,0,0,0,0,0,0,1,0,17,2608,7209,0,0.06,0.06,0.12,3.87,10.4,26.0,9.0,4.5,0,1,7,8
515,James,Maddison,Maddison,d,Shoulder injury - 75% chance of playing,,6.5,34,22,1.1,184,59,1.0,284,134,1,0,0,0,0,2660,24913,0.2,0.2,1.7,2.3,1.0,284,134,75.0,,219,94,129,76,101,51,174,80,,,,,,,,0.0,0.04,0.04,3.48,0,0.0,0.0,0.0,8.18,1,1,22,0,0,0,0,0,0,0,0,0,0,0,0,6,2660,24913,0,0.0,0.01,0.01,0.85,4.4,8.3,8.0,2.1,0,1,1,2
518,Pape Matar,Sarr,P.M.Sarr,i,Hamstring injury - Unknown return date,,5.0,325,190,0.2,367,138,0.0,501,202,0,0,0,0,0,39,8828,0.0,0.0,0.0,0.0,0.0,501,202,0.0,0.0,489,194,501,203,456,170,505,201,,,,,,,,0.0,0.0,0.0,0.0,0,0.0,0.0,0.0,0.0,1,0,0,0,0,0,0,0,0,0,0,0,0,0,0,0,39,8828,0,0.0,0.0,0.0,0.0,0.0,0.0,0.0,0.0,0,0,0,0
519,Conor,Gallagher,Gallagher,a,,,5.5,150,92,0.3,302,103,0.0,556,235,0,0,0,0,0,935,3563,0.0,0.0,2.0,2.0,0.0,556,235,,,545,229,143,85,191,97,259,118,,,,,,,,0.04,0.12,0.16,3.4,0,0.0,4.0,2.0,6.0,1,0,45,0,0,0,2,0,0,0,1,0,0,1,0,1,935,3563,0,0.02,0.06,0.08,1.7,0.0,5.5,1.0,0.5,1,0,2,3
520,Lucas,Bergvall,Bergvall,a,,,5.5,213,134,0.2,337,121,1.0,268,124,1,0,0,0,0,527,1732,0.2,0.2,2.0,2.0,1.0,268,124,,,569,245,187,109,180,90,581,250,,,,,,,,0.0,0.02,0.02,3.4,0,0.0,4.0,2.0,16.0,1,1,45,0,0,0,2,0,0,0,0,0,0,1,0,2,527,1732,0,0.0,0.01,0.01,1.7,0.0,2.0,2.0,0.0,1,0,7,8
521,Dejan,Kulusevski,Kulusevski,i,Knee injury - Unknown return date,,6.5,45,32,0.0,586,250,0.0,601,264,0,0,0,0,0,64,203,0.0,0.0,0.0,0.0,0.0,601,264,0.0,0.0,603,264,605,265,603,263,605,265,,,,,,,,0.0,0.0,0.0,0.0,0,0.0,0.0,0.0,0.0,1,0,0,0,0,0,0,0,0,0,0,0,0,0,0,0,64,203,0,0.0,0.0,0.0,0.0,0.0,0.0,0.0,0.0,0,0,0,0
522,Archie,Gray,Gray,a,,,5.0,370,219,0.2,324,112,2.0,134,61,2,0,0,0,0,1366,2016,0.4,0.4,1.5,1.5,2.0,134,61,,,197,78,163,95,485,187,235,106,,,,,,,,0.0,0.01,0.01,3.63,0,0.0,3.18,1.06,5.29,1,2,85,0,0,0,3,0,0,0,0,0,0,1,0,15,1366,2016,0,0.0,0.01,0.01,3.43,6.2,3.3,0.0,1.0,1,2,2,5
523,Mikey,Moore,Moore,a,,,5.0,345,199,0.2,354,130,2.0,132,59,2,0,0,0,0,1427,1883,0.4,0.4,1.5,1.5,2.0,132,59,,,123,40,140,84,4,3,35,20,,,,,,,,0.51,0.03,0.54,4.06,0,0.0,4.03,1.34,2.69,1,2,67,0,0,0,3,0,0,0,0,0,0,1,0,10,1427,1883,0,0.38,0.02,0.4,3.02,14.2,5.9,55.0,7.5,1,0,1,2
524,Callum,Olusesi,Olusesi,a,,,4.5,492,253,0.8,214,71,0.0,396,152,0,0,0,0,0,1829,7851,0.0,0.0,1.0,1.0,0.0,396,152,,,384,145,391,155,328,113,400,152,,,,,,,,0.0,0.0,0.0,0.0,0,0.0,0.0,0.0,0.0,1,0,0,0,0,0,0,0,0,0,0,0,0,0,0,0,1829,7851,0,0.0,0.0,0.0,0.0,0.0,0.0,0.0,0.0,0,0,0,0
525,Mateus,Fernandes,Fernandes,a,,,6.0,103,66,1.7,146,44,1.0,282,132,1,0,0,0,0,3293,24853,0.2,0.2,2.2,2.2,1.0,282,132,,,186,73,37,27,186,94,114,57,,,,,,,,0.0,0.12,0.12,4.36,0,0.0,2.0,0.0,4.0,1,1,45,0,0,0,1,0,0,0,0,0,0,0,0,16,3293,24853,0,0.0,0.06,0.06,2.18,7.2,27.2,2.0,3.6,1,0,1,2
526,Dominic,Solanke-Mitchell,Solanke,a,,,6.0,61,15,1.3,169,26,1.0,272,31,1,0,0,0,0,5084,15967,0.2,0.2,2.0,2.0,1.0,272,31,,,579,60,587,64,127,24,260,27,,,1.0,,,,,0.29,0.0,0.29,3.48,0,0.0,0.0,0.0,0.0,1,1,22,0,0,0,0,0,0,0,0,0,0,0,0,3,5084,15967,0,0.07,0.0,0.07,0.85,0.0,0.0,5.0,0.5,0,0,0,0
528,Dane,Scarlett,Scarlett,a,,,4.5,487,62,1.7,142,22,0.0,391,35,0,0,0,0,0,10591,14043,0.0,0.0,1.0,1.0,0.0,391,35,,,379,24,386,32,323,30,395,33,,,,,,,,0.0,0.0,0.0,0.0,0,0.0,0.0,0.0,0.0,1,0,0,0,0,0,0,0,0,0,0,0,0,0,0,0,10591,14043,0,0.0,0.0,0.0,0.0,0.0,0.0,0.0,0.0,0,0,0,0
601,Luca,Williams-Barnett,Williams-Barnett,a,,,4.5,533,265,0.1,459,185,0.0,429,162,0,0,0,0,0,2168,466,0.0,0.0,1.0,1.0,0.0,429,162,,,418,155,424,165,365,124,434,162,,,,,,,,0.0,0.0,0.0,0.0,0,0.0,0.0,0.0,0.0,1,0,0,0,0,0,0,0,0,0,0,0,0,0,0,0,2168,466,0,0.0,0.0,0.0,0.0,0.0,0.0,0.0,0.0,0,0,0,0
529,Robin,Roefs,Roefs,a,,,5.0,342,20,4.0,82,13,1.0,223,20,1,0,0,0,0,3598,22369,0.2,0.2,2.6,2.6,1.0,223,20,,,114,15,514,63,471,63,209,15,,,,,,,,0.0,0.0,0.0,1.8,1,0.0,2.0,1.0,0.0,1,1,90,0,0,0,2,0,0,0,0,0,1,1,0,7,3598,22369,0,0.0,0.0,0.0,1.8,15.2,0.0,0.0,1.5,0,1,8,0
530,Anthony,Patterson,Patterson,u,Has joined Wrexham permanently,,4.0,573,60,0.2,370,39,0.0,313,32,0,0,0,0,0,0,2106,0.0,0.0,0.0,0.0,0.0,313,32,0.0,0.0,300,32,299,12,219,12,317,32,,,,,,,,0.0,0.0,0.0,0.0,0,0.0,0.0,0.0,0.0,1,0,0,0,0,0,0,0,0,0,0,0,0,0,0,0,0,2106,0,0.0,0.0,0.0,0.0,0.0,0.0,0.0,0.0,0,0,0,0
531,Melker,Ellborg,Ellborg,a,,,4.5,499,45,0.1,428,47,0.0,403,56,0,0,0,0,0,174,665,0.0,0.0,1.9,1.9,0.0,403,56,,,391,56,398,44,335,44,407,56,,,,,,,,0.0,0.0,0.0,0.0,0,0.0,0.0,0.0,0.0,1,0,0,0,0,0,0,0,0,0,0,0,0,0,0,0,174,665,0,0.0,0.0,0.0,0.0,0.0,0.0,0.0,0.0,0,0,0,0
532,Daniel,Ballard,Ballard,a,,,5.0,281,51,5.1,69,28,0.0,470,178,0,0,0,0,0,9490,36694,0.0,0.0,2.2,2.2,0.0,470,178,,,95,40,213,70,419,172,184,72,,,,,,,,0.0,0.01,0.01,1.8,0,0.0,2.0,1.0,9.0,1,0,90,0,0,0,2,0,0,0,1,0,0,1,0,4,9490,36694,0,0.0,0.01,0.01,1.8,18.2,1.2,0.0,1.9,2,7,0,9
533,Nordi,Mukiele,Mukiele,a,,,5.5,135,15,2.6,113,44,0.0,548,193,0,0,0,0,0,4629,27302,0.0,0.0,2.5,2.5,0.0,548,193,100.0,100.0,538,199,553,199,525,191,554,199,,,,,,,,0.0,0.0,0.0,0.0,0,0.0,0.0,0.0,0.0,1,0,0,0,0,0,0,0,0,0,0,0,0,0,0,0,4629,27302,0,0.0,0.0,0.0,0.0,0.0,0.0,0.0,0.0,0,0,0,0
534,Trai,Hume,Hume,a,,,4.5,484,132,6.5,60,24,2.0,117,45,2,0,0,0,0,10281,29132,0.4,0.4,1.7,1.7,2.0,117,45,,,169,73,17,3,75,20,51,13,3.0,,,,,,,0.05,0.31,0.36,1.93,0,0.0,1.14,1.14,4.56,1,2,79,0,0,0,1,0,0,0,0,0,0,1,0,14,10281,29132,0,0.04,0.27,0.31,1.69,9.4,39.4,13.0,6.2,3,1,6,4
535,Omar,Alderete,Alderete,a,,,5.0,259,42,0.5,262,98,1.0,213,85,1,0,0,0,0,2204,3634,0.2,0.2,2.2,2.2,1.0,213,85,100.0,100.0,451,180,240,86,404,164,467,180,,,,,,,,0.0,0.04,0.04,0.39,0,0.0,3.91,0.0,0.0,1,1,23,0,0,0,1,0,0,0,0,0,0,0,0,2,2204,3634,0,0.0,0.01,0.01,0.1,0.0,0.6,0.0,0.0,0,0,2,0
536,Reinildo,Mandava,Reinildo,a,,,4.5,466,122,0.5,260,97,1.0,192,71,1,0,0,0,0,738,2613,0.2,0.2,1.7,1.7,1.0,192,71,,,74,34,36,10,131,43,62,20,,,,,,,,0.0,0.29,0.29,1.8,0,0.0,2.0,1.0,8.0,1,1,90,0,0,0,2,0,0,0,0,0,0,1,0,9,738,2613,0,0.0,0.29,0.29,1.8,23.0,27.5,4.0,5.5,3,5,5,8
537,Jenson,Seelt,Seelt,a,,,4.5,501,139,0.0,581,197,0.0,404,159,0,0,0,0,0,51,96,0.0,0.0,1.7,1.7,0.0,404,159,,,392,165,399,166,337,148,408,165,,,,,,,,0.0,0.0,0.0,0.0,0,0.0,0.0,0.0,0.0,1,0,0,0,0,0,0,0,0,0,0,0,0,0,0,0,51,96,0,0.0,0.0,0.0,0.0,0.0,0.0,0.0,0.0,0,0,0,0
538,Leo Fuhr,Hjelde,Hjelde,u,Has joined KV Mechelen on loan for the rest of the season,,4.0,586,179,0.1,481,168,0.0,321,110,0,0,0,0,0,0,881,0.0,0.0,0.0,0.0,0.0,321,110,0.0,0.0,308,115,308,117,229,85,325,116,,,,,,,,0.0,0.0,0.0,0.0,0,0.0,0.0,0.0,0.0,1,0,0,0,0,0,0,0,0,0,0,0,0,0,0,0,0,881,0,0.0,0.0,0.0,0.0,0.0,0.0,0.0,0.0,0,0,0,0
539,Luke,O'Nien,O'Nien,a,,,4.0,557,158,3.5,94,38,1.0,174,54,1,0,0,0,0,3874,13443,0.2,0.2,1.0,1.0,1.0,174,54,,,150,71,200,64,129,41,195,76,,,,,,,,0.01,0.01,0.02,2.3,0,0.0,1.36,1.36,6.82,1,1,66,0,0,0,1,0,0,0,1,0,0,1,0,1,3874,13443,0,0.01,0.01,0.02,1.69,11.4,1.4,4.0,1.7,1,4,4,5
540,Arthur,Masuaku,Masuaku,u,Has joined Konyaspor permanently,,4.0,550,153,0.2,336,126,0.0,300,99,0,0,0,0,0,0,4273,0.0,0.0,0.0,0.0,0.0,300,99,0.0,0.0,287,104,284,103,202,68,303,104,,,,,,,,0.0,0.0,0.0,0.0,0,0.0,0.0,0.0,0.0,1,0,0,0,0,0,0,0,0,0,0,0,0,0,0,0,0,4273,0,0.0,0.0,0.0,0.0,0.0,0.0,0.0,0.0,0,0,0,0
541,Thomas,Meunier,Meunier,a,,,4.5,408,83,0.3,298,111,1.0,184,63,1,0,0,0,0,788,1278,0.2,0.2,1.7,1.7,1.0,184,63,100.0,100.0,126,58,144,43,80,24,131,50,,,,,,,,0.08,0.08,0.16,1.8,0,0.0,2.0,1.0,4.0,1,1,90,0,0,0,2,0,0,0,0,0,0,1,0,5,788,1278,0,0.08,0.08,0.16,1.8,13.8,5.3,11.0,3.0,2,2,3,4
542,Enzo,Le Fée,E.Le Fée,a,,,6.0,94,59,9.0,45,18,2.0,156,76,2,0,0,0,0,8236,85962,0.3,0.3,2.2,2.2,2.0,156,76,,,218,93,124,72,588,250,211,94,1.0,2.0,2.0,,,,,0.0,0.03,0.03,1.93,0,0.0,1.14,1.14,2.28,1,2,79,0,0,0,1,0,0,0,0,0,0,1,0,13,8236,85962,0,0.0,0.03,0.03,1.69,4.6,9.9,0.0,1.5,1,0,1,2
543,Habib,Diarra,Diarra,a,,,5.5,206,128,0.1,455,183,1.0,265,121,1,0,0,0,0,246,896,0.2,0.2,2.0,2.0,1.0,265,121,,,275,130,247,131,179,89,279,132,,,1.0,,,,,0.27,0.0,0.27,0.9,0,0.0,9.0,0.0,0.0,1,1,10,0,0,0,1,0,0,0,0,0,0,0,0,3,246,896,0,0.03,0.0,0.03,0.1,0.4,0.6,2.0,0.3,0,0,0,0
544,Granit,Xhaka,Xhaka,a,,,5.5,116,75,4.6,72,24,9.0,22,11,9,0,0,0,0,31318,13980,1.6,1.6,2.0,2.0,9.0,22,11,,,90,30,24,19,510,206,76,41,2.0,1.0,,,,,,0.0,0.09,0.09,1.8,0,0.0,2.0,1.0,13.0,1,9,90,0,1,0,2,0,0,0,0,0,0,1,2,31,31318,13980,0,0.0,0.09,0.09,1.8,18.8,31.4,0.0,5.0,3,2,8,13
545,Noah,Sadiki,Sadiki,a,,,5.0,380,226,0.3,292,97,2.0,135,62,2,0,0,0,0,909,2746,0.4,0.4,1.5,1.5,2.0,135,62,,,116,38,23,18,36,20,42,24,,,,,,,,0.06,0.03,0.09,1.8,0,0.0,2.0,1.0,2.0,1,2,90,0,0,0,2,0,0,0,0,0,0,1,0,18,909,2746,0,0.06,0.03,0.09,1.8,14.6,32.1,25.0,7.2,0,0,2,2
546,Simon,Adingra,Adingra,i,Ankle injury - Unknown return date,,5.0,362,211,0.1,460,186,0.0,520,212,0,0,0,0,0,45,2998,0.0,0.0,0.0,0.0,0.0,520,212,0.0,0.0,508,204,521,213,479,181,524,211,,,,,,,,0.0,0.0,0.0,0.0,0,0.0,0.0,0.0,0.0,1,0,0,0,0,0,0,0,0,0,0,0,0,0,0,0,45,2998,0,0.0,0.0,0.0,0.0,0.0,0.0,0.0,0.0,0,0,0,0
548,Chris,Rigg,Rigg,a,,,5.0,375,222,0.1,461,187,1.0,231,101,1,0,0,0,0,91,468,0.2,0.2,1.5,1.5,1.0,231,101,,,518,212,262,138,490,190,534,219,,,,,,,,0.0,0.0,0.0,0.9,0,0.0,9.0,0.0,9.0,1,1,10,0,0,0,1,0,0,0,0,0,0,0,0,3,91,468,0,0.0,0.0,0.0,0.1,0.0,0.3,0.0,0.0,0,0,1,1
549,Chemsdine,Talbi,Talbi,a,,,5.5,208,130,0.2,332,118,1.0,266,122,1,0,0,0,0,243,2102,0.2,0.2,2.0,2.0,1.0,266,122,,,566,243,225,125,565,240,578,248,,,,,,,,0.0,0.0,0.0,0.41,0,0.0,2.9,0.0,5.81,1,1,31,0,0,0,1,0,0,0,0,0,0,0,0,1,243,2102,0,0.0,0.0,0.0,0.14,0.0,0.9,0.0,0.0,0,0,2,2
550,Djiamgone Jocelin Ta,Bi,Jocelin.T,a,,,5.0,398,238,0.0,596,256,0.0,538,225,0,0,0,0,0,45,82,0.0,0.0,1.5,1.5,0.0,538,225,,,528,219,541,228,507,203,544,226,,,,,,,,0.0,0.0,0.0,0.0,0,0.0,0.0,0.0,0.0,1,0,0,0,0,0,0,0,0,0,0,0,0,0,0,0,45,82,0,0.0,0.0,0.0,0.0,0.0,0.0,0.0,0.0,0,0,0,0
551,Nilson,Angulo,Angulo,a,,,5.0,364,213,0.1,405,160,5.0,67,27,5,0,0,0,0,4102,1084,1.0,1.0,1.5,1.5,5.0,67,27,,,45,20,162,94,64,34,71,38,,3.0,,,,,,0.23,0.02,0.25,2.58,0,0.0,1.55,1.55,10.86,1,5,58,1,0,0,1,0,0,0,1,0,0,1,0,23,4102,1084,0,0.15,0.01,0.16,1.66,32.8,3.3,16.0,5.2,1,1,5,7
552,Brian,Brobbey,Brobbey,a,,,6.0,82,21,13.1,32,6,2.0,154,14,2,0,0,0,0,29516,86233,0.3,0.3,2.0,2.0,2.0,154,14,,,586,64,198,23,92,18,233,22,,,,,,,,0.41,0.0,0.41,2.3,0,0.0,1.36,1.36,0.0,1,2,66,0,0,0,1,0,0,0,0,0,0,1,0,1,29516,86233,0,0.3,0.0,0.3,1.69,0.0,1.5,9.0,1.1,0,0,0,0
553,Wilson,Isidor,Isidor,a,,,5.5,162,38,0.9,204,33,1.0,253,26,1,0,0,0,0,1956,9567,0.2,0.2,1.8,1.8,1.0,253,26,,,547,50,271,30,538,57,561,58,,,,,,,,0.0,0.0,0.0,0.39,0,0.0,3.91,0.0,0.0,1,1,23,0,0,0,1,0,0,0,0,0,0,0,0,3,1956,9567,0,0.0,0.0,0.0,0.1,0.0,0.2,0.0,0.0,0,0,0,0
612,Dayann,Méthalie,Methalie,a,,,4.5,538,151,0.0,612,205,0.0,434,167,0,0,0,0,0,68,13,0.0,0.0,1.7,1.7,0.0,434,167,,,423,173,429,174,370,157,439,173,,,,,,,,0.0,0.0,0.0,0.0,0,0.0,0.0,0.0,0.0,1,0,0,0,0,0,0,0,0,0,0,0,0,0,0,0,68,13,0,0.0,0.0,0.0,0.0,0.0,0.0,0.0,0.0,0,0,0,0
613,Jules,Ahoka,Ahoka,a,,,4.5,542,270,0.0,538,222,0.0,438,167,0,0,0,0,0,928,125,0.0,0.0,1.0,1.0,0.0,438,167,,,427,160,433,170,374,129,443,167,,,,,,,,0.0,0.0,0.0,0.0,0,0.0,0.0,0.0,0.0,1,0,0,0,0,0,0,0,0,0,0,0,0,0,0,0,928,125,0,0.0,0.0,0.0,0.0,0.0,0.0,0.0,0.0,0,0,0,0
