id,status,chance_of_playing_next_round,chance_of_playing_this_round,now_cost,now_cost_rank,now_cost_rank_type,cost_change_event,cost_change_event_fall,cost_change_start,cost_change_start_fall,selected_by_percent,selected_rank,selected_rank_type,total_points,event_points,points_per_game,points_per_game_rank,points_per_game_rank_type,bonus,bps,form,form_rank,form_rank_type,value_form,value_season,dreamteam_count,transfers_in,transfers_in_event,transfers_out,transfers_out_event,ep_next,ep_this,expected_goals,expected_assists,expected_goal_involvements,expected_goals_conceded,expected_goals_per_90,expected_assists_per_90,expected_goal_involvements_per_90,expected_goals_conceded_per_90,influence,influence_rank,influence_rank_type,creativity,creativity_rank,creativity_rank_type,threat,threat_rank,threat_rank_type,ict_index,ict_index_rank,ict_index_rank_type,corners_and_indirect_freekicks_order,direct_freekicks_order,penalties_order,gw,set_piece_threat,first_name,second_name,web_name,news,news_added,minutes,goals_scored,assists,clean_sheets,goals_conceded,own_goals,penalties_saved,penalties_missed,yellow_cards,red_cards,saves,starts,defensive_contribution,corners_and_indirect_freekicks_text,direct_freekicks_text,penalties_text,saves_per_90,clean_sheets_per_90,goals_conceded_per_90,starts_per_90,defensive_contribution_per_90,tackles,clearances_blocks_interceptions,recoveries
22,a,,,5.5,194,120,0,0,0,0,0.0,551,232,0,0,1.3,347,159,0,0,0.0,449,170,0.0,1.5,0,0,0,0,0,2.0,,0.0,0.0,0.0,0.0,0.13,0.04,0.17,0.4,0.0,372,171,0.0,321,165,0.0,306,158,0.0,356,166,,,,1,,Ethan,Nwaneri,Nwaneri,,,0,0,0,0,0,0,0,0,0,0,0,0,0,,,,0.0,0.55,0.0,0.0,7.09,0,0,0
23,a,,,5.5,160,100,0,0,0,0,0.0,569,246,0,0,0.0,562,242,0,0,0.0,415,150,0.0,0.0,0,0,0,0,0,2.0,,0.0,0.0,0.0,0.0,0.0,0.0,0.0,0.0,0.0,562,242,0.0,562,242,0.0,561,242,0.0,562,242,,,,1,,Fábio,Ferreira Vieira,Fábio Vieira,,,0,0,0,0,0,0,0,0,0,0,0,0,0,,,,0.0,0.0,0.0,0.0,0.0,0,0,0
14,a,,,6.5,41,28,0,0,0,0,3.0,101,33,0,0,3.4,122,50,0,0,0.0,543,229,0.0,17.4,0,0,0,0,0,2.3,,0.0,0.0,0.0,0.0,0.25,0.13,0.38,0.68,0.0,156,61,0.0,123,85,0.0,47,28,0.0,95,54,,3.0,,1,,Eberechi,Eze,Eze,,,0,0,0,0,0,0,0,0,0,0,0,0,0,,,,0.0,0.53,0.67,1.05,5.73,0,0,0
15,a,,,6.5,35,23,0,0,0,0,2.9,104,34,0,0,3.1,163,62,0,0,0.0,537,224,0.0,11.4,0,0,0,0,0,2.3,,0.0,0.0,0.0,0.0,0.08,0.24,0.32,1.07,0.0,196,85,0.0,39,36,0.0,180,98,0.0,120,68,4.0,,3.0,1,,Martin,Ødegaard,Ødegaard,,,0,0,0,0,0,0,0,0,0,0,0,0,0,,,,0.0,0.4,0.86,1.06,6.74,0,0,0
20,a,,,5.5,219,137,0,0,0,0,0.2,356,125,0,0,2.7,212,83,0,0,0.0,474,187,0.0,2.9,0,0,0,0,0,2.0,,0.0,0.0,0.0,0.0,0.7,0.18,0.88,0.52,0.0,338,154,0.0,279,153,0.0,264,140,0.0,318,152,,,,1,,Max,Dowman,Dowman,,,0,0,0,0,0,0,0,0,0,0,0,0,0,,,,0.0,0.59,0.59,0.59,9.47,0,0,0
25,a,,,7.5,15,6,0,0,0,0,13.0,32,7,0,0,3.6,97,10,0,0,0.0,568,64,0.0,17.1,0,0,0,0,0,2.3,,0.0,0.0,0.0,0.0,0.5,0.08,0.58,0.72,0.0,99,9,0.0,133,11,0.0,19,11,0.0,46,8,,,2.0,1,,Viktor,Gyökeres,Gyökeres,,,0,0,0,0,0,0,0,0,0,0,0,0,0,,,,0.0,0.49,0.57,1.06,3.45,0,0,0
26,a,,,7.5,14,5,0,0,0,0,3.2,94,12,0,0,3.0,177,17,0,0,0.0,567,63,0.0,4.8,0,0,0,0,0,2.3,,0.0,0.0,0.0,0.0,0.52,0.1,0.62,1.04,0.0,274,27,0.0,211,23,0.0,145,32,0.0,245,27,,,,1,,Kai,Havertz,Havertz,,,0,0,0,0,0,0,0,0,0,0,0,0,0,,,,0.0,0.62,0.62,1.09,4.99,0,0,0
27,a,,,6.0,68,17,0,0,0,0,0.4,287,49,0,0,1.7,319,35,0,0,0.0,490,48,0.0,4.0,0,0,0,0,0,2.0,,0.0,0.0,0.0,0.0,0.58,0.06,0.64,0.85,0.0,280,30,0.0,281,33,0.0,107,27,0.0,252,30,,,,1,,Gabriel,Fernando de Jesus,G.Jesus,,,0,0,0,0,0,0,0,0,0,0,0,0,0,,,,0.0,0.22,1.29,0.65,6.46,0,0,0
315,a,,,5.5,200,125,0,0,0,0,0.3,320,109,0,0,0.0,570,249,0,0,0.0,455,175,0.0,0.0,0,0,0,0,0,2.0,,0.0,0.0,0.0,0.0,0.0,0.0,0.0,0.0,0.0,570,249,0.0,570,249,0.0,569,249,0.0,570,249,,,,1,,Abdul,Fatawu,Fatawu,,,0,0,0,0,0,0,0,0,0,0,0,0,0,,,,0.0,0.0,0.0,0.0,0.0,0,0,0
16,a,,,6.5,43,30,0,0,0,0,0.3,300,100,0,0,2.8,201,77,0,0,0.0,545,231,0.0,11.1,0,0,0,0,0,2.3,,0.0,0.0,0.0,0.0,0.09,0.21,0.3,0.95,0.0,221,98,0.0,98,71,0.0,64,38,0.0,126,72,6.0,,,1,,Noni,Madueke,Madueke,,,0,0,0,0,0,0,0,0,0,0,0,0,0,,,,0.0,0.6,0.67,1.2,5.23,0,0,0
17,a,,,6.0,64,42,0,0,0,0,1.0,195,66,0,0,3.0,175,68,0,0,0.0,486,190,0.0,11.2,0,0,0,0,0,2.1,,0.0,0.0,0.0,0.0,0.3,0.13,0.43,0.65,0.0,199,88,0.0,176,118,0.0,119,69,0.0,189,94,,,,1,,Mikel,Merino Zazón,Merino,,,0,0,0,0,0,0,0,0,0,0,0,0,0,,,,0.0,0.35,0.88,0.88,9.93,0,0,0
24,a,,,5.5,131,82,0,0,0,0,0.0,571,248,0,0,1.3,345,157,0,0,0.0,386,132,0.0,2.4,0,0,0,0,0,2.0,,0.0,0.0,0.0,0.0,0.54,0.08,0.62,2.3,0.0,340,156,0.0,306,161,0.0,301,156,0.0,337,157,,,,1,,Reiss,Nelson,Nelson,,,0,0,0,0,0,0,0,0,0,0,0,0,0,,,,0.0,0.0,1.53,0.0,17.54,0,0,0
6,i,0.0,,6.0,88,9,0,0,0,0,0.4,274,104,0,0,4.4,34,13,0,0,0.0,510,188,0.0,22.8,0,0,0,0,0,0.0,,0.0,0.0,0.0,0.0,0.03,0.04,0.07,0.7,0.0,92,41,0.0,167,41,0.0,245,76,0.0,164,57,,,,1,,William,Saliba,Saliba,Back injury - Unknown return date,,0,0,0,0,0,0,0,0,0,0,0,0,0,,,,0.0,0.52,0.69,1.03,6.64,0,0,0
7,a,,,5.5,193,119,0,0,0,0,0.4,296,98,0,0,1.4,341,155,0,0,0.0,448,169,0.0,5.3,0,0,0,0,0,2.0,,0.0,0.0,0.0,0.0,0.01,0.03,0.04,1.16,0.0,318,144,0.0,262,145,0.0,302,157,0.0,315,150,,,,1,,Myles,Lewis-Skelly,Lewis-Skelly,,,0,0,0,0,0,0,0,0,0,0,0,0,0,,,,0.0,0.26,1.03,0.65,3.23,0,0,0
8,a,,,5.5,178,25,0,0,0,0,18.2,21,7,0,0,4.2,41,16,0,0,0.0,433,174,0.0,19.8,0,0,0,0,0,2.5,,0.0,0.0,0.0,0.0,0.18,0.04,0.22,0.52,0.0,211,80,0.0,182,46,0.0,93,12,0.0,178,62,,,,1,,Riccardo,Calafiori,Calafiori,,,0,0,0,0,0,0,0,0,0,0,0,0,0,,,,0.0,0.69,0.42,1.17,5.41,0,0,0
9,a,,,5.5,168,22,0,0,0,0,3.8,87,35,0,0,3.5,105,43,0,0,0.0,423,171,0.0,15.8,0,0,0,0,0,2.5,,0.0,0.0,0.0,0.0,0.02,0.08,0.1,0.88,0.0,129,54,0.0,180,45,0.0,258,82,0.0,196,65,,,,1,,Piero,Hincapié,Hincapie,,,0,0,0,0,0,0,0,0,0,0,0,0,0,,,,0.0,0.25,0.96,1.01,8.61,0,0,0
10,a,100.0,,5.5,129,13,0,0,0,0,1.3,173,62,0,0,3.8,71,27,0,0,0.0,384,162,0.0,8.2,0,0,0,0,0,2.5,,0.0,0.0,0.0,0.0,0.06,0.09,0.15,1.12,0.0,272,101,0.0,213,58,0.0,275,89,0.0,280,92,,,,1,,Benjamin,White,White,,,0,0,0,0,0,0,0,0,0,0,0,0,0,,,,0.0,0.64,0.77,1.16,6.82,0,0,0
11,a,,,5.5,195,29,0,0,0,0,13.4,31,12,0,0,2.0,288,110,0,0,0.0,450,178,0.0,7.3,0,0,0,0,0,2.5,,0.0,0.0,0.0,0.0,0.01,0.06,0.07,0.83,0.0,239,90,0.0,243,79,0.0,310,108,0.0,282,93,,,,1,,Cristhian,Mosquera,Mosquera,,,0,0,0,0,0,0,0,0,0,0,0,0,0,,,,0.0,0.27,0.73,0.82,8.67,0,0,0
12,a,,,9.5,3,2,0,0,0,0,10.6,45,16,0,0,5.1,12,6,0,0,0.0,584,257,0.0,16.5,0,0,0,0,0,3.2,,0.0,0.0,0.0,0.0,0.31,0.29,0.6,0.63,0.0,68,20,0.0,12,11,0.0,11,6,0.0,10,8,2.0,2.0,1.0,1,,Bukayo,Saka,Saka,,,0,0,0,0,0,0,0,0,0,0,0,0,0,,,,0.0,0.49,0.65,1.01,7.47,0,0,0
13,a,,,7.5,13,8,0,0,0,0,21.5,16,6,0,0,5.1,9,4,0,0,0.0,566,247,0.0,24.5,0,0,0,0,0,2.6,,0.0,0.0,0.0,0.0,0.09,0.21,0.3,0.69,0.0,24,8,0.0,4,4,0.0,100,63,0.0,14,11,1.0,1.0,,1,,Declan,Rice,Rice,,,0,0,0,0,0,0,0,0,0,0,0,0,0,,,,0.0,0.52,0.73,1.02,10.94,0,0,0
18,a,,,6.5,45,32,0,0,0,0,0.3,310,104,0,0,1.9,298,130,0,0,0.0,547,233,0.0,8.8,0,0,0,0,0,2.3,,0.0,0.0,0.0,0.0,0.35,0.11,0.46,0.89,0.0,249,112,0.0,166,111,0.0,69,42,0.0,177,86,,,,1,,Gabriel,Martinelli Silva,Martinelli,,,0,0,0,0,0,0,0,0,0,0,0,0,0,,,,0.0,0.17,0.68,0.93,6.51,0,0,0
19,a,,,5.5,185,113,0,0,0,0,1.4,166,55,0,0,3.5,107,42,0,0,0.0,440,163,0.0,24.2,0,0,0,0,0,2.0,,0.0,0.0,0.0,0.0,0.09,0.07,0.16,0.79,0.0,74,24,0.0,85,63,0.0,110,64,0.0,78,49,,,,1,,Martín,Zubimendi Ibáñez,Zubimendi,,,0,0,0,0,0,0,0,0,0,0,0,0,0,,,,0.0,0.48,0.75,1.02,9.24,0,0,0
1,a,,,6.0,60,1,0,0,0,0,31.2,5,1,0,0,4.4,32,3,0,0,0.0,482,65,0.0,27.0,0,0,0,0,0,4.0,,0.0,0.0,0.0,0.0,0.0,0.0,0.0,0.74,0.0,96,16,0.0,304,3,0.0,577,65,0.0,229,16,,,,1,,David,Raya Martín,Raya,,,0,0,0,0,0,0,0,0,0,0,0,0,0,,,,1.62,0.51,0.7,1.0,0.0,0,0,0
2,a,,,5.0,233,9,0,0,0,0,0.1,410,44,0,0,2.0,285,28,0,0,0.0,209,50,0.0,0.4,0,0,0,0,0,2.6,,0.0,0.0,0.0,0.0,0.0,0.0,0.0,0.98,0.0,357,30,0.0,495,58,0.0,489,53,0.0,373,30,,,,1,,Kepa,Arrizabalaga Revuelta,Arrizabalaga,,,0,0,0,0,0,0,0,0,0,0,0,0,0,,,,2.0,0.0,1.0,1.0,0.0,0,0,0
3,a,,,5.0,297,15,0,0,0,0,0.1,494,56,0,0,0.0,518,64,0,0,0.0,273,56,0.0,0.0,0,0,0,0,0,2.6,,0.0,0.0,0.0,0.0,0.0,0.0,0.0,0.0,0.0,518,64,0.0,515,61,0.0,512,59,0.0,518,64,,,,1,,Illan,Meslier,Meslier,,,0,0,0,0,0,0,0,0,0,0,0,0,0,,,,0.0,0.0,0.0,0.0,0.0,0,0,0
4,a,,,8.0,9,1,0,0,0,0,27.3,8,1,0,0,6.5,4,1,0,0,0.0,578,193,0.0,26.1,0,0,0,0,0,4.0,,0.0,0.0,0.0,0.0,0.1,0.06,0.16,0.72,0.0,25,9,0.0,219,61,0.0,101,15,0.0,80,18,,,,1,,Gabriel,dos Santos Magalhães,Gabriel,,,0,0,0,0,0,0,0,0,0,0,0,0,0,,,,0.0,0.59,0.65,0.98,9.07,0,0,0
5,i,0.0,,6.5,47,3,0,0,0,0,0.3,308,113,0,0,5.0,13,3,0,0,0.0,549,191,0.0,22.9,0,0,0,0,0,0.0,,0.0,0.0,0.0,0.0,0.17,0.06,0.23,0.64,0.0,114,49,0.0,76,18,0.0,76,9,0.0,79,17,,,,1,,Jurriën,Timber,J.Timber,Groin injury - Unknown return date,,0,0,0,0,0,0,0,0,0,0,0,0,0,,,,0.0,0.48,0.73,1.03,5.43,0,0,0
452,a,,,7.0,24,15,0,0,0,0,10.3,46,17,0,0,5.3,7,3,0,0,0.0,559,242,0.0,22.0,0,0,0,0,0,2.5,,0.0,0.0,0.0,0.0,0.2,0.18,0.38,1.17,0.0,32,9,0.0,18,17,0.0,45,27,0.0,20,16,5.0,,4.0,1,,Bruno,Guimarães Rodriguez Moura,Bruno G.,,,0,0,0,0,0,0,0,0,0,0,0,0,0,,,,0.0,0.22,1.36,0.99,9.2,0,0,0
557,a,,,6.5,44,31,0,0,0,0,4.2,82,27,0,0,0.0,583,256,0,0,0.0,546,232,0.0,0.0,0,0,0,0,0,2.3,,0.0,0.0,0.0,0.0,0.0,0.0,0.0,0.0,0.0,583,256,0.0,583,256,0.0,583,256,0.0,583,256,3.0,,,1,,Christos,Tzolis,Tzolis,,,0,0,0,0,0,0,0,0,0,0,0,0,0,,,,0.0,0.0,0.0,0.0,0.0,0,0,0
28,a,,,5.0,230,7,0,0,0,0,5.0,73,10,0,0,3.8,69,7,0,0,0.0,206,48,0.0,24.0,0,0,0,0,0,2.6,,0.0,0.0,0.0,0.0,0.0,0.0,0.0,1.36,0.0,34,10,0.0,319,4,0.0,487,51,0.0,175,10,,,,1,,Emiliano,Martínez Romero,Martinez,,,0,0,0,0,0,0,0,0,0,0,0,0,0,,,,3.02,0.22,1.24,1.02,0.0,0,0,0
29,a,,,4.5,392,22,0,0,0,0,0.1,422,46,0,0,2.3,253,25,0,0,0.0,72,22,0.0,3.6,0,0,0,0,0,1.9,,0.0,0.0,0.0,0.0,0.0,0.0,0.0,1.7,0.0,283,21,0.0,438,35,0.0,421,26,0.0,323,21,,,,1,,Marco,Bizot,M.Bizot,,,0,0,0,0,0,0,0,0,0,0,0,0,0,,,,2.92,0.15,1.54,0.92,0.0,0,0,0
30,u,0.0,,4.5,397,81,0,0,0,0,0.7,225,85,0,0,3.1,154,61,0,0,0.0,77,53,0.0,21.6,0,0,0,0,0,0.0,,0.0,0.0,0.0,0.0,0.03,0.16,0.19,1.36,0.0,153,63,0.0,60,11,0.0,206,56,0.0,134,43,,,,1,,Lucas,Digne,Digne,Has joined Paris Saint-Germain permanently,,0,0,0,0,0,0,0,0,0,0,0,0,0,,,,0.0,0.34,1.12,1.03,5.52,0,0,0
31,a,,,4.5,422,95,0,0,0,0,15.8,25,9,0,0,2.9,180,74,0,0,0.0,102,67,0.0,22.2,0,0,0,0,0,1.7,,0.0,0.0,0.0,0.0,0.04,0.02,0.06,1.45,0.0,76,31,0.0,233,72,0.0,210,58,0.0,165,58,,,,1,,Ezri,Konsa Ngoyo,Konsa,,,0,0,0,0,0,0,0,0,0,0,0,0,0,,,,0.0,0.27,1.3,1.01,5.81,0,0,0
32,a,,,4.5,421,94,0,0,0,0,8.4,53,20,0,0,3.3,125,48,0,0,0.0,101,66,0.0,26.0,0,0,0,0,0,1.7,,0.0,0.0,0.0,0.0,0.03,0.09,0.12,1.36,0.0,65,29,0.0,49,6,0.0,136,28,0.0,67,13,1.0,,,1,,Matty,Cash,Cash,,,0,0,0,0,0,0,0,0,0,0,0,0,0,,,,0.0,0.24,1.13,1.01,5.55,0,0,0
33,a,,,4.5,409,85,0,0,0,0,0.3,328,118,0,0,2.9,178,73,0,0,0.0,89,57,0.0,11.1,0,0,0,0,0,1.7,,0.0,0.0,0.0,0.0,0.09,0.03,0.12,1.59,0.0,212,81,0.0,256,85,0.0,226,68,0.0,255,81,,,,1,,Tyrone,Mings,Mings,,,0,0,0,0,0,0,0,0,0,0,0,0,0,,,,0.0,0.2,1.57,1.02,7.28,0,0,0
34,a,,,4.5,448,115,0,0,0,0,0.3,304,112,0,0,3.0,167,70,0,0,0.0,128,87,0.0,14.2,0,0,0,0,0,1.7,,0.0,0.0,0.0,0.0,0.07,0.02,0.09,1.23,0.0,193,74,0.0,290,99,0.0,251,79,0.0,260,85,,,,1,,Pau,Torres,Pau,,,0,0,0,0,0,0,0,0,0,0,0,0,0,,,,0.0,0.27,1.02,0.97,6.03,0,0,0
35,a,,,5.0,352,205,0,0,0,0,0.1,485,199,0,0,1.4,339,153,0,0,0.0,328,93,0.0,8.0,0,0,0,0,0,1.5,,0.0,0.0,0.0,0.0,0.0,0.02,0.02,1.33,0.0,288,133,0.0,277,152,0.0,322,164,0.0,309,147,,,,1,,Lamare,Bogarde,Bogarde,,,0,0,0,0,0,0,0,0,0,0,0,0,0,,,,0.0,0.17,1.47,0.95,5.18,0,0,0
36,a,,,4.5,453,120,0,0,0,0,0.8,214,79,0,0,1.8,299,111,0,0,0.0,133,92,0.0,12.0,0,0,0,0,0,1.7,,0.0,0.0,0.0,0.0,0.07,0.14,0.21,1.51,0.0,180,71,0.0,90,21,0.0,130,25,0.0,142,47,,,,1,,Ian,Maatsen,Maatsen,,,0,0,0,0,0,0,0,0,0,0,0,0,0,,,,0.0,0.11,1.53,0.96,7.25,0,0,0
37,a,,,4.5,418,91,0,0,0,0,0.2,348,129,0,0,1.7,311,114,0,0,0.0,98,63,0.0,6.4,0,0,0,0,0,1.7,,0.0,0.0,0.0,0.0,0.03,0.01,0.04,1.52,0.0,262,99,0.0,302,103,0.0,307,106,0.0,307,106,,,,1,,Victor,Lindelöf,Lindelöf,,,0,0,0,0,0,0,0,0,0,0,0,0,0,,,,0.0,0.1,1.43,1.05,5.16,0,0,0
38,a,,,4.0,582,188,0,0,0,0,1.6,153,59,0,0,0.8,395,132,0,0,0.0,64,44,0.0,1.2,0,0,0,0,0,1.0,,0.0,0.0,0.0,0.0,0.0,0.01,0.01,2.97,0.0,360,125,0.0,359,126,0.0,348,126,0.0,369,128,,,,1,,Andrés,García,A.García,,,0,0,0,0,0,0,0,0,0,0,0,0,0,,,,0.0,0.0,3.25,1.08,10.84,0,0,0
39,a,,,4.0,579,186,0,0,0,0,0.8,218,82,0,0,0.0,450,167,0,0,0.0,61,42,0.0,0.0,0,0,0,0,0,1.0,,0.0,0.0,0.0,0.0,0.0,0.0,0.0,0.0,0.0,445,167,0.0,431,167,0.0,413,164,0.0,447,167,,,,1,,Kosta,Nedeljkovic,Nedeljkovic,,,0,0,0,0,0,0,0,0,0,0,0,0,0,,,,0.0,0.0,0.0,0.0,0.0,0,0,0
41,a,,,6.0,65,43,0,0,0,0,1.2,183,62,0,0,2.8,199,75,0,0,0.0,487,191,0.0,17.0,0,0,0,0,0,2.1,,0.0,0.0,0.0,0.0,0.17,0.11,0.28,1.44,0.0,144,55,0.0,77,58,0.0,67,40,0.0,87,51,,1.0,1.0,1,,Emiliano,Buendía Stati,Buendía,,,0,0,0,0,0,0,0,0,0,0,0,0,0,,,,0.0,0.15,1.23,1.08,10.11,0,0,0
44,a,,,5.5,140,87,0,0,0,0,0.1,402,155,0,0,1.6,325,143,0,0,0.0,395,137,0.0,3.8,0,0,0,0,0,2.0,,0.0,0.0,0.0,0.0,0.1,0.29,0.39,1.41,0.0,319,145,0.0,192,125,0.0,263,139,0.0,288,139,,,,1,,Leon,Bailey,Bailey,,,0,0,0,0,0,0,0,0,0,0,0,0,0,,,,0.0,0.0,1.8,0.6,9.6,0,0,0
45,a,,,5.5,117,76,0,0,0,0,3.1,99,32,0,0,3.4,114,44,0,0,0.0,372,126,0.0,18.7,0,0,0,0,0,2.0,,0.0,0.0,0.0,0.0,0.13,0.17,0.3,1.39,0.0,127,46,0.0,33,32,0.0,96,61,0.0,68,43,2.0,,,1,,John,McGinn,McGinn,,,0,0,0,0,0,0,0,0,0,0,0,0,0,,,,0.0,0.34,1.18,1.18,6.32,0,0,0
46,a,,,5.0,227,140,0,0,0,0,0.2,378,139,0,0,2.7,204,78,0,0,0.0,203,28,0.0,11.2,0,0,0,0,0,1.5,,0.0,0.0,0.0,0.0,0.17,0.13,0.3,1.41,0.0,234,104,0.0,187,123,0.0,161,86,0.0,226,115,,,,1,,Ross,Barkley,Barkley,,,0,0,0,0,0,0,0,0,0,0,0,0,0,,,,0.0,0.11,1.6,0.75,7.89,0,0,0
47,a,100.0,,5.0,279,166,0,0,0,0,0.2,361,130,0,0,3.4,111,43,0,0,0.0,255,54,0.0,12.2,0,0,0,0,0,1.5,,0.0,0.0,0.0,0.0,0.03,0.05,0.08,1.33,0.0,190,81,0.0,141,97,0.0,253,135,0.0,212,108,,,,1,,Boubacar,Kamara,Kamara,,,0,0,0,0,0,0,0,0,0,0,0,0,0,,,,0.0,0.32,0.96,1.09,9.51,0,0,0
48,i,0.0,,5.0,305,180,0,0,0,0,0.0,544,227,0,0,3.0,170,64,0,0,0.0,281,68,0.0,15.2,0,0,0,0,0,0.0,,0.0,0.0,0.0,0.0,0.09,0.04,0.13,1.46,0.0,148,56,0.0,203,130,0.0,175,94,0.0,185,93,,,,1,,Amadou,Onana,Onana,Knee injury - Unknown return date,,0,0,0,0,0,0,0,0,0,0,0,0,0,,,,0.0,0.31,1.33,1.08,11.23,0,0,0
49,a,,,5.0,317,185,0,0,0,0,0.0,560,240,0,0,0.0,527,219,0,0,0.0,293,73,0.0,0.0,0,0,0,0,0,1.5,,0.0,0.0,0.0,0.0,0.0,0.0,0.0,0.0,0.0,527,219,0.0,526,219,0.0,522,218,0.0,527,219,,,,1,,Samuel,Iling-Junior,Iling Jr,,,0,0,0,0,0,0,0,0,0,0,0,0,0,,,,0.0,0.0,0.0,0.0,0.0,0,0,0
50,a,,,4.5,516,257,0,0,0,0,0.8,216,72,0,0,1.0,375,171,0,0,0.0,196,23,0.0,0.2,0,0,0,0,0,1.0,,0.0,0.0,0.0,0.0,0.0,0.0,0.0,5.06,0.0,497,199,0.0,375,187,0.0,483,197,0.0,497,199,,,,1,,Bradley,Burrowes,Burrowes,,,0,0,0,0,0,0,0,0,0,0,0,0,0,,,,0.0,0.0,5.62,0.0,5.62,0,0,0
51,a,,,4.5,503,253,0,0,0,0,0.4,288,94,0,0,1.0,371,169,0,0,0.0,183,19,0.0,0.4,0,0,0,0,0,1.0,,0.0,0.0,0.0,0.0,0.14,0.04,0.18,2.2,0.0,490,197,0.0,369,185,0.0,353,179,0.0,392,184,,,,1,,George,Hemmings,George Hemmings,,,0,0,0,0,0,0,0,0,0,0,0,0,0,,,,0.0,0.0,0.0,0.0,3.6,0,0,0
52,a,,,5.0,385,231,0,0,0,0,0.0,517,214,0,0,1.0,385,181,0,0,0.0,361,119,0.0,0.6,0,0,0,0,0,1.5,,0.0,0.0,0.0,0.0,0.1,0.1,0.2,3.58,0.0,384,179,0.0,358,177,0.0,329,168,0.0,380,179,,,,1,,Alysson Edward Franco,da Rocha dos Santos,Alysson,,,0,0,0,0,0,0,0,0,0,0,0,0,0,,,,0.0,0.0,3.83,0.0,7.66,0,0,0
53,a,,,6.0,110,72,0,0,0,0,1.7,145,45,0,0,0.0,582,255,0,0,0.0,532,220,0.0,0.0,0,0,0,0,0,2.1,,0.0,0.0,0.0,0.0,0.0,0.0,0.0,0.0,0.0,582,255,0.0,582,255,0.0,582,255,0.0,582,255,,,,1,,Johan,Manzambi,Manzambi,,,0,0,0,0,0,0,0,0,0,0,0,0,0,,,,0.0,0.0,0.0,0.0,0.0,0,0,0
54,a,,,5.5,167,105,0,0,0,0,0.3,305,101,0,0,3.0,173,66,0,0,0.0,422,155,0.0,15.5,0,0,0,0,0,2.0,,0.0,0.0,0.0,0.0,0.05,0.05,0.1,1.98,0.0,117,41,0.0,96,70,0.0,177,96,0.0,125,71,,,,1,,Joao,Gomes,Gomes,,,0,0,0,0,0,0,0,0,0,0,0,0,0,,,,0.0,0.16,1.67,1.02,15.78,0,0,0
55,a,,,8.0,7,3,0,0,0,0,12.6,34,8,0,0,4.5,29,5,0,0,0.0,576,67,0.0,20.9,0,0,0,0,0,2.5,,0.0,0.0,0.0,0.0,0.49,0.04,0.53,1.38,0.0,42,4,0.0,107,5,0.0,2,2,0.0,11,3,,,2.0,1,,Ollie,Watkins,Watkins,,,0,0,0,0,0,0,0,0,0,0,0,0,0,,,,0.0,0.29,1.21,1.05,2.99,0,0,0
56,a,100.0,,5.5,122,31,0,0,0,0,0.3,319,57,0,0,1.9,292,29,0,0,0.0,377,27,0.0,4.2,0,0,0,0,0,1.8,,0.0,0.0,0.0,0.0,0.66,0.12,0.78,1.66,0.0,311,34,0.0,286,34,0.0,200,36,0.0,297,35,,,,1,,Tammy,Abraham,Abraham,,,0,0,0,0,0,0,0,0,0,0,0,0,0,,,,0.0,0.0,2.59,0.65,4.21,0,0,0
160,a,,,6.0,95,60,0,0,0,0,0.8,206,70,0,0,2.3,260,108,0,0,0.0,517,208,0.0,9.3,0,0,0,0,0,2.1,,0.0,0.0,0.0,0.0,0.25,0.26,0.51,1.46,0.0,243,109,0.0,73,55,0.0,66,39,0.0,127,73,,,,1,,Alejandro,Garnacho Ferreyra,Garnacho,,,0,0,0,0,0,0,0,0,0,0,0,0,0,,,,0.0,0.29,1.43,1.0,5.07,0,0,0
582,a,,,5.5,222,47,0,0,0,0,1.7,146,24,0,0,0.0,577,67,0,0,0.0,477,43,0.0,0.0,0,0,0,0,0,1.8,,0.0,0.0,0.0,0.0,0.0,0.0,0.0,0.0,0.0,577,67,0.0,577,67,0.0,576,67,0.0,577,67,,,,1,,Brian,Madjo,Madjo,,,0,0,0,0,0,0,0,0,0,0,0,0,0,,,,0.0,0.0,0.0,0.0,0.0,0,0,0
57,a,,,4.5,456,36,0,0,0,0,3.7,88,14,0,0,3.3,126,16,0,0,0.0,136,36,0.0,27.6,0,0,0,0,0,1.9,,0.0,0.0,0.0,0.0,0.0,0.0,0.0,1.49,0.0,26,7,0.0,460,47,0.0,446,40,0.0,167,8,,,,1,,Đorđe,Petrović,Petrović,,,0,0,0,0,0,0,0,0,0,0,0,0,0,,,,2.87,0.29,1.42,1.0,0.0,0,0,0
58,a,,,4.0,520,47,0,0,0,0,3.2,96,17,0,0,0.0,402,33,0,0,0.0,2,2,0.0,0.0,0,0,0,0,0,1.0,,0.0,0.0,0.0,0.0,0.0,0.0,0.0,0.0,0.0,396,33,0.0,379,15,0.0,360,6,0.0,398,33,,,,1,,Fraser,Forster,Forster,,,0,0,0,0,0,0,0,0,0,0,0,0,0,,,,0.0,0.0,0.0,0.0,0.0,0,0,0
59,a,,,4.0,553,59,0,0,0,0,0.2,369,40,0,0,0.0,429,43,0,0,0.0,35,14,0.0,0.0,0,0,0,0,0,1.0,,0.0,0.0,0.0,0.0,0.0,0.0,0.0,0.0,0.0,423,43,0.0,408,27,0.0,389,18,0.0,425,43,,,,1,,Will,Dennis,Dennis,,,0,0,0,0,0,0,0,0,0,0,0,0,0,,,,0.0,0.0,0.0,0.0,0.0,0,0,0
60,a,,,5.5,174,24,0,0,0,0,1.1,186,65,0,0,3.8,73,28,0,0,0.0,429,173,0.0,20.0,0,0,0,0,0,2.5,,0.0,0.0,0.0,0.0,0.04,0.05,0.09,1.43,0.0,83,35,0.0,189,48,0.0,218,63,0.0,157,53,,,,1,,James,Hill,Hill,,,0,0,0,0,0,0,0,0,0,0,0,0,0,,,,0.0,0.34,1.03,0.94,11.13,0,0,0
61,a,,,5.5,190,28,0,0,0,0,4.9,74,28,0,0,4.3,39,15,0,0,0.0,445,177,0.0,30.0,0,0,0,0,0,2.5,,0.0,0.0,0.0,0.0,0.04,0.08,0.12,1.45,0.0,19,7,0.0,37,2,0.0,160,43,0.0,43,7,,,,1,,Adrien,Truffert,Truffert,,,0,0,0,0,0,0,0,0,0,0,0,0,0,,,,0.0,0.29,1.36,1.01,8.02,0,0,0
62,a,,,5.0,289,52,0,0,0,0,0.2,363,133,0,0,2.6,224,91,0,0,0.0,265,134,0.0,9.2,0,0,0,0,0,2.2,,0.0,0.0,0.0,0.0,0.0,0.01,0.01,1.59,0.0,217,83,0.0,280,95,0.0,308,107,0.0,279,91,,,,1,,Bafodé,Diakité,Diakité,,,0,0,0,0,0,0,0,0,0,0,0,0,0,,,,0.0,0.28,1.91,1.06,8.26,0,0,0
63,i,0.0,,5.0,380,76,0,0,0,0,0.0,516,174,0,0,2.7,207,85,0,0,0.0,356,158,0.0,3.8,0,0,0,0,0,0.0,,0.0,0.0,0.0,0.0,0.04,0.05,0.09,1.08,0.0,306,111,0.0,331,117,0.0,328,118,0.0,330,114,,,,1,,Veljko,Milosavljevic,Milosavljević,Unspecified injury - Unknown return date,,0,0,0,0,0,0,0,0,0,0,0,0,0,,,,0.0,0.25,1.47,0.98,9.56,0,0,0
64,a,,,4.5,390,78,0,0,0,0,0.1,430,146,0,0,2.6,217,86,0,0,0.0,70,50,0.0,12.9,0,0,0,0,0,1.7,,0.0,0.0,0.0,0.0,0.0,0.02,0.02,1.52,0.0,259,97,0.0,260,87,0.0,314,112,0.0,296,100,,,,1,,Adam,Smith,Smith,,,0,0,0,0,0,0,0,0,0,0,0,0,0,,,,0.0,0.5,1.34,1.17,5.87,0,0,0
65,i,0.0,,4.5,451,118,0,0,0,0,0.1,484,166,0,0,0.0,471,176,0,0,0.0,131,90,0.0,0.0,0,0,0,0,0,0.0,,0.0,0.0,0.0,0.0,0.0,0.0,0.0,0.0,0.0,466,176,0.0,458,176,0.0,443,175,0.0,468,176,,,,1,,Julián,Araujo Zúñiga,J.Araujo,Thigh injury - Unknown return date,,0,0,0,0,0,0,0,0,0,0,0,0,0,,,,0.0,0.0,0.0,0.0,0.0,0,0,0
66,a,,,4.0,576,183,0,0,0,0,0.6,246,92,0,0,1.0,360,125,0,0,0.0,58,39,0.0,0.8,0,0,0,0,0,1.0,,0.0,0.0,0.0,0.0,0.0,0.0,0.0,4.29,0.0,388,132,0.0,362,127,0.0,347,125,0.0,387,131,,,,1,,Julio,Soler Barreto,Soler,,,0,0,0,0,0,0,0,0,0,0,0,0,0,,,,0.0,0.0,5.29,0.0,2.65,0,0,0
67,a,,,6.5,50,35,0,0,0,0,3.3,93,31,0,0,4.5,27,12,0,0,0.0,552,236,0.0,10.3,0,0,0,0,0,2.3,,0.0,0.0,0.0,0.0,0.22,0.15,0.37,1.55,0.0,213,94,0.0,157,105,0.0,112,65,0.0,182,90,,,,1,,Rayan Vitor,Simplício Rocha,Rayan,,,0,0,0,0,0,0,0,0,0,0,0,0,0,,,,0.0,0.49,0.81,1.05,6.65,0,0,0
68,a,,,6.0,66,44,0,0,0,0,1.8,137,42,0,0,4.0,57,24,0,0,0.0,488,192,0.0,22.8,0,0,0,0,0,2.1,,0.0,0.0,0.0,0.0,0.3,0.15,0.45,1.35,0.0,60,17,0.0,15,14,0.0,30,16,0.0,19,15,1.0,1.0,3.0,1,,Marcus,Tavernier,Tavernier,,,0,0,0,0,0,0,0,0,0,0,0,0,0,,,,0.0,0.36,1.45,1.02,8.27,0,0,0
69,a,,,6.0,98,63,0,0,0,0,1.6,157,49,0,0,3.7,81,35,0,0,0.0,520,211,0.0,22.7,0,0,0,0,0,2.1,,0.0,0.0,0.0,0.0,0.12,0.09,0.21,1.49,0.0,77,25,0.0,53,46,0.0,91,57,0.0,63,41,2.0,4.0,,1,,Alex,Scott,Scott,,,0,0,0,0,0,0,0,0,0,0,0,0,0,,,,0.0,0.35,1.3,1.07,12.2,0,0,0
70,a,,,6.0,74,47,0,0,0,0,1.2,185,63,0,0,2.0,290,124,0,0,0.0,496,195,0.0,6.8,0,0,0,0,0,2.1,,0.0,0.0,0.0,0.0,0.22,0.15,0.37,1.71,0.0,276,127,0.0,124,86,0.0,202,112,0.0,224,114,3.0,2.0,2.0,1,,Justin,Kluivert,Kluivert,,,0,0,0,0,0,0,0,0,0,0,0,0,0,,,,0.0,0.38,1.81,0.95,6.19,0,0,0
71,a,,,5.0,242,146,0,0,0,0,0.1,419,167,0,0,2.2,266,111,0,0,0.0,218,34,0.0,8.0,0,0,0,0,0,1.5,,0.0,0.0,0.0,0.0,0.01,0.05,0.06,1.44,0.0,247,111,0.0,181,120,0.0,324,165,0.0,269,131,5.0,,,1,,Lewis,Cook,Cook,,,0,0,0,0,0,0,0,0,0,0,0,0,0,,,,0.0,0.1,1.96,0.83,14.76,0,0,0
72,a,,,5.0,336,195,0,0,0,0,0.1,418,166,0,0,1.4,337,151,0,0,0.0,312,83,0.0,2.2,0,0,0,0,0,1.5,,0.0,0.0,0.0,0.0,0.22,0.11,0.33,4.06,0.0,347,160,0.0,326,167,0.0,286,150,0.0,341,161,,,,1,,Ben,Gannon-Doak,Gannon-Doak,,,0,0,0,0,0,0,0,0,0,0,0,0,0,,,,0.0,0.0,0.86,0.0,11.14,0,0,0
73,a,,,5.0,255,155,0,0,0,0,0.7,230,76,0,0,3.1,158,60,0,0,0.0,231,43,0.0,15.4,0,0,0,0,0,1.5,,0.0,0.0,0.0,0.0,0.03,0.03,0.06,1.38,0.0,157,62,0.0,197,126,0.0,223,121,0.0,208,105,,,,1,,Tyler,Adams,Adams,,,0,0,0,0,0,0,0,0,0,0,0,0,0,,,,0.0,0.36,1.42,1.07,11.8,0,0,0
74,a,,,5.0,234,141,0,0,0,0,0.2,370,134,0,0,1.9,291,125,0,0,0.0,210,29,0.0,11.8,0,0,0,0,0,1.5,,0.0,0.0,0.0,0.0,0.44,0.26,0.7,1.53,0.0,230,102,0.0,87,65,0.0,53,32,0.0,121,69,4.0,3.0,,1,,David,Brooks,Brooks,,,0,0,0,0,0,0,0,0,0,0,0,0,0,,,,0.0,0.38,1.52,0.98,7.12,0,0,0
75,s,0.0,,5.0,243,147,0,0,0,0,0.0,547,229,0,0,1.8,302,131,0,0,0.0,219,35,0.0,9.4,0,0,0,0,0,0.0,,0.0,0.0,0.0,0.0,0.17,0.07,0.24,1.76,0.0,235,105,0.0,173,115,0.0,138,78,0.0,210,107,6.0,,,1,,Ryan,Christie,Christie,Suspended until 29 Aug,,0,0,0,0,0,0,0,0,0,0,0,0,0,,,,0.0,0.28,1.29,0.83,11.32,0,0,0
76,a,,,5.0,379,227,0,0,0,0,0.0,564,242,0,0,0.9,394,185,0,0,0.0,355,115,0.0,1.6,0,0,0,0,0,1.5,,0.0,0.0,0.0,0.0,0.07,0.22,0.29,3.27,0.0,359,166,0.0,276,151,0.0,315,160,0.0,339,159,,,,1,,Alex,Tóth,Tóth.A,,,0,0,0,0,0,0,0,0,0,0,0,0,0,,,,0.0,0.0,2.0,1.33,11.33,0,0,0
77,a,,,5.0,328,190,0,0,0,0,0.2,383,142,0,0,2.2,269,114,0,0,0.0,304,78,0.0,13.4,0,0,0,0,0,1.5,,0.0,0.0,0.0,0.0,0.22,0.14,0.36,1.53,0.0,216,95,0.0,145,98,0.0,113,66,0.0,180,88,,,,1,,Amine,Adli,Adli,,,0,0,0,0,0,0,0,0,0,0,0,0,0,,,,0.0,0.25,1.42,0.84,10.31,0,0,0
78,i,0.0,,7.5,22,13,0,0,0,0,2.4,114,37,0,0,3.4,123,51,0,0,0.0,575,252,0.0,15.1,0,0,0,0,0,0.0,,0.0,0.0,0.0,0.0,0.45,0.08,0.53,1.4,0.0,103,33,0.0,122,84,0.0,37,22,0.0,60,39,,,1.0,1,,Junior,Kroupi,Kroupi.Jr,Foot injury - Unknown return date,,0,0,0,0,0,0,0,0,0,0,0,0,0,,,,0.0,0.54,1.14,1.14,6.06,0,0,0
79,a,,,6.0,84,22,0,0,0,0,2.1,123,17,0,0,3.2,152,13,0,0,0.0,506,53,0.0,19.2,0,0,0,0,0,2.0,,0.0,0.0,0.0,0.0,0.35,0.05,0.4,1.28,0.0,171,15,0.0,78,2,0.0,14,7,0.0,48,10,,,,1,,Francisco Evanilson,de Lima Barbosa,Evanilson,,,0,0,0,0,0,0,0,0,0,0,0,0,0,,,,0.0,0.36,1.31,1.05,4.43,0,0,0
80,u,0.0,,5.5,119,29,0,0,0,0,0.2,376,61,0,0,1.2,350,40,0,0,0.0,374,25,0.0,4.9,0,0,0,0,0,0.0,,0.0,0.0,0.0,0.0,0.84,0.03,0.87,2.59,0.0,322,35,0.0,315,40,0.0,229,38,0.0,311,37,,,,1,,Enes,Ünal,Enes Ünal,Has joined Getafe permanently,,0,0,0,0,0,0,0,0,0,0,0,0,0,,,,0.0,0.0,1.26,0.0,9.67,0,0,0
81,a,,,6.0,105,27,0,0,0,0,0.3,311,56,0,0,0.0,580,69,0,0,0.0,527,58,0.0,0.0,0,0,0,0,0,2.0,,0.0,0.0,0.0,0.0,0.0,0.0,0.0,0.0,0.0,580,69,0.0,580,69,0.0,580,69,0.0,580,69,,,,1,,Álvaro,Rodríguez,Rodríguez,,,0,0,0,0,0,0,0,0,0,0,0,0,0,,,,0.0,0.0,0.0,0.0,0.0,0,0,0
566,a,,,5.0,322,64,0,0,0,0,0.2,340,124,0,0,0.0,530,186,0,0,0.0,298,146,0.0,0.0,0,0,0,0,0,2.2,,0.0,0.0,0.0,0.0,0.0,0.0,0.0,0.0,0.0,530,186,0.0,529,186,0.0,525,186,0.0,530,186,,,,1,,António João,Pereira de Albuquerque Tavares da Silva,Silva,,,0,0,0,0,0,0,0,0,0,0,0,0,0,,,,0.0,0.0,0.0,0.0,0.0,0,0,0
573,a,,,4.5,474,128,0,0,0,0,0.1,408,144,0,0,0.0,480,178,0,0,0.0,154,100,0.0,0.0,0,0,0,0,0,1.7,,0.0,0.0,0.0,0.0,0.0,0.0,0.0,0.0,0.0,475,178,0.0,469,178,0.0,456,177,0.0,477,178,,,,1,,Juanlu,Sánchez,Sanchez,,,0,0,0,0,0,0,0,0,0,0,0,0,0,,,,0.0,0.0,0.0,0.0,0.0,0,0,0
82,a,,,5.0,254,11,0,0,0,0,5.7,66,8,0,0,3.9,64,5,0,0,0.0,230,52,0.0,28.6,0,0,0,0,0,2.6,,0.0,0.0,0.0,0.0,0.0,0.01,0.01,1.45,0.0,12,3,0.0,320,5,0.0,496,55,0.0,143,3,,,,1,,Caoimhín,Kelleher,Kelleher,,,0,0,0,0,0,0,0,0,0,0,0,0,0,,,,2.95,0.27,1.32,1.0,0.0,0,0,0
83,a,,,4.5,479,41,0,0,0,0,0.1,432,49,0,0,1.0,364,31,0,0,0.0,159,41,0.0,0.2,0,0,0,0,0,1.9,,0.0,0.0,0.0,0.0,0.0,0.0,0.0,0.97,0.0,365,31,0.0,472,51,0.0,460,45,0.0,383,31,,,,1,,Hákon Rafn,Valdimarsson,Valdimarsson,,,0,0,0,0,0,0,0,0,0,0,0,0,0,,,,1.0,0.0,3.0,1.0,0.0,0,0,0
84,a,,,5.5,157,19,0,0,0,0,2.0,125,50,0,0,3.7,79,32,0,0,0.0,412,168,0.0,23.5,0,0,0,0,0,2.5,,0.0,0.0,0.0,0.0,0.07,0.05,0.12,1.44,0.0,20,8,0.0,206,54,0.0,86,10,0.0,73,16,,,,1,,Nathan,Collins,Collins,,,0,0,0,0,0,0,0,0,0,0,0,0,0,,,,0.0,0.27,1.33,0.97,9.66,0,0,0
85,a,,,5.0,302,57,0,0,0,0,0.7,229,87,0,0,3.5,103,42,0,0,0.0,278,139,0.0,22.6,0,0,0,0,0,2.2,,0.0,0.0,0.0,0.0,0.11,0.05,0.16,1.36,0.0,58,25,0.0,239,76,0.0,97,13,0.0,115,34,,,,1,,Sepp,van den Berg,Van den Berg,,,0,0,0,0,0,0,0,0,0,0,0,0,0,,,,0.0,0.26,1.34,0.98,8.87,0,0,0
86,a,,,5.5,153,95,0,0,0,0,0.5,268,86,0,0,3.2,148,58,0,0,0.0,408,145,0.0,20.9,0,0,0,0,0,2.0,,0.0,0.0,0.0,0.0,0.14,0.12,0.26,1.55,0.0,159,63,0.0,106,76,0.0,75,46,0.0,114,64,,1.0,,1,,Keane,Lewis-Potter,Lewis-Potter,,,0,0,0,0,0,0,0,0,0,0,0,0,0,,,,0.0,0.41,1.47,1.01,3.4,0,0,0
87,a,,,4.5,419,92,0,0,0,0,1.9,133,53,0,0,2.8,189,77,0,0,0.0,99,64,0.0,16.9,0,0,0,0,0,1.7,,0.0,0.0,0.0,0.0,0.03,0.04,0.07,1.57,0.0,152,62,0.0,278,94,0.0,182,49,0.0,216,70,,,,1,,Kristoffer,Ajer,Ajer,,,0,0,0,0,0,0,0,0,0,0,0,0,0,,,,0.0,0.25,1.6,1.0,9.57,0,0,0
88,a,,,4.5,511,142,0,0,0,0,3.6,90,36,0,0,3.1,157,64,0,0,0.0,191,114,0.0,25.1,0,0,0,0,0,1.7,,0.0,0.0,0.0,0.0,0.04,0.08,0.12,1.45,0.0,71,30,0.0,55,8,0.0,207,57,0.0,84,21,,,,1,,Michael,Kayode,Kayode,,,0,0,0,0,0,0,0,0,0,0,0,0,0,,,,0.0,0.28,1.35,1.02,6.05,0,0,0
89,a,,,4.5,420,93,0,0,0,0,0.2,336,122,0,0,2.1,274,104,0,0,0.0,100,65,0.0,11.6,0,0,0,0,0,1.7,,0.0,0.0,0.0,0.0,0.01,0.04,0.05,1.63,0.0,275,102,0.0,254,84,0.0,292,98,0.0,299,101,,,,1,,Rico,Henry,Henry,,,0,0,0,0,0,0,0,0,0,0,0,0,0,,,,0.0,0.27,1.5,0.95,4.63,0,0,0
90,a,,,4.5,462,124,0,0,0,0,0.1,479,163,0,0,1.8,301,112,0,0,0.0,142,96,0.0,8.2,0,0,0,0,0,1.7,,0.0,0.0,0.0,0.0,0.06,0.02,0.08,1.2,0.0,304,109,0.0,328,114,0.0,281,91,0.0,320,109,,,,1,,Aaron,Hickey,Hickey,,,0,0,0,0,0,0,0,0,0,0,0,0,0,,,,0.0,0.27,1.19,1.06,6.76,0,0,0
91,a,,,4.5,436,106,0,0,0,0,0.1,451,155,0,0,3.5,99,39,0,0,0.0,116,78,0.0,3.1,0,0,0,0,0,1.7,,0.0,0.0,0.0,0.0,0.0,0.02,0.02,1.05,0.0,310,113,0.0,370,129,0.0,295,99,0.0,328,112,,,,1,,Ethan,Pinnock,Pinnock,,,0,0,0,0,0,0,0,0,0,0,0,0,0,,,,0.0,0.28,1.42,1.13,11.89,0,0,0
92,a,,,4.5,498,136,0,0,0,0,0.0,538,182,0,0,0.0,493,181,0,0,0.0,178,108,0.0,0.0,0,0,0,0,0,1.7,,0.0,0.0,0.0,0.0,0.0,0.0,0.0,0.0,0.0,489,181,0.0,485,181,0.0,476,181,0.0,491,181,,,,1,,Kim,Ji-soo,Ji-soo,,,0,0,0,0,0,0,0,0,0,0,0,0,0,,,,0.0,0.0,0.0,0.0,0.0,0,0,0
93,a,,,4.5,480,130,0,0,0,0,0.2,394,140,0,0,0.0,483,179,0,0,0.0,160,102,0.0,0.0,0,0,0,0,0,1.7,,0.0,0.0,0.0,0.0,0.0,0.0,0.0,0.0,0.0,478,179,0.0,473,179,0.0,461,178,0.0,480,179,,,,1,,Jannik,Schuster,Schuster,,,0,0,0,0,0,0,0,0,0,0,0,0,0,,,,0.0,0.0,0.0,0.0,0.0,0,0,0
94,a,,,6.0,100,65,0,0,0,0,1.9,136,41,0,0,3.6,94,40,0,0,0.0,522,213,0.0,20.8,0,0,0,0,0,2.1,,0.0,0.0,0.0,0.0,0.4,0.07,0.47,1.31,0.0,100,31,0.0,89,66,0.0,12,7,0.0,33,25,,,2.0,1,,Kevin,Schade,Schade,,,0,0,0,0,0,0,0,0,0,0,0,0,0,,,,0.0,0.36,1.12,1.05,6.23,0,0,0
95,a,,,6.5,53,37,0,0,0,0,1.4,168,56,0,0,4.2,44,20,0,0,0.0,555,238,0.0,20.9,0,0,0,0,0,2.3,,0.0,0.0,0.0,0.0,0.31,0.16,0.47,1.38,0.0,112,38,0.0,65,50,0.0,23,10,0.0,42,29,4.0,,,1,,Dango,Ouattara,O.Dango,,,0,0,0,0,0,0,0,0,0,0,0,0,0,,,,0.0,0.24,1.39,0.99,7.33,0,0,0
96,a,,,5.5,161,101,0,0,0,0,0.6,237,80,0,0,3.4,116,46,0,0,0.0,416,151,0.0,20.5,0,0,0,0,0,2.0,,0.0,0.0,0.0,0.0,0.11,0.24,0.35,1.39,0.0,106,34,0.0,26,25,0.0,85,53,0.0,49,31,2.0,3.0,,1,,Mikkel,Damsgaard,Damsgaard,,,0,0,0,0,0,0,0,0,0,0,0,0,0,,,,0.0,0.22,1.41,1.06,10.6,0,0,0
97,a,,,5.5,137,85,0,0,0,0,0.2,386,145,0,0,2.7,209,81,0,0,0.0,392,135,0.0,17.8,0,0,0,0,0,2.0,,0.0,0.0,0.0,0.0,0.09,0.24,0.33,1.44,0.0,140,52,0.0,29,28,0.0,155,84,0.0,77,48,1.0,2.0,3.0,1,,Mathias,Jensen,Jensen,,,0,0,0,0,0,0,0,0,0,0,0,0,0,,,,0.0,0.36,1.33,1.05,8.84,0,0,0
98,a,,,5.0,258,157,0,0,0,0,0.1,439,176,0,0,3.0,169,63,0,0,0.0,234,45,0.0,14.8,0,0,0,0,0,1.5,,0.0,0.0,0.0,0.0,0.05,0.14,0.19,1.67,0.0,172,69,0.0,99,72,0.0,234,126,0.0,176,85,3.0,,,1,,Vitaly,Janelt,Janelt,,,0,0,0,0,0,0,0,0,0,0,0,0,0,,,,0.0,0.31,1.32,0.94,11.49,0,0,0
99,d,75.0,,5.0,362,214,0,0,0,0,0.0,582,257,0,0,1.0,380,176,0,0,0.0,338,102,0.0,0.2,0,0,0,0,0,1.1,,0.0,0.0,0.0,0.0,0.0,0.02,0.02,2.98,0.0,380,176,0.0,368,184,0.0,541,229,0.0,388,182,,,,1,,Antoni,Milambo,Milambo,Knee injury - 75% chance of playing,,0,0,0,0,0,0,0,0,0,0,0,0,0,,,,0.0,0.0,6.0,2.0,8.0,0,0,0
100,a,100.0,,5.0,290,173,0,0,0,0,0.0,559,239,0,0,2.2,268,113,0,0,0.0,266,61,0.0,2.6,0,0,0,0,0,1.5,,0.0,0.0,0.0,0.0,0.63,0.03,0.66,1.87,0.0,343,158,0.0,349,173,0.0,291,152,0.0,345,162,,,,1,,Fábio,Freitas Gouveia Carvalho,Carvalho,,,0,0,0,0,0,0,0,0,0,0,0,0,0,,,,0.0,0.0,3.6,0.9,7.2,0,0,0
102,a,,,5.0,345,200,0,0,0,0,1.5,160,51,0,0,2.8,196,73,0,0,0.0,321,88,0.0,20.8,0,0,0,0,0,1.5,,0.0,0.0,0.0,0.0,0.04,0.05,0.09,1.37,0.0,132,47,0.0,132,90,0.0,219,119,0.0,166,81,,,,1,,Yehor,Yarmoliuk,Yarmoliuk,,,0,0,0,0,0,0,0,0,0,0,0,0,0,,,,0.0,0.27,1.43,1.02,11.47,0,0,0
103,a,,,5.0,251,152,0,0,0,0,0.0,537,224,0,0,1.0,378,174,0,0,0.0,227,40,0.0,0.4,0,0,0,0,0,1.5,,0.0,0.0,0.0,0.0,3.6,0.0,3.6,2.25,0.0,394,185,0.0,336,171,0.0,342,174,0.0,377,176,,,,1,,Josh,Dasilva,Dasilva,,,0,0,0,0,0,0,0,0,0,0,0,0,0,,,,0.0,0.0,0.0,0.0,45.0,0,0,0
105,a,,,6.0,85,54,0,0,0,0,0.2,351,122,0,0,0.0,578,253,0,0,0.0,507,202,0.0,0.0,0,0,0,0,0,2.1,,0.0,0.0,0.0,0.0,0.0,0.0,0.0,0.0,0.0,578,253,0.0,578,253,0.0,578,253,0.0,578,253,,,,1,,Jaidon,Anthony,Anthony,,,0,0,0,0,0,0,0,0,0,0,0,0,0,,,,0.0,0.0,0.0,0.0,0.0,0,0,0
106,a,,,8.0,12,4,0,0,0,0,16.1,24,5,0,0,4.8,15,3,0,0,0.0,581,68,0.0,22.6,0,0,0,0,0,2.5,,0.0,0.0,0.0,0.0,0.56,0.05,0.61,1.46,0.0,5,2,0.0,88,3,0.0,3,3,0.0,6,2,,,1.0,1,,Igor Thiago,Nascimento Rodrigues,Thiago,,,0,0,0,0,0,0,0,0,0,0,0,0,0,,,,0.0,0.27,1.37,1.01,5.87,0,0,0
107,a,,,4.5,506,67,0,0,0,0,0.8,211,36,0,0,1.0,373,44,0,0,0.0,186,9,0.0,0.2,0,0,0,0,0,1.0,,0.0,0.0,0.0,0.0,0.0,0.0,0.0,1.8,0.0,491,52,0.0,486,52,0.0,478,53,0.0,492,53,,,,1,,Kaye,Furo,Furo,,,0,0,0,0,0,0,0,0,0,0,0,0,0,,,,0.0,0.0,0.0,0.0,0.0,0,0,0
108,a,,,5.5,112,28,0,0,0,0,0.4,294,52,0,0,0.0,555,63,0,0,0.0,367,24,0.0,0.0,0,0,0,0,0,1.8,,0.0,0.0,0.0,0.0,0.0,0.0,0.0,0.0,0.0,555,63,0.0,555,63,0.0,553,63,0.0,555,63,,,,1,,Callum,Wilson,Wilson,,,0,0,0,0,0,0,0,0,0,0,0,0,0,,,,0.0,0.0,0.0,0.0,0.0,0,0,0
565,a,,,5.5,198,123,0,0,0,0,1.4,164,53,0,0,0.0,569,248,0,0,0.0,453,173,0.0,0.0,0,0,0,0,0,2.0,,0.0,0.0,0.0,0.0,0.0,0.0,0.0,0.0,0.0,569,248,0.0,569,248,0.0,568,248,0.0,569,248,,,,1,,Mamadou,Sangaré,Sangaré,,,0,0,0,0,0,0,0,0,0,0,0,0,0,,,,0.0,0.0,0.0,0.0,0.0,0,0,0
109,a,,,4.5,469,40,0,0,0,0,18.3,20,5,0,0,3.4,109,12,0,0,0.0,149,40,0.0,28.9,0,0,0,0,0,1.9,,0.0,0.0,0.0,0.0,0.0,0.0,0.0,1.29,0.0,9,2,0.0,341,10,0.0,453,44,0.0,141,2,,,,1,,Bart,Verbruggen,Verbruggen,,,0,0,0,0,0,0,0,0,0,0,0,0,0,,,,2.79,0.26,1.21,1.0,0.0,0,0,0
111,a,,,4.0,521,48,0,0,0,0,4.4,79,12,0,0,0.0,403,34,0,0,0.0,3,3,0.0,0.0,0,0,0,0,0,1.0,,0.0,0.0,0.0,0.0,0.0,0.0,0.0,0.0,0.0,397,34,0.0,380,16,0.0,361,7,0.0,399,34,,,,1,,Jason,Steele,Steele,,,0,0,0,0,0,0,0,0,0,0,0,0,0,,,,0.0,0.0,0.0,0.0,0.0,0,0,0
113,a,,,4.5,437,107,0,0,0,0,3.2,97,37,0,0,3.2,141,55,0,0,0.0,117,79,0.0,26.2,0,0,0,0,0,1.7,,0.0,0.0,0.0,0.0,0.06,0.1,0.16,1.28,0.0,113,48,0.0,62,13,0.0,104,17,0.0,83,20,2.0,,,1,,Ferdi,Kadıoğlu,F.Kadıoğlu,,,0,0,0,0,0,0,0,0,0,0,0,0,0,,,,0.0,0.29,1.18,0.98,4.89,0,0,0
114,a,,,4.5,424,96,0,0,0,0,0.2,381,137,0,0,3.2,139,53,0,0,0.0,104,68,0.0,8.7,0,0,0,0,0,1.7,,0.0,0.0,0.0,0.0,0.01,0.05,0.06,1.22,0.0,242,92,0.0,253,83,0.0,323,116,0.0,287,96,,,,1,,Olivier,Boscagli,Boscagli,,,0,0,0,0,0,0,0,0,0,0,0,0,0,,,,0.0,0.34,1.13,1.01,8.79,0,0,0
115,a,,,4.5,459,122,0,0,0,0,1.3,174,63,0,0,2.8,191,79,0,0,0.0,139,94,0.0,18.7,0,0,0,0,0,1.7,,0.0,0.0,0.0,0.0,0.11,0.26,0.37,1.54,0.0,187,72,0.0,47,5,0.0,193,52,0.0,129,38,4.0,3.0,,1,,Maxim,De Cuyper,De Cuyper,,,0,0,0,0,0,0,0,0,0,0,0,0,0,,,,0.0,0.32,1.47,1.09,4.1,0,0,0
117,a,,,4.5,490,134,0,0,0,0,0.0,543,185,0,0,2.0,283,108,0,0,0.0,170,106,0.0,2.2,0,0,0,0,0,1.7,,0.0,0.0,0.0,0.0,0.0,0.0,0.0,2.11,0.0,341,119,0.0,357,125,0.0,352,128,0.0,359,123,,,,1,,Diego,Coppola,Coppola,,,0,0,0,0,0,0,0,0,0,0,0,0,0,,,,0.0,0.47,1.4,0.93,8.39,0,0,0
118,a,,,4.5,431,101,0,0,0,0,0.1,452,156,0,0,1.5,329,118,0,0,0.0,111,73,0.0,1.3,0,0,0,0,0,1.7,,0.0,0.0,0.0,0.0,0.0,0.0,0.0,4.07,0.0,351,122,0.0,337,118,0.0,437,172,0.0,365,125,,,,1,,Igor Julio,dos Santos de Paulo,Igor,,,0,0,0,0,0,0,0,0,0,0,0,0,0,,,,0.0,0.0,2.62,0.87,11.36,0,0,0
119,a,,,4.5,455,121,0,0,0,0,0.0,528,179,0,0,0.0,472,177,0,0,0.0,135,93,0.0,0.0,0,0,0,0,0,1.7,,0.0,0.0,0.0,0.0,0.0,0.0,0.0,0.0,0.0,467,177,0.0,459,177,0.0,445,176,0.0,469,177,,,,1,,João Pedro,Loureiro da Costa,Costinha,,,0,0,0,0,0,0,0,0,0,0,0,0,0,,,,0.0,0.0,0.0,0.0,0.0,0,0,0
120,a,,,5.0,307,58,0,0,0,0,0.0,502,169,0,0,0.0,523,185,0,0,0.0,283,140,0.0,0.0,0,0,0,0,0,2.2,,0.0,0.0,0.0,0.0,0.0,0.0,0.0,0.0,0.0,523,185,0.0,521,185,0.0,518,185,0.0,523,185,,,,1,,Michael,Svoboda,Svoboda,,,0,0,0,0,0,0,0,0,0,0,0,0,0,,,,0.0,0.0,0.0,0.0,0.0,0,0,0
121,i,0.0,,6.0,87,56,0,0,0,0,0.1,428,172,0,0,2.5,240,94,0,0,0.0,509,204,0.0,10.3,0,0,0,0,0,0.0,,0.0,0.0,0.0,0.0,0.21,0.14,0.35,1.25,0.0,208,92,0.0,66,51,0.0,59,35,0.0,103,60,,,,1,,Mitoma,Kaoru,Mitoma,Hamstring injury - Unknown return date,,0,0,0,0,0,0,0,0,0,0,0,0,0,,,,0.0,0.26,1.05,1.0,5.62,0,0,0
122,i,0.0,,6.0,106,68,0,0,0,0,0.6,245,82,0,0,3.4,121,49,0,0,0.0,528,216,0.0,19.5,0,0,0,0,0,0.0,,0.0,0.0,0.0,0.0,0.14,0.19,0.33,1.28,0.0,116,40,0.0,25,24,0.0,28,14,0.0,30,24,3.0,,,1,,Yankuba,Minteh,Minteh,Leg injury - Expected back 28 Nov,,0,0,0,0,0,0,0,0,0,0,0,0,0,,,,0.0,0.41,1.24,0.98,6.97,0,0,0
123,a,,,6.0,101,66,0,0,0,0,0.2,337,118,0,0,3.4,120,48,0,0,0.0,523,214,0.0,15.2,0,0,0,0,0,2.1,,0.0,0.0,0.0,0.0,0.26,0.12,0.38,1.44,0.0,195,84,0.0,149,101,0.0,60,36,0.0,140,75,,,,1,,Jack,Hinshelwood,Hinshelwood,,,0,0,0,0,0,0,0,0,0,0,0,0,0,,,,0.0,0.36,1.19,1.04,5.91,0,0,0
116,a,,,4.5,395,79,0,0,0,0,0.9,203,74,0,0,3.0,164,67,0,0,0.0,75,51,0.0,22.2,0,0,0,0,0,1.7,,0.0,0.0,0.0,0.0,0.06,0.02,0.08,1.33,0.0,63,27,0.0,221,62,0.0,144,33,0.0,133,42,,2.0,,1,,Lewis,Dunk,Dunk,,,0,0,0,0,0,0,0,0,0,0,0,0,0,,,,0.0,0.22,1.27,0.98,7.33,0,0,0
124,a,,,5.5,111,73,0,0,0,0,11.3,39,12,0,0,4.1,46,21,0,0,0.0,366,123,0.0,14.2,0,0,0,0,0,2.0,,0.0,0.0,0.0,0.0,0.08,0.22,0.3,1.12,0.0,155,60,0.0,27,26,0.0,139,79,0.0,76,47,1.0,,1.0,1,,Pascal,Groß,Groß,,,0,0,0,0,0,0,0,0,0,0,0,0,0,,,,0.0,0.33,0.94,0.99,7.98,0,0,0
125,a,,,5.5,173,40,0,0,0,0,1.0,197,33,0,0,2.7,211,20,0,0,0.0,428,36,0.0,15.8,0,0,0,0,0,1.8,,0.0,0.0,0.0,0.0,0.15,0.15,0.3,1.09,0.0,179,17,0.0,101,4,0.0,48,18,0.0,99,16,,,,1,,Georginio,Rutter,Georginio,,,0,0,0,0,0,0,0,0,0,0,0,0,0,,,,0.0,0.35,1.01,1.01,6.64,0,0,0
126,a,,,5.5,142,88,0,0,0,0,0.1,437,174,0,0,2.7,210,82,0,0,0.0,397,138,0.0,2.9,0,0,0,0,0,2.0,,0.0,0.0,0.0,0.0,0.54,0.08,0.62,1.13,0.0,328,147,0.0,265,147,0.0,267,143,0.0,310,148,,,2.0,1,,Matt,O'Riley,O'Riley,,,0,0,0,0,0,0,0,0,0,0,0,0,0,,,,0.0,0.45,1.34,0.89,4.46,0,0,0
127,a,,,5.0,349,202,0,0,0,0,2.7,108,36,0,0,3.0,171,65,0,0,0.0,325,90,0.0,19.4,0,0,0,0,0,1.5,,0.0,0.0,0.0,0.0,0.27,0.07,0.34,1.25,0.0,136,49,0.0,112,80,0.0,55,33,0.0,91,53,,4.0,,1,,Diego,Gómez Amarilla,Gomez,,,0,0,0,0,0,0,0,0,0,0,0,0,0,,,,0.0,0.34,1.23,1.11,10.12,0,0,0
128,u,0.0,,5.0,360,212,0,0,0,0,0.0,529,219,0,0,0.8,397,186,0,0,0.0,336,100,0.0,0.6,0,0,0,0,0,0.0,,0.0,0.0,0.0,0.0,0.07,0.31,0.38,2.79,0.0,363,167,0.0,298,159,0.0,309,159,0.0,351,164,,,,1,,Facundo,Buonanotte,Buonanotte,Has joined Elche on loan for the rest of the season,,0,0,0,0,0,0,0,0,0,0,0,0,0,,,,0.0,0.0,4.44,1.11,6.67,0,0,0
129,a,,,5.5,197,122,0,0,0,0,0.8,207,71,0,0,3.4,118,47,0,0,0.0,452,172,0.0,17.8,0,0,0,0,0,2.0,,0.0,0.0,0.0,0.0,0.13,0.05,0.18,1.26,0.0,169,67,0.0,137,94,0.0,131,75,0.0,163,80,5.0,1.0,,1,,Yasin,Ayari,Ayari,,,0,0,0,0,0,0,0,0,0,0,0,0,0,,,,0.0,0.28,1.12,0.94,10.54,0,0,0
130,a,,,5.0,315,61,0,0,0,0,0.3,312,114,0,0,3.6,89,36,0,0,0.0,291,143,0.0,18.8,0,0,0,0,0,2.2,,0.0,0.0,0.0,0.0,0.09,0.09,0.18,1.13,0.0,122,50,0.0,128,31,0.0,146,34,0.0,136,44,,,,1,,Mats,Wieffer,Wieffer,,,0,0,0,0,0,0,0,0,0,0,0,0,0,,,,0.0,0.28,1.23,1.09,12.74,0,0,0
131,i,0.0,,5.0,355,207,0,0,0,0,0.3,321,110,0,0,1.8,305,133,0,0,0.0,331,95,0.0,11.2,0,0,0,0,0,0.0,,0.0,0.0,0.0,0.0,0.04,0.04,0.08,1.12,0.0,264,120,0.0,198,127,0.0,279,149,0.0,275,133,,,,1,,Carlos,Baleba,Baleba,Ankle injury - Expected back 23 Aug,,0,0,0,0,0,0,0,0,0,0,0,0,0,,,,0.0,0.38,1.04,1.26,11.43,0,0,0
132,a,,,4.5,508,255,0,0,0,0,0.3,324,112,0,0,1.3,343,156,0,0,0.0,188,21,0.0,0.9,0,0,0,0,0,1.0,,0.0,0.0,0.0,0.0,0.0,0.03,0.03,1.02,0.0,371,170,0.0,354,175,0.0,354,180,0.0,374,173,,,,1,,Harry,Howell,Howell,,,0,0,0,0,0,0,0,0,0,0,0,0,0,,,,0.0,0.0,1.96,0.98,6.85,0,0,0
133,u,0.0,,5.0,365,217,0,0,0,0,0.0,574,250,0,0,0.8,398,187,0,0,0.0,341,105,0.0,1.0,0,0,0,0,0,0.0,,0.0,0.0,0.0,0.0,0.06,0.05,0.11,2.72,0.0,376,173,0.0,364,180,0.0,334,169,0.0,378,177,,,,1,,Tom,Watson,Watson,Has joined Leicester City on loan for the rest of the season,,0,0,0,0,0,0,0,0,0,0,0,0,0,,,,0.0,0.0,3.16,0.0,7.89,0,0,0
134,a,,,4.5,494,251,0,0,0,0,0.2,373,137,0,0,1.0,367,167,0,0,0.0,174,17,0.0,0.2,0,0,0,0,0,1.0,,0.0,0.0,0.0,0.0,0.0,0.0,0.0,0.0,0.0,486,196,0.0,482,198,0.0,472,194,0.0,488,197,,,,1,,Nehemiah,Oriola,Oriola,,,0,0,0,0,0,0,0,0,0,0,0,0,0,,,,0.0,0.0,0.0,0.0,0.0,0,0,0
135,a,,,5.0,389,234,0,0,0,0,0.1,454,182,0,0,0.0,554,237,0,0,0.0,365,122,0.0,0.0,0,0,0,0,0,1.5,,0.0,0.0,0.0,0.0,0.0,0.0,0.0,0.0,0.0,554,237,0.0,554,237,0.0,552,237,0.0,554,237,,,,1,,Zadok,Yohanna,Yohanna,,,0,0,0,0,0,0,0,0,0,0,0,0,0,,,,0.0,0.0,0.0,0.0,0.0,0,0,0
137,d,75.0,,5.5,218,45,0,0,0,0,0.0,548,69,0,0,1.8,309,32,0,0,0.0,473,41,0.0,2.9,0,0,0,0,0,1.3,,0.0,0.0,0.0,0.0,0.3,0.08,0.38,1.77,0.0,325,37,0.0,268,32,0.0,280,41,0.0,314,38,,,,1,,Stefanos,Tzimas,Tzimas,Knee injury - 75% chance of playing,,0,0,0,0,0,0,0,0,0,0,0,0,0,,,,0.0,0.0,1.36,0.68,10.23,0,0,0
138,a,,,5.5,221,46,0,0,0,0,0.3,333,58,0,0,1.7,318,34,0,0,0.0,476,42,0.0,6.4,0,0,0,0,0,1.8,,0.0,0.0,0.0,0.0,0.54,0.14,0.68,1.55,0.0,279,29,0.0,220,24,0.0,114,29,0.0,240,26,,,,1,,Charalampos,Kostoulas,Kostoulas,,,0,0,0,0,0,0,0,0,0,0,0,0,0,,,,0.0,0.26,2.31,0.51,10.51,0,0,0
139,i,0.0,,5.0,325,54,0,0,0,0,0.0,527,68,0,0,0.0,531,60,0,0,0.0,301,19,0.0,0.0,0,0,0,0,0,0.0,,0.0,0.0,0.0,0.0,0.0,0.0,0.0,0.0,0.0,531,60,0.0,530,60,0.0,526,60,0.0,531,60,,,,1,,Evan,Ferguson,Ferguson,Ankle injury - Expected back 10 Oct,,0,0,0,0,0,0,0,0,0,0,0,0,0,,,,0.0,0.0,0.0,0.0,0.0,0,0,0
328,a,,,5.0,277,50,0,0,0,0,0.4,277,105,0,0,3.2,146,58,0,0,0.0,253,132,0.0,21.6,0,0,0,0,0,2.2,,0.0,0.0,0.0,0.0,0.09,0.02,0.11,1.32,0.0,47,19,0.0,190,49,0.0,109,19,0.0,101,27,,,,1,,Pascal,Struijk,Struijk,,,0,0,0,0,0,0,0,0,0,0,0,0,0,,,,0.0,0.21,1.47,1.01,9.11,0,0,0
504,a,,,5.0,378,75,0,0,0,0,2.5,111,44,0,0,0.0,549,190,0,0,0.0,354,157,0.0,0.0,0,0,0,0,0,2.2,,0.0,0.0,0.0,0.0,0.0,0.0,0.0,0.0,0.0,549,190,0.0,549,190,0.0,547,190,0.0,549,190,,,,1,,Luka,Vušković,Vuskovic,,,0,0,0,0,0,0,0,0,0,0,0,0,0,,,,0.0,0.0,0.0,0.0,0.0,0,0,0
101,d,75.0,,5.0,223,138,0,0,0,0,0.0,524,218,0,0,2.4,243,96,0,0,0.0,199,26,0.0,15.2,0,0,0,0,0,1.1,,0.0,0.0,0.0,0.0,0.02,0.11,0.13,1.33,0.0,181,75,0.0,95,69,0.0,277,147,0.0,184,92,,,,1,,Jordan,Henderson,Henderson,Wrist injury - 75% chance of playing,,0,0,0,0,0,0,0,0,0,0,0,0,0,,,,0.0,0.28,1.32,1.04,8.62,0,0,0
40,a,,,7.5,16,9,0,0,0,0,25.9,9,5,0,0,4.6,25,11,0,0,0.0,569,248,0.0,22.5,0,0,0,0,0,2.6,,0.0,0.0,0.0,0.0,0.19,0.12,0.31,1.41,0.0,37,10,0.0,24,23,0.0,8,3,0.0,8,6,,,,1,,Morgan,Rogers,Rogers,,,0,0,0,0,0,0,0,0,0,0,0,0,0,,,,0.0,0.25,1.32,1.02,6.31,0,0,0
136,a,,,6.0,57,13,0,0,0,0,2.5,112,14,0,0,3.4,119,11,0,0,0.0,479,44,0.0,21.0,0,0,0,0,0,2.0,,0.0,0.0,0.0,0.0,0.49,0.06,0.55,1.27,0.0,84,7,0.0,119,9,0.0,15,8,0.0,35,6,,,,1,,Danny,Welbeck,Welbeck,,,0,0,0,0,0,0,0,0,0,0,0,0,0,,,,0.0,0.4,1.12,1.04,4.48,0,0,0
140,a,,,5.0,267,12,0,0,0,0,2.1,122,20,0,0,3.2,145,19,0,0,0.0,243,53,0.0,22.6,0,0,0,0,0,2.6,,0.0,0.0,0.0,0.0,0.0,0.0,0.0,1.44,0.0,27,8,0.0,282,1,0.0,501,56,0.0,156,6,,,,1,,Robert,Lynch Sánchez,Sánchez,,,0,0,0,0,0,0,0,0,0,0,0,0,0,,,,2.9,0.27,1.45,1.04,0.0,0,0,0
141,u,0.0,,5.0,346,20,0,0,0,0,0.1,453,52,0,0,1.8,304,30,0,0,0.0,322,61,0.0,1.8,0,0,0,0,0,0.0,,0.0,0.0,0.0,0.0,0.0,0.0,0.0,0.98,0.0,316,26,0.0,538,65,0.0,535,63,0.0,348,26,,,,1,,Filip,Jörgensen,Jörgensen,Has joined RC Strasbourg on loan for the rest of the season,,0,0,0,0,0,0,0,0,0,0,0,0,0,,,,1.9,0.0,1.19,0.71,0.0,0,0,0
142,a,,,5.5,144,16,0,0,0,0,8.1,55,22,0,0,4.0,56,23,0,0,0.0,399,165,0.0,20.9,0,0,0,0,0,2.5,,0.0,0.0,0.0,0.0,0.05,0.15,0.2,1.32,0.0,128,53,0.0,52,7,0.0,221,64,0.0,116,35,1.0,1.0,,1,,Reece,James,James,,,0,0,0,0,0,0,0,0,0,0,0,0,0,,,,0.0,0.37,0.92,0.92,5.89,0,0,0
143,u,0.0,,5.5,125,12,0,0,0,0,1.1,193,69,0,0,4.0,54,22,0,0,0.0,380,161,0.0,24.7,0,0,0,0,0,0.0,,0.0,0.0,0.0,0.0,0.05,0.03,0.08,1.32,0.0,43,17,0.0,231,70,0.0,188,50,0.0,132,41,,,,1,,Trevoh,Chalobah,Chalobah,Has joined Como permanently,,0,0,0,0,0,0,0,0,0,0,0,0,0,,,,0.0,0.29,1.29,1.0,8.58,0,0,0
144,a,,,5.0,321,63,0,0,0,0,1.1,187,66,0,0,2.8,194,82,0,0,0.0,297,145,0.0,19.2,0,0,0,0,0,2.2,,0.0,0.0,0.0,0.0,0.06,0.12,0.18,1.48,0.0,133,55,0.0,61,12,0.0,149,37,0.0,106,29,,,,1,,Malo,Gusto,Gusto,,,0,0,0,0,0,0,0,0,0,0,0,0,0,,,,0.0,0.28,1.44,1.04,5.03,0,0,0
145,s,0.0,,5.0,301,56,0,0,0,0,0.0,578,192,0,0,2.6,225,92,0,0,0.0,277,138,0.0,13.0,0,0,0,0,0,0.0,,0.0,0.0,0.0,0.0,0.04,0.03,0.07,1.35,0.0,126,52,0.0,269,89,0.0,256,81,0.0,221,71,,,,1,,Wesley,Fofana,Fofana,Suspended until 6 Sep,,0,0,0,0,0,0,0,0,0,0,0,0,0,,,,0.0,0.21,1.31,1.05,10.79,0,0,0
146,a,,,4.5,443,111,0,0,0,0,0.0,525,177,0,0,0.9,391,130,0,0,0.0,123,83,0.0,1.6,0,0,0,0,0,1.7,,0.0,0.0,0.0,0.0,0.0,0.01,0.01,1.42,0.0,302,108,0.0,346,120,0.0,349,127,0.0,334,115,,,,1,,Benoît,Badiashile Mukinayi,B.Badiashile,,,0,0,0,0,0,0,0,0,0,0,0,0,0,,,,0.0,0.0,1.91,1.15,9.19,0,0,0
147,a,,,4.5,403,83,0,0,0,0,0.2,365,134,0,0,2.1,272,103,0,0,0.0,83,55,0.0,7.6,0,0,0,0,0,1.7,,0.0,0.0,0.0,0.0,0.01,0.05,0.06,1.51,0.0,226,85,0.0,305,104,0.0,311,109,0.0,290,97,,,,1,,Tosin,Adarabioyo,Tosin,,,0,0,0,0,0,0,0,0,0,0,0,0,0,,,,0.0,0.23,1.6,0.91,11.08,0,0,0
148,a,,,4.5,491,135,0,0,0,0,0.9,204,75,0,0,0.9,392,131,0,0,0.0,171,107,0.0,4.2,0,0,0,0,0,1.7,,0.0,0.0,0.0,0.0,0.02,0.05,0.07,1.46,0.0,232,88,0.0,227,66,0.0,290,97,0.0,270,89,,,,1,,Jorrel,Hato,Hato,,,0,0,0,0,0,0,0,0,0,0,0,0,0,,,,0.0,0.0,2.13,0.95,7.82,0,0,0
149,a,,,5.0,308,59,0,0,0,0,1.8,142,56,0,0,2.7,205,84,0,0,0.0,284,141,0.0,1.6,0,0,0,0,0,2.2,,0.0,0.0,0.0,0.0,0.0,0.05,0.05,1.34,0.0,326,116,0.0,347,121,0.0,336,122,0.0,347,118,,,,1,,Levi,Samuels Colwill,Colwill,,,0,0,0,0,0,0,0,0,0,0,0,0,0,,,,0.0,0.0,1.6,0.8,10.0,0,0,0
150,a,,,4.5,499,137,0,0,0,0,0.1,462,159,0,0,1.0,369,128,0,0,0.0,179,109,0.0,0.7,0,0,0,0,0,1.7,,0.0,0.0,0.0,0.0,0.32,0.0,0.32,1.47,0.0,375,130,0.0,376,132,0.0,333,121,0.0,384,130,,,,1,,Mamadou,Sarr,M.Sarr,,,0,0,0,0,0,0,0,0,0,0,0,0,0,,,,0.0,0.0,2.7,0.9,7.2,0,0,0
151,a,,,4.5,502,139,0,0,0,0,0.3,326,117,0,0,2.3,255,100,0,0,0.0,182,111,0.0,8.7,0,0,0,0,0,1.7,,0.0,0.0,0.0,0.0,0.08,0.02,0.1,2.15,0.0,289,104,0.0,296,101,0.0,261,84,0.0,302,102,,,,1,,Josh,Acheampong,Acheampong,,,0,0,0,0,0,0,0,0,0,0,0,0,0,,,,0.0,0.27,1.78,1.1,6.03,0,0,0
152,a,,,5.5,220,34,0,0,0,0,2.4,113,45,0,0,0.0,576,193,0,0,0.0,475,183,0.0,0.0,0,0,0,0,0,2.5,,0.0,0.0,0.0,0.0,0.0,0.0,0.0,0.0,0.0,576,193,0.0,576,193,0.0,575,193,0.0,576,193,,,,1,,Marco,Palestra,Palestra,,,0,0,0,0,0,0,0,0,0,0,0,0,0,,,,0.0,0.0,0.0,0.0,0.0,0,0,0
153,a,,,4.5,428,99,0,0,0,0,0.1,483,165,0,0,0.0,465,173,0,0,0.0,108,71,0.0,0.0,0,0,0,0,0,1.7,,0.0,0.0,0.0,0.0,0.0,0.0,0.0,0.0,0.0,460,173,0.0,451,173,0.0,435,171,0.0,462,173,,,,1,,Axel,Disasi,Disasi,,,0,0,0,0,0,0,0,0,0,0,0,0,0,,,,0.0,0.0,0.0,0.0,0.0,0,0,0
154,a,,,9.5,4,3,0,0,0,0,11.2,40,13,0,0,4.4,37,16,0,0,0.0,585,258,0.0,12.0,0,0,0,0,0,3.2,,0.0,0.0,0.0,0.0,0.49,0.11,0.6,1.43,0.0,101,32,0.0,83,61,0.0,39,23,0.0,52,32,,3.0,1.0,1,,Cole,Palmer,Palmer,,,0,0,0,0,0,0,0,0,0,0,0,0,0,,,,0.0,0.14,1.52,1.11,6.22,0,0,0
155,a,,,7.0,29,19,0,0,0,0,5.5,68,24,0,0,4.4,36,15,0,0,0.0,564,246,0.0,22.4,0,0,0,0,0,2.5,,0.0,0.0,0.0,0.0,0.33,0.21,0.54,1.3,0.0,23,7,0.0,3,3,0.0,20,9,0.0,3,2,2.0,2.0,2.0,1,,Enzo,Fernández,Enzo,,,0,0,0,0,0,0,0,0,0,0,0,0,0,,,,0.0,0.23,1.33,1.01,7.05,0,0,0
156,a,,,6.5,42,29,0,0,0,0,1.4,171,58,0,0,3.7,83,37,0,0,0.0,544,230,0.0,19.2,0,0,0,0,0,2.3,,0.0,0.0,0.0,0.0,0.16,0.23,0.39,1.29,0.0,110,36,0.0,14,13,0.0,41,25,0.0,29,23,3.0,4.0,,1,,Pedro,Lomba Neto,Neto,,,0,0,0,0,0,0,0,0,0,0,0,0,0,,,,0.0,0.38,1.13,1.03,4.18,0,0,0
157,a,,,6.5,55,39,0,0,0,0,1.6,154,47,0,0,2.6,229,89,0,0,0.0,557,240,0.0,8.9,0,0,0,0,0,2.3,,0.0,0.0,0.0,0.0,0.31,0.23,0.54,1.1,0.0,257,117,0.0,148,100,0.0,92,58,0.0,192,97,4.0,,3.0,1,,Estêvão,Almeida de Oliveira Gonçalves,Estêvão,,,0,0,0,0,0,0,0,0,0,0,0,0,0,,,,0.0,0.43,1.18,1.29,6.01,0,0,0
158,a,,,6.0,89,57,0,0,0,0,0.1,495,205,0,0,1.6,327,144,0,0,0.0,511,205,0.0,4.2,0,0,0,0,0,2.1,,0.0,0.0,0.0,0.0,0.15,0.17,0.32,1.65,0.0,309,140,0.0,216,134,0.0,242,130,0.0,285,138,,,,1,,Jamie,Bynoe-Gittens,Gittens,,,0,0,0,0,0,0,0,0,0,0,0,0,0,,,,0.0,0.19,1.3,0.93,5.37,0,0,0
159,a,,,5.5,188,115,0,0,0,0,4.1,84,28,0,0,3.3,131,53,0,0,0.0,443,165,0.0,20.0,0,0,0,0,0,2.0,,0.0,0.0,0.0,0.0,0.05,0.08,0.13,1.37,0.0,88,28,0.0,75,57,0.0,208,115,0.0,107,62,,,,1,,Moisés,Caicedo Corozo,Caicedo,,,0,0,0,0,0,0,0,0,0,0,0,0,0,,,,0.0,0.19,1.51,1.03,11.78,0,0,0
161,a,,,5.0,350,203,0,0,0,0,0.1,498,206,0,0,1.1,354,163,0,0,0.0,326,91,0.0,2.6,0,0,0,0,0,1.5,,0.0,0.0,0.0,0.0,0.05,0.13,0.18,2.05,0.0,344,159,0.0,292,156,0.0,321,163,0.0,340,160,,,,1,,Roméo,Lavia,Lavia,,,0,0,0,0,0,0,0,0,0,0,0,0,0,,,,0.0,0.0,2.41,0.96,8.9,0,0,0
163,a,,,4.5,471,245,0,0,0,0,0.2,354,124,0,0,0.3,400,188,0,0,0.0,151,11,0.0,0.2,0,0,0,0,0,1.0,,0.0,0.0,0.0,0.0,0.0,0.03,0.03,1.9,0.0,369,169,0.0,365,181,0.0,351,178,0.0,376,175,,,,1,,Dário,Luís Essugo,D.Essugo,,,0,0,0,0,0,0,0,0,0,0,0,0,0,,,,0.0,0.0,3.46,0.0,27.69,0,0,0
164,a,100.0,,5.5,217,136,0,0,0,0,0.1,488,200,0,0,0.0,575,252,0,0,0.0,472,186,0.0,0.0,0,0,0,0,0,2.0,,0.0,0.0,0.0,0.0,0.0,0.0,0.0,0.0,0.0,575,252,0.0,575,252,0.0,574,252,0.0,575,252,,,,1,,Geovany,Quenda,Quenda,,,0,0,0,0,0,0,0,0,0,0,0,0,0,,,,0.0,0.0,0.0,0.0,0.0,0,0,0
165,a,,,7.5,19,7,0,0,0,0,56.0,2,2,0,0,5.1,10,2,0,0,0.0,572,65,0.0,23.6,0,0,0,0,0,2.3,,0.0,0.0,0.0,0.0,0.5,0.07,0.57,1.26,0.0,35,3,0.0,59,1,0.0,6,5,0.0,15,4,,,,1,,João Pedro,Junqueira de Jesus,João Pedro,,,0,0,0,0,0,0,0,0,0,0,0,0,0,,,,0.0,0.34,1.22,1.05,4.67,0,0,0
166,a,,,6.5,52,12,0,0,0,0,0.4,293,51,0,0,0.0,585,70,0,0,0.0,554,60,0.0,0.0,0,0,0,0,0,2.1,,0.0,0.0,0.0,0.0,0.0,0.0,0.0,0.0,0.0,585,70,0.0,585,70,0.0,585,70,0.0,585,70,,,,1,,Nicolas,Jackson,N.Jackson,,,0,0,0,0,0,0,0,0,0,0,0,0,0,,,,0.0,0.0,0.0,0.0,0.0,0,0,0
167,a,,,5.5,172,39,0,0,0,0,0.5,260,45,0,0,1.6,326,36,0,0,0.0,427,35,0.0,8.2,0,0,0,0,0,1.8,,0.0,0.0,0.0,0.0,0.37,0.02,0.39,1.37,0.0,323,36,0.0,263,31,0.0,77,22,0.0,254,32,,,4.0,1,,Liam,Delap,Delap,,,0,0,0,0,0,0,0,0,0,0,0,0,0,,,,0.0,0.16,1.48,0.99,3.46,0,0,0
168,a,,,5.0,339,55,0,0,0,0,0.4,275,47,0,0,1.3,344,38,0,0,0.0,315,20,0.0,2.6,0,0,0,0,0,1.4,,0.0,0.0,0.0,0.0,0.52,0.1,0.62,2.0,0.0,353,39,0.0,297,36,0.0,247,39,0.0,325,40,,,,1,,Marc,Guiu Paz,Marc Guiu,,,0,0,0,0,0,0,0,0,0,0,0,0,0,,,,0.0,0.0,1.02,0.34,2.72,0,0,0
169,a,,,4.5,497,66,0,0,0,0,0.4,295,53,0,0,1.0,368,43,0,0,0.0,177,8,0.0,0.2,0,0,0,0,0,1.0,,0.0,0.0,0.0,0.0,0.0,0.0,0.0,4.5,0.0,387,44,0.0,374,45,0.0,475,52,0.0,395,46,,,,1,,Shumaira,Mheuka,Mheuka,,,0,0,0,0,0,0,0,0,0,0,0,0,0,,,,0.0,0.0,0.0,0.0,90.0,0,0,0
170,d,75.0,,5.0,344,56,0,0,0,0,0.1,421,64,0,0,0.0,538,61,0,0,0.0,320,21,0.0,0.0,0,0,0,0,0,1.0,,0.0,0.0,0.0,0.0,0.0,0.0,0.0,0.0,0.0,538,61,0.0,537,61,0.0,534,61,0.0,538,61,,,,1,,Emmanuel,Emegha,Emegha,Hamstring injury - 75% chance of playing,,0,0,0,0,0,0,0,0,0,0,0,0,0,,,,0.0,0.0,0.0,0.0,0.0,0,0,0
200,a,,,6.0,80,8,0,0,0,0,11.1,42,15,0,0,4.4,33,12,0,0,0.0,502,187,0.0,25.7,0,0,0,0,0,2.8,,0.0,0.0,0.0,0.0,0.07,0.02,0.09,1.28,0.0,28,10,0.0,236,74,0.0,89,11,0.0,82,19,,,,1,,Maxence,Lacroix,Lacroix,,,0,0,0,0,0,0,0,0,0,0,0,0,0,,,,0.0,0.32,1.37,1.02,10.79,0,0,0
560,a,,,4.5,489,44,0,0,0,0,0.1,476,55,0,0,0.0,488,60,0,0,0.0,169,44,0.0,0.0,0,0,0,0,0,1.9,,0.0,0.0,0.0,0.0,0.0,0.0,0.0,0.0,0.0,483,60,0.0,479,54,0.0,469,48,0.0,485,60,,,,1,,Mike,Penders,Penders,,,0,0,0,0,0,0,0,0,0,0,0,0,0,,,,0.0,0.0,0.0,0.0,0.0,0,0,0
561,a,,,4.5,513,144,0,0,0,0,0.0,562,188,0,0,0.0,496,183,0,0,0.0,193,116,0.0,0.0,0,0,0,0,0,1.7,,0.0,0.0,0.0,0.0,0.0,0.0,0.0,0.0,0.0,495,183,0.0,490,183,0.0,481,183,0.0,495,183,,,,1,,Aaron,Anselmino,Anselmino,,,0,0,0,0,0,0,0,0,0,0,0,0,0,,,,0.0,0.0,0.0,0.0,0.0,0,0,0
568,a,,,5.5,201,126,0,0,0,0,0.1,438,175,0,0,0.0,571,250,0,0,0.0,456,176,0.0,0.0,0,0,0,0,0,2.0,,0.0,0.0,0.0,0.0,0.0,0.0,0.0,0.0,0.0,571,250,0.0,571,250,0.0,570,250,0.0,571,250,,,,1,,Valentín,Barco,Barco,,,0,0,0,0,0,0,0,0,0,0,0,0,0,,,,0.0,0.0,0.0,0.0,0.0,0,0,0
578,a,,,5.5,177,108,0,0,0,0,0.0,567,244,0,0,0.0,566,245,0,0,0.0,432,158,0.0,0.0,0,0,0,0,0,2.0,,0.0,0.0,0.0,0.0,0.0,0.0,0.0,0.0,0.0,566,245,0.0,566,245,0.0,565,245,0.0,566,245,,,,1,,Mykhailo,Mudryk,Mudryk,,,0,0,0,0,0,0,0,0,0,0,0,0,0,,,,0.0,0.0,0.0,0.0,0.0,0,0,0
583,a,,,5.0,338,70,0,0,0,0,0.1,447,152,0,0,0.0,534,187,0,0,0.0,314,152,0.0,0.0,0,0,0,0,0,2.2,,0.0,0.0,0.0,0.0,0.0,0.0,0.0,0.0,0.0,534,187,0.0,533,187,0.0,530,187,0.0,534,187,,,,1,,Pep,Chavarría,Chavarria,,,0,0,0,0,0,0,0,0,0,0,0,0,0,,,,0.0,0.0,0.0,0.0,0.0,0,0,0
104,a,,,5.0,294,176,0,0,0,0,0.2,392,148,0,0,2.0,286,121,0,0,0.0,270,64,0.0,2.4,0,0,0,0,0,1.5,,0.0,0.0,0.0,0.0,0.0,0.37,0.37,2.07,0.0,350,163,0.0,332,168,0.0,343,175,0.0,361,168,,,,1,,Frank,Onyeka,Onyeka,,,0,0,0,0,0,0,0,0,0,0,0,0,0,,,,0.0,0.0,2.05,0.0,10.23,0,0,0
110,a,,,4.5,463,37,0,0,0,0,0.9,198,28,0,0,0.0,476,57,0,0,0.0,143,37,0.0,0.0,0,0,0,0,0,1.9,,0.0,0.0,0.0,0.0,0.0,0.0,0.0,0.0,0.0,471,57,0.0,464,48,0.0,450,41,0.0,473,57,,,,1,,Carl,Rushworth,Rushworth,,,0,0,0,0,0,0,0,0,0,0,0,0,0,,,,0.0,0.0,0.0,0.0,0.0,0,0,0
171,a,,,4.0,563,62,0,0,0,0,2.3,117,19,0,0,0.0,439,46,0,0,0.0,45,17,0.0,0.0,0,0,0,0,0,1.0,,0.0,0.0,0.0,0.0,0.0,0.0,0.0,0.0,0.0,433,46,0.0,418,30,0.0,399,21,0.0,435,46,,,,1,,Oliver,Dovin,Dovin,,,0,0,0,0,0,0,0,0,0,0,0,0,0,,,,0.0,0.0,0.0,0.0,0.0,0,0,0
172,a,,,4.5,404,27,0,0,0,0,0.6,248,33,0,0,0.0,461,53,0,0,0.0,84,27,0.0,0.0,0,0,0,0,0,1.9,,0.0,0.0,0.0,0.0,0.0,0.0,0.0,0.0,0.0,456,53,0.0,445,40,0.0,428,31,0.0,458,53,,,,1,,Ben,Wilson,Wilson,,,0,0,0,0,0,0,0,0,0,0,0,0,0,,,,0.0,0.0,0.0,0.0,0.0,0,0,0
173,a,,,4.0,559,170,0,0,0,0,8.3,54,21,0,0,0.0,435,156,0,0,0.0,41,26,0.0,0.0,0,0,0,0,0,1.0,,0.0,0.0,0.0,0.0,0.0,0.0,0.0,0.0,0.0,429,155,0.0,414,154,0.0,395,150,0.0,431,155,,,,1,,Bobby,Thomas,Thomas,,,0,0,0,0,0,0,0,0,0,0,0,0,0,,,,0.0,0.0,0.0,0.0,0.0,0,0,0
174,a,,,4.0,552,165,0,0,0,0,0.6,241,89,0,0,0.0,428,151,0,0,0.0,34,21,0.0,0.0,0,0,0,0,0,1.0,,0.0,0.0,0.0,0.0,0.0,0.0,0.0,0.0,0.0,422,150,0.0,407,149,0.0,388,145,0.0,424,150,,,,1,,Liam,Kitching,Kitching,,,0,0,0,0,0,0,0,0,0,0,0,0,0,,,,0.0,0.0,0.0,0.0,0.0,0,0,0
175,a,,,4.0,557,168,0,0,0,0,15.4,27,10,0,0,0.0,433,154,0,0,0.0,39,24,0.0,0.0,0,0,0,0,0,1.0,,0.0,0.0,0.0,0.0,0.0,0.0,0.0,0.0,0.0,427,153,0.0,412,152,0.0,393,148,0.0,429,153,,,,1,,Milan,van Ewijk,van Ewijk,,,0,0,0,0,0,0,0,0,0,0,0,0,0,,,,0.0,0.0,0.0,0.0,0.0,0,0,0
176,a,,,4.0,537,153,0,0,0,0,0.7,221,83,0,0,0.0,414,140,0,0,0.0,19,9,0.0,0.0,0,0,0,0,0,1.0,,0.0,0.0,0.0,0.0,0.0,0.0,0.0,0.0,0.0,408,139,0.0,393,138,0.0,374,134,0.0,410,139,,,,1,,Jay,Dasilva,Dasilva,,,0,0,0,0,0,0,0,0,0,0,0,0,0,,,,0.0,0.0,0.0,0.0,0.0,0,0,0
177,a,,,4.0,561,171,0,0,0,0,0.1,450,154,0,0,0.0,437,157,0,0,0.0,43,27,0.0,0.0,0,0,0,0,0,1.0,,0.0,0.0,0.0,0.0,0.0,0.0,0.0,0.0,0.0,431,156,0.0,416,155,0.0,397,151,0.0,433,156,,,,1,,Kaine,Kesler-Hayden,Kesler-Hayden,,,0,0,0,0,0,0,0,0,0,0,0,0,0,,,,0.0,0.0,0.0,0.0,0.0,0,0,0
178,a,,,4.0,524,145,0,0,0,0,0.1,435,148,0,0,0.0,405,135,0,0,0.0,6,1,0.0,0.0,0,0,0,0,0,1.0,,0.0,0.0,0.0,0.0,0.0,0.0,0.0,0.0,0.0,399,134,0.0,383,133,0.0,364,129,0.0,401,134,,,,1,,Jake,Bidwell,Bidwell,,,0,0,0,0,0,0,0,0,0,0,0,0,0,,,,0.0,0.0,0.0,0.0,0.0,0,0,0
179,a,,,4.0,541,157,0,0,0,0,0.1,481,164,0,0,0.0,418,144,0,0,0.0,23,13,0.0,0.0,0,0,0,0,0,1.0,,0.0,0.0,0.0,0.0,0.0,0.0,0.0,0.0,0.0,412,143,0.0,397,142,0.0,378,138,0.0,414,143,,,,1,,Joel,Latibeaudiere,Latibeaudiere,,,0,0,0,0,0,0,0,0,0,0,0,0,0,,,,0.0,0.0,0.0,0.0,0.0,0,0,0
180,a,,,4.0,546,161,0,0,0,0,0.2,344,125,0,0,0.0,422,147,0,0,0.0,28,17,0.0,0.0,0,0,0,0,0,1.0,,0.0,0.0,0.0,0.0,0.0,0.0,0.0,0.0,0.0,416,146,0.0,401,145,0.0,382,141,0.0,418,146,,,,1,,Luke,Woolfenden,Woolfenden,,,0,0,0,0,0,0,0,0,0,0,0,0,0,,,,0.0,0.0,0.0,0.0,0.0,0,0,0
181,a,,,4.0,577,184,0,0,0,0,0.0,503,170,0,0,0.0,448,165,0,0,0.0,59,40,0.0,0.0,0,0,0,0,0,1.0,,0.0,0.0,0.0,0.0,0.0,0.0,0.0,0.0,0.0,443,165,0.0,429,165,0.0,411,162,0.0,445,165,,,,1,,Miguel,Brau,Brau,,,0,0,0,0,0,0,0,0,0,0,0,0,0,,,,0.0,0.0,0.0,0.0,0.0,0,0,0
182,a,,,4.0,572,179,0,0,0,0,0.7,223,84,0,0,0.0,447,164,0,0,0.0,54,35,0.0,0.0,0,0,0,0,0,1.0,,0.0,0.0,0.0,0.0,0.0,0.0,0.0,0.0,0.0,442,164,0.0,427,163,0.0,408,159,0.0,444,164,,,,1,,Aurèle,Amenda,Amenda,,,0,0,0,0,0,0,0,0,0,0,0,0,0,,,,0.0,0.0,0.0,0.0,0.0,0,0,0
183,d,75.0,,5.0,319,186,0,0,0,0,0.2,371,135,0,0,0.0,529,220,0,0,0.0,295,74,0.0,0.0,0,0,0,0,0,1.1,,0.0,0.0,0.0,0.0,0.0,0.0,0.0,0.0,0.0,529,220,0.0,528,220,0.0,524,219,0.0,529,220,3.0,1.0,,1,,Jack,Rudoni,Rudoni,Shoulder injury - 75% chance of playing,,0,0,0,0,0,0,0,0,0,0,0,0,0,,,,0.0,0.0,0.0,0.0,0.0,0,0,0
184,a,,,5.0,245,149,0,0,0,0,0.2,357,126,0,0,0.0,503,203,0,0,0.0,221,37,0.0,0.0,0,0,0,0,0,1.5,,0.0,0.0,0.0,0.0,0.0,0.0,0.0,0.0,0.0,503,203,0.0,499,203,0.0,493,202,0.0,503,203,1.0,,3.0,1,,Matt,Grimes,Grimes,,,0,0,0,0,0,0,0,0,0,0,0,0,0,,,,0.0,0.0,0.0,0.0,0.0,0,0,0
185,a,,,5.0,342,198,0,0,0,0,0.2,396,150,0,0,0.0,537,225,0,0,0.0,318,86,0.0,0.0,0,0,0,0,0,1.5,,0.0,0.0,0.0,0.0,0.0,0.0,0.0,0.0,0.0,537,225,0.0,536,225,0.0,533,224,0.0,537,225,,,,1,,Tatsuhiro,Sakamoto,Sakamoto,,,0,0,0,0,0,0,0,0,0,0,0,0,0,,,,0.0,0.0,0.0,0.0,0.0,0,0,0
186,d,75.0,,5.5,148,92,0,0,0,0,0.2,335,117,0,0,0.0,560,240,0,0,0.0,403,142,0.0,0.0,0,0,0,0,0,1.5,,0.0,0.0,0.0,0.0,0.0,0.0,0.0,0.0,0.0,560,240,0.0,560,240,0.0,559,240,0.0,560,240,,,,1,,Ephron,Mason-Clark,Mason-Clark,Hamstring injury - 75% chance of playing,,0,0,0,0,0,0,0,0,0,0,0,0,0,,,,0.0,0.0,0.0,0.0,0.0,0,0,0
187,a,,,5.0,299,178,0,0,0,0,0.0,536,223,0,0,0.0,520,214,0,0,0.0,275,66,0.0,0.0,0,0,0,0,0,1.5,,0.0,0.0,0.0,0.0,0.0,0.0,0.0,0.0,0.0,520,214,0.0,517,214,0.0,514,213,0.0,520,214,,,,1,,Josh,Eccles,Eccles,,,0,0,0,0,0,0,0,0,0,0,0,0,0,,,,0.0,0.0,0.0,0.0,0.0,0,0,0
188,a,,,5.5,145,90,0,0,0,0,0.2,359,128,0,0,0.0,559,239,0,0,0.0,400,140,0.0,0.0,0,0,0,0,0,2.0,,0.0,0.0,0.0,0.0,0.0,0.0,0.0,0.0,0.0,559,239,0.0,559,239,0.0,558,239,0.0,559,239,2.0,2.0,2.0,1,,Victor,Torp,Torp,,,0,0,0,0,0,0,0,0,0,0,0,0,0,,,,0.0,0.0,0.0,0.0,0.0,0,0,0
189,a,,,4.5,518,259,0,0,0,0,0.3,316,106,0,0,0.0,498,200,0,0,0.0,198,25,0.0,0.0,0,0,0,0,0,1.0,,0.0,0.0,0.0,0.0,0.0,0.0,0.0,0.0,0.0,498,200,0.0,492,200,0.0,485,199,0.0,498,200,,,,1,,George,Shepherd,Shepherd,,,0,0,0,0,0,0,0,0,0,0,0,0,0,,,,0.0,0.0,0.0,0.0,0.0,0,0,0
190,a,,,5.5,179,109,0,0,0,0,0.1,411,160,0,0,0.0,567,246,0,0,0.0,434,159,0.0,0.0,0,0,0,0,0,2.0,,0.0,0.0,0.0,0.0,0.0,0.0,0.0,0.0,0.0,567,246,0.0,567,246,0.0,566,246,0.0,567,246,,,,1,,Loum,Tchaouna,Tchaouna,,,0,0,0,0,0,0,0,0,0,0,0,0,0,,,,0.0,0.0,0.0,0.0,0.0,0,0,0
191,a,,,4.5,473,247,0,0,0,0,0.2,360,129,0,0,0.0,479,197,0,0,0.0,153,13,0.0,0.0,0,0,0,0,0,1.0,,0.0,0.0,0.0,0.0,0.0,0.0,0.0,0.0,0.0,474,194,0.0,468,196,0.0,455,190,0.0,476,195,,,,1,,Raphael,Borges Rodrigues,Borges Rodrigues,,,0,0,0,0,0,0,0,0,0,0,0,0,0,,,,0.0,0.0,0.0,0.0,0.0,0,0,0
192,a,,,4.5,514,256,0,0,0,0,0.7,231,77,0,0,0.0,497,199,0,0,0.0,194,22,0.0,0.0,0,0,0,0,0,1.0,,0.0,0.0,0.0,0.0,0.0,0.0,0.0,0.0,0.0,496,198,0.0,491,199,0.0,482,196,0.0,496,198,,,,1,,Kaine,Andrews,Andrews,,,0,0,0,0,0,0,0,0,0,0,0,0,0,,,,0.0,0.0,0.0,0.0,0.0,0,0,0
193,i,0.0,,5.5,124,33,0,0,0,0,1.5,163,28,0,0,0.0,557,65,0,0,0.0,379,29,0.0,0.0,0,0,0,0,0,0.0,,0.0,0.0,0.0,0.0,0.0,0.0,0.0,0.0,0.0,557,65,0.0,557,65,0.0,556,65,0.0,557,65,,,1.0,1,,Haji,Wright,Wright,Thigh injury - Unknown return date,,0,0,0,0,0,0,0,0,0,0,0,0,0,,,,0.0,0.0,0.0,0.0,0.0,0,0,0
194,a,,,5.0,282,51,0,0,0,0,0.8,210,35,0,0,0.0,514,58,0,0,0.0,258,16,0.0,0.0,0,0,0,0,0,1.4,,0.0,0.0,0.0,0.0,0.0,0.0,0.0,0.0,0.0,514,58,0.0,510,58,0.0,507,58,0.0,514,58,,,4.0,1,,Brandon,Thomas-Asante,Thomas-Asante,,,0,0,0,0,0,0,0,0,0,0,0,0,0,,,,0.0,0.0,0.0,0.0,0.0,0,0,0
195,a,,,5.0,271,49,0,0,0,0,0.7,220,37,0,0,0.0,510,56,0,0,0.0,247,14,0.0,0.0,0,0,0,0,0,1.4,,0.0,0.0,0.0,0.0,0.0,0.0,0.0,0.0,0.0,510,56,0.0,506,56,0.0,503,56,0.0,510,56,,,,1,,Ellis,Simms,Simms,,,0,0,0,0,0,0,0,0,0,0,0,0,0,,,,0.0,0.0,0.0,0.0,0.0,0,0,0
196,a,,,5.0,367,57,0,0,0,0,0.1,459,65,0,0,0.0,544,62,0,0,0.0,343,22,0.0,0.0,0,0,0,0,0,1.4,,0.0,0.0,0.0,0.0,0.0,0.0,0.0,0.0,0.0,544,62,0.0,544,62,0.0,542,62,0.0,544,62,,,,1,,Jahnoah,Markelo,Markelo,,,0,0,0,0,0,0,0,0,0,0,0,0,0,,,,0.0,0.0,0.0,0.0,0.0,0,0,0
197,u,0.0,,4.5,488,63,0,0,0,0,0.2,342,59,0,0,0.0,487,51,0,0,0.0,168,5,0.0,0.0,0,0,0,0,0,0.0,,0.0,0.0,0.0,0.0,0.0,0.0,0.0,0.0,0.0,482,49,0.0,478,49,0.0,468,49,0.0,484,50,,,,1,,Norman,Bassette,Bassette,Has joined KVC Westerlo on loan for the rest of the season,,0,0,0,0,0,0,0,0,0,0,0,0,0,,,,0.0,0.0,0.0,0.0,0.0,0,0,0
575,a,,,5.0,387,232,0,0,0,0,0.1,413,162,0,0,0.0,553,236,0,0,0.0,363,120,0.0,0.0,0,0,0,0,0,1.5,,0.0,0.0,0.0,0.0,0.0,0.0,0.0,0.0,0.0,553,236,0.0,553,236,0.0,551,236,0.0,553,236,,,,1,,Caleb,Yirenkyi,Yirenkyi,,,0,0,0,0,0,0,0,0,0,0,0,0,0,,,,0.0,0.0,0.0,0.0,0.0,0,0,0
584,a,,,5.5,128,80,0,0,0,0,0.1,493,204,0,0,0.0,558,238,0,0,0.0,383,130,0.0,0.0,0,0,0,0,0,2.0,,0.0,0.0,0.0,0.0,0.0,0.0,0.0,0.0,0.0,558,238,0.0,558,238,0.0,557,238,0.0,558,238,,,,1,,Gustavo,Hamer,Hamer,,,0,0,0,0,0,0,0,0,0,0,0,0,0,,,,0.0,0.0,0.0,0.0,0.0,0,0,0
42,a,,,5.5,186,114,0,0,0,0,0.0,520,216,0,0,2.1,278,119,0,0,0.0,441,164,0.0,8.0,0,0,0,0,0,2.0,,0.0,0.0,0.0,0.0,0.15,0.08,0.23,1.43,0.0,269,124,0.0,261,144,0.0,164,87,0.0,265,127,,,,1,,Evann,Guessand,Guessand,,,0,0,0,0,0,0,0,0,0,0,0,0,0,,,,0.0,0.2,1.49,0.89,8.22,0,0,0
198,a,,,5.0,248,10,0,0,0,0,3.2,95,16,0,0,3.5,100,10,0,0,0.0,224,51,0.0,26.2,0,0,0,0,0,2.6,,0.0,0.0,0.0,0.0,0.0,0.0,0.0,1.39,0.0,22,6,0.0,343,12,0.0,495,54,0.0,160,7,,,,1,,Dean,Henderson,Henderson,,,0,0,0,0,0,0,0,0,0,0,0,0,0,,,,2.86,0.3,1.38,1.0,0.0,0,0,0
199,a,,,4.5,405,28,0,0,0,0,0.1,420,45,0,0,7.0,1,1,0,0,0.0,85,28,0.0,1.6,0,0,0,0,0,1.9,,0.0,0.0,0.0,0.0,0.0,0.0,0.0,1.12,0.0,355,29,0.0,446,41,0.0,429,32,0.0,370,29,,,,1,,Walter,Benítez,Benitez,,,0,0,0,0,0,0,0,0,0,0,0,0,0,,,,3.0,1.0,0.0,1.0,0.0,0,0,0
201,a,,,5.5,152,18,0,0,0,0,11.3,38,14,0,0,4.7,17,5,0,0,0.0,407,167,0.0,24.7,0,0,0,0,0,2.5,,0.0,0.0,0.0,0.0,0.09,0.15,0.24,1.29,0.0,79,33,0.0,79,19,0.0,63,5,0.0,62,10,,,,1,,Daniel,Muñoz Mejía,Muñoz,,,0,0,0,0,0,0,0,0,0,0,0,0,0,,,,0.0,0.38,1.24,1.09,7.35,0,0,0
202,a,,,5.0,293,53,0,0,0,0,0.8,213,78,0,0,3.9,65,25,0,0,0.0,269,135,0.0,25.6,0,0,0,0,0,2.2,,0.0,0.0,0.0,0.0,0.08,0.05,0.13,1.31,0.0,40,16,0.0,196,51,0.0,167,47,0.0,109,31,,,,1,,Chris,Richards,Richards,,,0,0,0,0,0,0,0,0,0,0,0,0,0,,,,0.0,0.35,1.34,0.99,9.91,0,0,0
203,a,,,5.0,384,77,0,0,0,0,0.6,249,93,0,0,3.6,90,37,0,0,0.0,360,159,0.0,14.4,0,0,0,0,0,2.2,,0.0,0.0,0.0,0.0,0.1,0.02,0.12,1.61,0.0,168,70,0.0,271,90,0.0,272,87,0.0,248,80,,,,1,,Jaydee,Canvot,Canvot,,,0,0,0,0,0,0,0,0,0,0,0,0,0,,,,0.0,0.34,1.56,0.95,11.43,0,0,0
204,a,,,4.5,447,114,0,0,0,0,6.9,60,24,0,0,3.6,85,33,0,0,0.0,127,86,0.0,30.0,0,0,0,0,0,1.7,,0.0,0.0,0.0,0.0,0.04,0.07,0.11,1.38,0.0,64,28,0.0,56,9,0.0,124,24,0.0,70,14,,,,1,,Tyrick,Mitchell,Mitchell,,,0,0,0,0,0,0,0,0,0,0,0,0,0,,,,0.0,0.33,1.3,1.0,6.78,0,0,0
205,a,,,4.5,427,98,0,0,0,0,0.0,521,176,0,0,0.9,390,129,0,0,0.0,107,70,0.0,1.3,0,0,0,0,0,1.7,,0.0,0.0,0.0,0.0,0.04,0.06,0.1,0.82,0.0,367,128,0.0,317,110,0.0,330,119,0.0,362,124,,,,1,,Borna,Sosa,Sosa,,,0,0,0,0,0,0,0,0,0,0,0,0,0,,,,0.0,0.0,1.82,0.0,8.18,0,0,0
206,a,,,4.5,482,131,0,0,0,0,0.1,455,157,0,0,2.2,264,102,0,0,0.0,162,103,0.0,4.4,0,0,0,0,0,1.7,,0.0,0.0,0.0,0.0,0.05,0.02,0.07,1.49,0.0,296,106,0.0,318,111,0.0,283,93,0.0,312,107,,,,1,,Chadi,Riad Dnanou,Chadi Riad,,,0,0,0,0,0,0,0,0,0,0,0,0,0,,,,0.0,0.16,1.31,0.98,7.36,0,0,0
207,a,,,4.5,442,110,0,0,0,0,0.1,441,150,0,0,0.0,469,175,0,0,0.0,122,82,0.0,0.0,0,0,0,0,0,1.7,,0.0,0.0,0.0,0.0,0.0,0.0,0.0,0.0,0.0,464,175,0.0,456,175,0.0,441,174,0.0,466,175,,,,1,,Oscar,Mingueza,Mingueza,,,0,0,0,0,0,0,0,0,0,0,0,0,0,,,,0.0,0.0,0.0,0.0,0.0,0,0,0
208,a,,,6.5,40,27,0,0,0,0,7.5,57,20,0,0,4.2,43,19,0,0,0.0,542,228,0.0,18.0,0,0,0,0,0,2.3,,0.0,0.0,0.0,0.0,0.45,0.05,0.5,1.29,0.0,121,43,0.0,134,91,0.0,32,18,0.0,71,44,,,2.0,1,,Ismaïla,Sarr,Sarr,,,0,0,0,0,0,0,0,0,0,0,0,0,0,,,,0.0,0.37,1.2,0.99,5.67,0,0,0
210,a,100.0,,5.5,191,117,0,0,0,0,0.5,264,84,0,0,3.3,132,54,0,0,0.0,446,167,0.0,20.4,0,0,0,0,0,2.0,,0.0,0.0,0.0,0.0,0.05,0.26,0.31,1.38,0.0,115,39,0.0,21,20,0.0,174,93,0.0,61,40,1.0,,,1,,Adam,Wharton,Wharton,,,0,0,0,0,0,0,0,0,0,0,0,0,0,,,,0.0,0.28,1.52,1.02,10.69,0,0,0
211,a,,,5.5,189,116,0,0,0,0,0.2,353,123,0,0,2.3,259,107,0,0,0.0,444,166,0.0,14.0,0,0,0,0,0,2.0,,0.0,0.0,0.0,0.0,0.2,0.27,0.47,1.3,0.0,189,80,0.0,22,21,0.0,71,43,0.0,57,36,2.0,1.0,,1,,Yéremy,Pino Santos,Yeremy,,,0,0,0,0,0,0,0,0,0,0,0,0,0,,,,0.0,0.3,1.22,1.13,7.25,0,0,0
212,a,,,4.5,401,236,0,0,0,0,11.2,41,14,0,0,1.5,328,145,0,0,0.0,81,2,0.0,10.0,0,0,0,0,0,1.0,,0.0,0.0,0.0,0.0,0.06,0.11,0.17,1.46,0.0,253,115,0.0,110,79,0.0,243,131,0.0,220,111,3.0,,,1,,Will,Hughes,Hughes,,,0,0,0,0,0,0,0,0,0,0,0,0,0,,,,0.0,0.29,1.04,1.1,8.54,0,0,0
213,a,,,5.0,240,144,0,0,0,0,0.1,417,165,0,0,2.2,265,110,0,0,0.0,216,32,0.0,13.8,0,0,0,0,0,1.5,,0.0,0.0,0.0,0.0,0.1,0.08,0.18,1.31,0.0,209,93,0.0,161,107,0.0,129,74,0.0,193,98,,,,1,,Jefferson,Lerma Solís,Lerma,,,0,0,0,0,0,0,0,0,0,0,0,0,0,,,,0.0,0.37,1.31,0.94,11.5,0,0,0
214,a,,,5.0,262,160,0,0,0,0,0.3,330,116,0,0,2.4,245,98,0,0,0.0,238,48,0.0,13.4,0,0,0,0,0,1.5,,0.0,0.0,0.0,0.0,0.08,0.15,0.23,1.23,0.0,228,100,0.0,100,73,0.0,192,106,0.0,183,91,4.0,,,1,,Daichi,Kamada,Kamada,,,0,0,0,0,0,0,0,0,0,0,0,0,0,,,,0.0,0.28,1.33,1.04,9.86,0,0,0
215,a,,,5.0,327,189,0,0,0,0,0.0,566,243,0,0,1.7,315,138,0,0,0.0,303,77,0.0,7.2,0,0,0,0,0,1.5,,0.0,0.0,0.0,0.0,0.27,0.04,0.31,1.69,0.0,297,136,0.0,238,139,0.0,179,97,0.0,271,132,,2.0,3.0,1,,Justin,Devenny,Devenny,,,0,0,0,0,0,0,0,0,0,0,0,0,0,,,,0.0,0.11,1.72,0.8,8.25,0,0,0
216,a,,,5.0,375,224,0,0,0,0,0.1,501,207,0,0,1.0,384,180,0,0,0.0,351,112,0.0,0.8,0,0,0,0,0,1.5,,0.0,0.0,0.0,0.0,0.0,0.09,0.09,3.92,0.0,373,172,0.0,361,179,0.0,337,171,0.0,379,178,,,,1,,Romain,Esse,Esse,,,0,0,0,0,0,0,0,0,0,0,0,0,0,,,,0.0,0.0,0.0,0.0,11.25,0,0,0
217,a,,,5.0,359,211,0,0,0,0,0.0,512,213,0,0,0.0,542,228,0,0,0.0,335,99,0.0,0.0,0,0,0,0,0,1.5,,0.0,0.0,0.0,0.0,0.0,0.0,0.0,0.0,0.0,542,228,0.0,542,228,0.0,539,227,0.0,542,228,,,,1,,Matheus,França de Oliveira,M.França,,,0,0,0,0,0,0,0,0,0,0,0,0,0,,,,0.0,0.0,0.0,0.0,0.0,0,0,0
218,a,,,5.0,298,177,0,0,0,0,0.1,482,198,0,0,0.0,519,213,0,0,0.0,274,65,0.0,0.0,0,0,0,0,0,1.5,,0.0,0.0,0.0,0.0,0.0,0.0,0.0,0.0,0.0,519,213,0.0,516,213,0.0,513,212,0.0,519,213,,,,1,,Cheick,Doucouré,Doucouré,,,0,0,0,0,0,0,0,0,0,0,0,0,0,,,,0.0,0.0,0.0,0.0,0.0,0,0,0
219,a,,,5.0,306,181,0,0,0,0,0.0,575,251,0,0,0.0,522,216,0,0,0.0,282,69,0.0,0.0,0,0,0,0,0,1.5,,0.0,0.0,0.0,0.0,0.0,0.0,0.0,0.0,0.0,522,216,0.0,520,216,0.0,517,215,0.0,522,216,,,,1,,Jesurun,Rak-Sakyi,J.Rak-Sakyi,,,0,0,0,0,0,0,0,0,0,0,0,0,0,,,,0.0,0.0,0.0,0.0,0.0,0,0,0
220,u,0.0,,4.5,504,140,0,0,0,0,0.0,565,190,0,0,2.0,284,109,0,0,0.0,184,112,0.0,0.4,0,0,0,0,0,0.0,,0.0,0.0,0.0,0.0,0.02,0.16,0.18,2.53,0.0,361,126,0.0,312,108,0.0,340,123,0.0,358,122,,,,1,,Rio,Cardines,Cardines,Has joined Bristol City on loan for the rest of the season,,0,0,0,0,0,0,0,0,0,0,0,0,0,,,,0.0,0.0,2.0,1.0,7.0,0,0,0
221,a,,,4.5,517,258,0,0,0,0,0.1,442,178,0,0,1.0,376,172,0,0,0.0,197,24,0.0,0.4,0,0,0,0,0,1.0,,0.0,0.0,0.0,0.0,0.0,0.0,0.0,9.39,0.0,389,182,0.0,371,186,0.0,484,198,0.0,393,185,,,,1,,Joél,Drakes-Thomas,Drakes-Thomas,,,0,0,0,0,0,0,0,0,0,0,0,0,0,,,,0.0,0.0,12.86,0.0,38.57,0,0,0
222,a,,,6.0,77,20,0,0,0,0,0.6,250,42,0,0,2.1,280,28,0,0,0.0,499,51,0.0,12.5,0,0,0,0,0,2.0,,0.0,0.0,0.0,0.0,0.21,0.04,0.25,1.41,0.0,218,20,0.0,165,15,0.0,46,17,0.0,147,19,,,,1,,Jørgen,Strand Larsen,Strand Larsen,,,0,0,0,0,0,0,0,0,0,0,0,0,0,,,,0.0,0.2,1.6,1.02,3.72,0,0,0
223,a,,,6.5,39,11,0,0,0,0,6.4,63,10,0,0,3.6,95,9,0,0,0.0,541,59,0.0,17.5,0,0,0,0,0,2.1,,0.0,0.0,0.0,0.0,0.59,0.05,0.64,1.29,0.0,87,8,0.0,191,18,0.0,18,10,0.0,51,11,,,1.0,1,,Jean-Philippe,Mateta,Mateta,,,0,0,0,0,0,0,0,0,0,0,0,0,0,,,,0.0,0.33,1.18,1.02,5.09,0,0,0
224,a,,,5.5,135,34,0,0,0,0,0.5,270,46,0,0,1.9,293,30,0,0,0.0,390,30,0.0,4.2,0,0,0,0,0,1.8,,0.0,0.0,0.0,0.0,0.38,0.1,0.48,2.06,0.0,293,32,0.0,247,27,0.0,178,34,0.0,272,33,,,,1,,Eddie,Nketiah,Nketiah,,,0,0,0,0,0,0,0,0,0,0,0,0,0,,,,0.0,0.0,2.61,0.43,8.26,0,0,0
225,u,0.0,,5.0,386,58,0,0,0,0,0.0,587,70,0,0,1.2,349,39,0,0,0.0,362,23,0.0,3.4,0,0,0,0,0,0.0,,0.0,0.0,0.0,0.0,0.28,0.01,0.29,2.62,0.0,364,41,0.0,348,43,0.0,257,40,0.0,343,41,,,,1,,Christantus,Uche,Uche,has returned to Getafe CF,,0,0,0,0,0,0,0,0,0,0,0,0,0,,,,0.0,0.0,2.26,0.0,7.36,0,0,0
241,a,,,5.5,158,99,0,0,0,0,0.2,379,140,0,0,2.4,252,104,0,0,0.0,413,149,0.0,9.6,0,0,0,0,0,2.0,,0.0,0.0,0.0,0.0,0.11,0.15,0.26,1.46,0.0,281,129,0.0,140,96,0.0,199,110,0.0,241,123,,,,1,,Dwight,McNeil,McNeil,,,0,0,0,0,0,0,0,0,0,0,0,0,0,,,,0.0,0.47,0.7,1.09,8.6,0,0,0
555,a,,,4.0,536,55,0,0,0,0,1.7,150,22,0,0,0.0,413,39,0,0,0.0,18,10,0.0,0.0,0,0,0,0,0,1.0,,0.0,0.0,0.0,0.0,0.0,0.0,0.0,0.0,0.0,407,39,0.0,392,23,0.0,373,14,0.0,409,39,,,,1,,Remi,Matthews,Matthews,,,0,0,0,0,0,0,0,0,0,0,0,0,0,,,,0.0,0.0,0.0,0.0,0.0,0,0,0
577,a,,,4.5,432,102,0,0,0,0,0.2,393,139,0,0,0.0,466,174,0,0,0.0,112,74,0.0,0.0,0,0,0,0,0,1.7,,0.0,0.0,0.0,0.0,0.0,0.0,0.0,0.0,0.0,461,174,0.0,453,174,0.0,438,173,0.0,463,174,,,,1,,Takehiro,Tomiyasu,Tomiyasu,,,0,0,0,0,0,0,0,0,0,0,0,0,0,,,,0.0,0.0,0.0,0.0,0.0,0,0,0
21,a,,,5.0,236,142,0,0,0,0,0.7,226,75,0,0,1.0,377,173,0,0,0.0,212,30,0.0,1.4,0,0,0,0,0,1.5,,0.0,0.0,0.0,0.0,0.07,0.04,0.11,2.03,0.0,354,164,0.0,353,174,0.0,327,167,0.0,363,169,,,,1,,Christian,Nørgaard,Nørgaard,,,0,0,0,0,0,0,0,0,0,0,0,0,0,,,,0.0,0.0,0.89,0.89,14.26,0,0,0
209,a,,,6.0,76,49,0,0,0,0,0.2,358,127,0,0,1.9,297,129,0,0,0.0,498,197,0.0,10.8,0,0,0,0,0,2.1,,0.0,0.0,0.0,0.0,0.13,0.07,0.2,1.49,0.0,237,107,0.0,118,82,0.0,132,76,0.0,181,89,,,,1,,Brennan,Johnson,Johnson,,,0,0,0,0,0,0,0,0,0,0,0,0,0,,,,0.0,0.32,1.26,1.0,6.37,0,0,0
226,a,,,5.5,115,2,0,0,0,0,8.7,51,7,0,0,3.6,92,9,0,0,0.0,370,62,0.0,24.5,0,0,0,0,0,3.3,,0.0,0.0,0.0,0.0,0.0,0.01,0.01,1.48,0.0,15,4,0.0,323,6,0.0,357,3,0.0,149,5,,,,1,,Jordan,Pickford,Pickford,,,0,0,0,0,0,0,0,0,0,0,0,0,0,,,,2.63,0.29,1.32,1.0,0.0,0,0,0
227,a,,,5.0,281,13,0,0,0,0,0.1,499,59,0,0,0.0,513,63,0,0,0.0,257,54,0.0,0.0,0,0,0,0,0,2.6,,0.0,0.0,0.0,0.0,0.0,0.0,0.0,0.0,0.0,513,63,0.0,509,59,0.0,506,57,0.0,513,63,,,,1,,Mark,Travers,Travers,,,0,0,0,0,0,0,0,0,0,0,0,0,0,,,,0.0,0.0,0.0,0.0,0.0,0,0,0
228,a,,,4.5,408,30,0,0,0,0,0.1,497,58,0,0,0.0,463,55,0,0,0.0,88,30,0.0,0.0,0,0,0,0,0,1.9,,0.0,0.0,0.0,0.0,0.0,0.0,0.0,0.0,0.0,458,55,0.0,448,43,0.0,431,34,0.0,460,55,,,,1,,Tom,King,King,,,0,0,0,0,0,0,0,0,0,0,0,0,0,,,,0.0,0.0,0.0,0.0,0.0,0,0,0
229,a,,,6.0,56,5,0,0,0,0,9.7,49,18,0,0,4.6,23,8,0,0,0.0,478,184,0.0,28.3,0,0,0,0,0,2.8,,0.0,0.0,0.0,0.0,0.07,0.06,0.13,1.45,0.0,6,3,0.0,146,35,0.0,57,3,0.0,38,5,,,,1,,James,Tarkowski,Tarkowski,,,0,0,0,0,0,0,0,0,0,0,0,0,0,,,,0.0,0.3,1.3,1.0,10.16,0,0,0
230,a,,,5.5,183,27,0,0,0,0,1.9,134,54,0,0,3.2,149,59,0,0,0.0,438,176,0.0,5.8,0,0,0,0,0,2.5,,0.0,0.0,0.0,0.0,0.05,0.01,0.06,1.25,0.0,261,98,0.0,295,100,0.0,255,80,0.0,291,98,,,,1,,Jarrad,Branthwaite,Branthwaite,,,0,0,0,0,0,0,0,0,0,0,0,0,0,,,,0.0,0.13,1.19,0.93,8.89,0,0,0
231,a,,,5.0,231,37,0,0,0,0,1.7,151,57,0,0,4.0,50,18,0,0,0.0,207,119,0.0,26.2,0,0,0,0,0,2.2,,0.0,0.0,0.0,0.0,0.08,0.02,0.1,1.55,0.0,33,13,0.0,288,97,0.0,99,14,0.0,104,28,,,,1,,Michael,Keane,Keane,,,0,0,0,0,0,0,0,0,0,0,0,0,0,,,,0.0,0.24,1.46,1.01,10.5,0,0,0
232,a,,,5.0,347,71,0,0,0,0,0.5,255,97,0,0,3.1,159,65,0,0,0.0,323,153,0.0,23.2,0,0,0,0,0,2.2,,0.0,0.0,0.0,0.0,0.05,0.03,0.08,1.54,0.0,82,34,0.0,130,32,0.0,148,36,0.0,111,32,,,,1,,Jake,O'Brien,O'Brien,,,0,0,0,0,0,0,0,0,0,0,0,0,0,,,,0.0,0.29,1.33,1.01,6.67,0,0,0
233,a,,,4.5,433,103,0,0,0,0,1.3,172,61,0,0,2.9,181,75,0,0,0.0,113,75,0.0,21.1,0,0,0,0,0,1.7,,0.0,0.0,0.0,0.0,0.01,0.07,0.08,1.47,0.0,91,40,0.0,81,20,0.0,260,83,0.0,124,36,,,,1,,Vitalii,Mykolenko,Mykolenko,,,0,0,0,0,0,0,0,0,0,0,0,0,0,,,,0.0,0.27,1.43,1.0,7.03,0,0,0
234,a,,,4.5,446,113,0,0,0,0,0.0,515,173,0,0,3.1,156,63,0,0,0.0,126,85,0.0,4.9,0,0,0,0,0,1.7,,0.0,0.0,0.0,0.0,0.01,0.02,0.03,1.39,0.0,327,117,0.0,351,123,0.0,317,114,0.0,342,117,,,,1,,Nathan,Patterson,Patterson,,,0,0,0,0,0,0,0,0,0,0,0,0,0,,,,0.0,0.76,0.76,1.13,11.72,0,0,0
235,a,,,4.0,566,174,0,0,0,0,0.2,367,136,0,0,0.0,442,160,0,0,0.0,48,30,0.0,0.0,0,0,0,0,0,1.0,,0.0,0.0,0.0,0.0,0.0,0.0,0.0,0.0,0.0,436,159,0.0,421,158,0.0,402,154,0.0,438,159,,,,1,,Adam,Aznou,Aznou,,,0,0,0,0,0,0,0,0,0,0,0,0,0,,,,0.0,0.0,0.0,0.0,0.0,0,0,0
236,a,,,6.5,37,25,0,0,0,0,3.7,89,29,0,0,4.9,14,7,0,0,0.0,539,226,0.0,23.2,0,0,0,0,0,2.3,,0.0,0.0,0.0,0.0,0.15,0.18,0.33,1.38,0.0,70,21,0.0,34,33,0.0,50,29,0.0,37,27,2.0,,,1,,Kiernan,Dewsbury-Hall,Dewsbury-Hall,,,0,0,0,0,0,0,0,0,0,0,0,0,0,,,,0.0,0.27,1.34,1.03,7.87,0,0,0
237,a,,,6.0,81,52,0,0,0,0,15.4,26,7,0,0,4.0,58,25,0,0,0.0,503,200,0.0,21.3,0,0,0,0,0,2.1,,0.0,0.0,0.0,0.0,0.22,0.14,0.36,1.38,0.0,72,22,0.0,54,47,0.0,35,21,0.0,36,26,,,1.0,1,,Iliman,Ndiaye,Ndiaye,,,0,0,0,0,0,0,0,0,0,0,0,0,0,,,,0.0,0.26,1.42,1.04,9.16,0,0,0
239,i,0.0,,6.0,75,48,0,0,0,0,0.4,285,92,0,0,4.2,42,18,0,0,0.0,497,196,0.0,26.5,0,0,0,0,0,0.0,,0.0,0.0,0.0,0.0,0.06,0.16,0.22,1.48,0.0,14,4,0.0,7,7,0.0,125,71,0.0,17,13,1.0,1.0,3.0,1,,James,Garner,Garner,Groin injury - Expected back 22 Aug,,0,0,0,0,0,0,0,0,0,0,0,0,0,,,,0.0,0.29,1.32,1.0,12.08,0,0,0
240,a,,,5.0,329,191,0,0,0,0,0.1,478,196,0,0,2.3,256,105,0,0,0.0,305,79,0.0,13.6,0,0,0,0,0,1.5,,0.0,0.0,0.0,0.0,0.03,0.04,0.07,1.5,0.0,223,99,0.0,222,136,0.0,250,133,0.0,258,125,,,,1,,Tim,Iroegbunam,Iroegbunam,,,0,0,0,0,0,0,0,0,0,0,0,0,0,,,,0.0,0.49,1.1,1.04,11.52,0,0,0
242,a,,,5.5,207,130,0,0,0,0,0.3,327,114,0,0,1.1,355,164,0,0,0.0,462,180,0.0,2.9,0,0,0,0,0,2.0,,0.0,0.0,0.0,0.0,0.16,0.31,0.47,1.66,0.0,339,155,0.0,267,148,0.0,204,114,0.0,303,145,,,,1,,Tyrique,George,George,,,0,0,0,0,0,0,0,0,0,0,0,0,0,,,,0.0,0.26,2.31,0.26,5.9,0,0,0
243,a,,,5.0,343,199,0,0,0,0,0.1,464,188,0,0,1.4,338,152,0,0,0.0,319,87,0.0,5.8,0,0,0,0,0,1.5,,0.0,0.0,0.0,0.0,0.16,0.07,0.23,1.8,0.0,308,139,0.0,188,124,0.0,186,102,0.0,266,128,,,,1,,Carlos,Alcaraz Durán,Alcaraz,,,0,0,0,0,0,0,0,0,0,0,0,0,0,,,,0.0,0.4,1.33,0.8,9.28,0,0,0
244,a,,,5.0,377,226,0,0,0,0,0.1,473,193,0,0,1.6,324,142,0,0,0.0,353,114,0.0,4.2,0,0,0,0,0,1.5,,0.0,0.0,0.0,0.0,0.14,0.04,0.18,1.88,0.0,330,148,0.0,264,146,0.0,252,134,0.0,308,146,,,,1,,Harrison,Armstrong,Armstrong,,,0,0,0,0,0,0,0,0,0,0,0,0,0,,,,0.0,0.17,1.89,1.03,8.59,0,0,0
245,a,,,5.5,192,118,0,0,0,0,0.0,507,209,0,0,1.3,346,158,0,0,0.0,447,168,0.0,3.3,0,0,0,0,0,2.0,,0.0,0.0,0.0,0.0,0.05,0.04,0.09,1.71,0.0,336,152,0.0,274,150,0.0,296,154,0.0,324,153,,,,1,,Tyler,Dibling,Dibling,,,0,0,0,0,0,0,0,0,0,0,0,0,0,,,,0.0,0.52,0.52,1.03,10.32,0,0,0
246,a,,,5.0,348,201,0,0,0,0,0.1,475,195,0,0,2.2,270,115,0,0,0.0,324,89,0.0,7.2,0,0,0,0,0,1.5,,0.0,0.0,0.0,0.0,0.09,0.05,0.14,1.77,0.0,300,138,0.0,245,140,0.0,269,144,0.0,300,144,,,,1,,Merlin,Röhl,Röhl,,,0,0,0,0,0,0,0,0,0,0,0,0,0,,,,0.0,0.27,1.73,0.8,9.07,0,0,0
247,a,,,5.5,151,94,0,0,0,0,0.3,309,103,0,0,0.0,561,241,0,0,0.0,406,144,0.0,0.0,0,0,0,0,0,2.0,,0.0,0.0,0.0,0.0,0.0,0.0,0.0,0.0,0.0,561,241,0.0,561,241,0.0,560,241,0.0,561,241,,,,1,,Hayden,Hackney,Hackney,,,0,0,0,0,0,0,0,0,0,0,0,0,0,,,,0.0,0.0,0.0,0.0,0.0,0,0,0
248,a,,,5.5,187,42,0,0,0,0,3.0,100,13,0,0,2.8,198,19,0,0,0.0,442,38,0.0,18.9,0,0,0,0,0,1.8,,0.0,0.0,0.0,0.0,0.52,0.01,0.53,1.4,0.0,131,13,0.0,194,19,0.0,26,14,0.0,81,14,,,4.0,1,,Norberto Bercique,Gomes Betuncal,Beto,,,0,0,0,0,0,0,0,0,0,0,0,0,0,,,,0.0,0.29,1.1,0.99,5.16,0,0,0
249,a,,,5.5,216,44,0,0,0,0,1.1,192,32,0,0,2.5,238,25,0,0,0.0,471,40,0.0,17.3,0,0,0,0,0,1.8,,0.0,0.0,0.0,0.0,0.39,0.02,0.41,1.59,0.0,177,16,0.0,160,14,0.0,42,16,0.0,123,18,,,2.0,1,,Thierno,Barry,Barry,,,0,0,0,0,0,0,0,0,0,0,0,0,0,,,,0.0,0.33,1.61,1.0,3.51,0,0,0
250,a,,,4.5,393,23,0,0,0,0,3.3,92,15,0,0,3.2,138,18,0,0,0.0,73,23,0.0,27.1,0,0,0,0,0,1.9,,0.0,0.0,0.0,0.0,0.0,0.0,0.0,1.39,0.0,29,9,0.0,439,36,0.0,422,27,0.0,170,9,,,,1,,Bernd,Leno,Leno,,,0,0,0,0,0,0,0,0,0,0,0,0,0,,,,2.58,0.24,1.34,1.0,0.0,0,0,0
251,a,,,4.0,525,51,0,0,0,0,1.4,167,24,0,0,0.0,406,36,0,0,0.0,7,6,0.0,0.0,0,0,0,0,0,1.0,,0.0,0.0,0.0,0.0,0.0,0.0,0.0,0.0,0.0,400,36,0.0,384,19,0.0,365,10,0.0,402,36,,,,1,,Benjamin,Lecomte,Lecomte,,,0,0,0,0,0,0,0,0,0,0,0,0,0,,,,0.0,0.0,0.0,0.0,0.0,0,0,0
252,a,,,4.0,569,64,0,0,0,0,0.2,388,43,0,0,0.0,444,48,0,0,0.0,51,19,0.0,0.0,0,0,0,0,0,1.0,,0.0,0.0,0.0,0.0,0.0,0.0,0.0,0.0,0.0,439,48,0.0,424,32,0.0,405,23,0.0,441,48,,,,1,,Alfie,McNally,McNally,,,0,0,0,0,0,0,0,0,0,0,0,0,0,,,,0.0,0.0,0.0,0.0,0.0,0,0,0
253,s,0.0,,5.0,249,41,0,0,0,0,0.0,504,171,0,0,3.7,78,31,0,0,0.0,225,123,0.0,24.6,0,0,0,0,0,0.0,,0.0,0.0,0.0,0.0,0.04,0.06,0.1,1.4,0.0,31,12,0.0,215,59,0.0,195,53,0.0,112,33,,,,1,,Joachim,Andersen,Andersen,Suspended until 30 Aug,,0,0,0,0,0,0,0,0,0,0,0,0,0,,,,0.0,0.25,1.41,1.03,10.27,0,0,0
254,a,,,4.5,414,89,0,0,0,0,2.4,115,46,0,0,3.0,166,69,0,0,0.0,94,61,0.0,14.4,0,0,0,0,0,1.7,,0.0,0.0,0.0,0.0,0.06,0.1,0.16,1.46,0.0,161,66,0.0,104,26,0.0,248,77,0.0,174,61,,,2.0,1,,Antonee,Robinson,Robinson,,,0,0,0,0,0,0,0,0,0,0,0,0,0,,,,0.0,0.24,1.15,1.03,8.23,0,0,0
255,a,,,4.5,449,116,0,0,0,0,0.0,545,186,0,0,2.6,220,89,0,0,0.0,129,88,0.0,8.7,0,0,0,0,0,1.7,,0.0,0.0,0.0,0.0,0.0,0.05,0.05,1.41,0.0,224,84,0.0,289,98,0.0,320,115,0.0,286,95,,,,1,,Jorge,Cuenca Barreno,J.Cuenca,,,0,0,0,0,0,0,0,0,0,0,0,0,0,,,,0.0,0.19,1.06,1.06,11.26,0,0,0
256,a,,,4.5,413,88,0,0,0,0,0.2,334,121,0,0,3.7,77,30,0,0,0.0,93,60,0.0,18.0,0,0,0,0,0,1.7,,0.0,0.0,0.0,0.0,0.05,0.07,0.12,1.3,0.0,146,59,0.0,155,39,0.0,224,66,0.0,188,64,,,,1,,Kenny,Tete,Tete,,,0,0,0,0,0,0,0,0,0,0,0,0,0,,,,0.0,0.3,1.26,1.06,8.29,0,0,0
257,a,,,4.5,440,109,0,0,0,0,0.6,240,88,0,0,3.4,108,45,0,0,0.0,120,81,0.0,22.9,0,0,0,0,0,1.7,,0.0,0.0,0.0,0.0,0.06,0.01,0.07,1.35,0.0,86,37,0.0,204,52,0.0,222,65,0.0,162,56,,,,1,,Calvin,Bassey,Bassey,,,0,0,0,0,0,0,0,0,0,0,0,0,0,,,,0.0,0.25,1.42,1.0,7.29,0,0,0
258,a,,,4.5,412,87,0,0,0,0,0.3,331,119,0,0,2.0,282,107,0,0,0.0,92,59,0.0,13.6,0,0,0,0,0,1.7,,0.0,0.0,0.0,0.0,0.07,0.07,0.14,1.6,0.0,163,67,0.0,127,30,0.0,159,42,0.0,158,54,,,,1,,Timothy,Castagne,Castagne,,,0,0,0,0,0,0,0,0,0,0,0,0,0,,,,0.0,0.15,1.52,0.98,7.15,0,0,0
261,a,,,5.5,118,77,0,0,0,0,1.0,196,67,0,0,3.6,93,39,0,0,0.0,373,127,0.0,18.7,0,0,0,0,0,2.0,,0.0,0.0,0.0,0.0,0.07,0.17,0.24,1.33,0.0,111,37,0.0,20,19,0.0,79,48,0.0,45,30,1.0,1.0,3.0,1,,Alex,Iwobi,Iwobi,,,0,0,0,0,0,0,0,0,0,0,0,0,0,,,,0.0,0.19,1.49,1.08,6.99,0,0,0
262,a,,,5.5,138,86,0,0,0,0,0.4,286,93,0,0,2.2,271,116,0,0,0.0,393,136,0.0,14.5,0,0,0,0,0,2.0,,0.0,0.0,0.0,0.0,0.22,0.05,0.27,1.47,0.0,204,91,0.0,109,78,0.0,62,37,0.0,122,70,,,,1,,Emile,Smith Rowe,Smith Rowe,,,0,0,0,0,0,0,0,0,0,0,0,0,0,,,,0.0,0.28,1.27,1.04,6.98,0,0,0
263,a,,,5.5,209,132,0,0,0,0,0.1,463,187,0,0,1.9,296,128,0,0,0.0,464,182,0.0,8.9,0,0,0,0,0,2.0,,0.0,0.0,0.0,0.0,0.11,0.13,0.24,1.27,0.0,241,108,0.0,138,95,0.0,121,70,0.0,199,99,3.0,,,1,,Kevin,Santos Lopes de Macedo,Kevin,,,0,0,0,0,0,0,0,0,0,0,0,0,0,,,,0.0,0.35,1.31,0.79,7.51,0,0,0
264,a,,,5.5,182,111,0,0,0,0,0.4,290,96,0,0,1.8,308,134,0,0,0.0,437,161,0.0,7.6,0,0,0,0,0,2.0,,0.0,0.0,0.0,0.0,0.13,0.18,0.31,1.11,0.0,282,130,0.0,114,81,0.0,150,81,0.0,207,104,2.0,,,1,,Oscar,Bobb,Bobb,,,0,0,0,0,0,0,0,0,0,0,0,0,0,,,,0.0,0.35,1.14,0.96,6.64,0,0,0
265,a,,,5.0,259,158,0,0,0,0,0.4,283,90,0,0,2.6,222,85,0,0,0.0,235,46,0.0,18.2,0,0,0,0,0,1.5,,0.0,0.0,0.0,0.0,0.05,0.05,0.1,1.34,0.0,137,50,0.0,92,67,0.0,227,122,0.0,148,77,,,,1,,Sander,Berge,Berge,,,0,0,0,0,0,0,0,0,0,0,0,0,0,,,,0.0,0.25,1.39,1.05,8.68,0,0,0
266,i,0.0,,5.0,224,139,0,0,0,0,0.0,549,230,0,0,1.7,313,136,0,0,0.0,200,27,0.0,8.2,0,0,0,0,0,0.0,,0.0,0.0,0.0,0.0,0.14,0.1,0.24,1.39,0.0,273,126,0.0,174,116,0.0,265,141,0.0,268,130,,,,1,,Tom,Cairney,Cairney,Knee injury - Expected back 10 Oct,,0,0,0,0,0,0,0,0,0,0,0,0,0,,,,0.0,0.24,1.19,0.71,7.26,0,0,0
268,a,,,5.5,214,135,0,0,0,0,0.2,395,149,0,0,2.0,289,123,0,0,0.0,469,185,0.0,11.5,0,0,0,0,0,2.0,,0.0,0.0,0.0,0.0,0.17,0.05,0.22,1.32,0.0,245,110,0.0,170,112,0.0,82,50,0.0,190,95,,,,1,,Josh,King,King,,,0,0,0,0,0,0,0,0,0,0,0,0,0,,,,0.0,0.35,1.26,1.05,7.47,0,0,0
269,a,,,4.5,417,90,0,0,0,0,0.4,279,107,0,0,3.5,98,38,0,0,0.0,97,62,0.0,21.1,0,0,0,0,0,1.7,,0.0,0.0,0.0,0.0,0.08,0.09,0.17,1.3,0.0,147,60,0.0,150,36,0.0,133,26,0.0,155,52,,,,1,,Ryan,Sessegnon,Sessegnon,,,0,0,0,0,0,0,0,0,0,0,0,0,0,,,,0.0,0.3,1.44,0.99,10.8,0,0,0
270,a,,,4.5,410,237,0,0,0,0,1.1,188,64,0,0,2.1,273,117,0,0,0.0,90,3,0.0,3.3,0,0,0,0,0,1.0,,0.0,0.0,0.0,0.0,0.13,0.46,0.59,3.47,0.0,342,157,0.0,293,157,0.0,325,166,0.0,338,158,,,,1,,Harrison,Reed,Reed,,,0,0,0,0,0,0,0,0,0,0,0,0,0,,,,0.0,0.0,4.04,1.01,6.07,0,0,0
271,a,,,5.5,150,36,0,0,0,0,0.7,236,40,0,0,1.7,317,33,0,0,0.0,405,32,0.0,6.5,0,0,0,0,0,1.8,,0.0,0.0,0.0,0.0,0.3,0.01,0.31,1.26,0.0,299,33,0.0,242,25,0.0,103,24,0.0,253,31,,,,1,,Rodrigo,Muniz Carvalho,Muniz,,,0,0,0,0,0,0,0,0,0,0,0,0,0,,,,0.0,0.27,1.19,0.91,4.74,0,0,0
272,a,,,4.5,515,70,0,0,0,0,7.3,59,9,0,0,0.9,393,47,0,0,0.0,195,12,0.0,1.3,0,0,0,0,0,1.0,,0.0,0.0,0.0,0.0,0.0,0.13,0.13,2.02,0.0,383,43,0.0,334,42,0.0,331,43,0.0,371,43,,,,1,,Jonah,Kusi-Asare,Kusi-Asare,,,0,0,0,0,0,0,0,0,0,0,0,0,0,,,,0.0,0.0,3.67,0.0,9.18,0,0,0
569,a,,,6.0,104,26,0,0,0,0,1.8,139,21,0,0,0.0,579,68,0,0,0.0,526,57,0.0,0.0,0,0,0,0,0,2.0,,0.0,0.0,0.0,0.0,0.0,0.0,0.0,0.0,0.0,579,68,0.0,579,68,0.0,579,68,0.0,579,68,,,1.0,1,,Gonzalo,García,Gonzalo,,,0,0,0,0,0,0,0,0,0,0,0,0,0,,,,0.0,0.0,0.0,0.0,0.0,0,0,0
570,a,,,5.5,212,134,0,0,0,0,0.1,414,163,0,0,0.0,574,251,0,0,0.0,467,184,0.0,0.0,0,0,0,0,0,2.0,,0.0,0.0,0.0,0.0,0.0,0.0,0.0,0.0,0.0,574,251,0.0,574,251,0.0,573,251,0.0,574,251,,,,1,,César,Palacios,Palacios,,,0,0,0,0,0,0,0,0,0,0,0,0,0,,,,0.0,0.0,0.0,0.0,0.0,0,0,0
580,a,,,5.0,312,184,0,0,0,0,0.1,491,203,0,0,0.0,526,218,0,0,0.0,288,72,0.0,0.0,0,0,0,0,0,1.5,,0.0,0.0,0.0,0.0,0.0,0.0,0.0,0.0,0.0,526,218,0.0,524,218,0.0,521,217,0.0,526,218,,,,1,,Shea,Charles,Charles,,,0,0,0,0,0,0,0,0,0,0,0,0,0,,,,0.0,0.0,0.0,0.0,0.0,0,0,0
275,u,0.0,,4.0,565,63,0,0,0,0,0.1,496,57,0,0,0.0,441,47,0,0,0.0,47,18,0.0,0.0,0,0,0,0,0,0.0,,0.0,0.0,0.0,0.0,0.0,0.0,0.0,0.0,0.0,435,47,0.0,420,31,0.0,401,22,0.0,437,47,,,,1,,Harvey,Cartwright,Cartwright,Has joined Grimsby Town on loan for the rest of the season,,0,0,0,0,0,0,0,0,0,0,0,0,0,,,,0.0,0.0,0.0,0.0,0.0,0,0,0
276,a,,,4.0,554,60,0,0,0,0,0.2,375,41,0,0,0.0,430,44,0,0,0.0,36,15,0.0,0.0,0,0,0,0,0,1.0,,0.0,0.0,0.0,0.0,0.0,0.0,0.0,0.0,0.0,424,44,0.0,409,28,0.0,390,19,0.0,426,44,,,,1,,Thimothée,Lo-Tutala,Lo-Tutala,,,0,0,0,0,0,0,0,0,0,0,0,0,0,,,,0.0,0.0,0.0,0.0,0.0,0,0,0
273,a,,,4.0,534,54,0,0,0,0,2.0,130,21,0,0,0.0,411,38,0,0,0.0,16,9,0.0,0.0,0,0,0,0,0,1.0,,0.0,0.0,0.0,0.0,0.0,0.0,0.0,0.0,0.0,405,38,0.0,390,22,0.0,371,13,0.0,407,38,,,,1,,Dillon,Phillips,Phillips,,,0,0,0,0,0,0,0,0,0,0,0,0,0,,,,0.0,0.0,0.0,0.0,0.0,0,0,0
274,i,0.0,,4.5,399,25,0,0,0,0,0.5,263,35,0,0,0.0,459,51,0,0,0.0,79,25,0.0,0.0,0,0,0,0,0,0.0,,0.0,0.0,0.0,0.0,0.0,0.0,0.0,0.0,0.0,454,51,0.0,443,38,0.0,426,29,0.0,456,51,,,,1,,Jack,Butland,Butland,Arm injury - Unknown return date,,0,0,0,0,0,0,0,0,0,0,0,0,0,,,,0.0,0.0,0.0,0.0,0.0,0,0,0
277,a,,,4.0,527,147,0,0,0,0,1.8,141,55,0,0,0.0,407,136,0,0,0.0,9,3,0.0,0.0,0,0,0,0,0,1.0,,0.0,0.0,0.0,0.0,0.0,0.0,0.0,0.0,0.0,401,135,0.0,385,134,0.0,366,130,0.0,403,135,,,,1,,John,Egan,Egan,,,0,0,0,0,0,0,0,0,0,0,0,0,0,,,,0.0,0.0,0.0,0.0,0.0,0,0,0
278,i,0.0,,4.0,568,176,0,0,0,0,0.5,258,99,0,0,0.0,443,161,0,0,0.0,50,32,0.0,0.0,0,0,0,0,0,0.0,,0.0,0.0,0.0,0.0,0.0,0.0,0.0,0.0,0.0,438,161,0.0,423,160,0.0,404,156,0.0,440,161,,,,1,,Charlie,Hughes,Hughes,Groin injury - Unknown return date,,0,0,0,0,0,0,0,0,0,0,0,0,0,,,,0.0,0.0,0.0,0.0,0.0,0,0,0
279,a,,,4.0,530,149,0,0,0,0,0.9,202,73,0,0,0.0,409,137,0,0,0.0,12,5,0.0,0.0,0,0,0,0,0,1.0,,0.0,0.0,0.0,0.0,0.0,0.0,0.0,0.0,0.0,403,136,0.0,387,135,0.0,368,131,0.0,405,136,,,,1,,Semi,Ajayi,Ajayi,,,0,0,0,0,0,0,0,0,0,0,0,0,0,,,,0.0,0.0,0.0,0.0,0.0,0,0,0
280,a,,,4.0,540,156,0,0,0,0,0.6,243,90,0,0,0.0,417,143,0,0,0.0,22,12,0.0,0.0,0,0,0,0,0,1.0,,0.0,0.0,0.0,0.0,0.0,0.0,0.0,0.0,0.0,411,142,0.0,396,141,0.0,377,137,0.0,413,142,,,,1,,Lewie,Coyle,Coyle,,,0,0,0,0,0,0,0,0,0,0,0,0,0,,,,0.0,0.0,0.0,0.0,0.0,0,0,0
281,i,0.0,,4.0,551,164,0,0,0,0,0.0,518,175,0,0,0.0,427,150,0,0,0.0,33,20,0.0,0.0,0,0,0,0,0,0.0,,0.0,0.0,0.0,0.0,0.0,0.0,0.0,0.0,0.0,421,149,0.0,406,148,0.0,387,144,0.0,423,149,,,,1,,Cody,Drameh,Drameh,Hamstring injury - Expected back 29 Aug,,0,0,0,0,0,0,0,0,0,0,0,0,0,,,,0.0,0.0,0.0,0.0,0.0,0,0,0
282,a,,,4.0,548,163,0,0,0,0,0.8,215,80,0,0,0.0,424,149,0,0,0.0,30,19,0.0,0.0,0,0,0,0,0,1.0,,0.0,0.0,0.0,0.0,0.0,0.0,0.0,0.0,0.0,418,148,0.0,403,147,0.0,384,143,0.0,420,148,1.0,1.0,,1,,Ryan,Giles,Giles,,,0,0,0,0,0,0,0,0,0,0,0,0,0,,,,0.0,0.0,0.0,0.0,0.0,0,0,0
283,d,75.0,,4.0,555,166,0,0,0,0,0.0,530,180,0,0,0.0,431,152,0,0,0.0,37,22,0.0,0.0,0,0,0,0,0,0.8,,0.0,0.0,0.0,0.0,0.0,0.0,0.0,0.0,0.0,425,151,0.0,410,150,0.0,391,146,0.0,427,151,,,,1,,Matty,Jacob,Jacob,Hip injury - 75% chance of playing,,0,0,0,0,0,0,0,0,0,0,0,0,0,,,,0.0,0.0,0.0,0.0,0.0,0,0,0
284,a,,,4.0,587,193,0,0,0,0,0.1,436,149,0,0,0.0,455,171,0,0,0.0,69,49,0.0,0.0,0,0,0,0,0,1.0,,0.0,0.0,0.0,0.0,0.0,0.0,0.0,0.0,0.0,450,171,0.0,436,171,0.0,419,169,0.0,452,171,,,,1,,Cathal,McCarthy,McCarthy,,,0,0,0,0,0,0,0,0,0,0,0,0,0,,,,0.0,0.0,0.0,0.0,0.0,0,0,0
285,a,,,4.0,532,150,0,0,0,0,0.1,415,145,0,0,0.0,410,138,0,0,0.0,14,6,0.0,0.0,0,0,0,0,0,1.0,,0.0,0.0,0.0,0.0,0.0,0.0,0.0,0.0,0.0,404,137,0.0,389,136,0.0,370,132,0.0,406,137,,,,1,,Paddy,McNair,McNair,,,0,0,0,0,0,0,0,0,0,0,0,0,0,,,,0.0,0.0,0.0,0.0,0.0,0,0,0
286,a,,,5.0,361,213,0,0,0,0,0.5,267,85,0,0,0.0,543,229,0,0,0.0,337,101,0.0,0.0,0,0,0,0,0,1.5,,0.0,0.0,0.0,0.0,0.0,0.0,0.0,0.0,0.0,543,229,0.0,543,229,0.0,540,228,0.0,543,229,3.0,2.0,,1,,Mohamed,Belloumi,Belloumi,,,0,0,0,0,0,0,0,0,0,0,0,0,0,,,,0.0,0.0,0.0,0.0,0.0,0,0,0
287,a,,,5.0,286,171,0,0,0,0,0.1,456,183,0,0,0.0,516,211,0,0,0.0,262,59,0.0,0.0,0,0,0,0,0,1.5,,0.0,0.0,0.0,0.0,0.0,0.0,0.0,0.0,0.0,516,211,0.0,512,211,0.0,509,210,0.0,516,211,,,,1,,Liam,Millar,Millar,,,0,0,0,0,0,0,0,0,0,0,0,0,0,,,,0.0,0.0,0.0,0.0,0.0,0,0,0
288,a,,,4.5,415,238,0,0,0,0,0.5,273,88,0,0,0.0,464,190,0,0,0.0,95,4,0.0,0.0,0,0,0,0,0,1.0,,0.0,0.0,0.0,0.0,0.0,0.0,0.0,0.0,0.0,459,187,0.0,449,189,0.0,432,183,0.0,461,188,,,,1,,Kieran,Dowell,Dowell,,,0,0,0,0,0,0,0,0,0,0,0,0,0,,,,0.0,0.0,0.0,0.0,0.0,0,0,0
289,a,,,4.5,398,235,0,0,0,0,0.7,235,79,0,0,0.0,458,189,0,0,0.0,78,1,0.0,0.0,0,0,0,0,0,1.0,,0.0,0.0,0.0,0.0,0.0,0.0,0.0,0.0,0.0,453,186,0.0,442,188,0.0,425,182,0.0,455,187,,,,1,,Matt,Crooks,Crooks,,,0,0,0,0,0,0,0,0,0,0,0,0,0,,,,0.0,0.0,0.0,0.0,0.0,0,0,0
290,a,,,4.5,444,241,0,0,0,0,2.3,119,38,0,0,0.0,470,192,0,0,0.0,124,7,0.0,0.0,0,0,0,0,0,1.0,,0.0,0.0,0.0,0.0,0.0,0.0,0.0,0.0,0.0,465,189,0.0,457,191,0.0,442,185,0.0,467,190,2.0,,,1,,Regan,Slater,Slater,,,0,0,0,0,0,0,0,0,0,0,0,0,0,,,,0.0,0.0,0.0,0.0,0.0,0,0,0
291,i,0.0,,4.5,458,243,0,0,0,0,0.0,580,255,0,0,0.0,474,194,0,0,0.0,138,9,0.0,0.0,0,0,0,0,0,0.0,,0.0,0.0,0.0,0.0,0.0,0.0,0.0,0.0,0.0,469,191,0.0,462,193,0.0,448,187,0.0,471,192,,,,1,,Eliot,Matazo,Matazo,Knee injury - Unknown return date,,0,0,0,0,0,0,0,0,0,0,0,0,0,,,,0.0,0.0,0.0,0.0,0.0,0,0,0
292,a,,,5.0,260,159,0,0,0,0,0.0,542,226,0,0,0.0,506,206,0,0,0.0,236,47,0.0,0.0,0,0,0,0,0,1.5,,0.0,0.0,0.0,0.0,0.0,0.0,0.0,0.0,0.0,506,206,0.0,502,206,0.0,498,205,0.0,506,206,,,,1,,Abdülkadir,Ömür,Ömür,,,0,0,0,0,0,0,0,0,0,0,0,0,0,,,,0.0,0.0,0.0,0.0,0.0,0,0,0
293,u,0.0,,5.0,330,192,0,0,0,0,0.0,532,220,0,0,0.0,532,221,0,0,0.0,306,80,0.0,0.0,0,0,0,0,0,0.0,,0.0,0.0,0.0,0.0,0.0,0.0,0.0,0.0,0.0,532,221,0.0,531,221,0.0,527,220,0.0,532,221,,,,1,,Abu,Kamara,Kamara,Has joined Portsmouth permanently,,0,0,0,0,0,0,0,0,0,0,0,0,0,,,,0.0,0.0,0.0,0.0,0.0,0,0,0
294,i,0.0,,4.5,492,250,0,0,0,0,0.3,314,105,0,0,0.0,489,198,0,0,0.0,172,16,0.0,0.0,0,0,0,0,0,0.0,,0.0,0.0,0.0,0.0,0.0,0.0,0.0,0.0,0.0,484,195,0.0,480,197,0.0,470,193,0.0,486,196,,,,1,,Óscar,Zambrano,Zambrano,Thigh injury - Unknown return date,,0,0,0,0,0,0,0,0,0,0,0,0,0,,,,0.0,0.0,0.0,0.0,0.0,0,0,0
295,a,,,5.5,120,30,0,0,0,0,1.5,162,27,0,0,0.0,556,64,0,0,0.0,375,26,0.0,0.0,0,0,0,0,0,1.8,,0.0,0.0,0.0,0.0,0.0,0.0,0.0,0.0,0.0,556,64,0.0,556,64,0.0,555,64,0.0,556,64,,,1.0,1,,Oli,McBurnie,McBurnie,,,0,0,0,0,0,0,0,0,0,0,0,0,0,,,,0.0,0.0,0.0,0.0,0.0,0,0,0
296,a,,,5.0,265,163,0,0,0,0,0.0,519,215,0,0,0.0,507,207,0,0,0.0,241,51,0.0,0.0,0,0,0,0,0,1.5,,0.0,0.0,0.0,0.0,0.0,0.0,0.0,0.0,0.0,507,207,0.0,503,207,0.0,499,206,0.0,507,207,,,,1,,David,Akintola,Akintola,,,0,0,0,0,0,0,0,0,0,0,0,0,0,,,,0.0,0.0,0.0,0.0,0.0,0,0,0
297,i,0.0,,4.5,460,244,0,0,0,0,0.1,440,177,0,0,0.0,475,195,0,0,0.0,140,10,0.0,0.0,0,0,0,0,0,0.0,,0.0,0.0,0.0,0.0,0.0,0.0,0.0,0.0,0.0,470,192,0.0,463,194,0.0,449,188,0.0,472,193,,,,1,,Darko,Gyabi,Gyabi,Thigh injury - Unknown return date,,0,0,0,0,0,0,0,0,0,0,0,0,0,,,,0.0,0.0,0.0,0.0,0.0,0,0,0
298,a,,,4.5,478,61,0,0,0,0,2.3,116,15,0,0,0.0,482,49,0,0,0.0,158,3,0.0,0.0,0,0,0,0,0,1.0,,0.0,0.0,0.0,0.0,0.0,0.0,0.0,0.0,0.0,477,47,0.0,471,47,0.0,459,47,0.0,479,48,,,,1,,Enis,Destan,Destan,,,0,0,0,0,0,0,0,0,0,0,0,0,0,,,,0.0,0.0,0.0,0.0,0.0,0,0,0
299,u,0.0,,4.5,485,62,0,0,0,0,0.3,306,55,0,0,0.0,484,50,0,0,0.0,165,4,0.0,0.0,0,0,0,0,0,0.0,,0.0,0.0,0.0,0.0,0.0,0.0,0.0,0.0,0.0,479,48,0.0,475,48,0.0,465,48,0.0,481,49,,,,1,,Mason,Burstow,Burstow,Has joined Sheffield Wednesday on loan for the rest of the season,,0,0,0,0,0,0,0,0,0,0,0,0,0,,,,0.0,0.0,0.0,0.0,0.0,0,0,0
556,a,,,4.0,535,152,0,0,0,0,3.0,102,39,0,0,0.0,412,139,0,0,0.0,17,8,0.0,0.0,0,0,0,0,0,1.0,,0.0,0.0,0.0,0.0,0.0,0.0,0.0,0.0,0.0,406,138,0.0,391,137,0.0,372,133,0.0,408,138,,,,1,,Matt,Targett,Targett,,,0,0,0,0,0,0,0,0,0,0,0,0,0,,,,0.0,0.0,0.0,0.0,0.0,0,0,0
563,a,,,5.0,303,179,0,0,0,0,0.1,470,191,0,0,0.0,521,215,0,0,0.0,279,67,0.0,0.0,0,0,0,0,0,1.5,,0.0,0.0,0.0,0.0,0.0,0.0,0.0,0.0,0.0,521,215,0.0,518,215,0.0,515,214,0.0,521,215,,,,1,,Hidemasa,Morita,Morita,,,0,0,0,0,0,0,0,0,0,0,0,0,0,,,,0.0,0.0,0.0,0.0,0.0,0,0,0
572,a,,,4.5,464,38,0,0,0,0,0.3,298,38,0,0,0.0,477,58,0,0,0.0,144,38,0.0,0.0,0,0,0,0,0,1.9,,0.0,0.0,0.0,0.0,0.0,0.0,0.0,0.0,0.0,472,58,0.0,465,49,0.0,451,42,0.0,474,58,,,,1,,Konstantinos,Tzolakis,Tzolakis,,,0,0,0,0,0,0,0,0,0,0,0,0,0,,,,0.0,0.0,0.0,0.0,0.0,0,0,0
574,a,,,5.0,368,218,0,0,0,0,0.0,506,208,0,0,0.0,545,230,0,0,0.0,344,106,0.0,0.0,0,0,0,0,0,1.5,,0.0,0.0,0.0,0.0,0.0,0.0,0.0,0.0,0.0,545,230,0.0,545,230,0.0,543,230,0.0,545,230,,,,1,,Jens,Hjertø-Dahl,Hjertø-Dahl,,,0,0,0,0,0,0,0,0,0,0,0,0,0,,,,0.0,0.0,0.0,0.0,0.0,0,0,0
576,a,,,5.0,376,225,0,0,0,0,0.0,509,211,0,0,0.0,548,232,0,0,0.0,352,113,0.0,0.0,0,0,0,0,0,1.5,,0.0,0.0,0.0,0.0,0.0,0.0,0.0,0.0,0.0,548,232,0.0,548,232,0.0,546,232,0.0,548,232,,,,1,,Elliot,Stroud,Stroud,,,0,0,0,0,0,0,0,0,0,0,0,0,0,,,,0.0,0.0,0.0,0.0,0.0,0,0,0
585,a,,,4.0,581,187,0,0,0,0,0.1,431,147,0,0,0.0,452,168,0,0,0.0,63,43,0.0,0.0,0,0,0,0,0,1.0,,0.0,0.0,0.0,0.0,0.0,0.0,0.0,0.0,0.0,447,168,0.0,433,168,0.0,415,165,0.0,449,168,,,,1,,Lucas,Herrington,Herrington,,,0,0,0,0,0,0,0,0,0,0,0,0,0,,,,0.0,0.0,0.0,0.0,0.0,0,0,0
586,a,,,4.0,583,189,0,0,0,0,0.1,398,141,0,0,0.0,453,169,0,0,0.0,65,45,0.0,0.0,0,0,0,0,0,1.0,,0.0,0.0,0.0,0.0,0.0,0.0,0.0,0.0,0.0,448,169,0.0,434,169,0.0,416,166,0.0,450,169,,,,1,,Nobel,Mendy,Mendy,,,0,0,0,0,0,0,0,0,0,0,0,0,0,,,,0.0,0.0,0.0,0.0,0.0,0,0,0
259,a,,,4.0,545,160,0,0,0,0,18.4,19,6,0,0,2.4,242,98,0,0,0.0,27,16,0.0,7.8,0,0,0,0,0,1.0,,0.0,0.0,0.0,0.0,0.09,0.01,0.1,1.38,0.0,255,96,0.0,345,119,0.0,297,100,0.0,306,105,,,,1,,Issa,Diop,Diop,,,0,0,0,0,0,0,0,0,0,0,0,0,0,,,,0.0,0.11,1.44,0.89,6.76,0,0,0
267,a,,,5.0,264,162,0,0,0,0,0.1,433,173,0,0,2.6,223,86,0,0,0.0,240,50,0.0,13.4,0,0,0,0,0,1.5,,0.0,0.0,0.0,0.0,0.12,0.1,0.22,1.44,0.0,194,83,0.0,63,49,0.0,176,95,0.0,144,76,4.0,,,1,,Saša,Lukić,Lukić,,,0,0,0,0,0,0,0,0,0,0,0,0,0,,,,0.0,0.31,1.14,1.04,9.52,0,0,0
300,a,,,4.5,402,26,0,0,0,0,0.6,247,32,0,0,0.0,460,52,0,0,0.0,82,26,0.0,0.0,0,0,0,0,0,1.9,,0.0,0.0,0.0,0.0,0.0,0.0,0.0,0.0,0.0,455,52,0.0,444,39,0.0,427,30,0.0,457,52,,,,1,,Christian,Walton,Walton,,,0,0,0,0,0,0,0,0,0,0,0,0,0,,,,0.0,0.0,0.0,0.0,0.0,0,0,0
301,a,,,4.0,528,52,0,0,0,0,5.6,67,9,0,0,0.0,408,37,0,0,0.0,10,7,0.0,0.0,0,0,0,0,0,1.0,,0.0,0.0,0.0,0.0,0.0,0.0,0.0,0.0,0.0,402,37,0.0,386,20,0.0,367,11,0.0,404,37,,,,1,,Alex,Palmer,Palmer,,,0,0,0,0,0,0,0,0,0,0,0,0,0,,,,0.0,0.0,0.0,0.0,0.0,0,0,0
302,a,,,4.0,522,49,0,0,0,0,0.5,269,36,0,0,0.0,404,35,0,0,0.0,4,4,0.0,0.0,0,0,0,0,0,1.0,,0.0,0.0,0.0,0.0,0.0,0.0,0.0,0.0,0.0,398,35,0.0,381,17,0.0,362,8,0.0,400,35,,,,1,,David,Button,Button,,,0,0,0,0,0,0,0,0,0,0,0,0,0,,,,0.0,0.0,0.0,0.0,0.0,0,0,0
303,a,,,4.0,539,155,0,0,0,0,0.6,251,94,0,0,0.0,416,142,0,0,0.0,21,11,0.0,0.0,0,0,0,0,0,1.0,,0.0,0.0,0.0,0.0,0.0,0.0,0.0,0.0,0.0,410,141,0.0,395,140,0.0,376,136,0.0,412,141,,,,1,,Cédric,Kipré,Kipré,,,0,0,0,0,0,0,0,0,0,0,0,0,0,,,,0.0,0.0,0.0,0.0,0.0,0,0,0
304,a,,,4.0,544,159,0,0,0,0,2.8,106,42,0,0,0.0,421,146,0,0,0.0,26,15,0.0,0.0,0,0,0,0,0,1.0,,0.0,0.0,0.0,0.0,0.0,0.0,0.0,0.0,0.0,415,145,0.0,400,144,0.0,381,140,0.0,417,145,,,,1,,Dara,O'Shea,O'Shea,,,0,0,0,0,0,0,0,0,0,0,0,0,0,,,,0.0,0.0,0.0,0.0,0.0,0,0,0
305,a,,,4.0,558,169,0,0,0,0,5.0,72,27,0,0,0.0,434,155,0,0,0.0,40,25,0.0,0.0,0,0,0,0,0,1.0,,0.0,0.0,0.0,0.0,0.0,0.0,0.0,0.0,0.0,428,154,0.0,413,153,0.0,394,149,0.0,430,154,2.0,2.0,,1,,Leif,Davis,Davis,,,0,0,0,0,0,0,0,0,0,0,0,0,0,,,,0.0,0.0,0.0,0.0,0.0,0,0,0
306,a,,,4.0,556,167,0,0,0,0,0.7,228,86,0,0,0.0,432,153,0,0,0.0,38,23,0.0,0.0,0,0,0,0,0,1.0,,0.0,0.0,0.0,0.0,0.0,0.0,0.0,0.0,0.0,426,152,0.0,411,151,0.0,392,147,0.0,428,152,,,,1,,Jacob,Greaves,Greaves,,,0,0,0,0,0,0,0,0,0,0,0,0,0,,,,0.0,0.0,0.0,0.0,0.0,0,0,0
307,a,,,4.0,547,162,0,0,0,0,0.1,407,143,0,0,0.0,423,148,0,0,0.0,29,18,0.0,0.0,0,0,0,0,0,1.0,,0.0,0.0,0.0,0.0,0.0,0.0,0.0,0.0,0.0,417,147,0.0,402,146,0.0,383,142,0.0,419,147,,,,1,,Ben,Johnson,Johnson,,,0,0,0,0,0,0,0,0,0,0,0,0,0,,,,0.0,0.0,0.0,0.0,0.0,0,0,0
308,a,,,4.0,538,154,0,0,0,0,0.6,252,95,0,0,0.0,415,141,0,0,0.0,20,10,0.0,0.0,0,0,0,0,0,1.0,,0.0,0.0,0.0,0.0,0.0,0.0,0.0,0.0,0.0,409,140,0.0,394,139,0.0,375,135,0.0,411,140,,,,1,,Darnell,Furlong,Furlong,,,0,0,0,0,0,0,0,0,0,0,0,0,0,,,,0.0,0.0,0.0,0.0,0.0,0,0,0
309,a,,,5.0,341,197,0,0,0,0,0.2,397,151,0,0,0.0,536,224,0,0,0.0,317,85,0.0,0.0,0,0,0,0,0,1.5,,0.0,0.0,0.0,0.0,0.0,0.0,0.0,0.0,0.0,536,224,0.0,535,224,0.0,532,223,0.0,536,224,1.0,1.0,,1,,Marcelino,Núñez,Núñez,,,0,0,0,0,0,0,0,0,0,0,0,0,0,,,,0.0,0.0,0.0,0.0,0.0,0,0,0
310,i,0.0,,5.0,288,172,0,0,0,0,0.0,556,236,0,0,0.0,517,212,0,0,0.0,264,60,0.0,0.0,0,0,0,0,0,0.0,,0.0,0.0,0.0,0.0,0.0,0.0,0.0,0.0,0.0,517,212,0.0,513,212,0.0,510,211,0.0,517,212,,,,1,,Azor,Matusiwa,Matusiwa,Muscular injury - Unknown return date,,0,0,0,0,0,0,0,0,0,0,0,0,0,,,,0.0,0.0,0.0,0.0,0.0,0,0,0
311,u,0.0,,5.0,239,143,0,0,0,0,0.0,535,222,0,0,0.0,501,201,0,0,0.0,215,31,0.0,0.0,0,0,0,0,0,0.0,,0.0,0.0,0.0,0.0,0.0,0.0,0.0,0.0,0.0,501,201,0.0,497,201,0.0,491,200,0.0,501,201,,,,1,,Wes,Burns,Burns,Has joined Leicester City permanently,,0,0,0,0,0,0,0,0,0,0,0,0,0,,,,0.0,0.0,0.0,0.0,0.0,0,0,0
312,i,0.0,,4.5,438,240,0,0,0,0,0.1,400,153,0,0,0.0,467,191,0,0,0.0,118,6,0.0,0.0,0,0,0,0,0,0.0,,0.0,0.0,0.0,0.0,0.0,0.0,0.0,0.0,0.0,462,188,0.0,454,190,0.0,439,184,0.0,464,189,,,,1,,Jack,Taylor,Taylor,Knee injury - Unknown return date,,0,0,0,0,0,0,0,0,0,0,0,0,0,,,,0.0,0.0,0.0,0.0,0.0,0,0,0
313,a,,,5.5,164,103,0,0,0,0,0.3,323,111,0,0,0.0,564,244,0,0,0.0,419,153,0.0,0.0,0,0,0,0,0,2.0,,0.0,0.0,0.0,0.0,0.0,0.0,0.0,0.0,0.0,564,244,0.0,564,244,0.0,563,244,0.0,564,244,3.0,3.0,1.0,1,,Jack,Clarke,Clarke,,,0,0,0,0,0,0,0,0,0,0,0,0,0,,,,0.0,0.0,0.0,0.0,0.0,0,0,0
314,a,,,5.0,280,167,0,0,0,0,0.0,550,231,0,0,0.0,512,209,0,0,0.0,256,55,0.0,0.0,0,0,0,0,0,1.5,,0.0,0.0,0.0,0.0,0.0,0.0,0.0,0.0,0.0,512,209,0.0,508,209,0.0,505,208,0.0,512,209,,,,1,,Chiedozie,Ogbene,Ogbene,,,0,0,0,0,0,0,0,0,0,0,0,0,0,,,,0.0,0.0,0.0,0.0,0.0,0,0,0
316,a,,,5.5,202,43,0,0,0,0,0.3,302,54,0,0,0.0,572,66,0,0,0.0,457,39,0.0,0.0,0,0,0,0,0,1.8,,0.0,0.0,0.0,0.0,0.0,0.0,0.0,0.0,0.0,572,66,0.0,572,66,0.0,571,66,0.0,572,66,,,2.0,1,,Emersonn,Correia da Silva,Emersonn,,,0,0,0,0,0,0,0,0,0,0,0,0,0,,,,0.0,0.0,0.0,0.0,0.0,0,0,0
317,a,,,5.0,276,50,0,0,0,0,0.4,280,48,0,0,0.0,511,57,0,0,0.0,252,15,0.0,0.0,0,0,0,0,0,1.4,,0.0,0.0,0.0,0.0,0.0,0.0,0.0,0.0,0.0,511,57,0.0,507,57,0.0,504,57,0.0,511,57,,,3.0,1,,George,Hirst,Hirst,,,0,0,0,0,0,0,0,0,0,0,0,0,0,,,,0.0,0.0,0.0,0.0,0.0,0,0,0
318,a,,,5.5,184,112,0,0,0,0,0.2,368,133,0,0,0.0,568,247,0,0,0.0,439,162,0.0,0.0,0,0,0,0,0,2.0,,0.0,0.0,0.0,0.0,0.0,0.0,0.0,0.0,0.0,568,247,0.0,568,247,0.0,567,247,0.0,568,247,5.0,,4.0,1,,Jaden,Philogene,Philogene,,,0,0,0,0,0,0,0,0,0,0,0,0,0,,,,0.0,0.0,0.0,0.0,0.0,0,0,0
319,a,,,5.0,247,150,0,0,0,0,0.1,468,190,0,0,0.0,504,204,0,0,0.0,223,38,0.0,0.0,0,0,0,0,0,1.5,,0.0,0.0,0.0,0.0,0.0,0.0,0.0,0.0,0.0,504,204,0.0,500,204,0.0,494,203,0.0,504,204,,,,1,,Sam,Szmodics,Szmodics,,,0,0,0,0,0,0,0,0,0,0,0,0,0,,,,0.0,0.0,0.0,0.0,0.0,0,0,0
320,a,,,5.0,238,48,0,0,0,0,0.5,259,44,0,0,0.0,500,55,0,0,0.0,214,13,0.0,0.0,0,0,0,0,0,1.4,,0.0,0.0,0.0,0.0,0.0,0.0,0.0,0.0,0.0,500,55,0.0,496,55,0.0,490,55,0.0,500,55,,,,1,,Chuba,Akpom,Akpom,,,0,0,0,0,0,0,0,0,0,0,0,0,0,,,,0.0,0.0,0.0,0.0,0.0,0,0,0
321,a,,,4.5,495,64,0,0,0,0,2.0,126,18,0,0,0.0,491,52,0,0,0.0,175,6,0.0,0.0,0,0,0,0,0,1.0,,0.0,0.0,0.0,0.0,0.0,0.0,0.0,0.0,0.0,487,50,0.0,483,50,0.0,473,50,0.0,489,51,,,,1,,Sindre,Walle Egeli,Walle Egeli,,,0,0,0,0,0,0,0,0,0,0,0,0,0,,,,0.0,0.0,0.0,0.0,0.0,0,0,0
322,a,,,5.0,310,53,0,0,0,0,0.2,390,62,0,0,0.0,524,59,0,0,0.0,286,18,0.0,0.0,0,0,0,0,0,1.4,,0.0,0.0,0.0,0.0,0.0,0.0,0.0,0.0,0.0,524,59,0.0,522,59,0.0,519,59,0.0,524,59,,,,1,,Ali,Al-Hamadi,Al-Hamadi,,,0,0,0,0,0,0,0,0,0,0,0,0,0,,,,0.0,0.0,0.0,0.0,0.0,0,0,0
323,a,,,4.5,457,242,0,0,0,0,1.4,165,54,0,0,0.0,473,193,0,0,0.0,137,8,0.0,0.0,0,0,0,0,0,1.0,,0.0,0.0,0.0,0.0,0.0,0.0,0.0,0.0,0.0,468,190,0.0,461,192,0.0,447,186,0.0,470,191,,,,1,,Kasey,McAteer,McAteer,,,0,0,0,0,0,0,0,0,0,0,0,0,0,,,,0.0,0.0,0.0,0.0,0.0,0,0,0
324,a,,,5.0,284,169,0,0,0,0,0.1,480,197,0,0,0.0,515,210,0,0,0.0,260,57,0.0,0.0,0,0,0,0,0,1.5,,0.0,0.0,0.0,0.0,0.0,0.0,0.0,0.0,0.0,515,210,0.0,511,210,0.0,508,209,0.0,515,210,,,,1,,Anis,Mehmeti,Mehmeti,,,0,0,0,0,0,0,0,0,0,0,0,0,0,,,,0.0,0.0,0.0,0.0,0.0,0,0,0
554,a,,,4.5,486,43,0,0,0,0,0.1,469,54,0,0,0.0,485,59,0,0,0.0,166,43,0.0,0.0,0,0,0,0,0,1.9,,0.0,0.0,0.0,0.0,0.0,0.0,0.0,0.0,0.0,480,59,0.0,476,53,0.0,466,47,0.0,482,59,,,,1,,Kayne,van Oevelen,Van Oevelen,,,0,0,0,0,0,0,0,0,0,0,0,0,0,,,,0.0,0.0,0.0,0.0,0.0,0,0,0
562,a,,,5.5,163,102,0,0,0,0,0.5,272,87,0,0,0.0,563,243,0,0,0.0,418,152,0.0,0.0,0,0,0,0,0,2.0,,0.0,0.0,0.0,0.0,0.0,0.0,0.0,0.0,0.0,563,243,0.0,563,243,0.0,562,243,0.0,563,243,,,,1,,Daizen,Maeda,Maeda,,,0,0,0,0,0,0,0,0,0,0,0,0,0,,,,0.0,0.0,0.0,0.0,0.0,0,0,0
564,a,,,4.5,441,34,0,0,0,0,0.4,276,37,0,0,0.0,468,56,0,0,0.0,121,34,0.0,0.0,0,0,0,0,0,1.9,,0.0,0.0,0.0,0.0,0.0,0.0,0.0,0.0,0.0,463,56,0.0,455,46,0.0,440,38,0.0,465,56,,,,1,,Kjell,Scherpen,Scherpen,,,0,0,0,0,0,0,0,0,0,0,0,0,0,,,,0.0,0.0,0.0,0.0,0.0,0,0,0
571,a,,,5.0,270,164,0,0,0,0,0.1,465,189,0,0,0.0,509,208,0,0,0.0,246,52,0.0,0.0,0,0,0,0,0,1.5,,0.0,0.0,0.0,0.0,0.0,0.0,0.0,0.0,0.0,509,208,0.0,505,208,0.0,502,207,0.0,509,208,,,,1,,Florentino Ibrain,Morris Luís,Florentino,,,0,0,0,0,0,0,0,0,0,0,0,0,0,,,,0.0,0.0,0.0,0.0,0.0,0,0,0
260,a,,,6.5,33,21,0,0,0,0,7.8,56,19,0,0,4.7,20,9,0,0,0.0,535,222,0.0,25.8,0,0,0,0,0,2.3,,0.0,0.0,0.0,0.0,0.2,0.16,0.36,1.35,0.0,46,12,0.0,28,27,0.0,31,17,0.0,24,20,2.0,,,1,,Harry,Wilson,Wilson,,,0,0,0,0,0,0,0,0,0,0,0,0,0,,,,0.0,0.3,1.28,1.08,5.96,0,0,0
326,a,,,4.5,423,32,0,0,0,0,0.7,233,30,0,0,2.7,203,24,0,0,0.0,103,32,0.0,9.6,0,0,0,0,0,1.9,,0.0,0.0,0.0,0.0,0.0,0.0,0.0,1.67,0.0,192,19,0.0,450,44,0.0,434,36,0.0,284,19,,,,1,,Lucas Estella,Perri,Perri,,,0,0,0,0,0,0,0,0,0,0,0,0,0,,,,2.38,0.19,1.81,1.0,0.0,0,0,0
327,a,,,5.0,296,54,0,0,0,0,0.3,301,110,0,0,4.0,53,21,0,0,0.0,272,136,0.0,19.8,0,0,0,0,0,2.2,,0.0,0.0,0.0,0.0,0.04,0.04,0.08,1.5,0.0,104,46,0.0,248,81,0.0,120,21,0.0,159,55,,,,1,,Jaka,Bijol,Bijol,,,0,0,0,0,0,0,0,0,0,0,0,0,0,,,,0.0,0.24,1.24,1.0,10.44,0,0,0
329,a,,,4.5,426,97,0,0,0,0,2.0,124,49,0,0,3.1,155,62,0,0,0.0,106,69,0.0,24.2,0,0,0,0,0,1.7,,0.0,0.0,0.0,0.0,0.04,0.02,0.06,1.48,0.0,45,18,0.0,210,56,0.0,122,22,0.0,108,30,,,,1,,Joe,Rodon,Rodon,,,0,0,0,0,0,0,0,0,0,0,0,0,0,,,,0.0,0.18,1.62,1.01,8.35,0,0,0
330,a,,,4.5,434,104,0,0,0,0,0.5,265,101,0,0,2.8,190,78,0,0,0.0,114,76,0.0,21.3,0,0,0,0,0,1.7,,0.0,0.0,0.0,0.0,0.07,0.1,0.17,1.29,0.0,139,57,0.0,103,25,0.0,141,30,0.0,128,37,,,,1,,Jayden,Bogle,Bogle,,,0,0,0,0,0,0,0,0,0,0,0,0,0,,,,0.0,0.19,1.42,1.03,5.73,0,0,0
331,i,0.0,,4.5,445,112,0,0,0,0,0.2,345,126,0,0,2.1,275,105,0,0,0.0,125,84,0.0,15.1,0,0,0,0,0,0.0,,0.0,0.0,0.0,0.0,0.04,0.1,0.14,1.4,0.0,134,56,0.0,93,23,0.0,189,51,0.0,138,46,,,,1,,Gabriel,Gudmundsson,Gudmundsson,Hamstring injury - Expected back 30 Aug,,0,0,0,0,0,0,0,0,0,0,0,0,0,,,,0.0,0.17,1.54,1.06,6.28,0,0,0
332,a,,,4.5,429,100,0,0,0,0,0.5,256,98,0,0,3.2,140,54,0,0,0.0,109,72,0.0,20.9,0,0,0,0,0,1.7,,0.0,0.0,0.0,0.0,0.09,0.06,0.15,1.57,0.0,124,51,0.0,177,43,0.0,137,29,0.0,151,49,,,,1,,James,Justin,Justin,,,0,0,0,0,0,0,0,0,0,0,0,0,0,,,,0.0,0.29,1.24,1.0,8.7,0,0,0
333,a,,,4.5,452,119,0,0,0,0,0.0,552,187,0,0,2.1,276,106,0,0,0.0,132,91,0.0,5.6,0,0,0,0,0,1.7,,0.0,0.0,0.0,0.0,0.04,0.0,0.04,1.83,0.0,305,110,0.0,352,124,0.0,312,110,0.0,329,113,,,,1,,Sebastiaan,Bornauw,Bornauw,,,0,0,0,0,0,0,0,0,0,0,0,0,0,,,,0.0,0.42,1.05,1.05,10.28,0,0,0
334,a,,,5.0,353,72,0,0,0,0,1.7,152,58,0,0,0.0,540,188,0,0,0.0,329,154,0.0,0.0,0,0,0,0,0,2.2,,0.0,0.0,0.0,0.0,0.0,0.0,0.0,0.0,0.0,540,188,0.0,540,188,0.0,537,188,0.0,540,188,,,,1,,Tarik,Muharemović,Muharemović,,,0,0,0,0,0,0,0,0,0,0,0,0,0,,,,0.0,0.0,0.0,0.0,0.0,0,0,0
335,a,,,6.0,91,58,0,0,0,0,1.1,191,65,0,0,4.7,19,8,0,0,0.0,513,206,0.0,22.8,0,0,0,0,0,2.1,,0.0,0.0,0.0,0.0,0.11,0.17,0.28,1.29,0.0,62,18,0.0,8,8,0.0,90,56,0.0,26,21,1.0,1.0,,1,,Anton,Stach,Stach,,,0,0,0,0,0,0,0,0,0,0,0,0,0,,,,0.0,0.27,1.37,1.06,10.11,0,0,0
336,a,,,6.0,79,51,0,0,0,0,0.7,234,78,0,0,3.9,67,30,0,0,0.0,501,199,0.0,18.2,0,0,0,0,0,2.1,,0.0,0.0,0.0,0.0,0.3,0.08,0.38,1.42,0.0,135,48,0.0,131,89,0.0,52,31,0.0,96,55,,,,1,,Noah,Okafor,Okafor,,,0,0,0,0,0,0,0,0,0,0,0,0,0,,,,0.0,0.35,1.51,1.1,6.55,0,0,0
337,a,,,5.5,154,96,0,0,0,0,0.9,199,68,0,0,3.4,115,45,0,0,0.0,409,146,0.0,22.9,0,0,0,0,0,2.0,,0.0,0.0,0.0,0.0,0.17,0.13,0.3,1.36,0.0,119,42,0.0,51,45,0.0,43,26,0.0,54,34,,3.0,,1,,Brenden,Aaronson,Aaronson,,,0,0,0,0,0,0,0,0,0,0,0,0,0,,,,0.0,0.33,1.18,1.1,7.94,0,0,0
338,a,,,5.5,130,81,0,0,0,0,1.6,155,48,0,0,3.8,72,32,0,0,0.0,385,131,0.0,24.4,0,0,0,0,0,2.0,,0.0,0.0,0.0,0.0,0.07,0.06,0.13,1.4,0.0,80,26,0.0,86,64,0.0,181,99,0.0,97,56,,,,1,,Ethan,Ampadu,Ampadu,,,0,0,0,0,0,0,0,0,0,0,0,0,0,,,,0.0,0.23,1.41,1.01,12.0,0,0,0
339,a,,,5.0,250,151,0,0,0,0,0.2,387,146,0,0,2.4,244,97,0,0,0.0,226,39,0.0,11.2,0,0,0,0,0,1.5,,0.0,0.0,0.0,0.0,0.11,0.17,0.28,1.42,0.0,203,90,0.0,74,56,0.0,220,120,0.0,171,83,3.0,2.0,,1,,Sean,Longstaff,Longstaff,,,0,0,0,0,0,0,0,0,0,0,0,0,0,,,,0.0,0.09,1.79,0.9,9.87,0,0,0
340,a,,,5.0,311,183,0,0,0,0,0.0,522,217,0,0,0.0,525,217,0,0,0.0,287,71,0.0,0.0,0,0,0,0,0,1.5,,0.0,0.0,0.0,0.0,0.0,0.0,0.0,0.0,0.0,525,217,0.0,523,217,0.0,520,216,0.0,525,217,,,,1,,Joe,Gelhardt,Gelhardt,,,0,0,0,0,0,0,0,0,0,0,0,0,0,,,,0.0,0.0,0.0,0.0,0.0,0,0,0
341,a,,,5.0,334,194,0,0,0,0,0.1,443,179,0,0,1.4,336,150,0,0,0.0,310,82,0.0,6.4,0,0,0,0,0,1.5,,0.0,0.0,0.0,0.0,0.07,0.13,0.2,2.07,0.0,313,142,0.0,218,135,0.0,270,145,0.0,294,141,,,,1,,Wilfried,Gnonto,Gnonto,,,0,0,0,0,0,0,0,0,0,0,0,0,0,,,,0.0,0.17,2.42,0.69,10.19,0,0,0
342,u,0.0,,5.0,273,165,0,0,0,0,0.0,577,253,0,0,1.1,352,162,0,0,0.0,249,53,0.0,2.4,0,0,0,0,0,0.0,,0.0,0.0,0.0,0.0,0.1,0.08,0.18,1.31,0.0,348,161,0.0,285,154,0.0,294,153,0.0,332,155,,,,1,,Jack,Harrison,Harrison,Has joined New England Revolution permanently,,0,0,0,0,0,0,0,0,0,0,0,0,0,,,,0.0,0.0,1.72,0.34,8.24,0,0,0
343,a,,,5.0,253,154,0,0,0,0,0.1,426,170,0,0,1.2,348,160,0,0,0.0,229,42,0.0,4.6,0,0,0,0,0,1.5,,0.0,0.0,0.0,0.0,0.15,0.12,0.27,2.37,0.0,321,146,0.0,214,133,0.0,203,113,0.0,281,137,,,,1,,Daniel,James,James,,,0,0,0,0,0,0,0,0,0,0,0,0,0,,,,0.0,0.16,2.63,0.99,5.76,0,0,0
344,i,0.0,,5.0,324,188,0,0,0,0,0.0,555,235,0,0,2.4,247,100,0,0,0.0,300,76,0.0,11.2,0,0,0,0,0,0.0,,0.0,0.0,0.0,0.0,0.03,0.06,0.09,1.73,0.0,252,114,0.0,186,122,0.0,266,142,0.0,263,126,,,,1,,Ilia,Gruev,Gruev,Knee injury - Unknown return date,,0,0,0,0,0,0,0,0,0,0,0,0,0,,,,0.0,0.34,1.57,1.02,7.78,0,0,0
345,a,,,5.0,291,174,0,0,0,0,0.3,329,115,0,0,2.4,246,99,0,0,0.0,267,62,0.0,13.4,0,0,0,0,0,1.5,,0.0,0.0,0.0,0.0,0.1,0.1,0.2,1.48,0.0,236,106,0.0,120,83,0.0,228,123,0.0,214,109,4.0,,,1,,Tanaka,Ao,Tanaka,,,0,0,0,0,0,0,0,0,0,0,0,0,0,,,,0.0,0.21,1.51,0.96,10.12,0,0,0
346,a,,,6.0,63,16,0,0,0,0,25.5,10,3,0,0,4.1,47,6,0,0,0.0,485,47,0.0,23.7,0,0,0,0,0,2.0,,0.0,0.0,0.0,0.0,0.51,0.04,0.55,1.18,0.0,69,5,0.0,117,8,0.0,5,4,0.0,25,5,,,1.0,1,,Dominic,Calvert-Lewin,Calvert-Lewin,,,0,0,0,0,0,0,0,0,0,0,0,0,0,,,,0.0,0.26,1.12,0.99,3.47,0,0,0
347,a,,,5.5,123,32,0,0,0,0,0.6,242,41,0,0,2.4,250,26,0,0,0.0,378,28,0.0,13.3,0,0,0,0,0,1.8,,0.0,0.0,0.0,0.0,0.61,0.13,0.74,1.85,0.0,207,19,0.0,202,22,0.0,54,20,0.0,152,20,,,2.0,1,,Lukas,Nmecha,Nmecha,,,0,0,0,0,0,0,0,0,0,0,0,0,0,,,,0.0,0.25,1.94,0.85,4.82,0,0,0
348,a,,,5.0,287,52,0,0,0,0,0.5,257,43,0,0,1.1,353,41,0,0,0.0,263,17,0.0,3.4,0,0,0,0,0,1.4,,0.0,0.0,0.0,0.0,0.33,0.05,0.38,2.51,0.0,362,40,0.0,300,38,0.0,216,37,0.0,319,39,,,3.0,1,,Joël,Piroe,Piroe,,,0,0,0,0,0,0,0,0,0,0,0,0,0,,,,0.0,0.37,3.32,0.74,5.16,0,0,0
349,i,0.0,,4.5,496,65,0,0,0,0,0.2,391,63,0,0,0.0,492,53,0,0,0.0,176,7,0.0,0.0,0,0,0,0,0,0.0,,0.0,0.0,0.0,0.0,0.0,0.0,0.0,0.0,0.0,488,51,0.0,484,51,0.0,474,51,0.0,490,52,,,,1,,Mateo,Joseph Fernández-Regatillo,Mateo Joseph,Knee injury - Unknown return date,,0,0,0,0,0,0,0,0,0,0,0,0,0,,,,0.0,0.0,0.0,0.0,0.0,0,0,0
385,a,,,5.0,295,14,0,0,0,0,2.5,110,18,0,0,3.2,147,20,0,0,0.0,271,55,0.0,2.6,0,0,0,0,0,2.6,,0.0,0.0,0.0,0.0,0.0,0.0,0.0,1.44,0.0,295,23,0.0,514,60,0.0,511,58,0.0,331,23,,,,1,,James,Trafford,Trafford,,,0,0,0,0,0,0,0,0,0,0,0,0,0,,,,3.5,0.25,1.5,1.0,0.0,0,0,0
350,a,,,5.5,116,3,0,0,0,0,4.0,85,13,0,0,3.5,104,11,0,0,0.0,371,63,0.0,16.5,0,0,0,0,0,3.3,,0.0,0.0,0.0,0.0,0.0,0.0,0.0,1.14,0.0,120,18,0.0,377,13,0.0,554,64,0.0,250,18,,,,1,,Alisson,Becker,A.Becker,,,0,0,0,0,0,0,0,0,0,0,0,0,0,,,,2.19,0.31,1.19,1.0,0.0,0,0,0
351,a,,,5.0,304,16,0,0,0,0,0.2,377,42,0,0,3.4,112,14,0,0,0.0,280,57,0.0,6.8,0,0,0,0,0,2.6,,0.0,0.0,0.0,0.0,0.0,0.0,0.0,1.38,0.0,215,20,0.0,519,62,0.0,516,60,0.0,293,20,,,,1,,Giorgi,Mamardashvili,Mamardashvili,,,0,0,0,0,0,0,0,0,0,0,0,0,0,,,,3.53,0.21,1.87,1.04,0.0,0,0,0
352,a,,,4.0,531,53,0,0,0,0,1.2,182,27,0,0,2.0,281,27,0,0,0.0,13,8,0.0,1.5,0,0,0,0,0,1.0,,0.0,0.0,0.0,0.0,0.0,0.0,0.0,2.02,0.0,314,25,0.0,388,21,0.0,369,12,0.0,344,25,,,,1,,Freddie,Woodman,Woodman,,,0,0,0,0,0,0,0,0,0,0,0,0,0,,,,3.82,0.0,1.7,0.85,0.0,0,0,0
353,a,,,4.0,580,65,0,0,0,0,0.1,449,51,0,0,0.0,451,49,0,0,0.0,62,20,0.0,0.0,0,0,0,0,0,1.0,,0.0,0.0,0.0,0.0,0.0,0.0,0.0,0.0,0.0,446,49,0.0,432,33,0.0,414,24,0.0,448,49,,,,1,,Armin,Pecsi,Pecsi,,,0,0,0,0,0,0,0,0,0,0,0,0,0,,,,0.0,0.0,0.0,0.0,0.0,0,0,0
354,i,0.0,,4.0,550,58,0,0,0,0,0.0,534,64,0,0,0.0,426,42,0,0,0.0,32,13,0.0,0.0,0,0,0,0,0,0.0,,0.0,0.0,0.0,0.0,0.0,0.0,0.0,0.0,0.0,420,42,0.0,405,26,0.0,386,17,0.0,422,42,,,,1,,Vitezslav,Jaros,Jaros,Knee injury - Unknown return date,,0,0,0,0,0,0,0,0,0,0,0,0,0,,,,0.0,0.0,0.0,0.0,0.0,0,0,0
355,a,,,4.0,560,61,0,0,0,0,0.1,424,47,0,0,0.0,436,45,0,0,0.0,42,16,0.0,0.0,0,0,0,0,0,1.0,,0.0,0.0,0.0,0.0,0.0,0.0,0.0,0.0,0.0,430,45,0.0,415,29,0.0,396,20,0.0,432,45,,,,1,,Harvey,Davies,Davies,,,0,0,0,0,0,0,0,0,0,0,0,0,0,,,,0.0,0.0,0.0,0.0,0.0,0,0,0
356,a,,,6.5,31,2,0,0,0,0,17.0,22,8,0,0,4.6,24,9,0,0,0.0,533,190,0.0,26.9,0,0,0,0,0,3.1,,0.0,0.0,0.0,0.0,0.1,0.04,0.14,1.25,0.0,3,1,0.0,154,38,0.0,44,2,0.0,27,1,,,,1,,Virgil,van Dijk,Virgil,,,0,0,0,0,0,0,0,0,0,0,0,0,0,,,,0.0,0.26,1.39,1.0,9.26,0,0,0
357,a,,,5.5,141,15,0,0,0,0,2.9,103,40,0,0,3.0,172,72,0,0,0.0,396,164,0.0,11.5,0,0,0,0,0,2.5,,0.0,0.0,0.0,0.0,0.04,0.14,0.18,1.13,0.0,287,103,0.0,139,33,0.0,166,46,0.0,231,72,,,,1,,Jeremie,Frimpong,Frimpong,,,0,0,0,0,0,0,0,0,0,0,0,0,0,,,,0.0,0.44,1.13,1.05,2.62,0,0,0
358,a,,,5.5,203,30,0,0,0,0,4.9,75,29,0,0,2.5,237,97,0,0,0.0,458,179,0.0,15.5,0,0,0,0,0,2.5,,0.0,0.0,0.0,0.0,0.06,0.03,0.09,1.2,0.0,141,58,0.0,69,16,0.0,197,54,0.0,131,40,,,,1,,Milos,Kerkez,Kerkez,,,0,0,0,0,0,0,0,0,0,0,0,0,0,,,,0.0,0.24,1.48,1.08,5.36,0,0,0
359,i,0.0,,5.0,246,40,0,0,0,0,0.0,505,172,0,0,1.6,321,117,0,0,0.0,222,122,0.0,6.6,0,0,0,0,0,0.0,,0.0,0.0,0.0,0.0,0.04,0.1,0.14,1.41,0.0,291,105,0.0,259,86,0.0,298,101,0.0,305,104,,,,1,,Joe,Gomez,Gomez,Muscular injury - Unknown return date,,0,0,0,0,0,0,0,0,0,0,0,0,0,,,,0.0,0.3,2.12,1.06,6.97,0,0,0
360,i,0.0,,5.0,333,68,0,0,0,0,0.0,572,191,0,0,2.8,195,83,0,0,0.0,309,150,0.0,8.4,0,0,0,0,0,0.0,,0.0,0.0,0.0,0.0,0.02,0.08,0.1,1.04,0.0,271,100,0.0,237,75,0.0,268,85,0.0,283,94,,,,1,,Conor,Bradley,Bradley,Knee injury - Unknown return date,,0,0,0,0,0,0,0,0,0,0,0,0,0,,,,0.0,0.39,1.26,1.16,6.3,0,0,0
361,a,,,4.0,570,177,0,0,0,0,0.1,406,142,0,0,0.0,445,162,0,0,0.0,52,33,0.0,0.0,0,0,0,0,0,1.0,,0.0,0.0,0.0,0.0,0.0,0.0,0.0,0.0,0.0,440,162,0.0,425,161,0.0,406,157,0.0,442,162,,,,1,,Wellity,Lucky,Lucky,,,0,0,0,0,0,0,0,0,0,0,0,0,0,,,,0.0,0.0,0.0,0.0,0.0,0,0,0
362,a,100.0,,5.0,374,74,0,0,0,0,1.1,190,68,0,0,0.0,547,189,0,0,0.0,350,156,0.0,0.0,0,0,0,0,0,2.2,,0.0,0.0,0.0,0.0,0.0,0.0,0.0,0.0,0.0,547,189,0.0,547,189,0.0,545,189,0.0,547,189,,,,1,,Jeremy,Jacquet,Jacquet,,,0,0,0,0,0,0,0,0,0,0,0,0,0,,,,0.0,0.0,0.0,0.0,0.0,0,0,0
363,i,0.0,,4.0,586,192,0,0,0,0,0.1,471,161,0,0,0.0,454,170,0,0,0.0,68,48,0.0,0.0,0,0,0,0,0,0.0,,0.0,0.0,0.0,0.0,0.0,0.0,0.0,0.0,0.0,449,170,0.0,435,170,0.0,418,168,0.0,451,170,,,,1,,Giovanni,Leoni,Leoni,Knee injury - Unknown return date,,0,0,0,0,0,0,0,0,0,0,0,0,0,,,,0.0,0.0,0.0,0.0,0.0,0,0,0
364,a,,,5.0,266,44,0,0,0,0,0.1,446,151,0,0,0.0,508,184,0,0,0.0,242,126,0.0,0.0,0,0,0,0,0,2.2,,0.0,0.0,0.0,0.0,0.0,0.0,0.0,0.0,0.0,508,184,0.0,504,184,0.0,500,184,0.0,508,184,,,,1,,Kostas,Tsimikas,Tsimikas,,,0,0,0,0,0,0,0,0,0,0,0,0,0,,,,0.0,0.0,0.0,0.0,0.0,0,0,0
365,a,,,4.0,564,173,0,0,0,0,0.2,339,123,0,0,0.0,440,159,0,0,0.0,46,29,0.0,0.0,0,0,0,0,0,1.0,,0.0,0.0,0.0,0.0,0.0,0.0,0.0,0.0,0.0,434,158,0.0,419,157,0.0,400,153,0.0,436,158,,,,1,,Calvin,Ramsay,Ramsay,,,0,0,0,0,0,0,0,0,0,0,0,0,0,,,,0.0,0.0,0.0,0.0,0.0,0,0,0
366,a,,,7.5,20,12,0,0,0,0,14.8,28,8,0,0,3.8,75,34,0,0,0.0,573,251,0.0,16.7,0,0,0,0,0,2.6,,0.0,0.0,0.0,0.0,0.26,0.19,0.45,1.29,0.0,107,35,0.0,10,10,0.0,25,12,0.0,16,12,3.0,2.0,4.0,1,,Florian,Wirtz,Wirtz,,,0,0,0,0,0,0,0,0,0,0,0,0,0,,,,0.0,0.38,1.21,1.02,6.67,0,0,0
367,a,,,7.0,26,17,0,0,0,0,3.3,91,30,0,0,3.6,96,41,0,0,0.0,561,244,0.0,18.7,0,0,0,0,0,2.5,,0.0,0.0,0.0,0.0,0.27,0.15,0.42,1.15,0.0,97,29,0.0,23,22,0.0,10,5,0.0,18,14,2.0,,3.0,1,,Cody,Gakpo,Gakpo,,,0,0,0,0,0,0,0,0,0,0,0,0,0,,,,0.0,0.33,1.28,1.05,5.0,0,0,0
368,a,,,7.0,27,18,0,0,0,0,42.4,4,2,0,0,4.4,35,14,0,0,0.0,562,245,0.0,22.9,0,0,0,0,0,2.5,,0.0,0.0,0.0,0.0,0.13,0.19,0.32,1.27,0.0,18,5,0.0,2,2,0.0,58,34,0.0,4,3,1.0,1.0,2.0,1,,Dominik,Szoboszlai,Szoboszlai,,,0,0,0,0,0,0,0,0,0,0,0,0,0,,,,0.0,0.25,1.45,1.0,9.41,0,0,0
369,a,,,6.0,109,71,0,0,0,0,1.4,170,57,0,0,2.3,261,109,0,0,0.0,531,219,0.0,7.2,0,0,0,0,0,2.1,,0.0,0.0,0.0,0.0,0.22,0.33,0.55,1.47,0.0,260,118,0.0,151,102,0.0,152,83,0.0,222,112,,,,1,,Rio,Ngumoha,Ngumoha,,,0,0,0,0,0,0,0,0,0,0,0,0,0,,,,0.0,0.33,1.97,0.82,4.94,0,0,0
370,a,,,5.5,143,89,0,0,0,0,0.2,374,138,0,0,1.4,340,154,0,0,0.0,398,139,0.0,6.7,0,0,0,0,0,2.0,,0.0,0.0,0.0,0.0,0.41,0.17,0.58,1.85,0.0,292,135,0.0,287,155,0.0,172,91,0.0,278,136,,,,1,,Federico,Chiesa,Chiesa,,,0,0,0,0,0,0,0,0,0,0,0,0,0,,,,0.0,0.0,2.56,0.28,8.52,0,0,0
371,a,,,6.0,83,53,0,0,0,0,2.0,129,39,0,0,4.0,59,26,0,0,0.0,505,201,0.0,24.0,0,0,0,0,0,2.1,,0.0,0.0,0.0,0.0,0.06,0.07,0.13,1.16,0.0,50,13,0.0,50,44,0.0,140,80,0.0,58,37,,,,1,,Ryan,Gravenberch,Gravenberch,,,0,0,0,0,0,0,0,0,0,0,0,0,0,,,,0.0,0.27,1.26,1.02,8.97,0,0,0
372,a,,,5.5,149,93,0,0,0,0,1.9,135,40,0,0,2.9,184,69,0,0,0.0,404,143,0.0,19.6,0,0,0,0,0,2.0,,0.0,0.0,0.0,0.0,0.13,0.06,0.19,1.25,0.0,123,44,0.0,40,37,0.0,73,44,0.0,59,38,,,5.0,1,,Alexis,Mac Allister,Mac Allister,,,0,0,0,0,0,0,0,0,0,0,0,0,0,,,,0.0,0.24,1.39,1.05,7.77,0,0,0
373,a,,,5.5,136,84,0,0,0,0,0.2,389,147,0,0,2.4,251,103,0,0,0.0,391,134,0.0,14.7,0,0,0,0,0,2.0,,0.0,0.0,0.0,0.0,0.1,0.13,0.23,1.47,0.0,149,57,0.0,72,54,0.0,134,77,0.0,119,67,,,,1,,Curtis,Jones,C.Jones,,,0,0,0,0,0,0,0,0,0,0,0,0,0,,,,0.0,0.14,1.73,0.84,11.09,0,0,0
374,a,100.0,,5.0,244,148,0,0,0,0,0.0,540,225,0,0,1.5,330,146,0,0,0.0,220,36,0.0,2.4,0,0,0,0,0,1.5,,0.0,0.0,0.0,0.0,0.02,0.03,0.05,2.18,0.0,333,149,0.0,325,166,0.0,335,170,0.0,346,163,,,,1,,Endo,Wataru,Endo,,,0,0,0,0,0,0,0,0,0,0,0,0,0,,,,0.0,0.53,2.65,0.53,12.18,0,0,0
375,a,,,5.0,373,223,0,0,0,0,0.1,489,201,0,0,1.0,383,179,0,0,0.0,349,111,0.0,1.2,0,0,0,0,0,1.5,,0.0,0.0,0.0,0.0,1.59,0.09,1.68,3.64,0.0,378,175,0.0,333,169,0.0,344,176,0.0,372,172,,,,1,,Trey,Nyoni,Nyoni,,,0,0,0,0,0,0,0,0,0,0,0,0,0,,,,0.0,0.0,4.29,0.0,21.43,0,0,0
376,i,0.0,,5.0,357,209,0,0,0,0,0.0,585,258,0,0,0.0,541,227,0,0,0.0,333,97,0.0,0.0,0,0,0,0,0,0.0,,0.0,0.0,0.0,0.0,0.0,0.0,0.0,0.0,0.0,541,227,0.0,541,227,0.0,538,226,0.0,541,227,,,,1,,Stefan,Bajčetić Maquieira,Bajcetic,Hamstring injury - Expected back 23 Aug,,0,0,0,0,0,0,0,0,0,0,0,0,0,,,,0.0,0.0,0.0,0.0,0.0,0,0,0
377,a,,,6.5,54,38,0,0,0,0,0.8,219,73,0,0,0.0,586,258,0,0,0.0,556,239,0.0,0.0,0,0,0,0,0,2.3,,0.0,0.0,0.0,0.0,0.0,0.0,0.0,0.0,0.0,586,258,0.0,586,258,0.0,586,258,0.0,586,258,,,,1,,Victor,Munoz,Munoz,,,0,0,0,0,0,0,0,0,0,0,0,0,0,,,,0.0,0.0,0.0,0.0,0.0,0,0,0
378,a,,,4.5,472,246,0,0,0,0,0.2,343,121,0,0,0.0,478,196,0,0,0.0,152,12,0.0,0.0,0,0,0,0,0,1.0,,0.0,0.0,0.0,0.0,0.0,0.0,0.0,0.0,0.0,473,193,0.0,467,195,0.0,454,189,0.0,475,194,,,,1,,James,McConnell,McConnell,,,0,0,0,0,0,0,0,0,0,0,0,0,0,,,,0.0,0.0,0.0,0.0,0.0,0,0,0
379,a,,,9.0,5,2,0,0,0,0,14.0,29,6,0,0,2.9,188,18,0,0,0.0,583,69,0.0,4.6,0,0,0,0,0,2.7,,0.0,0.0,0.0,0.0,0.34,0.01,0.35,1.09,0.0,277,28,0.0,299,37,0.0,162,33,0.0,273,34,,,1.0,1,,Alexander,Isak,Isak,,,0,0,0,0,0,0,0,0,0,0,0,0,0,,,,0.0,0.13,1.17,1.04,3.89,0,0,0
380,i,0.0,,7.5,21,8,0,0,0,0,0.2,350,60,0,0,4.5,28,4,0,0,0.0,574,66,0.0,16.7,0,0,0,0,0,0.0,,0.0,0.0,0.0,0.0,0.51,0.12,0.63,1.31,0.0,109,10,0.0,121,10,0.0,21,12,0.0,47,9,,,,1,,Hugo,Ekitiké,Ekitiké,Achilles injury - Unknown return date,,0,0,0,0,0,0,0,0,0,0,0,0,0,,,,0.0,0.35,1.25,1.05,4.26,0,0,0
381,a,,,5.0,351,204,0,0,0,0,0.0,553,233,0,0,0.0,539,226,0,0,0.0,327,92,0.0,0.0,0,0,0,0,0,1.5,,0.0,0.0,0.0,0.0,0.0,0.0,0.0,0.0,0.0,539,226,0.0,539,226,0.0,536,225,0.0,539,226,,,,1,,Lewis,Koumas,Koumas,,,0,0,0,0,0,0,0,0,0,0,0,0,0,,,,0.0,0.0,0.0,0.0,0.0,0,0,0
382,i,0.0,,4.5,476,60,0,0,0,0,0.0,513,67,0,0,0.0,481,48,0,0,0.0,156,2,0.0,0.0,0,0,0,0,0,0.0,,0.0,0.0,0.0,0.0,0.0,0.0,0.0,0.0,0.0,476,46,0.0,470,46,0.0,458,46,0.0,478,47,,,,1,,Jayden,Danns,Danns,Unspecified injury - Unknown return date,,0,0,0,0,0,0,0,0,0,0,0,0,0,,,,0.0,0.0,0.0,0.0,0.0,0,0,0
383,a,,,5.5,165,104,0,0,0,0,0.1,445,181,0,0,1.0,387,183,0,0,0.0,420,154,0.0,0.9,0,0,0,0,0,2.0,,0.0,0.0,0.0,0.0,0.24,0.07,0.31,1.42,0.0,368,168,0.0,309,162,0.0,299,155,0.0,352,165,,,,1,,Harvey,Elliott,Elliott,,,0,0,0,0,0,0,0,0,0,0,0,0,0,,,,0.0,0.0,1.64,0.82,4.91,0,0,0
579,a,,,5.5,166,21,0,0,0,0,0.8,212,77,0,0,0.0,565,191,0,0,0.0,421,170,0.0,0.0,0,0,0,0,0,2.5,,0.0,0.0,0.0,0.0,0.0,0.0,0.0,0.0,0.0,565,191,0.0,565,191,0.0,564,191,0.0,565,191,,,,1,,Ronald,Araujo,Araujo,,,0,0,0,0,0,0,0,0,0,0,0,0,0,,,,0.0,0.0,0.0,0.0,0.0,0,0,0
238,d,75.0,,6.5,32,20,0,0,0,0,0.1,425,169,0,0,4.0,60,27,0,0,0.0,534,221,0.0,12.2,0,0,0,0,0,1.7,,0.0,0.0,0.0,0.0,0.11,0.19,0.3,1.43,0.0,162,64,0.0,46,42,0.0,68,41,0.0,75,46,,,,1,,Jack,Grealish,Grealish,Foot injury - 75% chance of playing,,0,0,0,0,0,0,0,0,0,0,0,0,0,,,,0.0,0.39,1.27,1.0,7.47,0,0,0
384,a,,,5.5,134,4,0,0,0,0,11.1,43,6,0,0,4.0,55,4,0,0,0.0,389,64,0.0,24.5,0,0,0,0,0,3.3,,0.0,0.0,0.0,0.0,0.0,0.0,0.0,1.13,0.0,56,14,0.0,338,7,0.0,358,4,0.0,204,14,,,,1,,Gianluigi,Donnarumma,Donnarumma,,,0,0,0,0,0,0,0,0,0,0,0,0,0,,,,2.29,0.44,0.85,1.0,0.0,0,0,0
386,a,,,4.5,406,29,0,0,0,0,0.0,523,63,0,0,0.0,462,54,0,0,0.0,86,29,0.0,0.0,0,0,0,0,0,1.9,,0.0,0.0,0.0,0.0,0.0,0.0,0.0,0.0,0.0,457,54,0.0,447,42,0.0,430,33,0.0,459,54,,,,1,,Marcus,Bettinelli,Bettinelli,,,0,0,0,0,0,0,0,0,0,0,0,0,0,,,,0.0,0.0,0.0,0.0,0.0,0,0,0
387,a,,,6.5,49,4,0,0,0,0,22.1,15,5,0,0,4.7,22,7,0,0,0.0,551,192,0.0,24.6,0,0,0,0,0,3.1,,0.0,0.0,0.0,0.0,0.21,0.09,0.3,1.19,0.0,61,26,0.0,70,17,0.0,36,1,0.0,40,6,,,,1,,Nico,O'Reilly,O'Reilly,,,0,0,0,0,0,0,0,0,0,0,0,0,0,,,,0.0,0.48,0.85,0.99,5.86,0,0,0
388,a,,,6.0,69,6,0,0,0,0,22.5,13,4,0,0,5.1,8,2,0,0,0.0,491,185,0.0,29.8,0,0,0,0,0,2.8,,0.0,0.0,0.0,0.0,0.12,0.07,0.19,1.27,0.0,13,5,0.0,125,29,0.0,65,6,0.0,44,8,,,,1,,Marc,Guéhi,Guéhi,,,0,0,0,0,0,0,0,0,0,0,0,0,0,,,,0.0,0.4,1.0,1.0,7.94,0,0,0
389,a,,,6.0,90,10,0,0,0,0,4.5,78,31,0,0,4.5,26,10,0,0,0.0,512,189,0.0,25.7,0,0,0,0,0,2.8,,0.0,0.0,0.0,0.0,0.01,0.07,0.08,1.1,0.0,48,20,0.0,42,4,0.0,205,55,0.0,66,12,,,5.0,1,,Matheus,Nunes,Matheus N.,,,0,0,0,0,0,0,0,0,0,0,0,0,0,,,,0.0,0.38,0.88,1.01,6.13,0,0,0
390,a,,,5.5,121,11,0,0,0,0,1.6,156,60,0,0,4.3,38,14,0,0,0.0,376,160,0.0,20.5,0,0,0,0,0,2.5,,0.0,0.0,0.0,0.0,0.02,0.03,0.05,1.1,0.0,89,38,0.0,205,53,0.0,237,73,0.0,172,60,,,,1,,Rúben,dos Santos Gato Alves Dias,Rúben,,,0,0,0,0,0,0,0,0,0,0,0,0,0,,,,0.0,0.5,0.93,1.01,7.03,0,0,0
391,a,,,5.5,181,26,0,0,0,0,13.8,30,11,0,0,4.4,31,11,0,0,0.0,436,175,0.0,14.4,0,0,0,0,0,2.5,,0.0,0.0,0.0,0.0,0.15,0.05,0.2,1.05,0.0,165,69,0.0,232,71,0.0,143,32,0.0,200,67,,,,1,,Joško,Gvardiol,Gvardiol,,,0,0,0,0,0,0,0,0,0,0,0,0,0,,,,0.0,0.39,0.85,1.05,6.77,0,0,0
392,a,,,5.5,169,23,0,0,0,0,1.2,178,64,0,0,3.5,106,44,0,0,0.0,424,172,0.0,10.9,0,0,0,0,0,2.5,,0.0,0.0,0.0,0.0,0.05,0.19,0.24,1.14,0.0,254,95,0.0,153,37,0.0,244,75,0.0,244,78,,,,1,,Rayan,Aït-Nouri,Aït-Nouri,,,0,0,0,0,0,0,0,0,0,0,0,0,0,,,,0.0,0.46,0.74,1.11,6.21,0,0,0
393,a,,,5.5,215,33,0,0,0,0,1.9,132,52,0,0,3.2,151,60,0,0,0.0,470,182,0.0,12.2,0,0,0,0,0,2.5,,0.0,0.0,0.0,0.0,0.04,0.08,0.12,1.32,0.0,202,76,0.0,230,69,0.0,305,105,0.0,261,86,,,,1,,Abdukodir,Khusanov,Khusanov,,,0,0,0,0,0,0,0,0,0,0,0,0,0,,,,0.0,0.38,0.82,0.95,7.76,0,0,0
394,a,,,5.0,335,69,0,0,0,0,0.0,526,178,0,0,2.5,232,96,0,0,0.0,311,151,0.0,1.0,0,0,0,0,0,2.2,,0.0,0.0,0.0,0.0,0.17,0.04,0.21,1.03,0.0,345,120,0.0,330,116,0.0,304,104,0.0,349,119,,,,1,,Max,Alleyne,Alleyne,,,0,0,0,0,0,0,0,0,0,0,0,0,0,,,,0.0,0.0,0.67,1.33,7.33,0,0,0
395,a,,,4.5,465,125,0,0,0,0,0.2,352,131,0,0,1.7,312,115,0,0,0.0,145,97,0.0,4.2,0,0,0,0,0,1.7,,0.0,0.0,0.0,0.0,0.04,0.31,0.35,1.53,0.0,320,114,0.0,229,68,0.0,274,88,0.0,304,103,,,,1,,Rico,Lewis,Lewis,,,0,0,0,0,0,0,0,0,0,0,0,0,0,,,,0.0,0.22,1.57,0.9,4.26,0,0,0
396,a,,,4.5,512,143,0,0,0,0,0.0,539,183,0,0,0.0,495,182,0,0,0.0,192,115,0.0,0.0,0,0,0,0,0,1.7,,0.0,0.0,0.0,0.0,0.0,0.0,0.0,0.0,0.0,494,182,0.0,489,182,0.0,480,182,0.0,494,182,,,,1,,Vitor,de Oliveira Nunes dos Reis,Vitor Reis,,,0,0,0,0,0,0,0,0,0,0,0,0,0,,,,0.0,0.0,0.0,0.0,0.0,0,0,0
397,a,,,8.5,6,4,0,0,0,0,27.8,6,3,0,0,5.5,5,2,0,0,0.0,582,256,0.0,23.8,0,0,0,0,0,2.9,,0.0,0.0,0.0,0.0,0.31,0.09,0.4,1.34,0.0,10,2,0.0,32,31,0.0,4,1,0.0,5,4,,,3.0,1,,Antoine,Semenyo,Semenyo,,,0,0,0,0,0,0,0,0,0,0,0,0,0,,,,0.0,0.34,1.46,1.04,6.64,0,0,0
398,a,,,7.0,25,16,0,0,0,0,6.1,65,23,0,0,4.0,61,28,0,0,0.0,560,243,0.0,18.7,0,0,0,0,0,2.5,,0.0,0.0,0.0,0.0,0.26,0.21,0.47,1.19,0.0,81,27,0.0,9,9,0.0,40,24,0.0,23,19,2.0,3.0,,1,,Phil,Foden,Foden,,,0,0,0,0,0,0,0,0,0,0,0,0,0,,,,0.0,0.48,0.82,1.0,6.93,0,0,0
399,a,,,7.5,18,11,0,0,0,0,8.8,50,18,0,0,4.1,49,23,0,0,0.0,571,250,0.0,18.0,0,0,0,0,0,2.6,,0.0,0.0,0.0,0.0,0.22,0.45,0.67,1.28,0.0,73,23,0.0,5,5,0.0,34,20,0.0,13,10,1.0,1.0,,1,,Rayan,Cherki,Cherki,,,0,0,0,0,0,0,0,0,0,0,0,0,0,,,,0.0,0.41,0.91,0.97,6.86,0,0,0
400,a,,,7.5,17,10,0,0,0,0,6.5,62,22,0,0,4.0,62,29,0,0,0.0,570,249,0.0,16.0,0,0,0,0,0,2.6,,0.0,0.0,0.0,0.0,0.15,0.3,0.45,1.18,0.0,98,30,0.0,13,12,0.0,27,13,0.0,21,17,,,4.0,1,,Jérémy,Doku,Doku,,,0,0,0,0,0,0,0,0,0,0,0,0,0,,,,0.0,0.41,0.91,0.96,6.4,0,0,0
401,a,,,7.0,28,9,0,0,0,0,0.8,208,34,0,0,2.7,216,23,0,0,0.0,563,61,0.0,8.0,0,0,0,0,0,2.2,,0.0,0.0,0.0,0.0,0.36,0.1,0.46,1.03,0.0,250,24,0.0,195,20,0.0,106,26,0.0,211,22,,2.0,2.0,1,,Omar,Marmoush,Marmoush,,,0,0,0,0,0,0,0,0,0,0,0,0,0,,,,0.0,0.52,0.65,1.04,5.08,0,0,0
402,i,0.0,,6.5,38,26,0,0,0,0,0.1,474,194,0,0,3.3,136,56,0,0,0.0,540,227,0.0,10.6,0,0,0,0,0,0.0,,0.0,0.0,0.0,0.0,0.07,0.15,0.22,1.24,0.0,170,68,0.0,67,52,0.0,214,118,0.0,150,78,,,,1,,Rodrigo 'Rodri',Hernandez Cascante,Rodrigo,Back injury - Unknown return date,,0,0,0,0,0,0,0,0,0,0,0,0,0,,,,0.0,0.3,0.89,1.01,12.28,0,0,0
403,a,,,6.5,51,36,0,0,0,0,0.1,409,159,0,0,1.8,310,135,0,0,0.0,553,237,0.0,6.6,0,0,0,0,0,2.3,,0.0,0.0,0.0,0.0,0.28,0.18,0.46,1.24,0.0,286,132,0.0,171,113,0.0,88,55,0.0,209,106,,,,1,,Sávio,Moreira de Oliveira,Savinho,,,0,0,0,0,0,0,0,0,0,0,0,0,0,,,,0.0,0.33,0.77,0.77,6.5,0,0,0
404,a,,,6.0,78,50,0,0,0,0,0.3,297,99,0,0,3.3,134,55,0,0,0.0,500,198,0.0,15.3,0,0,0,0,0,2.1,,0.0,0.0,0.0,0.0,0.26,0.13,0.39,1.04,0.0,178,74,0.0,102,74,0.0,51,30,0.0,105,61,,,,1,,Tijjani,Reijnders,Reijnders,,,0,0,0,0,0,0,0,0,0,0,0,0,0,,,,0.0,0.39,1.0,1.05,5.55,0,0,0
405,a,,,5.5,176,107,0,0,0,0,0.1,416,164,0,0,2.5,236,92,0,0,0.0,431,157,0.0,11.5,0,0,0,0,0,2.0,,0.0,0.0,0.0,0.0,0.04,0.06,0.1,1.17,0.0,197,86,0.0,147,99,0.0,259,137,0.0,219,110,,,,1,,Nico,González Iglesias,N.Gonzalez,,,0,0,0,0,0,0,0,0,0,0,0,0,0,,,,0.0,0.4,1.04,0.98,11.88,0,0,0
406,a,,,5.5,114,75,0,0,0,0,0.0,508,210,0,0,1.5,331,147,0,0,0.0,369,125,0.0,1.6,0,0,0,0,0,2.0,,0.0,0.0,0.0,0.0,0.09,0.3,0.39,2.88,0.0,335,151,0.0,270,149,0.0,345,177,0.0,333,156,,,,1,,Mateo,Kovačić,Kovačić,,,0,0,0,0,0,0,0,0,0,0,0,0,0,,,,0.0,0.0,2.16,0.72,12.96,0,0,0
407,a,,,5.0,370,220,0,0,0,0,0.0,558,238,0,0,0.0,546,231,0,0,0.0,346,108,0.0,0.0,0,0,0,0,0,1.5,,0.0,0.0,0.0,0.0,0.0,0.0,0.0,0.0,0.0,546,231,0.0,546,231,0.0,544,231,0.0,546,231,,,,1,,Claudio,Echeverri,Echeverri,,,0,0,0,0,0,0,0,0,0,0,0,0,0,,,,0.0,0.0,0.0,0.0,0.0,0,0,0
408,a,,,5.0,241,145,0,0,0,0,0.0,533,221,0,0,0.0,502,202,0,0,0.0,217,33,0.0,0.0,0,0,0,0,0,1.5,,0.0,0.0,0.0,0.0,0.0,0.0,0.0,0.0,0.0,502,202,0.0,498,202,0.0,492,201,0.0,502,202,,,,1,,Kalvin,Phillips,Phillips,,,0,0,0,0,0,0,0,0,0,0,0,0,0,,,,0.0,0.0,0.0,0.0,0.0,0,0,0
409,a,,,4.5,505,254,0,0,0,0,0.1,399,152,0,0,1.0,372,170,0,0,0.0,185,20,0.0,0.4,0,0,0,0,0,1.0,,0.0,0.0,0.0,0.0,0.0,0.76,0.76,1.22,0.0,377,174,0.0,313,163,0.0,341,173,0.0,364,170,,,,1,,Divine,Mukasa,Mukasa,,,0,0,0,0,0,0,0,0,0,0,0,0,0,,,,0.0,0.0,0.0,0.0,3.6,0,0,0
410,a,,,5.0,383,230,0,0,0,0,0.0,554,234,0,0,0.0,552,235,0,0,0.0,359,118,0.0,0.0,0,0,0,0,0,1.5,,0.0,0.0,0.0,0.0,0.0,0.0,0.0,0.0,0.0,552,235,0.0,552,235,0.0,550,235,0.0,552,235,,,,1,,Jeremy,Monga,Monga,,,0,0,0,0,0,0,0,0,0,0,0,0,0,,,,0.0,0.0,0.0,0.0,0.0,0,0,0
411,a,,,15.5,1,1,0,0,0,0,73.4,1,1,0,0,6.8,2,1,0,0,0.0,587,70,0.0,15.4,0,0,0,0,0,4.0,,0.0,0.0,0.0,0.0,0.78,0.08,0.86,1.18,0.0,2,1,0.0,111,6,0.0,1,1,0.0,2,1,,,1.0,1,,Erling,Haaland,Haaland,,,0,0,0,0,0,0,0,0,0,0,0,0,0,,,,0.0,0.4,0.98,1.04,3.17,0,0,0
481,a,,,6.5,36,24,0,0,0,0,10.9,44,15,0,0,4.7,21,10,0,0,0.0,538,225,0.0,27.7,0,0,0,0,0,2.3,,0.0,0.0,0.0,0.0,0.08,0.13,0.21,1.45,0.0,11,3,0.0,6,6,0.0,95,60,0.0,12,9,3.0,,,1,,Elliot,Anderson,Anderson,,,0,0,0,0,0,0,0,0,0,0,0,0,0,,,,0.0,0.27,1.35,1.0,13.91,0,0,0
587,a,,,5.0,232,8,0,0,0,0,0.0,584,65,0,0,0.0,499,62,0,0,0.0,208,49,0.0,0.0,0,0,0,0,0,2.6,,0.0,0.0,0.0,0.0,0.0,0.0,0.0,0.0,0.0,499,62,0.0,494,57,0.0,488,52,0.0,499,62,,,,1,,Gerónimo,Rulli,Rulli,,,0,0,0,0,0,0,0,0,0,0,0,0,0,,,,0.0,0.0,0.0,0.0,0.0,0,0,0
43,a,100.0,,6.0,62,41,0,0,0,0,1.8,138,43,0,0,2.7,215,84,0,0,0.0,484,189,0.0,11.3,0,0,0,0,0,2.1,,0.0,0.0,0.0,0.0,0.06,0.16,0.22,1.52,0.0,143,54,0.0,48,43,0.0,170,89,0.0,102,59,,,3.0,1,,Youri,Tielemans,Tielemans,,,0,0,0,0,0,0,0,0,0,0,0,0,0,,,,0.0,0.19,1.31,1.02,9.84,0,0,0
162,a,,,5.0,354,206,0,0,0,0,1.3,175,59,0,0,1.7,316,139,0,0,0.0,330,94,0.0,9.4,0,0,0,0,0,1.5,,0.0,0.0,0.0,0.0,0.14,0.06,0.2,1.36,0.0,233,103,0.0,200,128,0.0,241,129,0.0,251,124,,,,1,,Andrey,Nascimento dos Santos,Andrey Santos,,,0,0,0,0,0,0,0,0,0,0,0,0,0,,,,0.0,0.07,1.3,0.94,9.31,0,0,0
325,d,75.0,,4.5,391,21,0,0,0,0,0.0,511,61,0,0,3.2,137,17,0,0,0.0,71,21,0.0,15.8,0,0,0,0,0,1.4,,0.0,0.0,0.0,0.0,0.0,0.0,0.0,1.29,0.0,105,17,0.0,437,34,0.0,420,25,0.0,238,17,,,,1,,Karl,Darlow,Darlow,Unspecified injury - 75% chance of playing,,0,0,0,0,0,0,0,0,0,0,0,0,0,,,,2.86,0.23,1.23,1.0,0.0,0,0,0
412,a,,,5.0,313,17,0,0,0,0,19.4,18,4,0,0,3.4,113,15,0,0,0.0,289,58,0.0,21.8,0,0,0,0,0,2.6,,0.0,0.0,0.0,0.0,0.0,0.0,0.0,1.23,0.0,66,15,0.0,525,63,0.0,355,2,0.0,213,15,,,,1,,Senne,Lammens,Lammens,,,0,0,0,0,0,0,0,0,0,0,0,0,0,,,,2.47,0.25,1.22,1.0,0.0,0,0,0
413,u,0.0,,4.5,454,35,0,0,0,0,0.1,434,50,0,0,1.8,300,29,0,0,0.0,134,35,0.0,2.4,0,0,0,0,0,0.0,,0.0,0.0,0.0,0.0,0.0,0.01,0.01,1.54,0.0,294,22,0.0,340,9,0.0,444,39,0.0,326,22,,,,1,,Altay,Bayındır,Bayindir,Has joined Celta Vigo on loan for the rest of the season,,0,0,0,0,0,0,0,0,0,0,0,0,0,,,,2.17,0.0,1.83,1.0,0.0,0,0,0
414,a,,,4.0,519,46,0,0,0,0,0.3,315,39,0,0,0.0,401,32,0,0,0.0,1,1,0.0,0.0,0,0,0,0,0,1.0,,0.0,0.0,0.0,0.0,0.0,0.0,0.0,0.0,0.0,395,32,0.0,378,14,0.0,359,5,0.0,397,32,,,,1,,Tom,Heaton,Heaton,,,0,0,0,0,0,0,0,0,0,0,0,0,0,,,,0.0,0.0,0.0,0.0,0.0,0,0,0
415,a,,,6.0,107,69,0,0,0,0,1.5,161,52,0,0,3.7,82,36,0,0,0.0,529,217,0.0,15.8,0,0,0,0,0,2.1,,0.0,0.0,0.0,0.0,0.15,0.12,0.27,1.23,0.0,125,45,0.0,80,59,0.0,80,49,0.0,89,52,,,,1,,Patrick,Dorgu,Dorgu,,,0,0,0,0,0,0,0,0,0,0,0,0,0,,,,0.0,0.25,1.25,0.94,6.12,0,0,0
416,i,0.0,,5.0,261,43,0,0,0,0,0.0,531,181,0,0,3.3,127,49,0,0,0.0,237,125,0.0,8.6,0,0,0,0,0,0.0,,0.0,0.0,0.0,0.0,0.11,0.06,0.17,1.44,0.0,214,82,0.0,275,93,0.0,213,60,0.0,259,84,,,,1,,Matthijs,de Ligt,De Ligt,Back injury - Unknown return date,,0,0,0,0,0,0,0,0,0,0,0,0,0,,,,0.0,0.08,1.54,1.0,8.23,0,0,0
417,a,,,5.0,269,46,0,0,0,0,3.1,98,38,0,0,3.3,128,50,0,0,0.0,245,128,0.0,22.2,0,0,0,0,0,2.2,,0.0,0.0,0.0,0.0,0.07,0.09,0.16,1.26,0.0,102,45,0.0,57,10,0.0,153,38,0.0,90,24,,,,1,,Diogo,Dalot Teixeira,Dalot,,,0,0,0,0,0,0,0,0,0,0,0,0,0,,,,0.0,0.24,1.38,1.0,6.21,0,0,0
418,a,,,5.0,228,36,0,0,0,0,10.0,48,17,0,0,3.9,63,24,0,0,0.0,204,118,0.0,18.0,0,0,0,0,0,2.2,,0.0,0.0,0.0,0.0,0.06,0.03,0.09,1.25,0.0,158,64,0.0,273,92,0.0,169,48,0.0,215,69,,,,1,,Harry,Maguire,Maguire,,,0,0,0,0,0,0,0,0,0,0,0,0,0,,,,0.0,0.38,1.09,1.04,8.24,0,0,0
419,d,75.0,,5.0,275,49,0,0,0,0,0.4,282,108,0,0,2.8,193,81,0,0,0.0,251,131,0.0,10.2,0,0,0,0,0,1.6,,0.0,0.0,0.0,0.0,0.01,0.04,0.05,1.11,0.0,201,75,0.0,241,78,0.0,313,111,0.0,264,88,,,,1,,Lisandro,Martínez,Martinez,Thigh injury - 75% chance of playing,,0,0,0,0,0,0,0,0,0,0,0,0,0,,,,0.0,0.37,1.1,0.95,7.69,0,0,0
420,a,,,5.0,366,73,0,0,0,0,0.8,209,76,0,0,1.8,306,113,0,0,0.0,342,155,0.0,11.2,0,0,0,0,0,2.2,,0.0,0.0,0.0,0.0,0.07,0.03,0.1,1.4,0.0,188,73,0.0,251,82,0.0,211,59,0.0,239,75,,,,1,,Leny,Yoro,Yoro,,,0,0,0,0,0,0,0,0,0,0,0,0,0,,,,0.0,0.1,1.72,0.94,8.12,0,0,0
421,a,,,4.5,510,141,0,0,0,0,0.3,299,109,0,0,2.5,230,94,0,0,0.0,190,113,0.0,9.3,0,0,0,0,0,1.7,,0.0,0.0,0.0,0.0,0.03,0.02,0.05,1.17,0.0,231,87,0.0,307,105,0.0,303,103,0.0,292,99,,,,1,,Ayden,Heaven,Heaven,,,0,0,0,0,0,0,0,0,0,0,0,0,0,,,,0.0,0.2,1.47,1.08,9.1,0,0,0
422,a,,,4.5,435,105,0,0,0,0,0.8,217,81,0,0,2.6,218,87,0,0,0.0,115,77,0.0,11.8,0,0,0,0,0,1.7,,0.0,0.0,0.0,0.0,0.02,0.03,0.05,1.2,0.0,244,93,0.0,224,64,0.0,289,96,0.0,274,90,,,,1,,Noussair,Mazraoui,Mazraoui,,,0,0,0,0,0,0,0,0,0,0,0,0,0,,,,0.0,0.46,0.92,1.01,8.66,0,0,0
423,a,,,4.5,400,82,0,0,0,0,24.3,11,2,0,0,3.0,165,68,0,0,0.0,80,54,0.0,25.1,0,0,0,0,0,1.7,,0.0,0.0,0.0,0.0,0.02,0.06,0.08,1.25,0.0,90,39,0.0,115,28,0.0,233,70,0.0,137,45,3.0,,,1,,Luke,Shaw,Shaw,,,0,0,0,0,0,0,0,0,0,0,0,0,0,,,,0.0,0.28,1.26,1.06,6.26,0,0,0
424,a,,,4.0,578,185,0,0,0,0,0.2,349,130,0,0,0.0,449,166,0,0,0.0,60,41,0.0,0.0,0,0,0,0,0,1.0,,0.0,0.0,0.0,0.0,0.0,0.0,0.0,0.0,0.0,444,166,0.0,430,166,0.0,412,163,0.0,446,166,,,,1,,Harry,Amass,Amass,,,0,0,0,0,0,0,0,0,0,0,0,0,0,,,,0.0,0.0,0.0,0.0,0.0,0,0,0
425,a,,,4.0,574,181,0,0,0,0,0.1,467,160,0,0,1.0,358,123,0,0,0.0,56,37,0.0,0.2,0,0,0,0,0,1.0,,0.0,0.0,0.0,0.0,0.0,0.0,0.0,13.5,0.0,379,131,0.0,428,164,0.0,409,160,0.0,390,132,,,,1,,Tyler,Fredricson,Fredricson,,,0,0,0,0,0,0,0,0,0,0,0,0,0,,,,0.0,0.0,0.0,0.0,90.0,0,0,0
426,a,,,12.0,2,1,0,0,0,0,48.0,3,1,0,0,6.7,3,1,0,0,0.0,586,259,0.0,19.6,0,0,0,0,0,4.0,,0.0,0.0,0.0,0.0,0.32,0.36,0.68,1.3,0.0,1,1,0.0,1,1,0.0,29,15,0.0,1,1,1.0,1.0,1.0,1,,Bruno,Borges Fernandes,B.Fernandes,,,0,0,0,0,0,0,0,0,0,0,0,0,0,,,,0.0,0.21,1.35,1.03,8.43,0,0,0
427,a,,,8.0,11,7,0,0,0,0,27.4,7,4,0,0,4.5,30,13,0,0,0.0,580,255,0.0,18.5,0,0,0,0,0,2.8,,0.0,0.0,0.0,0.0,0.41,0.17,0.58,1.24,0.0,67,19,0.0,17,16,0.0,7,2,0.0,9,7,2.0,2.0,2.0,1,,Bryan,Mbeumo,Mbeumo,,,0,0,0,0,0,0,0,0,0,0,0,0,0,,,,0.0,0.28,1.28,1.07,4.79,0,0,0
428,a,,,8.0,10,6,0,0,0,0,12.0,35,10,0,0,4.3,40,17,0,0,0.0,579,254,0.0,17.9,0,0,0,0,0,2.8,,0.0,0.0,0.0,0.0,0.25,0.12,0.37,1.29,0.0,54,15,0.0,41,38,0.0,17,8,0.0,22,18,,,,1,,Matheus,Santos Carneiro da Cunha,Cunha,,,0,0,0,0,0,0,0,0,0,0,0,0,0,,,,0.0,0.29,1.26,1.05,7.62,0,0,0
429,a,,,7.0,23,14,0,0,0,0,1.5,159,50,0,0,0.0,587,259,0,0,0.0,558,241,0.0,0.0,0,0,0,0,0,2.5,,0.0,0.0,0.0,0.0,0.0,0.0,0.0,0.0,0.0,587,259,0.0,587,259,0.0,587,259,0.0,587,259,,,,1,,Marcus,Rashford,Rashford,,,0,0,0,0,0,0,0,0,0,0,0,0,0,,,,0.0,0.0,0.0,0.0,0.0,0,0,0
430,a,,,5.5,127,79,0,0,0,0,0.1,412,161,0,0,2.5,234,91,0,0,0.0,382,129,0.0,10.5,0,0,0,0,0,2.0,,0.0,0.0,0.0,0.0,0.14,0.14,0.28,1.11,0.0,251,113,0.0,156,104,0.0,184,101,0.0,227,116,,3.0,,1,,Mason,Mount,Mount,,,0,0,0,0,0,0,0,0,0,0,0,0,0,,,,0.0,0.45,1.34,1.07,9.09,0,0,0
431,a,,,6.0,96,61,0,0,0,0,1.7,148,46,0,0,2.8,200,76,0,0,0.0,518,209,0.0,15.2,0,0,0,0,0,2.1,,0.0,0.0,0.0,0.0,0.21,0.18,0.39,1.22,0.0,138,51,0.0,35,34,0.0,33,19,0.0,41,28,4.0,,,1,,Amad,Diallo,Amad,,,0,0,0,0,0,0,0,0,0,0,0,0,0,,,,0.0,0.23,1.27,1.04,7.62,0,0,0
432,a,,,5.5,199,124,0,0,0,0,1.2,179,61,0,0,2.6,228,88,0,0,0.0,454,174,0.0,13.3,0,0,0,0,0,2.0,,0.0,0.0,0.0,0.0,0.03,0.07,0.1,1.25,0.0,167,66,0.0,94,68,0.0,240,128,0.0,169,82,,,,1,,Kobbie,Mainoo,Mainoo,,,0,0,0,0,0,0,0,0,0,0,0,0,0,,,,0.0,0.33,1.2,0.87,10.18,0,0,0
433,i,0.0,,5.0,283,168,0,0,0,0,0.0,581,256,0,0,1.7,314,137,0,0,0.0,259,56,0.0,7.6,0,0,0,0,0,0.0,,0.0,0.0,0.0,0.0,0.07,0.02,0.09,1.87,0.0,263,119,0.0,250,141,0.0,278,148,0.0,289,140,,,,1,,Manuel,Ugarte Ribeiro,Ugarte,Knee injury - Unknown return date,,0,0,0,0,0,0,0,0,0,0,0,0,0,,,,0.0,0.1,2.36,0.82,14.59,0,0,0
434,a,,,5.0,363,215,0,0,0,0,0.0,568,245,0,0,1.0,381,177,0,0,0.0,339,103,0.0,0.6,0,0,0,0,0,1.5,,0.0,0.0,0.0,0.0,0.03,0.02,0.05,1.56,0.0,358,165,0.0,316,164,0.0,339,172,0.0,360,167,,,,1,,Jack,Fletcher,J.Fletcher,,,0,0,0,0,0,0,0,0,0,0,0,0,0,,,,0.0,0.0,0.0,0.0,9.25,0,0,0
435,a,,,5.0,371,221,0,0,0,0,0.1,472,192,0,0,1.0,382,178,0,0,0.0,347,109,0.0,0.6,0,0,0,0,0,1.5,,0.0,0.0,0.0,0.0,0.22,0.02,0.24,1.15,0.0,381,177,0.0,366,182,0.0,318,161,0.0,375,174,,,,1,,Shea,Lacey,Lacey,,,0,0,0,0,0,0,0,0,0,0,0,0,0,,,,0.0,0.0,0.0,0.0,6.75,0,0,0
436,a,,,5.0,331,193,0,0,0,0,0.0,546,228,0,0,0.0,533,222,0,0,0.0,307,81,0.0,0.0,0,0,0,0,0,1.5,,0.0,0.0,0.0,0.0,0.0,0.0,0.0,0.0,0.0,533,222,0.0,532,222,0.0,528,221,0.0,533,222,,,,1,,Toby,Collyer,Collyer,,,0,0,0,0,0,0,0,0,0,0,0,0,0,,,,0.0,0.0,0.0,0.0,0.0,0,0,0
437,a,,,4.5,501,252,0,0,0,0,0.2,362,131,0,0,1.0,370,168,0,0,0.0,181,18,0.0,0.2,0,0,0,0,0,1.0,,0.0,0.0,0.0,0.0,0.0,0.06,0.06,0.3,0.0,386,181,0.0,335,170,0.0,477,195,0.0,381,180,,,,1,,Bendito,Mantato,Bendito Mantato,,,0,0,0,0,0,0,0,0,0,0,0,0,0,,,,0.0,0.0,0.0,0.0,0.0,0,0,0
438,a,,,4.5,484,249,0,0,0,0,0.3,307,102,0,0,1.0,366,166,0,0,0.0,164,15,0.0,0.4,0,0,0,0,0,1.0,,0.0,0.0,0.0,0.0,0.0,0.05,0.05,1.75,0.0,391,183,0.0,360,178,0.0,464,192,0.0,391,183,,,,1,,Tyler,Fletcher,Fletcher,,,0,0,0,0,0,0,0,0,0,0,0,0,0,,,,0.0,0.0,0.0,0.0,10.59,0,0,0
439,d,75.0,,7.0,30,10,0,0,0,0,2.0,127,19,0,0,3.7,84,8,0,0,0.0,565,62,0.0,15.9,0,0,0,0,0,1.7,,0.0,0.0,0.0,0.0,0.51,0.02,0.53,1.49,0.0,118,11,0.0,199,21,0.0,16,9,0.0,56,12,,,,1,,Benjamin,Sesko,Šeško,Shin injury - 75% chance of playing,,0,0,0,0,0,0,0,0,0,0,0,0,0,,,,0.0,0.11,1.66,0.94,3.53,0,0,0
440,a,,,5.5,171,38,0,0,0,0,0.7,232,39,0,0,1.8,307,31,0,0,0.0,426,34,0.0,7.6,0,0,0,0,0,1.8,,0.0,0.0,0.0,0.0,0.41,0.05,0.46,1.4,0.0,268,26,0.0,185,17,0.0,117,30,0.0,225,25,,,,1,,Joshua,Zirkzee,Zirkzee,,,0,0,0,0,0,0,0,0,0,0,0,0,0,,,,0.0,0.3,1.19,0.74,6.52,0,0,0
441,a,,,4.5,507,68,0,0,0,0,1.2,181,30,0,0,0.0,494,54,0,0,0.0,187,10,0.0,0.0,0,0,0,0,0,1.0,,0.0,0.0,0.0,0.0,0.0,0.0,0.0,0.0,0.0,492,53,0.0,487,53,0.0,479,54,0.0,493,54,,,,1,,Chido,Obi,Obi,,,0,0,0,0,0,0,0,0,0,0,0,0,0,,,,0.0,0.0,0.0,0.0,0.0,0,0,0
442,a,,,5.0,229,6,0,0,0,0,1.2,177,26,0,0,3.6,86,8,0,0,0.0,205,47,0.0,19.2,0,0,0,0,0,2.6,,0.0,0.0,0.0,0.0,0.01,0.0,0.01,1.23,0.0,55,13,0.0,493,56,0.0,293,1,0.0,197,13,,,,1,,Nick,Pope,Pope,,,0,0,0,0,0,0,0,0,0,0,0,0,0,,,,3.32,0.26,1.42,1.01,0.0,0,0,0
443,a,,,4.5,394,24,0,0,0,0,0.0,514,62,0,0,0.0,456,50,0,0,0.0,74,24,0.0,0.0,0,0,0,0,0,1.9,,0.0,0.0,0.0,0.0,0.0,0.0,0.0,0.0,0.0,451,50,0.0,440,37,0.0,423,28,0.0,453,50,,,,1,,Mark,Gillespie,Gillespie,,,0,0,0,0,0,0,0,0,0,0,0,0,0,,,,0.0,0.0,0.0,0.0,0.0,0,0,0
444,a,,,4.5,493,45,0,0,0,0,0.1,500,60,0,0,0.0,490,61,0,0,0.0,173,45,0.0,0.0,0,0,0,0,0,1.9,,0.0,0.0,0.0,0.0,0.0,0.0,0.0,0.0,0.0,485,61,0.0,481,55,0.0,471,49,0.0,487,61,,,,1,,Ewen,Jaouen,Jaouen,,,0,0,0,0,0,0,0,0,0,0,0,0,0,,,,0.0,0.0,0.0,0.0,0.0,0,0,0
445,a,,,5.0,314,60,0,0,0,0,2.0,131,51,0,0,3.6,88,35,0,0,0.0,290,142,0.0,25.2,0,0,0,0,0,2.2,,0.0,0.0,0.0,0.0,0.15,0.03,0.18,1.49,0.0,17,6,0.0,228,67,0.0,61,4,0.0,64,11,,,,1,,Malick,Thiaw,Thiaw,,,0,0,0,0,0,0,0,0,0,0,0,0,0,,,,0.0,0.15,1.58,1.0,8.87,0,0,0
446,a,100.0,,5.0,235,38,0,0,0,0,0.2,347,128,0,0,3.2,143,57,0,0,0.0,211,120,0.0,10.2,0,0,0,0,0,2.2,,0.0,0.0,0.0,0.0,0.08,0.05,0.13,1.14,0.0,205,77,0.0,272,91,0.0,225,67,0.0,256,82,,2.0,,1,,Fabian,Schär,Schär,,,0,0,0,0,0,0,0,0,0,0,0,0,0,,,,0.0,0.33,1.07,0.91,9.5,0,0,0
447,a,,,5.0,272,47,0,0,0,0,0.4,278,106,0,0,3.6,87,34,0,0,0.0,248,129,0.0,17.8,0,0,0,0,0,2.2,,0.0,0.0,0.0,0.0,0.08,0.04,0.12,1.35,0.0,78,32,0.0,246,80,0.0,163,44,0.0,153,50,,,,1,,Sven,Botman,Botman,,,0,0,0,0,0,0,0,0,0,0,0,0,0,,,,0.0,0.25,1.32,1.03,10.6,0,0,0
448,a,,,5.0,225,35,0,0,0,0,2.6,109,43,0,0,3.2,142,56,0,0,0.0,201,117,0.0,18.6,0,0,0,0,0,2.2,,0.0,0.0,0.0,0.0,0.04,0.01,0.05,1.24,0.0,108,47,0.0,234,73,0.0,165,45,0.0,168,59,,,,1,,Dan,Burn,Burn,,,0,0,0,0,0,0,0,0,0,0,0,0,0,,,,0.0,0.25,1.48,1.03,9.23,0,0,0
449,a,,,5.0,326,66,0,0,0,0,3.9,86,34,0,0,2.6,226,93,0,0,0.0,302,148,0.0,15.8,0,0,0,0,0,2.2,,0.0,0.0,0.0,0.0,0.04,0.11,0.15,1.56,0.0,93,42,0.0,64,14,0.0,158,41,0.0,92,25,1.0,1.0,,1,,Lewis,Hall,Hall,,,0,0,0,0,0,0,0,0,0,0,0,0,0,,,,0.0,0.17,1.61,0.99,7.16,0,0,0
450,d,75.0,,5.0,300,55,0,0,0,0,0.1,448,153,0,0,3.5,102,41,0,0,0.0,276,137,0.0,11.8,0,0,0,0,0,1.6,,0.0,0.0,0.0,0.0,0.01,0.06,0.07,1.26,0.0,238,89,0.0,169,42,0.0,282,92,0.0,257,83,,,,1,,Tino,Livramento,Livramento,Calf injury - 75% chance of playing,,0,0,0,0,0,0,0,0,0,0,0,0,0,,,,0.0,0.41,0.95,0.95,4.62,0,0,0
451,u,0.0,,4.0,573,180,0,0,0,0,0.6,253,96,0,0,1.0,357,122,0,0,0.0,55,36,0.0,0.5,0,0,0,0,0,0.0,,0.0,0.0,0.0,0.0,0.0,0.0,0.0,6.3,0.0,370,129,0.0,372,130,0.0,346,124,0.0,382,129,,,,1,,Alex,Murphy,A.Murphy,Has joined FC Kaiserslautern on loan for the rest of the season,,0,0,0,0,0,0,0,0,0,0,0,0,0,,,,0.0,0.0,12.86,0.0,51.43,0,0,0
453,a,,,6.0,67,45,0,0,0,0,1.2,176,60,0,0,2.9,185,70,0,0,0.0,489,193,0.0,17.7,0,0,0,0,0,2.1,,0.0,0.0,0.0,0.0,0.32,0.13,0.45,1.4,0.0,151,58,0.0,84,62,0.0,24,11,0.0,53,33,,,,1,,Harvey,Barnes,Barnes,,,0,0,0,0,0,0,0,0,0,0,0,0,0,,,,0.0,0.23,1.43,0.88,4.61,0,0,0
454,a,,,6.0,86,55,0,0,0,0,0.7,222,74,0,0,1.5,332,148,0,0,0.0,508,203,0.0,8.0,0,0,0,0,0,2.1,,0.0,0.0,0.0,0.0,0.11,0.12,0.23,1.46,0.0,290,134,0.0,135,92,0.0,168,88,0.0,228,117,4.0,,,1,,Anthony,Elanga,Elanga,,,0,0,0,0,0,0,0,0,0,0,0,0,0,,,,0.0,0.14,1.94,0.97,3.8,0,0,0
456,a,,,5.0,285,170,0,0,0,0,0.4,281,89,0,0,2.2,267,112,0,0,0.0,261,58,0.0,12.4,0,0,0,0,0,1.5,,0.0,0.0,0.0,0.0,0.07,0.09,0.16,1.7,0.0,198,87,0.0,108,77,0.0,183,100,0.0,173,84,,,,1,,Jacob,Ramsey,J.Ramsey,,,0,0,0,0,0,0,0,0,0,0,0,0,0,,,,0.0,0.06,1.94,0.94,9.31,0,0,0
457,a,,,6.0,59,40,0,0,0,0,0.2,380,141,0,0,2.5,239,93,0,0,0.0,481,188,0.0,13.7,0,0,0,0,0,2.1,,0.0,0.0,0.0,0.0,0.17,0.15,0.32,1.36,0.0,186,79,0.0,82,60,0.0,78,47,0.0,117,65,2.0,,,1,,Jacob,Murphy,J.Murphy,,,0,0,0,0,0,0,0,0,0,0,0,0,0,,,,0.0,0.45,1.12,1.06,5.04,0,0,0
458,a,100.0,,5.5,126,78,0,0,0,0,0.1,404,157,0,0,2.7,208,80,0,0,0.0,381,128,0.0,13.3,0,0,0,0,0,2.0,,0.0,0.0,0.0,0.0,0.11,0.06,0.17,1.33,0.0,191,82,0.0,126,87,0.0,84,52,0.0,139,74,,,,1,,Joelinton Cássio,Apolinário de Lira,Joelinton,,,0,0,0,0,0,0,0,0,0,0,0,0,0,,,,0.0,0.23,1.25,1.06,10.98,0,0,0
459,i,0.0,,5.5,205,128,0,0,0,0,0.0,579,254,0,0,3.1,161,61,0,0,0.0,460,178,0.0,13.1,0,0,0,0,0,0.0,,0.0,0.0,0.0,0.0,0.08,0.13,0.21,1.28,0.0,176,73,0.0,136,93,0.0,201,111,0.0,191,96,3.0,,,1,,Lewis,Miley,L.Miley,Leg injury - Expected back 30 Aug,,0,0,0,0,0,0,0,0,0,0,0,0,0,,,,0.0,0.12,1.33,0.9,9.34,0,0,0
460,a,,,5.0,252,153,0,0,0,0,0.1,427,171,0,0,1.6,322,140,0,0,0.0,228,41,0.0,7.6,0,0,0,0,0,1.5,,0.0,0.0,0.0,0.0,0.12,0.1,0.22,1.65,0.0,278,128,0.0,164,110,0.0,151,82,0.0,233,119,,,,1,,Joe,Willock,Willock,,,0,0,0,0,0,0,0,0,0,0,0,0,0,,,,0.0,0.28,1.67,0.93,8.24,0,0,0
461,a,,,6.0,108,70,0,0,0,0,0.3,325,113,0,0,0.0,581,254,0,0,0.0,530,218,0.0,0.0,0,0,0,0,0,2.1,,0.0,0.0,0.0,0.0,0.0,0.0,0.0,0.0,0.0,581,254,0.0,581,254,0.0,581,254,0.0,581,254,,,,1,,Bazoumana,Touré,Touré,,,0,0,0,0,0,0,0,0,0,0,0,0,0,,,,0.0,0.0,0.0,0.0,0.0,0,0,0
462,a,,,5.0,382,229,0,0,0,0,0.1,405,158,0,0,0.0,551,234,0,0,0.0,358,117,0.0,0.0,0,0,0,0,0,1.5,,0.0,0.0,0.0,0.0,0.0,0.0,0.0,0.0,0.0,551,234,0.0,551,234,0.0,549,234,0.0,551,234,,,,1,,Sean,Steur,Steur,,,0,0,0,0,0,0,0,0,0,0,0,0,0,,,,0.0,0.0,0.0,0.0,0.0,0,0,0
463,a,,,6.0,92,23,0,0,0,0,1.7,143,22,0,0,3.3,135,12,0,0,0.0,514,54,0.0,18.0,0,0,0,0,0,2.0,,0.0,0.0,0.0,0.0,0.31,0.07,0.38,1.22,0.0,130,12,0.0,116,7,0.0,56,21,0.0,93,15,,,1.0,1,,Nick,Woltemade,Woltemade,,,0,0,0,0,0,0,0,0,0,0,0,0,0,,,,0.0,0.38,1.38,1.14,4.98,0,0,0
464,a,,,6.0,72,19,0,0,0,0,1.7,147,25,0,0,1.4,342,37,0,0,0.0,494,50,0.0,4.5,0,0,0,0,0,2.0,,0.0,0.0,0.0,0.0,0.54,0.09,0.63,1.74,0.0,331,38,0.0,291,35,0.0,185,35,0.0,301,36,,,3.0,1,,Yoane,Wissa,Wissa,,,0,0,0,0,0,0,0,0,0,0,0,0,0,,,,0.0,0.17,1.91,0.7,3.83,0,0,0
465,a,,,6.0,102,25,0,0,0,0,1.2,180,29,0,0,3.2,153,14,0,0,0.0,524,56,0.0,12.7,0,0,0,0,0,2.0,,0.0,0.0,0.0,0.0,0.48,0.07,0.55,1.62,0.0,222,21,0.0,252,29,0.0,105,25,0.0,218,24,,,2.0,1,,William,Osula,Osula,,,0,0,0,0,0,0,0,0,0,0,0,0,0,,,,0.0,0.22,1.57,0.89,3.47,0,0,0
466,a,,,4.5,509,69,0,0,0,0,0.7,227,38,0,0,1.0,374,45,0,0,0.0,189,11,0.0,0.2,0,0,0,0,0,1.0,,0.0,0.0,0.0,0.0,0.21,0.0,0.21,2.56,0.0,493,54,0.0,488,54,0.0,338,44,0.0,389,45,,,,1,,Sean,Neave,Neave,,,0,0,0,0,0,0,0,0,0,0,0,0,0,,,,0.0,0.0,6.92,0.0,0.0,0,0,0
559,a,,,5.0,381,228,0,0,0,0,0.1,401,154,0,0,0.0,550,233,0,0,0.0,357,116,0.0,0.0,0,0,0,0,0,1.5,,0.0,0.0,0.0,0.0,0.0,0.0,0.0,0.0,0.0,550,233,0.0,550,233,0.0,548,233,0.0,550,233,,,,1,,Aladji,Bamba,Bamba,,,0,0,0,0,0,0,0,0,0,0,0,0,0,,,,0.0,0.0,0.0,0.0,0.0,0,0,0
567,a,,,5.0,318,18,0,0,0,0,0.5,262,34,0,0,0.0,528,65,0,0,0.0,294,59,0.0,0.0,0,0,0,0,0,2.6,,0.0,0.0,0.0,0.0,0.0,0.0,0.0,0.0,0.0,528,65,0.0,527,64,0.0,523,61,0.0,528,65,,,,1,,Lukás,Hornícek,Horníček,,,0,0,0,0,0,0,0,0,0,0,0,0,0,,,,0.0,0.0,0.0,0.0,0.0,0,0,0
467,a,,,5.0,226,5,0,0,0,0,1.5,158,23,0,0,3.4,110,13,0,0,0.0,202,46,0.0,21.0,0,0,0,0,0,2.6,,0.0,0.0,0.0,0.0,0.0,0.0,0.0,1.52,0.0,39,11,0.0,342,11,0.0,486,50,0.0,186,11,,,,1,,Matz,Sels,Sels,,,0,0,0,0,0,0,0,0,0,0,0,0,0,,,,3.21,0.24,1.32,1.01,0.0,0,0,0
468,a,,,4.5,430,33,0,0,0,0,0.1,466,53,0,0,2.2,263,26,0,0,0.0,110,33,0.0,2.4,0,0,0,0,0,1.9,,0.0,0.0,0.0,0.0,0.0,0.0,0.0,1.26,0.0,332,28,0.0,452,45,0.0,436,37,0.0,355,28,,,,1,,John Victor,Maciel Furtado,John,,,0,0,0,0,0,0,0,0,0,0,0,0,0,,,,1.24,0.21,1.65,1.03,0.0,0,0,0
469,a,,,5.0,268,45,0,0,0,0,11.8,36,13,0,0,3.5,101,40,0,0,0.0,244,127,0.0,25.6,0,0,0,0,0,2.2,,0.0,0.0,0.0,0.0,0.06,0.11,0.17,1.44,0.0,30,11,0.0,38,3,0.0,70,7,0.0,32,3,1.0,2.0,,1,,Neco,Williams,N.Williams,,,0,0,0,0,0,0,0,0,0,0,0,0,0,,,,0.0,0.25,1.35,1.01,6.94,0,0,0
470,a,,,5.0,323,65,0,0,0,0,0.1,486,167,0,0,2.5,231,95,0,0,0.0,299,147,0.0,10.6,0,0,0,0,0,2.2,,0.0,0.0,0.0,0.0,0.09,0.01,0.1,1.63,0.0,164,68,0.0,301,102,0.0,236,72,0.0,243,77,,,,1,,Felipe,Rodrigues da Silva,Morato,,,0,0,0,0,0,0,0,0,0,0,0,0,0,,,,0.0,0.13,1.54,0.94,9.67,0,0,0
471,a,,,5.5,146,17,0,0,0,0,2.3,118,47,0,0,3.1,160,66,0,0,0.0,401,166,0.0,21.6,0,0,0,0,0,2.5,,0.0,0.0,0.0,0.0,0.02,0.02,0.04,1.47,0.0,53,23,0.0,266,88,0.0,217,62,0.0,154,51,,,,1,,Nikola,Milenković,Milenković,,,0,0,0,0,0,0,0,0,0,0,0,0,0,,,,0.0,0.24,1.36,0.99,8.29,0,0,0
472,a,100.0,,5.5,213,32,0,0,0,0,0.9,201,72,0,0,3.3,133,52,0,0,0.0,468,181,0.0,15.1,0,0,0,0,0,2.5,,0.0,0.0,0.0,0.0,0.03,0.02,0.05,1.39,0.0,95,44,0.0,226,65,0.0,249,78,0.0,187,63,,3.0,,1,,Murillo,Costa dos Santos,Murillo,,,0,0,0,0,0,0,0,0,0,0,0,0,0,,,,0.0,0.25,1.23,1.06,9.42,0,0,0
473,a,,,4.5,411,86,0,0,0,0,4.3,80,32,0,0,3.7,76,29,0,0,0.0,91,58,0.0,14.9,0,0,0,0,0,1.7,,0.0,0.0,0.0,0.0,0.02,0.05,0.07,1.44,0.0,210,79,0.0,193,50,0.0,271,86,0.0,242,76,,,,1,,Ola,Aina,Aina,,,0,0,0,0,0,0,0,0,0,0,0,0,0,,,,0.0,0.34,1.08,1.02,7.37,0,0,0
474,a,,,4.5,500,138,0,0,0,0,0.3,303,111,0,0,1.4,335,120,0,0,0.0,180,110,0.0,2.9,0,0,0,0,0,1.7,,0.0,0.0,0.0,0.0,0.05,0.01,0.06,1.81,0.0,307,112,0.0,329,115,0.0,300,102,0.0,322,111,,,,1,,Jair,Paula da Cunha Filho,Jair Cunha,,,0,0,0,0,0,0,0,0,0,0,0,0,0,,,,0.0,0.0,1.23,1.05,8.23,0,0,0
475,i,0.0,,4.5,477,129,0,0,0,0,0.0,583,193,0,0,2.8,192,80,0,0,0.0,157,101,0.0,8.7,0,0,0,0,0,0.0,,0.0,0.0,0.0,0.0,0.12,0.04,0.16,1.32,0.0,240,91,0.0,223,63,0.0,239,74,0.0,262,87,,,,1,,Nicolò,Savona,Savona,Knee injury - Unknown return date,,0,0,0,0,0,0,0,0,0,0,0,0,0,,,,0.0,0.26,1.58,0.97,5.0,0,0,0
476,a,,,4.0,542,158,0,0,0,0,0.2,346,127,0,0,0.0,419,145,0,0,0.0,24,14,0.0,0.0,0,0,0,0,0,1.0,,0.0,0.0,0.0,0.0,0.0,0.0,0.0,0.0,0.0,413,144,0.0,398,143,0.0,379,139,0.0,415,144,,,,1,,Omar,Richards,O.Richards,,,0,0,0,0,0,0,0,0,0,0,0,0,0,,,,0.0,0.0,0.0,0.0,0.0,0,0,0
477,a,,,4.0,575,182,0,0,0,0,0.2,355,132,0,0,1.0,359,124,0,0,0.0,57,38,0.0,0.8,0,0,0,0,0,1.0,,0.0,0.0,0.0,0.0,0.0,0.01,0.01,1.89,0.0,352,123,0.0,350,122,0.0,410,161,0.0,367,127,,,,1,,Zach,Abbott,Abbott,,,0,0,0,0,0,0,0,0,0,0,0,0,0,,,,0.0,0.0,2.18,1.09,7.09,0,0,0
478,a,,,4.5,461,123,0,0,0,0,0.0,541,184,0,0,1.6,320,116,0,0,0.0,141,95,0.0,2.4,0,0,0,0,0,1.7,,0.0,0.0,0.0,0.0,0.0,0.1,0.1,2.01,0.0,329,118,0.0,311,107,0.0,326,117,0.0,335,116,,,,1,,Luca,Netz,Netz,,,0,0,0,0,0,0,0,0,0,0,0,0,0,,,,0.0,0.0,1.27,0.76,6.88,0,0,0
479,a,,,4.0,571,178,0,0,0,0,0.2,382,138,0,0,0.0,446,163,0,0,0.0,53,34,0.0,0.0,0,0,0,0,0,1.0,,0.0,0.0,0.0,0.0,0.0,0.0,0.0,0.0,0.0,441,163,0.0,426,162,0.0,407,158,0.0,443,163,,,,1,,Tyler,Bindon,Bindon,,,0,0,0,0,0,0,0,0,0,0,0,0,0,,,,0.0,0.0,0.0,0.0,0.0,0,0,0
480,a,,,8.0,8,5,0,0,0,0,11.6,37,11,0,0,5.1,11,5,0,0,0.0,577,253,0.0,23.5,0,0,0,0,0,2.8,,0.0,0.0,0.0,0.0,0.31,0.08,0.39,1.44,0.0,21,6,0.0,19,18,0.0,9,4,0.0,7,5,,1.0,2.0,1,,Morgan,Gibbs-White,Gibbs-White,,,0,0,0,0,0,0,0,0,0,0,0,0,0,,,,0.0,0.29,1.31,1.02,5.17,0,0,0
482,a,100.0,,6.0,70,46,0,0,0,0,0.1,403,156,0,0,2.9,186,71,0,0,0.0,492,194,0.0,14.7,0,0,0,0,0,2.1,,0.0,0.0,0.0,0.0,0.14,0.15,0.29,1.51,0.0,166,65,0.0,31,30,0.0,83,51,0.0,74,45,,4.0,,1,,Callum,Hudson-Odoi,Hudson-Odoi,,,0,0,0,0,0,0,0,0,0,0,0,0,0,,,,0.0,0.29,1.27,1.03,5.19,0,0,0
483,a,,,5.5,170,106,0,0,0,0,0.6,254,83,0,0,2.1,277,118,0,0,0.0,425,156,0.0,9.1,0,0,0,0,0,2.0,,0.0,0.0,0.0,0.0,0.08,0.12,0.2,1.23,0.0,265,121,0.0,152,103,0.0,173,92,0.0,230,118,,,,1,,Dan,Ndoye,Ndoye,,,0,0,0,0,0,0,0,0,0,0,0,0,0,,,,0.0,0.15,1.31,1.08,7.4,0,0,0
484,a,,,5.5,196,121,0,0,0,0,0.2,384,143,0,0,2.6,227,87,0,0,0.0,451,171,0.0,14.9,0,0,0,0,0,2.0,,0.0,0.0,0.0,0.0,0.11,0.21,0.32,1.31,0.0,183,77,0.0,45,41,0.0,74,45,0.0,85,50,4.0,,,1,,Omari,Hutchinson,Hutchinson,,,0,0,0,0,0,0,0,0,0,0,0,0,0,,,,0.0,0.32,1.29,0.91,6.93,0,0,0
485,a,,,5.5,180,110,0,0,0,0,0.0,557,237,0,0,1.9,294,126,0,0,0.0,435,160,0.0,4.7,0,0,0,0,0,2.0,,0.0,0.0,0.0,0.0,0.09,0.17,0.26,1.79,0.0,312,141,0.0,184,121,0.0,238,127,0.0,277,135,,,,1,,Dilane,Bakwa,Bakwa,,,0,0,0,0,0,0,0,0,0,0,0,0,0,,,,0.0,0.33,1.64,0.98,5.74,0,0,0
486,a,,,5.5,156,98,0,0,0,0,0.0,510,212,0,0,1.2,351,161,0,0,0.0,411,148,0.0,3.1,0,0,0,0,0,2.0,,0.0,0.0,0.0,0.0,0.06,0.12,0.18,2.29,0.0,334,150,0.0,255,142,0.0,287,151,0.0,316,151,3.0,,,1,,James,McAtee,McAtee,,,0,0,0,0,0,0,0,0,0,0,0,0,0,,,,0.0,0.0,2.81,0.62,10.0,0,0,0
487,a,,,5.0,292,175,0,0,0,0,0.1,458,185,0,0,1.8,303,132,0,0,0.0,268,63,0.0,9.6,0,0,0,0,0,1.5,,0.0,0.0,0.0,0.0,0.11,0.06,0.17,1.79,0.0,219,96,0.0,175,117,0.0,198,109,0.0,223,113,,,,1,,Nicolás,Domínguez,Dominguez,,,0,0,0,0,0,0,0,0,0,0,0,0,0,,,,0.0,0.23,1.54,1.31,11.02,0,0,0
488,a,,,5.0,263,161,0,0,0,0,0.6,238,81,0,0,3.2,144,57,0,0,0.0,239,49,0.0,17.8,0,0,0,0,0,1.5,,0.0,0.0,0.0,0.0,0.05,0.08,0.13,1.44,0.0,142,53,0.0,162,108,0.0,209,116,0.0,179,87,,,,1,,Ibrahim,Sangaré,Sangaré,,,0,0,0,0,0,0,0,0,0,0,0,0,0,,,,0.0,0.35,1.13,1.09,11.59,0,0,0
489,a,,,4.5,425,239,0,0,0,0,6.8,61,21,0,0,1.4,333,149,0,0,0.0,105,5,0.0,6.7,0,0,0,0,0,1.0,,0.0,0.0,0.0,0.0,0.07,0.06,0.13,1.28,0.0,284,131,0.0,257,143,0.0,273,146,0.0,295,142,,,,1,,Ryan,Yates,Yates,,,0,0,0,0,0,0,0,0,0,0,0,0,0,,,,0.0,0.0,1.05,0.3,10.32,0,0,0
490,a,,,6.0,58,14,0,0,0,0,1.7,144,23,0,0,2.7,213,21,0,0,0.0,480,45,0.0,6.8,0,0,0,0,0,2.0,,0.0,0.0,0.0,0.0,0.43,0.03,0.46,1.45,0.0,285,31,0.0,244,26,0.0,111,28,0.0,249,29,,,1.0,1,,Chris,Wood,Wood,,,0,0,0,0,0,0,0,0,0,0,0,0,0,,,,0.0,0.2,1.41,1.1,2.91,0,0,0
491,a,,,6.0,93,24,0,0,0,0,5.4,69,11,0,0,3.1,162,15,0,0,0.0,515,55,0.0,19.0,0,0,0,0,0,2.0,,0.0,0.0,0.0,0.0,0.25,0.05,0.3,1.52,0.0,145,14,0.0,142,12,0.0,22,13,0.0,69,13,,,3.0,1,,Igor Jesus,Maciel da Cruz,Igor Jesus,,,0,0,0,0,0,0,0,0,0,0,0,0,0,,,,0.0,0.35,1.45,1.1,4.83,0,0,0
492,a,,,5.5,139,35,0,0,0,0,0.4,291,50,0,0,2.5,235,24,0,0,0.0,394,31,0.0,7.8,0,0,0,0,0,1.8,,0.0,0.0,0.0,0.0,0.69,0.14,0.83,1.94,0.0,258,25,0.0,258,30,0.0,126,31,0.0,247,28,,,,1,,Taiwo,Awoniyi,Awoniyi,,,0,0,0,0,0,0,0,0,0,0,0,0,0,,,,0.0,0.19,0.75,0.56,4.88,0,0,0
493,a,,,5.5,175,41,0,0,0,0,0.1,492,66,0,0,1.0,388,46,0,0,0.0,430,37,0.0,1.6,0,0,0,0,0,1.8,,0.0,0.0,0.0,0.0,0.44,0.02,0.46,1.59,0.0,374,42,0.0,327,41,0.0,288,42,0.0,353,42,,,,1,,Arnaud,Kalimuendo,Kalimuendo,,,0,0,0,0,0,0,0,0,0,0,0,0,0,,,,0.0,0.0,3.03,0.0,6.07,0,0,0
558,a,,,5.0,257,156,0,0,0,0,0.1,423,168,0,0,0.0,505,205,0,0,0.0,233,44,0.0,0.0,0,0,0,0,0,1.5,,0.0,0.0,0.0,0.0,0.0,0.0,0.0,0.0,0.0,505,205,0.0,501,205,0.0,497,204,0.0,505,205,2.0,,,1,,Xaver,Schlager,Schlager,,,0,0,0,0,0,0,0,0,0,0,0,0,0,,,,0.0,0.0,0.0,0.0,0.0,0,0,0
581,a,,,5.5,210,31,0,0,0,0,0.3,322,116,0,0,0.0,573,192,0,0,0.0,465,180,0.0,0.0,0,0,0,0,0,2.5,,0.0,0.0,0.0,0.0,0.0,0.0,0.0,0.0,0.0,573,192,0.0,573,192,0.0,572,192,0.0,573,192,,,,1,,Ousmane,Diomande,Diomande,,,0,0,0,0,0,0,0,0,0,0,0,0,0,,,,0.0,0.0,0.0,0.0,0.0,0,0,0
112,a,,,5.0,316,62,0,0,0,0,8.7,52,19,0,0,4.1,45,17,0,0,0.0,292,144,0.0,29.6,0,0,0,0,0,2.2,,0.0,0.0,0.0,0.0,0.09,0.04,0.13,1.3,0.0,7,4,0.0,143,34,0.0,102,16,0.0,50,9,,,,1,,Jan Paul,van Hecke,Van Hecke,,,0,0,0,0,0,0,0,0,0,0,0,0,0,,,,0.0,0.28,1.23,1.01,8.89,0,0,0
455,a,,,5.5,155,97,0,0,0,0,4.2,81,26,0,0,2.3,257,106,0,0,0.0,410,147,0.0,14.7,0,0,0,0,0,2.0,,0.0,0.0,0.0,0.0,0.06,0.1,0.16,1.29,0.0,154,59,0.0,43,39,0.0,157,85,0.0,100,58,5.0,4.0,,1,,Sandro,Tonali,Tonali,,,0,0,0,0,0,0,0,0,0,0,0,0,0,,,,0.0,0.25,1.35,1.1,9.13,0,0,0
494,a,,,4.5,416,31,0,0,0,0,1.4,169,25,0,0,2.9,179,21,0,0,0.0,96,31,0.0,20.0,0,0,0,0,0,1.9,,0.0,0.0,0.0,0.0,0.0,0.0,0.0,1.49,0.0,44,12,0.0,339,8,0.0,433,35,0.0,194,12,,,,1,,Guglielmo,Vicario,Vicario,,,0,0,0,0,0,0,0,0,0,0,0,0,0,,,,2.68,0.23,1.61,1.0,0.0,0,0,0
495,a,,,4.0,543,56,0,0,0,0,0.6,239,31,0,0,0.0,420,40,0,0,0.0,25,11,0.0,0.0,0,0,0,0,0,1.0,,0.0,0.0,0.0,0.0,0.0,0.0,0.0,0.0,0.0,414,40,0.0,399,24,0.0,380,15,0.0,416,40,,,,1,,Brandon,Austin,Austin,,,0,0,0,0,0,0,0,0,0,0,0,0,0,,,,0.0,0.0,0.0,0.0,0.0,0,0,0
496,a,,,4.5,466,39,0,0,0,0,19.7,17,3,0,0,2.9,182,22,0,0,0.0,146,39,0.0,4.4,0,0,0,0,0,1.9,,0.0,0.0,0.0,0.0,0.0,0.0,0.0,0.79,0.0,303,24,0.0,466,50,0.0,452,43,0.0,336,24,,,,1,,Antonín,Kinský,Kinsky,,,0,0,0,0,0,0,0,0,0,0,0,0,0,,,,1.43,0.29,1.0,1.0,0.0,0,0,0
497,a,,,4.0,523,50,0,0,0,0,22.4,14,2,0,0,2.7,202,23,0,0,0.0,5,5,0.0,24.0,0,0,0,0,0,1.0,,0.0,0.0,0.0,0.0,0.0,0.0,0.0,2.04,0.0,8,1,0.0,382,18,0.0,363,9,0.0,135,1,,,,1,,Martin,Dubravka,Dubravka,,,0,0,0,0,0,0,0,0,0,0,0,0,0,,,,3.63,0.11,2.03,1.0,0.0,0,0,0
498,a,,,6.0,73,7,0,0,0,0,10.1,47,16,0,0,4.7,18,6,0,0,0.0,495,186,0.0,29.2,0,0,0,0,0,2.8,,0.0,0.0,0.0,0.0,0.04,0.13,0.17,1.5,0.0,4,2,0.0,91,22,0.0,156,40,0.0,34,4,,,,1,,Marcos,Senesi Barón,Senesi,,,0,0,0,0,0,0,0,0,0,0,0,0,0,,,,0.0,0.3,1.45,1.01,11.47,0,0,0
499,a,,,5.5,162,20,0,0,0,0,23.3,12,3,0,0,3.4,117,46,0,0,0.0,417,169,0.0,21.3,0,0,0,0,0,2.5,,0.0,0.0,0.0,0.0,0.03,0.14,0.17,1.22,0.0,49,21,0.0,11,1,0.0,154,39,0.0,31,2,1.0,1.0,,1,,Pedro,Porro Sauceda,Pedro Porro,,,0,0,0,0,0,0,0,0,0,0,0,0,0,,,,0.0,0.29,1.29,1.03,7.02,0,0,0
500,a,,,5.0,274,48,0,0,0,0,1.0,194,70,0,0,4.0,51,19,0,0,0.0,250,130,0.0,18.2,0,0,0,0,0,2.2,,0.0,0.0,0.0,0.0,0.07,0.06,0.13,1.36,0.0,85,36,0.0,212,57,0.0,135,27,0.0,145,48,,,,1,,Cristian,Romero,Romero,,,0,0,0,0,0,0,0,0,0,0,0,0,0,,,,0.0,0.24,1.59,1.06,9.49,0,0,0
501,a,,,5.0,237,39,0,0,0,0,0.2,366,135,0,0,2.6,221,90,0,0,0.0,213,121,0.0,12.6,0,0,0,0,0,2.2,,0.0,0.0,0.0,0.0,0.04,0.02,0.06,1.22,0.0,150,61,0.0,284,96,0.0,235,71,0.0,232,73,,,,1,,Kevin,Danso,Danso,,,0,0,0,0,0,0,0,0,0,0,0,0,0,,,,0.0,0.24,1.51,1.03,11.61,0,0,0
502,a,,,4.5,407,84,0,0,0,0,2.2,120,48,0,0,2.3,254,99,0,0,0.0,87,56,0.0,12.2,0,0,0,0,0,1.7,,0.0,0.0,0.0,0.0,0.08,0.11,0.19,1.35,0.0,227,86,0.0,113,27,0.0,215,61,0.0,202,68,,,,1,,Andrew,Robertson,Robertson,,,0,0,0,0,0,0,0,0,0,0,0,0,0,,,,0.0,0.31,1.24,0.85,4.25,0,0,0
503,a,,,5.0,332,67,0,0,0,0,7.4,58,23,0,0,3.3,129,51,0,0,0.0,308,149,0.0,23.2,0,0,0,0,0,2.2,,0.0,0.0,0.0,0.0,0.08,0.01,0.09,1.27,0.0,52,22,0.0,240,77,0.0,142,31,0.0,130,39,,,,1,,Micky,van de Ven,Van de Ven,,,0,0,0,0,0,0,0,0,0,0,0,0,0,,,,0.0,0.27,1.48,1.04,6.27,0,0,0
505,a,,,4.5,439,108,0,0,0,0,6.2,64,25,0,0,2.6,219,88,0,0,0.0,119,80,0.0,17.3,0,0,0,0,0,1.7,,0.0,0.0,0.0,0.0,0.04,0.08,0.12,1.38,0.0,206,78,0.0,159,40,0.0,147,35,0.0,198,66,,,,1,,Djed,Spence,Spence,,,0,0,0,0,0,0,0,0,0,0,0,0,0,,,,0.0,0.4,1.36,1.01,5.1,0,0,0
506,a,,,4.5,467,126,0,0,0,0,0.5,271,103,0,0,1.4,334,119,0,0,0.0,147,98,0.0,6.4,0,0,0,0,0,1.7,,0.0,0.0,0.0,0.0,0.01,0.05,0.06,1.29,0.0,246,94,0.0,179,44,0.0,230,69,0.0,246,79,,,,1,,Destiny,Udogie,Udogie,,,0,0,0,0,0,0,0,0,0,0,0,0,0,,,,0.0,0.07,1.69,0.94,4.58,0,0,0
507,a,,,4.5,487,133,0,0,0,0,0.1,477,162,0,0,0.0,486,180,0,0,0.0,167,105,0.0,0.0,0,0,0,0,0,1.7,,0.0,0.0,0.0,0.0,0.0,0.0,0.0,0.0,0.0,481,180,0.0,477,180,0.0,467,180,0.0,483,180,,,,1,,Ashley,Phillips,Phillips,,,0,0,0,0,0,0,0,0,0,0,0,0,0,,,,0.0,0.0,0.0,0.0,0.0,0,0,0
508,a,,,4.0,529,148,0,0,0,0,0.9,200,71,0,0,3.3,124,47,0,0,0.0,11,4,0.0,2.5,0,0,0,0,0,1.0,,0.0,0.0,0.0,0.0,0.32,0.05,0.37,0.73,0.0,324,115,0.0,322,112,0.0,276,90,0.0,321,110,,,,1,,Ben,Davies,Davies,,,0,0,0,0,0,0,0,0,0,0,0,0,0,,,,0.0,0.0,1.99,1.32,9.26,0,0,0
509,a,,,4.0,585,191,0,0,0,0,0.1,487,168,0,0,1.0,361,126,0,0,0.0,67,47,0.0,0.2,0,0,0,0,0,1.0,,0.0,0.0,0.0,0.0,0.0,0.0,0.0,0.0,0.0,393,133,0.0,373,131,0.0,417,167,0.0,396,133,,,,1,,Jun'ai,Byfield,Byfield,,,0,0,0,0,0,0,0,0,0,0,0,0,0,,,,0.0,0.0,0.0,0.0,0.0,0,0,0
510,a,,,4.0,567,175,0,0,0,0,0.1,460,158,0,0,1.0,356,121,0,0,0.0,49,31,0.0,0.2,0,0,0,0,0,1.0,,0.0,0.0,0.0,0.0,0.0,0.0,0.0,32.4,0.0,437,160,0.0,422,159,0.0,403,155,0.0,439,160,,,,1,,James,Rowswell,Rowswell,,,0,0,0,0,0,0,0,0,0,0,0,0,0,,,,0.0,0.0,0.0,0.0,0.0,0,0,0
511,a,,,4.0,584,190,0,0,0,0,0.3,313,115,0,0,0.8,396,133,0,0,0.0,66,46,0.0,0.8,0,0,0,0,0,1.0,,0.0,0.0,0.0,0.0,0.01,0.02,0.03,1.65,0.0,366,127,0.0,308,106,0.0,316,113,0.0,354,120,,,,1,,João Victor,de Souza Menezes,Souza,,,0,0,0,0,0,0,0,0,0,0,0,0,0,,,,0.0,0.0,1.9,1.27,3.8,0,0,0
512,d,75.0,,6.5,48,34,0,0,0,0,0.2,372,136,0,0,3.9,68,31,0,0,0.0,550,235,0.0,11.5,0,0,0,0,0,1.7,,0.0,0.0,0.0,0.0,0.11,0.14,0.25,1.33,0.0,185,78,0.0,71,53,0.0,98,62,0.0,118,66,2.0,3.0,2.0,1,,Mohammed,Kudus,Kudus,Thigh injury - 75% chance of playing,,0,0,0,0,0,0,0,0,0,0,0,0,0,,,,0.0,0.41,1.17,1.11,7.8,0,0,0
513,i,0.0,,6.0,97,62,0,0,0,0,0.0,561,241,0,0,2.9,187,72,0,0,0.0,519,210,0.0,13.3,0,0,0,0,0,0.0,,0.0,0.0,0.0,0.0,0.16,0.2,0.36,1.58,0.0,173,70,0.0,44,40,0.0,115,67,0.0,98,57,4.0,2.0,3.0,1,,Xavi,Simons,Xavi,Knee injury - Unknown return date,,0,0,0,0,0,0,0,0,0,0,0,0,0,,,,0.0,0.21,1.85,0.98,7.68,0,0,0
514,a,,,6.0,99,64,0,0,0,0,0.4,284,91,0,0,2.5,241,95,0,0,0.0,521,212,0.0,13.0,0,0,0,0,0,2.1,,0.0,0.0,0.0,0.0,0.17,0.16,0.33,1.17,0.0,200,89,0.0,58,48,0.0,94,59,0.0,110,63,3.0,,,1,,Mathys,Tel,Tel,,,0,0,0,0,0,0,0,0,0,0,0,0,0,,,,0.0,0.2,1.55,0.88,7.49,0,0,0
515,a,,,6.5,34,22,0,0,0,0,1.8,140,44,0,0,1.0,389,184,0,0,0.0,536,223,0.0,0.5,0,0,0,0,0,2.3,,0.0,0.0,0.0,0.0,0.56,0.16,0.72,1.72,0.0,385,180,0.0,344,172,0.0,319,162,0.0,368,171,,,,1,,James,Maddison,Maddison,,,0,0,0,0,0,0,0,0,0,0,0,0,0,,,,0.0,0.0,0.0,0.0,13.24,0,0,0
516,a,,,5.5,133,83,0,0,0,0,0.2,385,144,0,0,3.3,130,52,0,0,0.0,388,133,0.0,15.6,0,0,0,0,0,2.0,,0.0,0.0,0.0,0.0,0.03,0.04,0.07,1.13,0.0,174,71,0.0,172,114,0.0,212,117,0.0,206,103,,,,1,,Rodrigo,Bentancur,Bentancur,,,0,0,0,0,0,0,0,0,0,0,0,0,0,,,,0.0,0.38,1.2,1.1,13.31,0,0,0
517,i,0.0,,5.5,208,131,0,0,0,0,0.0,586,259,0,0,1.9,295,127,0,0,0.0,463,181,0.0,8.4,0,0,0,0,0,0.0,,0.0,0.0,0.0,0.0,0.18,0.11,0.29,1.32,0.0,270,125,0.0,129,88,0.0,128,73,0.0,205,102,,,,1,,Wilson,Odobert,Odobert,Knee injury - Unknown return date,,0,0,0,0,0,0,0,0,0,0,0,0,0,,,,0.0,0.19,1.2,0.93,7.13,0,0,0
518,a,,,5.0,320,187,0,0,0,0,0.4,292,97,0,0,2.7,206,79,0,0,0.0,296,75,0.0,14.2,0,0,0,0,0,1.5,,0.0,0.0,0.0,0.0,0.11,0.07,0.18,1.73,0.0,182,76,0.0,178,119,0.0,191,105,0.0,203,101,,,,1,,Pape Matar,Sarr,P.M.Sarr,,,0,0,0,0,0,0,0,0,0,0,0,0,0,,,,0.0,0.19,1.49,0.84,11.87,0,0,0
519,a,,,5.5,147,91,0,0,0,0,0.3,318,108,0,0,2.8,197,74,0,0,0.0,402,141,0.0,8.0,0,0,0,0,0,2.0,,0.0,0.0,0.0,0.0,0.09,0.05,0.14,1.45,0.0,256,116,0.0,163,109,0.0,194,107,0.0,235,121,,,,1,,Conor,Gallagher,Gallagher,,,0,0,0,0,0,0,0,0,0,0,0,0,0,,,,0.0,0.15,1.75,1.07,9.43,0,0,0
520,a,,,5.5,211,133,0,0,0,0,0.2,364,132,0,0,2.1,279,120,0,0,0.0,466,183,0.0,8.9,0,0,0,0,0,2.0,,0.0,0.0,0.0,0.0,0.12,0.04,0.16,1.29,0.0,267,123,0.0,235,138,0.0,196,108,0.0,267,129,,,,1,,Lucas,Bergvall,Bergvall,,,0,0,0,0,0,0,0,0,0,0,0,0,0,,,,0.0,0.28,1.7,1.04,7.45,0,0,0
521,i,0.0,,6.5,46,33,0,0,0,0,0.0,573,249,0,0,0.0,584,257,0,0,0.0,548,234,0.0,0.0,0,0,0,0,0,0.0,,0.0,0.0,0.0,0.0,0.0,0.0,0.0,0.0,0.0,584,257,0.0,584,257,0.0,584,257,0.0,584,257,,,,1,,Dejan,Kulusevski,Kulusevski,Knee injury - Unknown return date,,0,0,0,0,0,0,0,0,0,0,0,0,0,,,,0.0,0.0,0.0,0.0,0.0,0,0,0
522,a,,,5.0,364,216,0,0,0,0,0.2,341,120,0,0,2.5,233,90,0,0,0.0,340,104,0.0,12.2,0,0,0,0,0,1.5,,0.0,0.0,0.0,0.0,0.09,0.08,0.17,1.52,0.0,220,97,0.0,209,132,0.0,190,104,0.0,234,120,,,,1,,Archie,Gray,Gray,,,0,0,0,0,0,0,0,0,0,0,0,0,0,,,,0.0,0.31,1.71,1.1,8.08,0,0,0
523,a,,,5.0,340,196,0,0,0,0,0.1,457,184,0,0,0.0,535,223,0,0,0.0,316,84,0.0,0.0,0,0,0,0,0,1.5,,0.0,0.0,0.0,0.0,0.0,0.0,0.0,0.0,0.0,535,223,0.0,534,223,0.0,531,222,0.0,535,223,,,,1,,Mikey,Moore,Moore,,,0,0,0,0,0,0,0,0,0,0,0,0,0,,,,0.0,0.0,0.0,0.0,0.0,0,0,0
553,a,,,5.5,159,37,0,0,0,0,1.2,184,31,0,0,2.3,258,27,0,0,0.0,414,33,0.0,13.5,0,0,0,0,0,1.8,,0.0,0.0,0.0,0.0,0.37,0.03,0.4,1.55,0.0,225,22,0.0,310,39,0.0,49,19,0.0,195,21,,,,1,,Wilson,Isidor,Isidor,,,0,0,0,0,0,0,0,0,0,0,0,0,0,,,,0.0,0.31,1.33,0.86,4.0,0,0,0
524,a,,,4.5,475,248,0,0,0,0,0.8,205,69,0,0,1.0,363,165,0,0,0.0,155,14,0.0,0.2,0,0,0,0,0,1.0,,0.0,0.0,0.0,0.0,0.0,0.06,0.06,4.82,0.0,392,184,0.0,367,183,0.0,457,191,0.0,394,186,,,,1,,Callum,Olusesi,Olusesi,,,0,0,0,0,0,0,0,0,0,0,0,0,0,,,,0.0,0.0,0.0,0.0,12.86,0,0,0
525,a,,,6.0,103,67,0,0,0,0,2.7,107,35,0,0,3.8,74,33,0,0,0.0,525,215,0.0,22.5,0,0,0,0,0,2.1,,0.0,0.0,0.0,0.0,0.06,0.09,0.15,1.44,0.0,59,16,0.0,30,29,0.0,171,90,0.0,55,35,,,,1,,Mateus,Fernandes,Fernandes,,,0,0,0,0,0,0,0,0,0,0,0,0,0,,,,0.0,0.24,1.49,1.04,11.01,0,0,0
526,a,,,6.0,61,15,0,0,0,0,2.1,121,16,0,0,2.7,214,22,0,0,0.0,483,46,0.0,6.7,0,0,0,0,0,2.0,,0.0,0.0,0.0,0.0,0.27,0.03,0.3,1.61,0.0,248,23,0.0,249,28,0.0,81,23,0.0,217,23,,,1.0,1,,Dominic,Solanke-Mitchell,Solanke,,,0,0,0,0,0,0,0,0,0,0,0,0,0,,,,0.0,0.0,1.9,0.99,6.41,0,0,0
527,a,,,6.0,71,18,0,0,0,0,2.0,128,20,0,0,3.7,80,7,0,0,0.0,493,49,0.0,19.8,0,0,0,0,0,2.0,,0.0,0.0,0.0,0.0,0.4,0.07,0.47,1.18,0.0,75,6,0.0,144,13,0.0,13,6,0.0,39,7,,,4.0,1,,Richarlison,de Andrade,Richarlison,,,0,0,0,0,0,0,0,0,0,0,0,0,0,,,,0.0,0.32,1.24,0.92,6.77,0,0,0
528,a,,,4.5,470,59,0,0,0,0,1.7,149,26,0,0,1.0,362,42,0,0,0.0,150,1,0.0,0.4,0,0,0,0,0,1.0,,0.0,0.0,0.0,0.0,0.0,0.13,0.13,0.39,0.0,390,45,0.0,356,44,0.0,350,45,0.0,386,44,,,,1,,Dane,Scarlett,Scarlett,,,0,0,0,0,0,0,0,0,0,0,0,0,0,,,,0.0,0.0,0.0,0.0,12.86,0,0,0
529,a,,,5.0,337,19,0,0,0,0,4.8,76,11,0,0,3.9,66,6,0,0,0.0,313,60,0.0,27.2,0,0,0,0,0,2.6,,0.0,0.0,0.0,0.0,0.0,0.0,0.0,1.43,0.0,16,5,0.0,283,2,0.0,529,62,0.0,146,4,,,,1,,Robin,Roefs,Roefs,,,0,0,0,0,0,0,0,0,0,0,0,0,0,,,,3.11,0.29,1.31,1.0,0.0,0,0,0
530,u,0.0,,4.0,549,57,0,0,0,0,0.7,224,29,0,0,0.0,425,41,0,0,0.0,31,12,0.0,0.0,0,0,0,0,0,0.0,,0.0,0.0,0.0,0.0,0.0,0.0,0.0,0.0,0.0,419,41,0.0,404,25,0.0,385,16,0.0,421,41,,,,1,,Anthony,Patterson,Patterson,Has joined Wrexham permanently,,0,0,0,0,0,0,0,0,0,0,0,0,0,,,,0.0,0.0,0.0,0.0,0.0,0,0,0
531,a,,,4.5,481,42,0,0,0,0,0.1,429,48,0,0,5.3,6,2,0,0,0.0,161,42,0.0,3.6,0,0,0,0,0,1.9,,0.0,0.0,0.0,0.0,0.0,0.01,0.01,1.37,0.0,317,27,0.0,474,52,0.0,462,46,0.0,350,27,,,,1,,Melker,Ellborg,Ellborg,,,0,0,0,0,0,0,0,0,0,0,0,0,0,,,,3.33,0.33,0.67,1.0,0.0,0,0,0
532,a,,,5.0,278,51,0,0,0,0,4.6,77,30,0,0,4.0,52,20,0,0,0.0,254,133,0.0,23.2,0,0,0,0,0,2.2,,0.0,0.0,0.0,0.0,0.1,0.03,0.13,1.39,0.0,57,24,0.0,183,47,0.0,72,8,0.0,86,22,,,,1,,Daniel,Ballard,Ballard,,,0,0,0,0,0,0,0,0,0,0,0,0,0,,,,0.0,0.25,1.47,1.01,11.08,0,0,0
533,d,75.0,,5.5,132,14,0,0,0,0,4.2,83,33,0,0,4.7,16,4,0,0,0.0,387,163,0.0,27.5,0,0,0,0,0,1.9,,0.0,0.0,0.0,0.0,0.05,0.09,0.14,1.45,0.0,38,15,0.0,97,24,0.0,123,23,0.0,72,15,,,,1,,Nordi,Mukiele,Mukiele,Knock - 75% chance of playing,,0,0,0,0,0,0,0,0,0,0,0,0,0,,,,0.0,0.29,1.29,1.03,8.83,0,0,0
534,a,,,4.5,468,127,0,0,0,0,5.2,70,26,0,0,2.9,183,76,0,0,0.0,148,99,0.0,24.4,0,0,0,0,0,1.7,,0.0,0.0,0.0,0.0,0.07,0.06,0.13,1.4,0.0,94,43,0.0,68,15,0.0,116,20,0.0,88,23,3.0,,,1,,Trai,Hume,Hume,,,0,0,0,0,0,0,0,0,0,0,0,0,0,,,,0.0,0.27,1.25,1.01,6.03,0,0,0
535,d,75.0,,5.0,256,42,0,0,0,0,0.6,244,91,0,0,3.8,70,26,0,0,0.0,232,124,0.0,25.0,0,0,0,0,0,1.6,,0.0,0.0,0.0,0.0,0.05,0.03,0.08,1.43,0.0,36,14,0.0,208,55,0.0,108,18,0.0,94,26,,,,1,,Omar,Alderete,Alderete,Knock - 75% chance of playing,,0,0,0,0,0,0,0,0,0,0,0,0,0,,,,0.0,0.32,1.29,1.03,10.04,0,0,0
536,a,,,4.5,450,117,0,0,0,0,0.5,261,100,0,0,3.0,168,71,0,0,0.0,130,89,0.0,16.4,0,0,0,0,0,1.7,,0.0,0.0,0.0,0.0,0.01,0.03,0.04,1.22,0.0,160,65,0.0,217,60,0.0,285,95,0.0,236,74,,,,1,,Reinildo,Mandava,Reinildo,,,0,0,0,0,0,0,0,0,0,0,0,0,0,,,,0.0,0.27,1.24,1.05,7.51,0,0,0
537,a,,,4.5,483,132,0,0,0,0,0.0,563,189,0,0,1.0,365,127,0,0,0.0,163,104,0.0,0.4,0,0,0,0,0,1.7,,0.0,0.0,0.0,0.0,0.0,0.01,0.01,0.9,0.0,346,121,0.0,363,128,0.0,463,179,0.0,366,126,,,,1,,Jenson,Seelt,Seelt,,,0,0,0,0,0,0,0,0,0,0,0,0,0,,,,0.0,0.0,1.35,0.68,8.12,0,0,0
538,u,0.0,,4.0,562,172,0,0,0,0,0.3,332,120,0,0,0.0,438,158,0,0,0.0,44,28,0.0,0.0,0,0,0,0,0,0.0,,0.0,0.0,0.0,0.0,0.0,0.0,0.0,0.0,0.0,432,157,0.0,417,156,0.0,398,152,0.0,434,157,,,,1,,Leo Fuhr,Hjelde,Hjelde,Has joined KV Mechelen on loan for the rest of the season,,0,0,0,0,0,0,0,0,0,0,0,0,0,,,,0.0,0.0,0.0,0.0,0.0,0,0,0
539,a,,,4.0,533,151,0,0,0,0,2.8,105,41,0,0,2.2,262,101,0,0,0.0,15,7,0.0,6.5,0,0,0,0,0,1.0,,0.0,0.0,0.0,0.0,0.02,0.02,0.04,1.47,0.0,301,107,0.0,314,109,0.0,284,94,0.0,317,108,,,,1,,Luke,O'Nien,O'Nien,,,0,0,0,0,0,0,0,0,0,0,0,0,0,,,,0.0,0.32,1.12,0.8,6.85,0,0,0
540,u,0.0,,4.0,526,146,0,0,0,0,1.1,189,67,0,0,0.3,399,134,0,0,0.0,8,2,0.0,0.2,0,0,0,0,0,0.0,,0.0,0.0,0.0,0.0,0.05,0.06,0.11,1.5,0.0,356,124,0.0,324,113,0.0,332,120,0.0,357,121,,,,1,,Arthur,Masuaku,Masuaku,Has joined Konyaspor permanently,,0,0,0,0,0,0,0,0,0,0,0,0,0,,,,0.0,0.0,1.44,1.44,7.2,0,0,0
541,a,,,4.5,396,80,0,0,0,0,0.5,266,102,0,0,0.0,457,172,0,0,0.0,76,52,0.0,0.0,0,0,0,0,0,1.7,,0.0,0.0,0.0,0.0,0.0,0.0,0.0,0.0,0.0,452,172,0.0,441,172,0.0,424,170,0.0,454,172,,,,1,,Thomas,Meunier,Meunier,,,0,0,0,0,0,0,0,0,0,0,0,0,0,,,,0.0,0.0,0.0,0.0,0.0,0,0,0
542,a,,,6.0,94,59,0,0,0,0,12.8,33,9,0,0,4.1,48,22,0,0,0.0,516,207,0.0,24.5,0,0,0,0,0,2.1,,0.0,0.0,0.0,0.0,0.16,0.18,0.34,1.43,0.0,41,11,0.0,16,15,0.0,87,54,0.0,28,22,1.0,2.0,2.0,1,,Enzo,Le Fée,E.Le Fée,,,0,0,0,0,0,0,0,0,0,0,0,0,0,,,,0.0,0.31,1.32,1.01,9.8,0,0,0
543,a,,,5.5,204,127,0,0,0,0,0.1,444,180,0,0,3.2,150,59,0,0,0.0,459,177,0.0,11.8,0,0,0,0,0,2.0,,0.0,0.0,0.0,0.0,0.21,0.05,0.26,1.38,0.0,266,122,0.0,201,129,0.0,127,72,0.0,237,122,,,1.0,1,,Habib,Diarra,Diarra,,,0,0,0,0,0,0,0,0,0,0,0,0,0,,,,0.0,0.32,1.22,0.96,5.07,0,0,0
544,a,,,5.5,113,74,0,0,0,0,5.1,71,25,0,0,3.6,91,38,0,0,0.0,368,124,0.0,22.5,0,0,0,0,0,2.0,,0.0,0.0,0.0,0.0,0.03,0.12,0.15,1.42,0.0,51,14,0.0,36,35,0.0,232,125,0.0,65,42,2.0,1.0,,1,,Granit,Xhaka,Xhaka,,,0,0,0,0,0,0,0,0,0,0,0,0,0,,,,0.0,0.28,1.21,0.99,11.23,0,0,0
545,a,,,5.0,372,222,0,0,0,0,0.4,289,95,0,0,2.4,249,102,0,0,0.0,348,110,0.0,16.0,0,0,0,0,0,1.5,,0.0,0.0,0.0,0.0,0.04,0.05,0.09,1.29,0.0,175,72,0.0,105,75,0.0,187,103,0.0,161,79,,,,1,,Noah,Sadiki,Sadiki,,,0,0,0,0,0,0,0,0,0,0,0,0,0,,,,0.0,0.28,1.31,1.03,7.72,0,0,0
546,a,,,5.0,356,208,0,0,0,0,0.3,317,107,0,0,2.4,248,101,0,0,0.0,332,96,0.0,6.8,0,0,0,0,0,1.5,,0.0,0.0,0.0,0.0,0.05,0.09,0.14,1.57,0.0,315,143,0.0,225,137,0.0,254,136,0.0,298,143,,,,1,,Simon,Adingra,Adingra,,,0,0,0,0,0,0,0,0,0,0,0,0,0,,,,0.0,0.55,1.11,1.25,6.24,0,0,0
547,a,,,5.0,309,182,0,0,0,0,0.0,570,247,0,0,1.0,379,175,0,0,0.0,285,70,0.0,2.8,0,0,0,0,0,1.5,,0.0,0.0,0.0,0.0,0.2,0.11,0.31,1.93,0.0,349,162,0.0,303,160,0.0,262,138,0.0,327,154,,,,1,,Romaine,Mundle,Mundle,,,0,0,0,0,0,0,0,0,0,0,0,0,0,,,,0.0,0.0,2.48,0.45,7.44,0,0,0
548,a,,,5.0,369,219,0,0,0,0,0.1,461,186,0,0,2.0,287,122,0,0,0.0,345,107,0.0,7.2,0,0,0,0,0,1.5,,0.0,0.0,0.0,0.0,0.1,0.11,0.21,1.48,0.0,298,137,0.0,207,131,0.0,231,124,0.0,276,134,,,,1,,Chris,Rigg,Rigg,,,0,0,0,0,0,0,0,0,0,0,0,0,0,,,,0.0,0.36,1.31,1.31,6.77,0,0,0
549,a,,,5.5,206,129,0,0,0,0,0.2,338,119,0,0,3.0,174,67,0,0,0.0,461,179,0.0,15.1,0,0,0,0,0,2.0,,0.0,0.0,0.0,0.0,0.12,0.07,0.19,1.29,0.0,229,101,0.0,158,106,0.0,118,68,0.0,201,100,,,,1,,Chemsdine,Talbi,Talbi,,,0,0,0,0,0,0,0,0,0,0,0,0,0,,,,0.0,0.41,0.81,0.93,5.33,0,0,0
550,a,,,5.0,388,233,0,0,0,0,0.0,576,252,0,0,1.0,386,182,0,0,0.0,364,121,0.0,0.2,0,0,0,0,0,1.5,,0.0,0.0,0.0,0.0,0.0,0.09,0.09,0.57,0.0,382,178,0.0,355,176,0.0,356,181,0.0,385,181,,,,1,,Djiamgone Jocelin Ta,Bi,Jocelin.T,,,0,0,0,0,0,0,0,0,0,0,0,0,0,,,,0.0,0.0,0.0,2.37,7.11,0,0,0
551,a,,,5.0,358,210,0,0,0,0,0.1,490,202,0,0,1.6,323,141,0,0,0.0,334,98,0.0,2.6,0,0,0,0,0,1.5,,0.0,0.0,0.0,0.0,0.17,0.03,0.2,1.63,0.0,337,153,0.0,294,158,0.0,246,132,0.0,313,149,,,,1,,Nilson,Angulo,Angulo,,,0,0,0,0,0,0,0,0,0,0,0,0,0,,,,0.0,0.22,1.35,1.12,7.86,0,0,0
552,a,,,6.0,82,21,0,0,0,0,16.1,23,4,0,0,3.0,176,16,0,0,0.0,504,52,0.0,15.3,0,0,0,0,0,2.0,,0.0,0.0,0.0,0.0,0.28,0.03,0.31,1.47,0.0,184,18,0.0,168,16,0.0,38,15,0.0,113,17,,,,1,,Brian,Brobbey,Brobbey,,,0,0,0,0,0,0,0,0,0,0,0,0,0,,,,0.0,0.28,1.41,1.03,3.47,0,0,0
