id,first_name,second_name,web_name,status,news,news_added,now_cost,now_cost_rank,now_cost_rank_type,selected_by_percent,selected_rank,selected_rank_type,form,form_rank,form_rank_type,event_points,cost_change_event,cost_change_event_fall,cost_change_start,cost_change_start_fall,transfers_in_event,transfers_out_event,value_form,value_season,ep_next,ep_this,points_per_game,points_per_game_rank,points_per_game_rank_type,chance_of_playing_next_round,chance_of_playing_this_round,influence_rank,influence_rank_type,creativity_rank,creativity_rank_type,threat_rank,threat_rank_type,ict_index_rank,ict_index_rank_type,corners_and_indirect_freekicks_order,direct_freekicks_order,penalties_order,set_piece_threat,corners_and_indirect_freekicks_text,direct_freekicks_text,penalties_text,expected_goals_per_90,expected_assists_per_90,expected_goal_involvements_per_90,expected_goals_conceded_per_90,saves_per_90,clean_sheets_per_90,goals_conceded_per_90,starts_per_90,defensive_contribution_per_90,gw,total_points,minutes,goals_scored,assists,clean_sheets,goals_conceded,own_goals,penalties_saved,penalties_missed,yellow_cards,red_cards,saves,starts,bonus,bps,transfers_in,transfers_out,dreamteam_count,expected_goals,expected_assists,expected_goal_involvements,expected_goals_conceded,influence,creativity,threat,ict_index,tackles,clearances_blocks_interceptions,recoveries,defensive_contribution
14,Eberechi,Eze,Eze,a,,,6.5,41,28,3.1,99,33,0.0,533,226,0,0,0,0,0,0,0,0.0,17.4,2.3,,3.4,122,50,,,156,61,123,85,47,28,95,54,,3.0,,,,,,0.25,0.13,0.38,0.68,0.0,0.53,0.67,1.05,5.73,1,0,0,0,0,0,0,0,0,0,0,0,0,0,0,0,0,0,0,0.0,0.0,0.0,0.0,0.0,0.0,0.0,0.0,0,0,0,0
15,Martin,Ødegaard,Ødegaard,a,,,6.5,35,23,2.9,104,35,0.0,527,221,0,0,0,0,0,0,0,0.0,11.4,2.3,,3.1,163,62,,,196,85,39,36,180,98,120,68,9.0,,3.0,,,,,0.08,0.24,0.32,1.07,0.0,0.4,0.86,1.06,6.74,1,0,0,0,0,0,0,0,0,0,0,0,0,0,0,0,0,0,0,0.0,0.0,0.0,0.0,0.0,0.0,0.0,0.0,0,0,0,0
16,Noni,Madueke,Madueke,a,,,6.5,43,30,0.4,299,100,0.0,535,228,0,0,0,0,0,0,0,0.0,11.1,2.3,,2.8,201,77,,,221,98,98,71,64,38,126,72,8.0,,,,,,,0.09,0.21,0.3,0.95,0.0,0.6,0.67,1.2,5.23,1,0,0,0,0,0,0,0,0,0,0,0,0,0,0,0,0,0,0,0.0,0.0,0.0,0.0,0.0,0.0,0.0,0.0,0,0,0,0
17,Mikel,Merino Zazón,Merino,a,,,6.0,64,42,1.1,190,64,0.0,476,187,0,0,0,0,0,0,0,0.0,11.2,2.1,,3.0,175,68,,,199,88,176,118,119,69,189,94,,,,,,,,0.3,0.13,0.43,0.65,0.0,0.35,0.88,0.88,9.93,1,0,0,0,0,0,0,0,0,0,0,0,0,0,0,0,0,0,0,0.0,0.0,0.0,0.0,0.0,0.0,0.0,0.0,0,0,0,0
6,William,Saliba,Saliba,i,Back injury - Unknown return date,,6.0,88,9,0.5,265,99,0.0,500,183,0,0,0,0,0,0,0,0.0,22.8,0.0,,4.4,34,13,0.0,,92,41,167,41,245,76,164,57,,,,,,,,0.03,0.04,0.07,0.7,0.0,0.52,0.69,1.03,6.64,1,0,0,0,0,0,0,0,0,0,0,0,0,0,0,0,0,0,0,0.0,0.0,0.0,0.0,0.0,0.0,0.0,0.0,0,0,0,0
7,Myles,Lewis-Skelly,Lewis-Skelly,a,,,5.5,190,117,0.3,303,101,0.0,440,166,0,0,0,0,0,0,0,0.0,5.3,2.0,,1.4,341,155,,,318,144,262,145,302,157,315,150,,,,,,,,0.01,0.03,0.04,1.16,0.0,0.26,1.03,0.65,3.23,1,0,0,0,0,0,0,0,0,0,0,0,0,0,0,0,0,0,0,0.0,0.0,0.0,0.0,0.0,0.0,0.0,0.0,0,0,0,0
8,Riccardo,Calafiori,Calafiori,a,,,5.5,175,24,17.3,22,7,0.0,425,170,0,0,0,0,0,0,0,0.0,19.8,2.5,,4.2,41,16,,,211,80,182,46,93,12,178,62,,,,,,,,0.18,0.04,0.22,0.52,0.0,0.69,0.42,1.17,5.41,1,0,0,0,0,0,0,0,0,0,0,0,0,0,0,0,0,0,0,0.0,0.0,0.0,0.0,0.0,0.0,0.0,0.0,0,0,0,0
9,Piero,Hincapié,Hincapie,a,,,5.5,166,21,4.0,85,34,0.0,416,167,0,0,0,0,0,0,0,0.0,15.8,2.5,,3.5,105,43,,,129,54,180,45,258,82,196,65,,,,,,,,0.02,0.08,0.1,0.88,0.0,0.25,0.96,1.01,8.61,1,0,0,0,0,0,0,0,0,0,0,0,0,0,0,0,0,0,0,0.0,0.0,0.0,0.0,0.0,0.0,0.0,0.0,0,0,0,0
10,Benjamin,White,White,a,,,5.5,128,13,0.8,215,78,0.0,378,159,0,0,0,0,0,0,0,0.0,8.2,2.5,,3.8,71,27,100.0,,272,101,213,58,275,89,280,92,,,,,,,,0.06,0.09,0.15,1.12,0.0,0.64,0.77,1.16,6.82,1,0,0,0,0,0,0,0,0,0,0,0,0,0,0,0,0,0,0,0.0,0.0,0.0,0.0,0.0,0.0,0.0,0.0,0,0,0,0
11,Cristhian,Mosquera,Mosquera,a,,,5.5,192,28,14.8,28,11,0.0,442,174,0,0,0,0,0,0,0,0.0,7.3,2.5,,2.0,288,110,,,239,90,243,79,310,108,282,93,,,,,,,,0.01,0.06,0.07,0.83,0.0,0.27,0.73,0.82,8.67,1,0,0,0,0,0,0,0,0,0,0,0,0,0,0,0,0,0,0,0.0,0.0,0.0,0.0,0.0,0.0,0.0,0.0,0,0,0,0
12,Bukayo,Saka,Saka,a,,,9.5,3,2,10.7,44,15,0.0,574,254,0,0,0,0,0,0,0,0.0,16.5,3.2,,5.1,12,6,,,68,20,12,11,11,6,10,8,7.0,2.0,1.0,,,,,0.31,0.29,0.6,0.63,0.0,0.49,0.65,1.01,7.47,1,0,0,0,0,0,0,0,0,0,0,0,0,0,0,0,0,0,0,0.0,0.0,0.0,0.0,0.0,0.0,0.0,0.0,0,0,0,0
13,Declan,Rice,Rice,a,,,7.5,13,8,22.1,16,6,0.0,556,244,0,0,0,0,0,0,0,0.0,24.5,2.6,,5.1,9,4,,,24,8,4,4,100,63,14,11,6.0,1.0,,,,,,0.09,0.21,0.3,0.69,0.0,0.52,0.73,1.02,10.94,1,0,0,0,0,0,0,0,0,0,0,0,0,0,0,0,0,0,0,0.0,0.0,0.0,0.0,0.0,0.0,0.0,0.0,0,0,0,0
18,Gabriel,Martinelli Silva,Martinelli,a,,,6.5,45,32,0.3,309,104,0.0,537,230,0,0,0,0,0,0,0,0.0,8.8,2.3,,1.9,298,130,,,249,112,166,111,69,42,177,86,,,,,,,,0.35,0.11,0.46,0.89,0.0,0.17,0.68,0.93,6.51,1,0,0,0,0,0,0,0,0,0,0,0,0,0,0,0,0,0,0,0.0,0.0,0.0,0.0,0.0,0.0,0.0,0.0,0,0,0,0
19,Martín,Zubimendi Ibáñez,Zubimendi,a,,,5.5,182,111,1.5,164,53,0.0,432,160,0,0,0,0,0,0,0,0.0,24.2,2.0,,3.5,107,42,,,74,24,85,63,110,64,78,49,,,,,,,,0.09,0.07,0.16,0.79,0.0,0.48,0.75,1.02,9.24,1,0,0,0,0,0,0,0,0,0,0,0,0,0,0,0,0,0,0,0.0,0.0,0.0,0.0,0.0,0.0,0.0,0.0,0,0,0,0
1,David,Raya Martín,Raya,a,,,6.0,60,1,31.0,5,1,0.0,472,64,0,0,0,0,0,0,0,0.0,27.0,4.0,,4.4,32,3,,,96,16,304,3,567,64,229,16,,,,,,,,0.0,0.0,0.0,0.74,1.62,0.51,0.7,1.0,0.0,1,0,0,0,0,0,0,0,0,0,0,0,0,0,0,0,0,0,0,0.0,0.0,0.0,0.0,0.0,0.0,0.0,0.0,0,0,0,0
2,Kepa,Arrizabalaga Revuelta,Arrizabalaga,a,,,5.0,227,8,0.1,403,45,0.0,206,49,0,0,0,0,0,0,0,0.0,0.4,2.6,,2.0,285,28,,,357,30,492,57,486,52,373,30,,,,,,,,0.0,0.0,0.0,0.98,2.0,0.0,1.0,1.0,0.0,1,0,0,0,0,0,0,0,0,0,0,0,0,0,0,0,0,0,0,0.0,0.0,0.0,0.0,0.0,0.0,0.0,0.0,0,0,0,0
3,Illan,Meslier,Meslier,a,,,5.0,291,14,0.1,486,58,0.0,270,55,0,0,0,0,0,0,0,0.0,0.0,2.6,,0.0,515,63,,,515,63,512,60,509,58,515,63,,,,,,,,0.0,0.0,0.0,0.0,0.0,0.0,0.0,0.0,0.0,1,0,0,0,0,0,0,0,0,0,0,0,0,0,0,0,0,0,0,0.0,0.0,0.0,0.0,0.0,0.0,0.0,0.0,0,0,0,0
4,Gabriel,dos Santos Magalhães,Gabriel,a,,,8.0,9,1,26.7,7,1,0.0,568,188,0,0,0,0,0,0,0,0.0,26.1,4.0,,6.5,4,1,,,25,9,219,61,101,15,80,18,,,,,,,,0.1,0.06,0.16,0.72,0.0,0.59,0.65,0.98,9.07,1,0,0,0,0,0,0,0,0,0,0,0,0,0,0,0,0,0,0,0.0,0.0,0.0,0.0,0.0,0.0,0.0,0.0,0,0,0,0
5,Jurriën,Timber,J.Timber,i,Groin injury - Unknown return date,,6.5,47,3,0.4,282,107,0.0,539,186,0,0,0,0,0,0,0,0.0,22.9,0.0,,5.0,13,3,0.0,,114,49,76,18,76,9,79,17,,,,,,,,0.17,0.06,0.23,0.64,0.0,0.48,0.73,1.03,5.43,1,0,0,0,0,0,0,0,0,0,0,0,0,0,0,0,0,0,0,0.0,0.0,0.0,0.0,0.0,0.0,0.0,0.0,0,0,0,0
20,Max,Dowman,Dowman,a,,,5.5,215,135,0.2,340,122,0.0,465,184,0,0,0,0,0,0,0,0.0,2.9,2.0,,2.7,212,83,,,338,154,279,153,264,140,318,152,,,,,,,,0.7,0.18,0.88,0.52,0.0,0.59,0.59,0.59,9.47,1,0,0,0,0,0,0,0,0,0,0,0,0,0,0,0,0,0,0,0.0,0.0,0.0,0.0,0.0,0.0,0.0,0.0,0,0,0,0
22,Ethan,Nwaneri,Nwaneri,a,,,5.5,191,118,0.0,546,231,0.0,441,167,0,0,0,0,0,0,0,0.0,1.5,2.0,,1.3,347,159,,,372,171,321,165,306,158,356,166,,,,,,,,0.13,0.04,0.17,0.4,0.0,0.55,0.0,0.0,7.09,1,0,0,0,0,0,0,0,0,0,0,0,0,0,0,0,0,0,0,0.0,0.0,0.0,0.0,0.0,0.0,0.0,0.0,0,0,0,0
23,Fábio,Ferreira Vieira,Fábio Vieira,a,,,5.5,159,99,0.0,556,239,0.0,409,148,0,0,0,0,0,0,0,0.0,0.0,2.0,,0.0,556,240,,,556,240,556,240,555,240,556,240,,,,,,,,0.0,0.0,0.0,0.0,0.0,0.0,0.0,0.0,0.0,1,0,0,0,0,0,0,0,0,0,0,0,0,0,0,0,0,0,0,0.0,0.0,0.0,0.0,0.0,0.0,0.0,0.0,0,0,0,0
24,Reiss,Nelson,Nelson,a,,,5.5,130,81,0.0,560,243,0.0,380,130,0,0,0,0,0,0,0,0.0,2.4,2.0,,1.3,345,157,,,340,156,306,161,301,156,337,157,,,,,,,,0.54,0.08,0.62,2.3,0.0,0.0,1.53,0.0,17.54,1,0,0,0,0,0,0,0,0,0,0,0,0,0,0,0,0,0,0,0.0,0.0,0.0,0.0,0.0,0.0,0.0,0.0,0,0,0,0
25,Viktor,Gyökeres,Gyökeres,a,,,7.5,15,6,13.1,31,6,0.0,558,63,0,0,0,0,0,0,0,0.0,17.1,2.3,,3.6,97,10,,,99,9,133,11,19,11,46,8,,,2.0,,,,,0.5,0.08,0.58,0.72,0.0,0.49,0.57,1.06,3.45,1,0,0,0,0,0,0,0,0,0,0,0,0,0,0,0,0,0,0,0.0,0.0,0.0,0.0,0.0,0.0,0.0,0.0,0,0,0,0
26,Kai,Havertz,Havertz,a,,,7.5,14,5,3.6,90,12,0.0,557,62,0,0,0,0,0,0,0,0.0,4.8,2.3,,3.0,177,17,,,274,27,211,23,145,32,245,27,,,,,,,,0.52,0.1,0.62,1.04,0.0,0.62,0.62,1.09,4.99,1,0,0,0,0,0,0,0,0,0,0,0,0,0,0,0,0,0,0,0.0,0.0,0.0,0.0,0.0,0.0,0.0,0.0,0,0,0,0
27,Gabriel,Fernando de Jesus,G.Jesus,a,,,6.0,68,17,0.4,284,49,0.0,480,47,0,0,0,0,0,0,0,0.0,4.0,2.0,,1.7,319,35,,,280,30,281,33,107,27,252,30,,,,,,,,0.58,0.06,0.64,0.85,0.0,0.22,1.29,0.65,6.46,1,0,0,0,0,0,0,0,0,0,0,0,0,0,0,0,0,0,0,0.0,0.0,0.0,0.0,0.0,0.0,0.0,0.0,0,0,0,0
452,Bruno,Guimarães Rodriguez Moura,Bruno G.,a,,,7.0,24,15,10.2,46,16,0.0,549,239,0,0,0,0,0,0,0,0.0,22.0,2.5,,5.3,7,3,,,32,9,18,17,45,27,20,16,,,,,,,,0.2,0.18,0.38,1.17,0.0,0.22,1.36,0.99,9.2,1,0,0,0,0,0,0,0,0,0,0,0,0,0,0,0,0,0,0,0.0,0.0,0.0,0.0,0.0,0.0,0.0,0.0,0,0,0,0
557,Christos,Tzolis,Tzolis,a,,,6.5,44,31,3.5,91,29,0.0,536,229,0,0,0,0,0,0,0,0.0,0.0,2.3,,0.0,573,253,,,573,253,573,253,573,253,573,253,4.0,,,,,,,0.0,0.0,0.0,0.0,0.0,0.0,0.0,0.0,0.0,1,0,0,0,0,0,0,0,0,0,0,0,0,0,0,0,0,0,0,0.0,0.0,0.0,0.0,0.0,0.0,0.0,0.0,0,0,0,0
28,Emiliano,Martínez Romero,Martinez,a,,,5.0,225,7,4.9,74,11,0.0,204,48,0,0,0,0,0,0,0,0.0,24.0,2.6,,3.8,69,7,,,34,10,319,4,485,51,175,10,,,,,,,,0.0,0.0,0.0,1.36,3.02,0.22,1.24,1.02,0.0,1,0,0,0,0,0,0,0,0,0,0,0,0,0,0,0,0,0,0,0.0,0.0,0.0,0.0,0.0,0.0,0.0,0.0,0,0,0,0
29,Marco,Bizot,M.Bizot,a,,,4.5,384,21,0.1,424,50,0.0,70,22,0,0,0,0,0,0,0,0.0,3.6,1.9,,2.3,253,25,,,283,21,436,35,419,26,323,21,,,,,,,,0.0,0.0,0.0,1.7,2.92,0.15,1.54,0.92,0.0,1,0,0,0,0,0,0,0,0,0,0,0,0,0,0,0,0,0,0,0.0,0.0,0.0,0.0,0.0,0.0,0.0,0.0,0,0,0,0
30,Lucas,Digne,Digne,u,Has joined Paris Saint-Germain permanently,,4.5,389,78,1.2,187,68,0.0,75,51,0,0,0,0,0,0,0,0.0,21.6,0.0,,3.1,154,61,0.0,,153,63,60,11,206,56,134,43,4.0,,,,,,,0.03,0.16,0.19,1.36,0.0,0.34,1.12,1.03,5.52,1,0,0,0,0,0,0,0,0,0,0,0,0,0,0,0,0,0,0,0.0,0.0,0.0,0.0,0.0,0.0,0.0,0.0,0,0,0,0
31,Ezri,Konsa Ngoyo,Konsa,a,,,4.5,414,92,16.3,24,9,0.0,100,65,0,0,0,0,0,0,0,0.0,22.2,1.7,,2.9,180,74,,,76,31,233,72,210,58,165,58,,,,,,,,0.04,0.02,0.06,1.45,0.0,0.27,1.3,1.01,5.81,1,0,0,0,0,0,0,0,0,0,0,0,0,0,0,0,0,0,0,0.0,0.0,0.0,0.0,0.0,0.0,0.0,0.0,0,0,0,0
32,Matty,Cash,Cash,a,,,4.5,413,91,7.9,57,22,0.0,99,64,0,0,0,0,0,0,0,0.0,26.0,1.7,,3.3,125,48,,,65,29,49,6,136,28,67,13,5.0,,,,,,,0.03,0.09,0.12,1.36,0.0,0.24,1.13,1.01,5.55,1,0,0,0,0,0,0,0,0,0,0,0,0,0,0,0,0,0,0,0.0,0.0,0.0,0.0,0.0,0.0,0.0,0.0,0,0,0,0
33,Tyrone,Mings,Mings,a,,,4.5,401,82,0.2,329,117,0.0,87,55,0,0,0,0,0,0,0,0.0,11.1,1.7,,2.9,178,73,,,212,81,256,85,226,68,255,81,,,,,,,,0.09,0.03,0.12,1.59,0.0,0.2,1.57,1.02,7.28,1,0,0,0,0,0,0,0,0,0,0,0,0,0,0,0,0,0,0,0.0,0.0,0.0,0.0,0.0,0.0,0.0,0.0,0,0,0,0
34,Pau,Torres,Pau,a,,,4.5,440,112,0.3,317,116,0.0,126,85,0,0,0,0,0,0,0,0.0,14.2,1.7,,3.0,167,70,,,193,74,290,99,251,79,260,85,,,,,,,,0.07,0.02,0.09,1.23,0.0,0.27,1.02,0.97,6.03,1,0,0,0,0,0,0,0,0,0,0,0,0,0,0,0,0,0,0,0.0,0.0,0.0,0.0,0.0,0.0,0.0,0.0,0,0,0,0
35,Lamare,Bogarde,Bogarde,a,,,5.0,344,202,0.1,471,192,0.0,323,92,0,0,0,0,0,0,0,0.0,8.0,1.5,,1.4,339,153,,,288,133,277,152,322,164,309,147,,,,,,,,0.0,0.02,0.02,1.33,0.0,0.17,1.47,0.95,5.18,1,0,0,0,0,0,0,0,0,0,0,0,0,0,0,0,0,0,0,0.0,0.0,0.0,0.0,0.0,0.0,0.0,0.0,0,0,0,0
36,Ian,Maatsen,Maatsen,a,,,4.5,445,117,0.6,239,87,0.0,131,90,0,0,0,0,0,0,0,0.0,12.0,1.7,,1.8,299,111,,,180,71,90,21,130,25,142,47,,,,,,,,0.07,0.14,0.21,1.51,0.0,0.11,1.53,0.96,7.25,1,0,0,0,0,0,0,0,0,0,0,0,0,0,0,0,0,0,0,0.0,0.0,0.0,0.0,0.0,0.0,0.0,0.0,0,0,0,0
37,Victor,Lindelöf,Lindelöf,a,,,4.5,410,88,0.2,360,130,0.0,96,61,0,0,0,0,0,0,0,0.0,6.4,1.7,,1.7,311,114,,,262,99,302,103,307,106,307,106,,,,,,,,0.03,0.01,0.04,1.52,0.0,0.1,1.43,1.05,5.16,1,0,0,0,0,0,0,0,0,0,0,0,0,0,0,0,0,0,0,0.0,0.0,0.0,0.0,0.0,0.0,0.0,0.0,0,0,0,0
38,Andrés,García,A.García,a,,,4.0,573,184,1.6,157,59,0.0,63,43,0,0,0,0,0,0,0,0.0,1.2,1.0,,0.8,395,132,,,360,125,359,126,348,126,369,128,,,,,,,,0.0,0.01,0.01,2.97,0.0,0.0,3.25,1.08,10.84,1,0,0,0,0,0,0,0,0,0,0,0,0,0,0,0,0,0,0,0.0,0.0,0.0,0.0,0.0,0.0,0.0,0.0,0,0,0,0
39,Kosta,Nedeljkovic,Nedeljkovic,a,,,4.0,571,183,0.6,233,84,0.0,61,42,0,0,0,0,0,0,0,0.0,0.0,1.0,,0.0,450,167,,,445,167,431,167,413,164,447,167,,,,,,,,0.0,0.0,0.0,0.0,0.0,0.0,0.0,0.0,0.0,1,0,0,0,0,0,0,0,0,0,0,0,0,0,0,0,0,0,0,0.0,0.0,0.0,0.0,0.0,0.0,0.0,0.0,0,0,0,0
41,Emiliano,Buendía Stati,Buendía,a,,,6.0,65,43,1.0,195,66,0.0,477,188,0,0,0,0,0,0,0,0.0,17.0,2.1,,2.8,199,75,,,144,55,77,58,67,40,87,51,,1.0,1.0,,,,,0.17,0.11,0.28,1.44,0.0,0.15,1.23,1.08,10.11,1,0,0,0,0,0,0,0,0,0,0,0,0,0,0,0,0,0,0,0.0,0.0,0.0,0.0,0.0,0.0,0.0,0.0,0,0,0,0
42,Evann,Guessand,Guessand,a,,,5.5,183,112,0.0,515,213,0.0,433,161,0,0,0,0,0,0,0,0.0,8.0,2.0,,2.1,278,119,,,269,124,261,144,164,87,265,127,,,,,,,,0.15,0.08,0.23,1.43,0.0,0.2,1.49,0.89,8.22,1,0,0,0,0,0,0,0,0,0,0,0,0,0,0,0,0,0,0,0.0,0.0,0.0,0.0,0.0,0.0,0.0,0.0,0,0,0,0
44,Leon,Bailey,Bailey,a,,,5.5,139,86,0.1,394,152,0.0,389,135,0,0,0,0,0,0,0,0.0,3.8,2.0,,1.6,325,143,,,319,145,192,125,263,139,288,139,,,,,,,,0.1,0.29,0.39,1.41,0.0,0.0,1.8,0.6,9.6,1,0,0,0,0,0,0,0,0,0,0,0,0,0,0,0,0,0,0,0.0,0.0,0.0,0.0,0.0,0.0,0.0,0.0,0,0,0,0
45,John,McGinn,McGinn,a,,,5.5,117,76,2.7,107,36,0.0,367,125,0,0,0,0,0,0,0,0.0,18.7,2.0,,3.4,114,44,,,127,46,33,32,96,61,68,43,6.0,,,,,,,0.13,0.17,0.3,1.39,0.0,0.34,1.18,1.18,6.32,1,0,0,0,0,0,0,0,0,0,0,0,0,0,0,0,0,0,0,0.0,0.0,0.0,0.0,0.0,0.0,0.0,0.0,0,0,0,0
46,Ross,Barkley,Barkley,a,,,5.0,222,138,0.2,373,138,0.0,201,28,0,0,0,0,0,0,0,0.0,11.2,1.5,,2.7,204,78,,,234,104,187,123,161,86,226,115,,,,,,,,0.17,0.13,0.3,1.41,0.0,0.11,1.6,0.75,7.89,1,0,0,0,0,0,0,0,0,0,0,0,0,0,0,0,0,0,0,0.0,0.0,0.0,0.0,0.0,0.0,0.0,0.0,0,0,0,0
47,Boubacar,Kamara,Kamara,a,,,5.0,273,164,0.1,398,155,0.0,252,54,0,0,0,0,0,0,0,0.0,12.2,1.5,,3.4,111,43,100.0,,190,81,141,97,253,135,212,108,,,,,,,,0.03,0.05,0.08,1.33,0.0,0.32,0.96,1.09,9.51,1,0,0,0,0,0,0,0,0,0,0,0,0,0,0,0,0,0,0,0.0,0.0,0.0,0.0,0.0,0.0,0.0,0.0,0,0,0,0
48,Amadou,Onana,Onana,i,Knee injury - Unknown return date,,5.0,299,178,0.0,538,225,0.0,278,68,0,0,0,0,0,0,0,0.0,15.2,0.0,,3.0,170,64,0.0,,148,56,203,130,175,94,185,93,,,,,,,,0.09,0.04,0.13,1.46,0.0,0.31,1.33,1.08,11.23,1,0,0,0,0,0,0,0,0,0,0,0,0,0,0,0,0,0,0,0.0,0.0,0.0,0.0,0.0,0.0,0.0,0.0,0,0,0,0
49,Samuel,Iling-Junior,Iling Jr,a,,,5.0,310,182,0.0,551,236,0.0,289,72,0,0,0,0,0,0,0,0.0,0.0,1.5,,0.0,523,218,,,523,218,522,218,518,217,523,218,,,,,,,,0.0,0.0,0.0,0.0,0.0,0.0,0.0,0.0,0.0,1,0,0,0,0,0,0,0,0,0,0,0,0,0,0,0,0,0,0,0.0,0.0,0.0,0.0,0.0,0.0,0.0,0.0,0,0,0,0
50,Bradley,Burrowes,Burrowes,a,,,4.5,508,254,0.8,207,71,0.0,194,23,0,0,0,0,0,0,0,0.0,0.2,1.0,,1.0,375,171,,,495,199,375,187,481,197,495,199,,,,,,,,0.0,0.0,0.0,5.06,0.0,0.0,5.62,0.0,5.62,1,0,0,0,0,0,0,0,0,0,0,0,0,0,0,0,0,0,0,0.0,0.0,0.0,0.0,0.0,0.0,0.0,0.0,0,0,0,0
51,George,Hemmings,George Hemmings,a,,,4.5,495,250,0.3,316,108,0.0,181,19,0,0,0,0,0,0,0,0.0,0.4,1.0,,1.0,371,169,,,488,197,369,185,353,179,392,184,,,,,,,,0.14,0.04,0.18,2.2,0.0,0.0,0.0,0.0,3.6,1,0,0,0,0,0,0,0,0,0,0,0,0,0,0,0,0,0,0,0.0,0.0,0.0,0.0,0.0,0.0,0.0,0.0,0,0,0,0
52,Alysson Edward Franco,da Rocha dos Santos,Alysson,a,,,5.0,377,228,0.0,520,216,0.0,356,118,0,0,0,0,0,0,0,0.0,0.6,1.5,,1.0,385,181,,,384,179,358,177,329,168,380,179,,,,,,,,0.1,0.1,0.2,3.58,0.0,0.0,3.83,0.0,7.66,1,0,0,0,0,0,0,0,0,0,0,0,0,0,0,0,0,0,0,0.0,0.0,0.0,0.0,0.0,0.0,0.0,0.0,0,0,0,0
53,Johan,Manzambi,Manzambi,a,,,6.0,110,72,2.0,129,40,0.0,522,217,0,0,0,0,0,0,0,0.0,0.0,2.1,,0.0,572,252,,,572,252,572,252,572,252,572,252,,,,,,,,0.0,0.0,0.0,0.0,0.0,0.0,0.0,0.0,0.0,1,0,0,0,0,0,0,0,0,0,0,0,0,0,0,0,0,0,0,0.0,0.0,0.0,0.0,0.0,0.0,0.0,0.0,0,0,0,0
54,Joao,Gomes,Gomes,a,,,5.5,165,104,0.3,305,102,0.0,415,153,0,0,0,0,0,0,0,0.0,15.5,2.0,,3.0,173,66,,,117,41,96,70,177,96,125,71,,,,,,,,0.05,0.05,0.1,1.98,0.0,0.16,1.67,1.02,15.78,1,0,0,0,0,0,0,0,0,0,0,0,0,0,0,0,0,0,0,0.0,0.0,0.0,0.0,0.0,0.0,0.0,0.0,0,0,0,0
55,Ollie,Watkins,Watkins,a,,,8.0,7,3,12.7,35,8,0.0,566,66,0,0,0,0,0,0,0,0.0,20.9,2.5,,4.5,29,5,,,42,4,107,5,2,2,11,3,,,2.0,,,,,0.49,0.04,0.53,1.38,0.0,0.29,1.21,1.05,2.99,1,0,0,0,0,0,0,0,0,0,0,0,0,0,0,0,0,0,0,0.0,0.0,0.0,0.0,0.0,0.0,0.0,0.0,0,0,0,0
56,Tammy,Abraham,Abraham,a,,,5.5,122,31,0.2,385,62,0.0,372,27,0,0,0,0,0,0,0,0.0,4.2,1.8,,1.9,292,29,100.0,,311,34,286,34,200,36,297,35,,,,,,,,0.66,0.12,0.78,1.66,0.0,0.0,2.59,0.65,4.21,1,0,0,0,0,0,0,0,0,0,0,0,0,0,0,0,0,0,0,0.0,0.0,0.0,0.0,0.0,0.0,0.0,0.0,0,0,0,0
160,Alejandro,Garnacho Ferreyra,Garnacho,a,,,6.0,95,60,0.9,197,67,0.0,507,205,0,0,0,0,0,0,0,0.0,9.3,2.1,,2.3,260,108,,,243,109,73,55,66,39,127,73,,,,,,,,0.25,0.26,0.51,1.46,0.0,0.29,1.43,1.0,5.07,1,0,0,0,0,0,0,0,0,0,0,0,0,0,0,0,0,0,0,0.0,0.0,0.0,0.0,0.0,0.0,0.0,0.0,0,0,0,0
57,Đorđe,Petrović,Petrović,a,,,4.5,448,35,3.7,88,14,0.0,134,36,0,0,0,0,0,0,0,0.0,27.6,1.9,,3.3,126,16,,,26,7,458,47,444,40,167,8,,,,,,,,0.0,0.0,0.0,1.49,2.87,0.29,1.42,1.0,0.0,1,0,0,0,0,0,0,0,0,0,0,0,0,0,0,0,0,0,0,0.0,0.0,0.0,0.0,0.0,0.0,0.0,0.0,0,0,0,0
58,Fraser,Forster,Forster,a,,,4.0,512,46,3.1,97,17,0.0,2,2,0,0,0,0,0,0,0,0.0,0.0,1.0,,0.0,402,33,,,396,33,379,15,360,6,398,33,,,,,,,,0.0,0.0,0.0,0.0,0.0,0.0,0.0,0.0,0.0,1,0,0,0,0,0,0,0,0,0,0,0,0,0,0,0,0,0,0,0.0,0.0,0.0,0.0,0.0,0.0,0.0,0.0,0,0,0,0
59,Will,Dennis,Dennis,a,,,4.0,545,58,0.2,362,40,0.0,35,14,0,0,0,0,0,0,0,0.0,0.0,1.0,,0.0,429,43,,,423,43,408,27,389,18,425,43,,,,,,,,0.0,0.0,0.0,0.0,0.0,0.0,0.0,0.0,0.0,1,0,0,0,0,0,0,0,0,0,0,0,0,0,0,0,0,0,0,0.0,0.0,0.0,0.0,0.0,0.0,0.0,0.0,0,0,0,0
60,James,Hill,Hill,a,,,5.5,172,23,1.2,179,66,0.0,422,169,0,0,0,0,0,0,0,0.0,20.0,2.5,,3.8,73,28,,,83,35,189,48,218,63,157,53,,,,,,,,0.04,0.05,0.09,1.43,0.0,0.34,1.03,0.94,11.13,1,0,0,0,0,0,0,0,0,0,0,0,0,0,0,0,0,0,0,0.0,0.0,0.0,0.0,0.0,0.0,0.0,0.0,0,0,0,0
61,Adrien,Truffert,Truffert,a,,,5.5,187,27,4.8,75,28,0.0,437,173,0,0,0,0,0,0,0,0.0,30.0,2.5,,4.3,39,15,,,19,7,37,2,160,43,43,7,,,,,,,,0.04,0.08,0.12,1.45,0.0,0.29,1.36,1.01,8.02,1,0,0,0,0,0,0,0,0,0,0,0,0,0,0,0,0,0,0,0.0,0.0,0.0,0.0,0.0,0.0,0.0,0.0,0,0,0,0
62,Bafodé,Diakité,Diakité,a,,,5.0,283,50,0.2,357,129,0.0,262,132,0,0,0,0,0,0,0,0.0,9.2,2.2,,2.6,224,91,,,217,83,280,95,308,107,279,91,,,,,,,,0.0,0.01,0.01,1.59,0.0,0.28,1.91,1.06,8.26,1,0,0,0,0,0,0,0,0,0,0,0,0,0,0,0,0,0,0,0.0,0.0,0.0,0.0,0.0,0.0,0.0,0.0,0,0,0,0
63,Veljko,Milosavljevic,Milosavljević,i,Unspecified injury - Unknown return date,,5.0,372,73,0.1,490,165,0.0,351,155,0,0,0,0,0,0,0,0.0,3.8,0.0,,2.7,207,85,0.0,,306,111,331,117,328,118,330,114,,,,,,,,0.04,0.05,0.09,1.08,0.0,0.25,1.47,0.98,9.56,1,0,0,0,0,0,0,0,0,0,0,0,0,0,0,0,0,0,0,0.0,0.0,0.0,0.0,0.0,0.0,0.0,0.0,0,0,0,0
64,Adam,Smith,Smith,a,,,4.5,382,75,0.1,418,141,0.0,68,48,0,0,0,0,0,0,0,0.0,12.9,1.7,,2.6,217,86,,,259,97,260,87,314,112,296,100,,,,,,,,0.0,0.02,0.02,1.52,0.0,0.5,1.34,1.17,5.87,1,0,0,0,0,0,0,0,0,0,0,0,0,0,0,0,0,0,0,0.0,0.0,0.0,0.0,0.0,0.0,0.0,0.0,0,0,0,0
65,Julián,Araujo Zúñiga,J.Araujo,i,Thigh injury - Unknown return date,,4.5,443,115,0.1,439,149,0.0,129,88,0,0,0,0,0,0,0,0.0,0.0,0.0,,0.0,469,174,0.0,,464,174,456,174,441,173,466,174,,,,,,,,0.0,0.0,0.0,0.0,0.0,0.0,0.0,0.0,0.0,1,0,0,0,0,0,0,0,0,0,0,0,0,0,0,0,0,0,0,0.0,0.0,0.0,0.0,0.0,0.0,0.0,0.0,0,0,0,0
66,Julio,Soler Barreto,Soler,a,,,4.0,568,180,0.6,248,91,0.0,58,39,0,0,0,0,0,0,0,0.0,0.8,1.0,,1.0,360,125,,,388,132,362,127,347,125,387,131,,,,,,,,0.0,0.0,0.0,4.29,0.0,0.0,5.29,0.0,2.65,1,0,0,0,0,0,0,0,0,0,0,0,0,0,0,0,0,0,0,0.0,0.0,0.0,0.0,0.0,0.0,0.0,0.0,0,0,0,0
67,Rayan Vitor,Simplício Rocha,Rayan,a,,,6.5,50,35,3.4,93,31,0.0,542,233,0,0,0,0,0,0,0,0.0,10.3,2.3,,4.5,27,12,,,213,94,157,105,112,65,182,90,,,,,,,,0.22,0.15,0.37,1.55,0.0,0.49,0.81,1.05,6.65,1,0,0,0,0,0,0,0,0,0,0,0,0,0,0,0,0,0,0,0.0,0.0,0.0,0.0,0.0,0.0,0.0,0.0,0,0,0,0
68,Marcus,Tavernier,Tavernier,a,,,6.0,66,44,1.9,137,43,0.0,478,189,0,0,0,0,0,0,0,0.0,22.8,2.1,,4.0,57,24,,,60,17,15,14,30,16,19,15,7.0,1.0,3.0,,,,,0.3,0.15,0.45,1.35,0.0,0.36,1.45,1.02,8.27,1,0,0,0,0,0,0,0,0,0,0,0,0,0,0,0,0,0,0,0.0,0.0,0.0,0.0,0.0,0.0,0.0,0.0,0,0,0,0
69,Alex,Scott,Scott,a,,,6.0,98,63,1.6,152,48,0.0,510,208,0,0,0,0,0,0,0,0.0,22.7,2.1,,3.7,81,35,,,77,25,53,46,91,57,63,41,8.0,4.0,,,,,,0.12,0.09,0.21,1.49,0.0,0.35,1.3,1.07,12.2,1,0,0,0,0,0,0,0,0,0,0,0,0,0,0,0,0,0,0,0.0,0.0,0.0,0.0,0.0,0.0,0.0,0.0,0,0,0,0
70,Justin,Kluivert,Kluivert,a,,,6.0,74,47,1.1,188,63,0.0,486,192,0,0,0,0,0,0,0,0.0,6.8,2.1,,2.0,290,124,,,276,127,124,86,202,112,224,114,9.0,2.0,2.0,,,,,0.22,0.15,0.37,1.71,0.0,0.38,1.81,0.95,6.19,1,0,0,0,0,0,0,0,0,0,0,0,0,0,0,0,0,0,0,0.0,0.0,0.0,0.0,0.0,0.0,0.0,0.0,0,0,0,0
71,Lewis,Cook,Cook,a,,,5.0,236,144,0.1,409,162,0.0,215,34,0,0,0,0,0,0,0,0.0,8.0,1.5,,2.2,266,111,,,247,111,181,120,324,165,269,131,11.0,,,,,,,0.01,0.05,0.06,1.44,0.0,0.1,1.96,0.83,14.76,1,0,0,0,0,0,0,0,0,0,0,0,0,0,0,0,0,0,0,0.0,0.0,0.0,0.0,0.0,0.0,0.0,0.0,0,0,0,0
72,Ben,Gannon-Doak,Gannon-Doak,a,,,5.0,329,192,0.1,406,160,0.0,308,82,0,0,0,0,0,0,0,0.0,2.2,1.5,,1.4,337,151,,,347,160,326,167,286,150,341,161,,,,,,,,0.22,0.11,0.33,4.06,0.0,0.0,0.86,0.0,11.14,1,0,0,0,0,0,0,0,0,0,0,0,0,0,0,0,0,0,0,0.0,0.0,0.0,0.0,0.0,0.0,0.0,0.0,0,0,0,0
73,Tyler,Adams,Adams,a,,,5.0,249,153,0.7,224,76,0.0,228,43,0,0,0,0,0,0,0,0.0,15.4,1.5,,3.1,158,60,,,157,62,197,126,223,121,208,105,,,,,,,,0.03,0.03,0.06,1.38,0.0,0.36,1.42,1.07,11.8,1,0,0,0,0,0,0,0,0,0,0,0,0,0,0,0,0,0,0,0.0,0.0,0.0,0.0,0.0,0.0,0.0,0.0,0,0,0,0
74,David,Brooks,Brooks,a,,,5.0,228,139,0.2,371,136,0.0,207,29,0,0,0,0,0,0,0,0.0,11.8,1.5,,1.9,291,125,,,230,102,87,65,53,32,121,69,10.0,3.0,,,,,,0.44,0.26,0.7,1.53,0.0,0.38,1.52,0.98,7.12,1,0,0,0,0,0,0,0,0,0,0,0,0,0,0,0,0,0,0,0.0,0.0,0.0,0.0,0.0,0.0,0.0,0.0,0,0,0,0
75,Ryan,Christie,Christie,s,Suspended until 29 Aug,,5.0,237,145,0.0,527,220,0.0,216,35,0,0,0,0,0,0,0,0.0,9.4,0.0,,1.8,302,131,0.0,,235,105,173,115,138,78,210,107,12.0,,,,,,,0.17,0.07,0.24,1.76,0.0,0.28,1.29,0.83,11.32,1,0,0,0,0,0,0,0,0,0,0,0,0,0,0,0,0,0,0,0.0,0.0,0.0,0.0,0.0,0.0,0.0,0.0,0,0,0,0
76,Alex,Tóth,Tóth.A,a,,,5.0,371,224,0.0,550,235,0.0,350,114,0,0,0,0,0,0,0,0.0,1.6,1.5,,0.9,394,185,,,359,166,276,151,315,160,339,159,,,,,,,,0.07,0.22,0.29,3.27,0.0,0.0,2.0,1.33,11.33,1,0,0,0,0,0,0,0,0,0,0,0,0,0,0,0,0,0,0,0.0,0.0,0.0,0.0,0.0,0.0,0.0,0.0,0,0,0,0
77,Amine,Adli,Adli,a,,,5.0,321,187,0.2,370,135,0.0,300,77,0,0,0,0,0,0,0,0.0,13.4,1.5,,2.2,269,114,,,216,95,145,98,113,66,180,88,,,,,,,,0.22,0.14,0.36,1.53,0.0,0.25,1.42,0.84,10.31,1,0,0,0,0,0,0,0,0,0,0,0,0,0,0,0,0,0,0,0.0,0.0,0.0,0.0,0.0,0.0,0.0,0.0,0,0,0,0
78,Junior,Kroupi,Kroupi.Jr,i,Foot injury - Unknown return date,,7.5,22,13,3.4,92,30,0.0,565,249,0,0,0,0,0,0,0,0.0,15.1,0.0,,3.4,123,51,0.0,,103,33,122,84,37,22,60,39,,,1.0,,,,,0.45,0.08,0.53,1.4,0.0,0.54,1.14,1.14,6.06,1,0,0,0,0,0,0,0,0,0,0,0,0,0,0,0,0,0,0,0.0,0.0,0.0,0.0,0.0,0.0,0.0,0.0,0,0,0,0
79,Francisco Evanilson,de Lima Barbosa,Evanilson,a,,,6.0,84,22,2.0,123,19,0.0,496,52,0,0,0,0,0,0,0,0.0,19.2,2.0,,3.2,152,13,,,171,15,78,2,14,7,48,10,,,,,,,,0.35,0.05,0.4,1.28,0.0,0.36,1.31,1.05,4.43,1,0,0,0,0,0,0,0,0,0,0,0,0,0,0,0,0,0,0,0.0,0.0,0.0,0.0,0.0,0.0,0.0,0.0,0,0,0,0
80,Enes,Ünal,Enes Ünal,a,,,5.5,119,29,0.2,359,60,0.0,369,25,0,0,0,0,0,0,0,0.0,4.9,1.8,,1.2,350,40,,,322,35,315,40,229,38,311,37,,5.0,,,,,,0.84,0.03,0.87,2.59,0.0,0.0,1.26,0.0,9.67,1,0,0,0,0,0,0,0,0,0,0,0,0,0,0,0,0,0,0,0.0,0.0,0.0,0.0,0.0,0.0,0.0,0.0,0,0,0,0
81,Álvaro,Rodríguez,Rodríguez,a,,,6.0,105,27,0.3,313,56,0.0,517,57,0,0,0,0,0,0,0,0.0,0.0,2.0,,0.0,570,68,,,570,68,570,68,570,68,570,68,,,,,,,,0.0,0.0,0.0,0.0,0.0,0.0,0.0,0.0,0.0,1,0,0,0,0,0,0,0,0,0,0,0,0,0,0,0,0,0,0,0.0,0.0,0.0,0.0,0.0,0.0,0.0,0.0,0,0,0,0
566,António João,Pereira de Albuquerque Tavares da Silva,Silva,a,,,5.0,315,62,0.2,356,128,0.0,294,144,0,0,0,0,0,0,0,0.0,0.0,2.2,,0.0,526,184,,,526,184,525,184,521,184,526,184,,,,,,,,0.0,0.0,0.0,0.0,0.0,0.0,0.0,0.0,0.0,1,0,0,0,0,0,0,0,0,0,0,0,0,0,0,0,0,0,0,0.0,0.0,0.0,0.0,0.0,0.0,0.0,0.0,0,0,0,0
573,Juanlu,Sánchez,Sanchez,a,,,4.5,466,125,0.1,461,155,0.0,152,98,0,0,0,0,0,0,0,0.0,0.0,1.7,,0.0,478,176,,,473,176,467,176,454,175,475,176,,,,,,,,0.0,0.0,0.0,0.0,0.0,0.0,0.0,0.0,0.0,1,0,0,0,0,0,0,0,0,0,0,0,0,0,0,0,0,0,0,0.0,0.0,0.0,0.0,0.0,0.0,0.0,0.0,0,0,0,0
82,Caoimhín,Kelleher,Kelleher,a,,,5.0,248,10,5.7,68,9,0.0,227,51,0,0,0,0,0,0,0,0.0,28.6,2.6,,3.9,64,5,,,12,3,320,5,493,54,143,3,,,,,,,,0.0,0.01,0.01,1.45,2.95,0.27,1.32,1.0,0.0,1,0,0,0,0,0,0,0,0,0,0,0,0,0,0,0,0,0,0,0.0,0.0,0.0,0.0,0.0,0.0,0.0,0.0,0,0,0,0
83,Hákon Rafn,Valdimarsson,Valdimarsson,a,,,4.5,471,40,0.1,430,51,0.0,157,41,0,0,0,0,0,0,0,0.0,0.2,1.9,,1.0,364,31,,,365,31,470,51,458,45,383,31,,,,,,,,0.0,0.0,0.0,0.97,1.0,0.0,3.0,1.0,0.0,1,0,0,0,0,0,0,0,0,0,0,0,0,0,0,0,0,0,0,0.0,0.0,0.0,0.0,0.0,0.0,0.0,0.0,0,0,0,0
84,Nathan,Collins,Collins,a,,,5.5,156,19,2.0,124,48,0.0,406,165,0,0,0,0,0,0,0,0.0,23.5,2.5,,3.7,79,32,,,20,8,206,54,86,10,73,16,,,,,,,,0.07,0.05,0.12,1.44,0.0,0.27,1.33,0.97,9.66,1,0,0,0,0,0,0,0,0,0,0,0,0,0,0,0,0,0,0,0.0,0.0,0.0,0.0,0.0,0.0,0.0,0.0,0,0,0,0
85,Sepp,van den Berg,Van den Berg,a,,,5.0,296,55,0.7,221,82,0.0,275,137,0,0,0,0,0,0,0,0.0,22.6,2.2,,3.5,103,42,,,58,25,239,76,97,13,115,34,,,,,,,,0.11,0.05,0.16,1.36,0.0,0.26,1.34,0.98,8.87,1,0,0,0,0,0,0,0,0,0,0,0,0,0,0,0,0,0,0,0.0,0.0,0.0,0.0,0.0,0.0,0.0,0.0,0,0,0,0
86,Keane,Lewis-Potter,Lewis-Potter,a,,,5.5,152,94,0.5,260,85,0.0,402,143,0,0,0,0,0,0,0,0.0,20.9,2.0,,3.2,148,58,,,159,63,106,76,75,46,114,64,,1.0,,,,,,0.14,0.12,0.26,1.55,0.0,0.41,1.47,1.01,3.4,1,0,0,0,0,0,0,0,0,0,0,0,0,0,0,0,0,0,0,0.0,0.0,0.0,0.0,0.0,0.0,0.0,0.0,0,0,0,0
87,Kristoffer,Ajer,Ajer,a,,,4.5,411,89,1.7,144,55,0.0,97,62,0,0,0,0,0,0,0,0.0,16.9,1.7,,2.8,189,77,,,152,62,278,94,182,49,216,70,,,,,,,,0.03,0.04,0.07,1.57,0.0,0.25,1.6,1.0,9.57,1,0,0,0,0,0,0,0,0,0,0,0,0,0,0,0,0,0,0,0.0,0.0,0.0,0.0,0.0,0.0,0.0,0.0,0,0,0,0
88,Michael,Kayode,Kayode,a,,,4.5,503,139,3.8,87,36,0.0,189,112,0,0,0,0,0,0,0,0.0,25.1,1.7,,3.1,157,64,,,71,30,55,8,207,57,84,21,,,,,,,,0.04,0.08,0.12,1.45,0.0,0.28,1.35,1.02,6.05,1,0,0,0,0,0,0,0,0,0,0,0,0,0,0,0,0,0,0,0.0,0.0,0.0,0.0,0.0,0.0,0.0,0.0,0,0,0,0
89,Rico,Henry,Henry,a,,,4.5,412,90,0.2,341,122,0.0,98,63,0,0,0,0,0,0,0,0.0,11.6,1.7,,2.1,274,104,,,275,102,254,84,292,98,299,101,,,,,,,,0.01,0.04,0.05,1.63,0.0,0.27,1.5,0.95,4.63,1,0,0,0,0,0,0,0,0,0,0,0,0,0,0,0,0,0,0,0.0,0.0,0.0,0.0,0.0,0.0,0.0,0.0,0,0,0,0
90,Aaron,Hickey,Hickey,a,,,4.5,454,121,0.1,467,158,0.0,140,94,0,0,0,0,0,0,0,0.0,8.2,1.7,,1.8,301,112,,,304,109,328,114,281,91,320,109,,,,,,,,0.06,0.02,0.08,1.2,0.0,0.27,1.19,1.06,6.76,1,0,0,0,0,0,0,0,0,0,0,0,0,0,0,0,0,0,0,0.0,0.0,0.0,0.0,0.0,0.0,0.0,0.0,0,0,0,0
91,Ethan,Pinnock,Pinnock,a,,,4.5,428,103,0.1,438,148,0.0,114,76,0,0,0,0,0,0,0,0.0,3.1,1.7,,3.5,99,39,,,310,113,370,129,295,99,328,112,,,,,,,,0.0,0.02,0.02,1.05,0.0,0.28,1.42,1.13,11.89,1,0,0,0,0,0,0,0,0,0,0,0,0,0,0,0,0,0,0,0.0,0.0,0.0,0.0,0.0,0.0,0.0,0.0,0,0,0,0
92,Kim,Ji-soo,Ji-soo,a,,,4.5,490,133,0.0,528,177,0.0,176,106,0,0,0,0,0,0,0,0.0,0.0,1.7,,0.0,491,179,,,487,179,483,179,474,179,489,179,,,,,,,,0.0,0.0,0.0,0.0,0.0,0.0,0.0,0.0,0.0,1,0,0,0,0,0,0,0,0,0,0,0,0,0,0,0,0,0,0,0.0,0.0,0.0,0.0,0.0,0.0,0.0,0.0,0,0,0,0
93,Jannik,Schuster,Schuster,a,,,4.5,472,127,0.1,400,137,0.0,158,100,0,0,0,0,0,0,0,0.0,0.0,1.7,,0.0,481,177,,,476,177,471,177,459,176,478,177,,,,,,,,0.0,0.0,0.0,0.0,0.0,0.0,0.0,0.0,0.0,1,0,0,0,0,0,0,0,0,0,0,0,0,0,0,0,0,0,0,0.0,0.0,0.0,0.0,0.0,0.0,0.0,0.0,0,0,0,0
94,Kevin,Schade,Schade,a,,,6.0,100,65,2.0,128,39,0.0,512,210,0,0,0,0,0,0,0,0.0,20.8,2.1,,3.6,94,40,,,100,31,89,66,12,7,33,25,,,2.0,,,,,0.4,0.07,0.47,1.31,0.0,0.36,1.12,1.05,6.23,1,0,0,0,0,0,0,0,0,0,0,0,0,0,0,0,0,0,0,0.0,0.0,0.0,0.0,0.0,0.0,0.0,0.0,0,0,0,0
95,Dango,Ouattara,O.Dango,a,,,6.5,53,37,1.4,169,56,0.0,545,235,0,0,0,0,0,0,0,0.0,20.9,2.3,,4.2,44,20,,,112,38,65,50,23,10,42,29,8.0,,,,,,,0.31,0.16,0.47,1.38,0.0,0.24,1.39,0.99,7.33,1,0,0,0,0,0,0,0,0,0,0,0,0,0,0,0,0,0,0,0.0,0.0,0.0,0.0,0.0,0.0,0.0,0.0,0,0,0,0
96,Mikkel,Damsgaard,Damsgaard,a,,,5.5,160,100,0.7,231,80,0.0,410,149,0,0,0,0,0,0,0,0.0,20.5,2.0,,3.4,116,46,,,106,34,26,25,85,53,49,31,6.0,3.0,,,,,,0.11,0.24,0.35,1.39,0.0,0.22,1.41,1.06,10.6,1,0,0,0,0,0,0,0,0,0,0,0,0,0,0,0,0,0,0,0.0,0.0,0.0,0.0,0.0,0.0,0.0,0.0,0,0,0,0
97,Mathias,Jensen,Jensen,a,,,5.5,136,84,0.2,389,148,0.0,386,133,0,0,0,0,0,0,0,0.0,17.8,2.0,,2.7,209,81,,,140,52,29,28,155,84,77,48,5.0,2.0,3.0,,,,,0.09,0.24,0.33,1.44,0.0,0.36,1.33,1.05,8.84,1,0,0,0,0,0,0,0,0,0,0,0,0,0,0,0,0,0,0,0.0,0.0,0.0,0.0,0.0,0.0,0.0,0.0,0,0,0,0
98,Vitaly,Janelt,Janelt,a,,,5.0,252,155,0.1,428,172,0.0,231,45,0,0,0,0,0,0,0,0.0,14.8,1.5,,3.0,169,63,,,172,69,99,72,234,126,176,85,7.0,,,,,,,0.05,0.14,0.19,1.67,0.0,0.31,1.32,0.94,11.49,1,0,0,0,0,0,0,0,0,0,0,0,0,0,0,0,0,0,0,0.0,0.0,0.0,0.0,0.0,0.0,0.0,0.0,0,0,0,0
99,Antoni,Milambo,Milambo,d,Knee injury - 75% chance of playing,,5.0,354,211,0.0,573,254,0.0,333,101,0,0,0,0,0,0,0,0.0,0.2,1.1,,1.0,380,176,75.0,,380,176,368,184,536,228,388,182,,,,,,,,0.0,0.02,0.02,2.98,0.0,0.0,6.0,2.0,8.0,1,0,0,0,0,0,0,0,0,0,0,0,0,0,0,0,0,0,0,0.0,0.0,0.0,0.0,0.0,0.0,0.0,0.0,0,0,0,0
100,Fábio,Freitas Gouveia Carvalho,Carvalho,a,,,5.0,284,171,0.0,570,251,0.0,263,61,0,0,0,0,0,0,0,0.0,2.6,1.5,,2.2,268,113,100.0,,343,158,349,173,291,152,345,162,,,,,,,,0.63,0.03,0.66,1.87,0.0,0.0,3.6,0.9,7.2,1,0,0,0,0,0,0,0,0,0,0,0,0,0,0,0,0,0,0,0.0,0.0,0.0,0.0,0.0,0.0,0.0,0.0,0,0,0,0
102,Yehor,Yarmoliuk,Yarmoliuk,a,,,5.0,337,197,1.5,161,51,0.0,316,87,0,0,0,0,0,0,0,0.0,20.8,1.5,,2.8,196,73,,,132,47,132,90,219,119,166,81,,,,,,,,0.04,0.05,0.09,1.37,0.0,0.27,1.43,1.02,11.47,1,0,0,0,0,0,0,0,0,0,0,0,0,0,0,0,0,0,0,0.0,0.0,0.0,0.0,0.0,0.0,0.0,0.0,0,0,0,0
103,Josh,Dasilva,Dasilva,a,,,5.0,245,150,0.0,530,221,0.0,224,40,0,0,0,0,0,0,0,0.0,0.4,1.5,,1.0,378,174,,,394,185,336,171,342,174,377,176,,,,,,,,3.6,0.0,3.6,2.25,0.0,0.0,0.0,0.0,45.0,1,0,0,0,0,0,0,0,0,0,0,0,0,0,0,0,0,0,0,0.0,0.0,0.0,0.0,0.0,0.0,0.0,0.0,0,0,0,0
105,Jaidon,Anthony,Anthony,a,,,6.0,85,54,0.2,337,121,0.0,497,199,0,0,0,0,0,0,0,0.0,0.0,2.1,,0.0,568,250,,,568,250,568,250,568,250,568,250,,,,,,,,0.0,0.0,0.0,0.0,0.0,0.0,0.0,0.0,0.0,1,0,0,0,0,0,0,0,0,0,0,0,0,0,0,0,0,0,0,0.0,0.0,0.0,0.0,0.0,0.0,0.0,0.0,0,0,0,0
106,Igor Thiago,Nascimento Rodrigues,Thiago,a,,,8.0,12,4,16.1,25,5,0.0,571,67,0,0,0,0,0,0,0,0.0,22.6,2.5,,4.8,15,3,,,5,2,88,3,3,3,6,2,,,1.0,,,,,0.56,0.05,0.61,1.46,0.0,0.27,1.37,1.01,5.87,1,0,0,0,0,0,0,0,0,0,0,0,0,0,0,0,0,0,0,0.0,0.0,0.0,0.0,0.0,0.0,0.0,0.0,0,0,0,0
107,Kaye,Furo,Furo,a,,,4.5,498,66,0.8,206,34,0.0,184,9,0,0,0,0,0,0,0,0.0,0.2,1.0,,1.0,373,44,,,489,52,484,52,476,53,490,53,,,,,,,,0.0,0.0,0.0,1.8,0.0,0.0,0.0,0.0,0.0,1,0,0,0,0,0,0,0,0,0,0,0,0,0,0,0,0,0,0,0.0,0.0,0.0,0.0,0.0,0.0,0.0,0.0,0,0,0,0
108,Callum,Wilson,Wilson,a,,,5.5,112,28,0.4,290,50,0.0,362,24,0,0,0,0,0,0,0,0.0,0.0,1.8,,0.0,550,63,,,550,63,550,63,548,63,550,63,,,,,,,,0.0,0.0,0.0,0.0,0.0,0.0,0.0,0.0,0.0,1,0,0,0,0,0,0,0,0,0,0,0,0,0,0,0,0,0,0,0.0,0.0,0.0,0.0,0.0,0.0,0.0,0.0,0,0,0,0
565,Mamadou,Sangaré,Sangaré,a,,,5.5,195,121,1.4,167,55,0.0,445,170,0,0,0,0,0,0,0,0.0,0.0,2.0,,0.0,561,245,,,561,245,561,245,560,245,561,245,,,,,,,,0.0,0.0,0.0,0.0,0.0,0.0,0.0,0.0,0.0,1,0,0,0,0,0,0,0,0,0,0,0,0,0,0,0,0,0,0,0.0,0.0,0.0,0.0,0.0,0.0,0.0,0.0,0,0,0,0
109,Bart,Verbruggen,Verbruggen,a,,,4.5,461,39,17.6,21,5,0.0,147,40,0,0,0,0,0,0,0,0.0,28.9,1.9,,3.4,109,12,,,9,2,341,10,451,44,141,2,,,,,,,,0.0,0.0,0.0,1.29,2.79,0.26,1.21,1.0,0.0,1,0,0,0,0,0,0,0,0,0,0,0,0,0,0,0,0,0,0,0.0,0.0,0.0,0.0,0.0,0.0,0.0,0.0,0,0,0,0
111,Jason,Steele,Steele,a,,,4.0,513,47,4.4,78,12,0.0,3,3,0,0,0,0,0,0,0,0.0,0.0,1.0,,0.0,403,34,,,397,34,380,16,361,7,399,34,,,,,,,,0.0,0.0,0.0,0.0,0.0,0.0,0.0,0.0,0.0,1,0,0,0,0,0,0,0,0,0,0,0,0,0,0,0,0,0,0,0.0,0.0,0.0,0.0,0.0,0.0,0.0,0.0,0,0,0,0
113,Ferdi,Kadıoğlu,F.Kadıoğlu,a,,,4.5,429,104,3.0,103,39,0.0,115,77,0,0,0,0,0,0,0,0.0,26.2,1.7,,3.2,141,55,,,113,48,62,13,104,17,83,20,8.0,,,,,,,0.06,0.1,0.16,1.28,0.0,0.29,1.18,0.98,4.89,1,0,0,0,0,0,0,0,0,0,0,0,0,0,0,0,0,0,0,0.0,0.0,0.0,0.0,0.0,0.0,0.0,0.0,0,0,0,0
114,Olivier,Boscagli,Boscagli,a,,,4.5,416,93,0.2,387,136,0.0,102,66,0,0,0,0,0,0,0,0.0,8.7,1.7,,3.2,139,53,,,242,92,253,83,323,116,287,96,,,,,,,,0.01,0.05,0.06,1.22,0.0,0.34,1.13,1.01,8.79,1,0,0,0,0,0,0,0,0,0,0,0,0,0,0,0,0,0,0,0.0,0.0,0.0,0.0,0.0,0.0,0.0,0.0,0,0,0,0
115,Maxim,De Cuyper,De Cuyper,a,,,4.5,451,119,1.3,176,65,0.0,137,92,0,0,0,0,0,0,0,0.0,18.7,1.7,,2.8,191,79,,,187,72,47,5,193,52,129,38,4.0,3.0,,,,,,0.11,0.26,0.37,1.54,0.0,0.32,1.47,1.09,4.1,1,0,0,0,0,0,0,0,0,0,0,0,0,0,0,0,0,0,0,0.0,0.0,0.0,0.0,0.0,0.0,0.0,0.0,0,0,0,0
116,Lewis,Dunk,Dunk,a,,,4.5,387,76,0.8,211,76,0.0,73,49,0,0,0,0,0,0,0,0.0,22.2,1.7,,3.0,164,67,,,63,27,221,62,144,33,133,42,,2.0,,,,,,0.06,0.02,0.08,1.33,0.0,0.22,1.27,0.98,7.33,1,0,0,0,0,0,0,0,0,0,0,0,0,0,0,0,0,0,0,0.0,0.0,0.0,0.0,0.0,0.0,0.0,0.0,0,0,0,0
117,Diego,Coppola,Coppola,a,,,4.5,482,131,0.0,535,180,0.0,168,104,0,0,0,0,0,0,0,0.0,2.2,1.7,,2.0,283,108,,,341,119,357,125,352,128,359,123,,,,,,,,0.0,0.0,0.0,2.11,0.0,0.47,1.4,0.93,8.39,1,0,0,0,0,0,0,0,0,0,0,0,0,0,0,0,0,0,0,0.0,0.0,0.0,0.0,0.0,0.0,0.0,0.0,0,0,0,0
118,Igor Julio,dos Santos de Paulo,Igor,a,,,4.5,423,98,0.1,445,151,0.0,109,71,0,0,0,0,0,0,0,0.0,1.3,1.7,,1.5,329,118,,,351,122,337,118,435,170,365,125,,,,,,,,0.0,0.0,0.0,4.07,0.0,0.0,2.62,0.87,11.36,1,0,0,0,0,0,0,0,0,0,0,0,0,0,0,0,0,0,0,0.0,0.0,0.0,0.0,0.0,0.0,0.0,0.0,0,0,0,0
119,João Pedro,Loureiro da Costa,Costinha,a,,,4.5,447,118,0.0,519,174,0.0,133,91,0,0,0,0,0,0,0,0.0,0.0,1.7,,0.0,470,175,,,465,175,457,175,443,174,467,175,,,,,,,,0.0,0.0,0.0,0.0,0.0,0.0,0.0,0.0,0.0,1,0,0,0,0,0,0,0,0,0,0,0,0,0,0,0,0,0,0,0.0,0.0,0.0,0.0,0.0,0.0,0.0,0.0,0,0,0,0
120,Michael,Svoboda,Svoboda,a,,,5.0,301,56,0.1,496,167,0.0,280,138,0,0,0,0,0,0,0,0.0,0.0,2.2,,0.0,520,183,,,520,183,518,183,515,183,520,183,,,,,,,,0.0,0.0,0.0,0.0,0.0,0.0,0.0,0.0,0.0,1,0,0,0,0,0,0,0,0,0,0,0,0,0,0,0,0,0,0,0.0,0.0,0.0,0.0,0.0,0.0,0.0,0.0,0,0,0,0
121,Mitoma,Kaoru,Mitoma,i,Hamstring injury - Unknown return date,,6.0,87,56,0.1,402,158,0.0,499,201,0,0,0,0,0,0,0,0.0,10.3,0.0,,2.5,240,94,0.0,,208,92,66,51,59,35,103,60,,,,,,,,0.21,0.14,0.35,1.25,0.0,0.26,1.05,1.0,5.62,1,0,0,0,0,0,0,0,0,0,0,0,0,0,0,0,0,0,0,0.0,0.0,0.0,0.0,0.0,0.0,0.0,0.0,0,0,0,0
122,Yankuba,Minteh,Minteh,a,,,6.0,106,68,0.7,222,75,0.0,518,213,0,0,0,0,0,0,0,0.0,19.5,2.1,,3.4,121,49,,,116,40,25,24,28,14,30,24,7.0,,,,,,,0.14,0.19,0.33,1.28,0.0,0.41,1.24,0.98,6.97,1,0,0,0,0,0,0,0,0,0,0,0,0,0,0,0,0,0,0,0.0,0.0,0.0,0.0,0.0,0.0,0.0,0.0,0,0,0,0
123,Jack,Hinshelwood,Hinshelwood,a,,,6.0,101,66,0.3,328,117,0.0,513,211,0,0,0,0,0,0,0,0.0,15.2,2.1,,3.4,120,48,,,195,84,149,101,60,36,140,75,,,,,,,,0.26,0.12,0.38,1.44,0.0,0.36,1.19,1.04,5.91,1,0,0,0,0,0,0,0,0,0,0,0,0,0,0,0,0,0,0,0.0,0.0,0.0,0.0,0.0,0.0,0.0,0.0,0,0,0,0
124,Pascal,Groß,Groß,a,,,5.5,111,73,10.1,47,17,0.0,361,122,0,0,0,0,0,0,0,0.0,14.2,2.0,,4.1,46,21,,,155,60,27,26,139,79,76,47,6.0,,1.0,,,,,0.08,0.22,0.3,1.12,0.0,0.33,0.94,0.99,7.98,1,0,0,0,0,0,0,0,0,0,0,0,0,0,0,0,0,0,0,0.0,0.0,0.0,0.0,0.0,0.0,0.0,0.0,0,0,0,0
125,Georginio,Rutter,Georginio,a,,,5.5,171,40,1.0,196,31,0.0,421,36,0,0,0,0,0,0,0,0.0,15.8,1.8,,2.7,211,20,,,179,17,101,4,48,18,99,16,,,,,,,,0.15,0.15,0.3,1.09,0.0,0.35,1.01,1.01,6.64,1,0,0,0,0,0,0,0,0,0,0,0,0,0,0,0,0,0,0,0.0,0.0,0.0,0.0,0.0,0.0,0.0,0.0,0,0,0,0
126,Matt,O'Riley,O'Riley,a,,,5.5,141,87,0.1,425,170,0.0,391,136,0,0,0,0,0,0,0,0.0,2.9,2.0,,2.7,210,82,,,328,147,265,147,267,143,310,148,,,2.0,,,,,0.54,0.08,0.62,1.13,0.0,0.45,1.34,0.89,4.46,1,0,0,0,0,0,0,0,0,0,0,0,0,0,0,0,0,0,0,0.0,0.0,0.0,0.0,0.0,0.0,0.0,0.0,0,0,0,0
127,Diego,Gómez Amarilla,Gomez,a,,,5.0,341,199,2.1,121,38,0.0,320,89,0,0,0,0,0,0,0,0.0,19.4,1.5,,3.0,171,65,,,136,49,112,80,55,33,91,53,,4.0,,,,,,0.27,0.07,0.34,1.25,0.0,0.34,1.23,1.11,10.12,1,0,0,0,0,0,0,0,0,0,0,0,0,0,0,0,0,0,0,0.0,0.0,0.0,0.0,0.0,0.0,0.0,0.0,0,0,0,0
128,Facundo,Buonanotte,Buonanotte,u,Has joined Elche on loan for the rest of the season,,5.0,352,209,0.1,495,204,0.0,331,99,0,0,0,0,0,0,0,0.0,0.6,0.0,,0.8,397,186,0.0,,363,167,298,159,309,159,351,164,,,,,,,,0.07,0.31,0.38,2.79,0.0,0.0,4.44,1.11,6.67,1,0,0,0,0,0,0,0,0,0,0,0,0,0,0,0,0,0,0,0.0,0.0,0.0,0.0,0.0,0.0,0.0,0.0,0,0,0,0
129,Yasin,Ayari,Ayari,a,,,5.5,194,120,0.8,205,70,0.0,444,169,0,0,0,0,0,0,0,0.0,17.8,2.0,,3.4,118,47,,,169,67,137,94,131,75,163,80,9.0,1.0,,,,,,0.13,0.05,0.18,1.26,0.0,0.28,1.12,0.94,10.54,1,0,0,0,0,0,0,0,0,0,0,0,0,0,0,0,0,0,0,0.0,0.0,0.0,0.0,0.0,0.0,0.0,0.0,0,0,0,0
130,Mats,Wieffer,Wieffer,a,,,5.0,308,59,0.3,311,114,0.0,287,141,0,0,0,0,0,0,0,0.0,18.8,2.2,,3.6,89,36,,,122,50,128,31,146,34,136,44,,,,,,,,0.09,0.09,0.18,1.13,0.0,0.28,1.23,1.09,12.74,1,0,0,0,0,0,0,0,0,0,0,0,0,0,0,0,0,0,0,0.0,0.0,0.0,0.0,0.0,0.0,0.0,0.0,0,0,0,0
131,Carlos,Baleba,Baleba,i,Ankle injury - Expected back 23 Aug,,5.0,347,204,0.4,292,98,0.0,326,94,0,0,0,0,0,0,0,0.0,11.2,0.0,,1.8,305,133,0.0,,264,120,198,127,279,149,275,133,,,,,,,,0.04,0.04,0.08,1.12,0.0,0.38,1.04,1.26,11.43,1,0,0,0,0,0,0,0,0,0,0,0,0,0,0,0,0,0,0,0.0,0.0,0.0,0.0,0.0,0.0,0.0,0.0,0,0,0,0
132,Harry,Howell,Howell,a,,,4.5,500,252,0.3,320,111,0.0,186,21,0,0,0,0,0,0,0,0.0,0.9,1.0,,1.3,343,156,,,371,170,354,175,354,180,374,173,,,,,,,,0.0,0.03,0.03,1.02,0.0,0.0,1.96,0.98,6.85,1,0,0,0,0,0,0,0,0,0,0,0,0,0,0,0,0,0,0,0.0,0.0,0.0,0.0,0.0,0.0,0.0,0.0,0,0,0,0
133,Tom,Watson,Watson,u,Has joined Leicester City on loan for the rest of the season,,5.0,357,214,0.0,558,241,0.0,336,104,0,0,0,0,0,0,0,0.0,1.0,0.0,,0.8,398,187,0.0,,376,173,364,180,334,169,378,177,,,,,,,,0.06,0.05,0.11,2.72,0.0,0.0,3.16,0.0,7.89,1,0,0,0,0,0,0,0,0,0,0,0,0,0,0,0,0,0,0,0.0,0.0,0.0,0.0,0.0,0.0,0.0,0.0,0,0,0,0
134,Nehemiah,Oriola,Oriola,a,,,4.5,486,248,0.2,372,137,0.0,172,17,0,0,0,0,0,0,0,0.0,0.2,1.0,,1.0,367,167,,,484,196,480,198,470,194,486,197,,,,,,,,0.0,0.0,0.0,0.0,0.0,0.0,0.0,0.0,0.0,1,0,0,0,0,0,0,0,0,0,0,0,0,0,0,0,0,0,0,0.0,0.0,0.0,0.0,0.0,0.0,0.0,0.0,0,0,0,0
135,Zadok,Yohanna,Yohanna,a,,,5.0,381,231,0.1,442,178,0.0,360,121,0,0,0,0,0,0,0,0.0,0.0,1.5,,0.0,549,236,,,549,236,549,236,547,236,549,236,,,,,,,,0.0,0.0,0.0,0.0,0.0,0.0,0.0,0.0,0.0,1,0,0,0,0,0,0,0,0,0,0,0,0,0,0,0,0,0,0,0.0,0.0,0.0,0.0,0.0,0.0,0.0,0.0,0,0,0,0
137,Stefanos,Tzimas,Tzimas,d,Knee injury - 75% chance of playing,,5.5,214,45,0.0,529,68,0.0,464,41,0,0,0,0,0,0,0,0.0,2.9,1.3,,1.8,309,32,75.0,,325,37,268,32,280,41,314,38,,,,,,,,0.3,0.08,0.38,1.77,0.0,0.0,1.36,0.68,10.23,1,0,0,0,0,0,0,0,0,0,0,0,0,0,0,0,0,0,0,0.0,0.0,0.0,0.0,0.0,0.0,0.0,0.0,0,0,0,0
138,Charalampos,Kostoulas,Kostoulas,a,,,5.5,217,46,0.3,327,57,0.0,467,42,0,0,0,0,0,0,0,0.0,6.4,1.8,,1.7,318,34,,,279,29,220,24,114,29,240,26,,,,,,,,0.54,0.14,0.68,1.55,0.0,0.26,2.31,0.51,10.51,1,0,0,0,0,0,0,0,0,0,0,0,0,0,0,0,0,0,0,0.0,0.0,0.0,0.0,0.0,0.0,0.0,0.0,0,0,0,0
139,Evan,Ferguson,Ferguson,i,Ankle injury - Expected back 10 Oct,,5.0,318,53,0.0,516,67,0.0,297,19,0,0,0,0,0,0,0,0.0,0.0,0.0,,0.0,527,60,0.0,,527,60,526,60,522,60,527,60,,,,,,,,0.0,0.0,0.0,0.0,0.0,0.0,0.0,0.0,0.0,1,0,0,0,0,0,0,0,0,0,0,0,0,0,0,0,0,0,0,0.0,0.0,0.0,0.0,0.0,0.0,0.0,0.0,0,0,0,0
328,Pascal,Struijk,Struijk,a,,,5.0,271,48,0.5,272,104,0.0,250,130,0,0,0,0,0,0,0,0.0,21.6,2.2,,3.2,146,58,,,47,19,190,49,109,19,101,27,,,,,,,,0.09,0.02,0.11,1.32,0.0,0.21,1.47,1.01,9.11,1,0,0,0,0,0,0,0,0,0,0,0,0,0,0,0,0,0,0,0.0,0.0,0.0,0.0,0.0,0.0,0.0,0.0,0,0,0,0
504,Luka,Vušković,Vuskovic,a,,,5.0,370,72,2.8,106,41,0.0,349,154,0,0,0,0,0,0,0,0.0,0.0,2.2,,0.0,544,187,,,544,187,544,187,542,187,544,187,,,,,,,,0.0,0.0,0.0,0.0,0.0,0.0,0.0,0.0,0.0,1,0,0,0,0,0,0,0,0,0,0,0,0,0,0,0,0,0,0,0.0,0.0,0.0,0.0,0.0,0.0,0.0,0.0,0,0,0,0
40,Morgan,Rogers,Rogers,a,,,7.5,16,9,27.5,6,3,0.0,559,245,0,0,0,0,0,0,0,0.0,22.5,2.6,,4.6,25,11,,,37,10,24,23,8,3,8,6,,,,,,,,0.19,0.12,0.31,1.41,0.0,0.25,1.32,1.02,6.31,1,0,0,0,0,0,0,0,0,0,0,0,0,0,0,0,0,0,0,0.0,0.0,0.0,0.0,0.0,0.0,0.0,0.0,0,0,0,0
101,Jordan,Henderson,Henderson,d,Wrist injury - 75% chance of playing,,5.0,218,136,0.0,523,217,0.0,197,26,0,0,0,0,0,0,0,0.0,15.2,1.1,,2.4,243,96,75.0,,181,75,95,69,277,147,184,92,,,,,,,,0.02,0.11,0.13,1.33,0.0,0.28,1.32,1.04,8.62,1,0,0,0,0,0,0,0,0,0,0,0,0,0,0,0,0,0,0,0.0,0.0,0.0,0.0,0.0,0.0,0.0,0.0,0,0,0,0
136,Danny,Welbeck,Welbeck,a,,,6.0,57,13,2.6,109,14,0.0,469,43,0,0,0,0,0,0,0,0.0,21.0,2.0,,3.4,119,11,,,84,7,119,9,15,8,35,6,,,,,,,,0.49,0.06,0.55,1.27,0.0,0.4,1.12,1.04,4.48,1,0,0,0,0,0,0,0,0,0,0,0,0,0,0,0,0,0,0,0.0,0.0,0.0,0.0,0.0,0.0,0.0,0.0,0,0,0,0
140,Robert,Lynch Sánchez,Sánchez,a,,,5.0,261,11,2.0,125,20,0.0,240,52,0,0,0,0,0,0,0,0.0,22.6,2.6,,3.2,145,19,,,27,8,282,1,498,55,156,6,,,,,,,,0.0,0.0,0.0,1.44,2.9,0.27,1.45,1.04,0.0,1,0,0,0,0,0,0,0,0,0,0,0,0,0,0,0,0,0,0,0.0,0.0,0.0,0.0,0.0,0.0,0.0,0.0,0,0,0,0
141,Filip,Jörgensen,Jörgensen,a,,,5.0,338,19,0.1,411,46,0.0,317,60,0,0,0,0,0,0,0,0.0,1.8,2.6,,1.8,304,30,,,316,26,533,64,530,62,348,26,,,,,,,,0.0,0.0,0.0,0.98,1.9,0.0,1.19,0.71,0.0,1,0,0,0,0,0,0,0,0,0,0,0,0,0,0,0,0,0,0,0.0,0.0,0.0,0.0,0.0,0.0,0.0,0.0,0,0,0,0
142,Reece,James,James,a,,,5.5,143,16,7.9,58,23,0.0,393,162,0,0,0,0,0,0,0,0.0,20.9,2.5,,4.0,56,23,,,128,53,52,7,221,64,116,35,5.0,1.0,,,,,,0.05,0.15,0.2,1.32,0.0,0.37,0.92,0.92,5.89,1,0,0,0,0,0,0,0,0,0,0,0,0,0,0,0,0,0,0,0.0,0.0,0.0,0.0,0.0,0.0,0.0,0.0,0,0,0,0
143,Trevoh,Chalobah,Chalobah,u,Has joined Como permanently,,5.5,125,12,1.7,143,54,0.0,375,158,0,0,0,0,0,0,0,0.0,24.7,0.0,,4.0,54,22,0.0,,43,17,231,70,188,50,132,41,,,,,,,,0.05,0.03,0.08,1.32,0.0,0.29,1.29,1.0,8.58,1,0,0,0,0,0,0,0,0,0,0,0,0,0,0,0,0,0,0,0.0,0.0,0.0,0.0,0.0,0.0,0.0,0.0,0,0,0,0
144,Malo,Gusto,Gusto,a,,,5.0,314,61,1.1,189,69,0.0,293,143,0,0,0,0,0,0,0,0.0,19.2,2.2,,2.8,194,82,,,133,55,61,12,149,37,106,29,,,,,,,,0.06,0.12,0.18,1.48,0.0,0.28,1.44,1.04,5.03,1,0,0,0,0,0,0,0,0,0,0,0,0,0,0,0,0,0,0,0.0,0.0,0.0,0.0,0.0,0.0,0.0,0.0,0,0,0,0
145,Wesley,Fofana,Fofana,s,Suspended until 6 Sep,,5.0,295,54,0.0,568,187,0.0,274,136,0,0,0,0,0,0,0,0.0,13.0,0.0,,2.6,225,92,0.0,,126,52,269,89,256,81,221,71,,,,,,,,0.04,0.03,0.07,1.35,0.0,0.21,1.31,1.05,10.79,1,0,0,0,0,0,0,0,0,0,0,0,0,0,0,0,0,0,0,0.0,0.0,0.0,0.0,0.0,0.0,0.0,0.0,0,0,0,0
146,Benoît,Badiashile Mukinayi,B.Badiashile,a,,,4.5,435,108,0.0,513,172,0.0,121,81,0,0,0,0,0,0,0,0.0,1.6,1.7,,0.9,391,130,,,302,108,346,120,349,127,334,115,,,,,,,,0.0,0.01,0.01,1.42,0.0,0.0,1.91,1.15,9.19,1,0,0,0,0,0,0,0,0,0,0,0,0,0,0,0,0,0,0,0.0,0.0,0.0,0.0,0.0,0.0,0.0,0.0,0,0,0,0
147,Tosin,Adarabioyo,Tosin,a,,,4.5,395,80,0.2,377,134,0.0,81,53,0,0,0,0,0,0,0,0.0,7.6,1.7,,2.1,272,103,,,226,85,305,104,311,109,290,97,,,,,,,,0.01,0.05,0.06,1.51,0.0,0.23,1.6,0.91,11.08,1,0,0,0,0,0,0,0,0,0,0,0,0,0,0,0,0,0,0,0.0,0.0,0.0,0.0,0.0,0.0,0.0,0.0,0,0,0,0
148,Jorrel,Hato,Hato,a,,,4.5,483,132,1.0,194,71,0.0,169,105,0,0,0,0,0,0,0,0.0,4.2,1.7,,0.9,392,131,,,232,88,227,66,290,97,270,89,,,,,,,,0.02,0.05,0.07,1.46,0.0,0.0,2.13,0.95,7.82,1,0,0,0,0,0,0,0,0,0,0,0,0,0,0,0,0,0,0,0.0,0.0,0.0,0.0,0.0,0.0,0.0,0.0,0,0,0,0
149,Levi,Samuels Colwill,Colwill,a,,,5.0,302,57,1.6,149,56,0.0,281,139,0,0,0,0,0,0,0,0.0,1.6,2.2,,2.7,205,84,,,326,116,347,121,336,122,347,118,,,,,,,,0.0,0.05,0.05,1.34,0.0,0.0,1.6,0.8,10.0,1,0,0,0,0,0,0,0,0,0,0,0,0,0,0,0,0,0,0,0.0,0.0,0.0,0.0,0.0,0.0,0.0,0.0,0,0,0,0
150,Mamadou,Sarr,M.Sarr,a,,,4.5,491,134,0.1,458,153,0.0,177,107,0,0,0,0,0,0,0,0.0,0.7,1.7,,1.0,369,128,,,375,130,376,132,333,121,384,130,,,,,,,,0.32,0.0,0.32,1.47,0.0,0.0,2.7,0.9,7.2,1,0,0,0,0,0,0,0,0,0,0,0,0,0,0,0,0,0,0,0.0,0.0,0.0,0.0,0.0,0.0,0.0,0.0,0,0,0,0
151,Josh,Acheampong,Acheampong,a,,,4.5,494,136,0.2,330,118,0.0,180,109,0,0,0,0,0,0,0,0.0,8.7,1.7,,2.3,255,100,,,289,104,296,101,261,84,302,102,,,,,,,,0.08,0.02,0.1,2.15,0.0,0.27,1.78,1.1,6.03,1,0,0,0,0,0,0,0,0,0,0,0,0,0,0,0,0,0,0,0.0,0.0,0.0,0.0,0.0,0.0,0.0,0.0,0,0,0,0
152,Marco,Palestra,Palestra,a,,,5.5,216,32,2.2,117,46,0.0,466,178,0,0,0,0,0,0,0,0.0,0.0,2.5,,0.0,567,188,,,567,188,567,188,566,188,567,188,,,,,,,,0.0,0.0,0.0,0.0,0.0,0.0,0.0,0.0,0.0,1,0,0,0,0,0,0,0,0,0,0,0,0,0,0,0,0,0,0,0.0,0.0,0.0,0.0,0.0,0.0,0.0,0.0,0,0,0,0
153,Axel,Disasi,Disasi,a,,,4.5,420,96,0.1,468,159,0.0,106,69,0,0,0,0,0,0,0,0.0,0.0,1.7,,0.0,463,171,,,458,171,449,171,433,169,460,171,,,,,,,,0.0,0.0,0.0,0.0,0.0,0.0,0.0,0.0,0.0,1,0,0,0,0,0,0,0,0,0,0,0,0,0,0,0,0,0,0,0.0,0.0,0.0,0.0,0.0,0.0,0.0,0.0,0,0,0,0
154,Cole,Palmer,Palmer,a,,,9.5,4,3,11.3,41,13,0.0,575,255,0,0,0,0,0,0,0,0.0,12.0,3.2,,4.4,37,16,,,101,32,83,61,39,23,52,32,,3.0,1.0,,,,,0.49,0.11,0.6,1.43,0.0,0.14,1.52,1.11,6.22,1,0,0,0,0,0,0,0,0,0,0,0,0,0,0,0,0,0,0,0.0,0.0,0.0,0.0,0.0,0.0,0.0,0.0,0,0,0,0
155,Enzo,Fernández,Enzo,a,,,7.0,29,19,5.5,69,24,0.0,554,243,0,0,0,0,0,0,0,0.0,22.4,2.5,,4.4,36,15,,,23,7,3,3,20,9,3,2,7.0,2.0,2.0,,,,,0.33,0.21,0.54,1.3,0.0,0.23,1.33,1.01,7.05,1,0,0,0,0,0,0,0,0,0,0,0,0,0,0,0,0,0,0,0.0,0.0,0.0,0.0,0.0,0.0,0.0,0.0,0,0,0,0
156,Pedro,Lomba Neto,Neto,a,,,6.5,42,29,1.4,174,58,0.0,534,227,0,0,0,0,0,0,0,0.0,19.2,2.3,,3.7,83,37,,,110,36,14,13,41,25,29,23,6.0,4.0,,,,,,0.16,0.23,0.39,1.29,0.0,0.38,1.13,1.03,4.18,1,0,0,0,0,0,0,0,0,0,0,0,0,0,0,0,0,0,0,0.0,0.0,0.0,0.0,0.0,0.0,0.0,0.0,0,0,0,0
157,Estêvão,Almeida de Oliveira Gonçalves,Estêvão,a,,,6.5,55,39,1.7,145,45,0.0,547,237,0,0,0,0,0,0,0,0.0,8.9,2.3,,2.6,229,89,,,257,117,148,100,92,58,192,97,8.0,,3.0,,,,,0.31,0.23,0.54,1.1,0.0,0.43,1.18,1.29,6.01,1,0,0,0,0,0,0,0,0,0,0,0,0,0,0,0,0,0,0,0.0,0.0,0.0,0.0,0.0,0.0,0.0,0.0,0,0,0,0
158,Jamie,Bynoe-Gittens,Gittens,a,,,6.0,89,57,0.1,483,199,0.0,501,202,0,0,0,0,0,0,0,0.0,4.2,2.1,,1.6,327,144,,,309,140,216,134,242,130,285,138,,,,,,,,0.15,0.17,0.32,1.65,0.0,0.19,1.3,0.93,5.37,1,0,0,0,0,0,0,0,0,0,0,0,0,0,0,0,0,0,0,0.0,0.0,0.0,0.0,0.0,0.0,0.0,0.0,0,0,0,0
159,Moisés,Caicedo Corozo,Caicedo,a,,,5.5,185,113,4.1,82,27,0.0,435,162,0,0,0,0,0,0,0,0.0,20.0,2.0,,3.3,131,53,,,88,28,75,57,208,115,107,62,,,,,,,,0.05,0.08,0.13,1.37,0.0,0.19,1.51,1.03,11.78,1,0,0,0,0,0,0,0,0,0,0,0,0,0,0,0,0,0,0,0.0,0.0,0.0,0.0,0.0,0.0,0.0,0.0,0,0,0,0
161,Roméo,Lavia,Lavia,a,,,5.0,342,200,0.1,497,205,0.0,321,90,0,0,0,0,0,0,0,0.0,2.6,1.5,,1.1,354,163,,,344,159,292,156,321,163,340,160,,,,,,,,0.05,0.13,0.18,2.05,0.0,0.0,2.41,0.96,8.9,1,0,0,0,0,0,0,0,0,0,0,0,0,0,0,0,0,0,0,0.0,0.0,0.0,0.0,0.0,0.0,0.0,0.0,0,0,0,0
163,Dário,Luís Essugo,D.Essugo,a,,,4.5,463,242,0.2,345,125,0.0,149,11,0,0,0,0,0,0,0,0.0,0.2,1.0,,0.3,400,188,,,369,169,365,181,351,178,376,175,,,,,,,,0.0,0.03,0.03,1.9,0.0,0.0,3.46,0.0,27.69,1,0,0,0,0,0,0,0,0,0,0,0,0,0,0,0,0,0,0,0.0,0.0,0.0,0.0,0.0,0.0,0.0,0.0,0,0,0,0
164,Geovany,Quenda,Quenda,a,,,5.5,213,134,0.1,485,200,0.0,463,183,0,0,0,0,0,0,0,0.0,0.0,2.0,,0.0,566,249,100.0,,566,249,566,249,565,249,566,249,,,,,,,,0.0,0.0,0.0,0.0,0.0,0.0,0.0,0.0,0.0,1,0,0,0,0,0,0,0,0,0,0,0,0,0,0,0,0,0,0,0.0,0.0,0.0,0.0,0.0,0.0,0.0,0.0,0,0,0,0
165,João Pedro,Junqueira de Jesus,João Pedro,a,,,7.5,19,7,55.5,2,2,0.0,562,64,0,0,0,0,0,0,0,0.0,23.6,2.3,,5.1,10,2,,,35,3,59,1,6,5,15,4,,,,,,,,0.5,0.07,0.57,1.26,0.0,0.34,1.22,1.05,4.67,1,0,0,0,0,0,0,0,0,0,0,0,0,0,0,0,0,0,0,0.0,0.0,0.0,0.0,0.0,0.0,0.0,0.0,0,0,0,0
166,Nicolas,Jackson,N.Jackson,a,,,6.5,52,12,0.4,297,53,0.0,544,59,0,0,0,0,0,0,0,0.0,0.0,2.1,,0.0,575,69,,,575,69,575,69,575,69,575,69,,,,,,,,0.0,0.0,0.0,0.0,0.0,0.0,0.0,0.0,0.0,1,0,0,0,0,0,0,0,0,0,0,0,0,0,0,0,0,0,0,0.0,0.0,0.0,0.0,0.0,0.0,0.0,0.0,0,0,0,0
167,Liam,Delap,Delap,a,,,5.5,170,39,0.5,252,43,0.0,420,35,0,0,0,0,0,0,0,0.0,8.2,1.8,,1.6,326,36,,,323,36,263,31,77,22,254,32,,,4.0,,,,,0.37,0.02,0.39,1.37,0.0,0.16,1.48,0.99,3.46,1,0,0,0,0,0,0,0,0,0,0,0,0,0,0,0,0,0,0,0.0,0.0,0.0,0.0,0.0,0.0,0.0,0.0,0,0,0,0
168,Marc,Guiu Paz,Marc Guiu,a,,,5.0,331,54,0.4,274,47,0.0,310,20,0,0,0,0,0,0,0,0.0,2.6,1.4,,1.3,344,38,,,353,39,297,36,247,39,325,40,,,,,,,,0.52,0.1,0.62,2.0,0.0,0.0,1.02,0.34,2.72,1,0,0,0,0,0,0,0,0,0,0,0,0,0,0,0,0,0,0,0.0,0.0,0.0,0.0,0.0,0.0,0.0,0.0,0,0,0,0
169,Shumaira,Mheuka,Mheuka,a,,,4.5,489,65,0.4,295,52,0.0,175,8,0,0,0,0,0,0,0,0.0,0.2,1.0,,1.0,368,43,,,387,44,374,45,473,52,395,46,,,,,,,,0.0,0.0,0.0,4.5,0.0,0.0,0.0,0.0,90.0,1,0,0,0,0,0,0,0,0,0,0,0,0,0,0,0,0,0,0,0.0,0.0,0.0,0.0,0.0,0.0,0.0,0.0,0,0,0,0
170,Emmanuel,Emegha,Emegha,d,Hamstring injury - 75% chance of playing,,5.0,336,55,0.1,397,63,0.0,315,21,0,0,0,0,0,0,0,0.0,0.0,1.0,,0.0,533,61,75.0,,533,61,532,61,529,61,533,61,,,,,,,,0.0,0.0,0.0,0.0,0.0,0.0,0.0,0.0,0.0,1,0,0,0,0,0,0,0,0,0,0,0,0,0,0,0,0,0,0,0.0,0.0,0.0,0.0,0.0,0.0,0.0,0.0,0,0,0,0
200,Maxence,Lacroix,Lacroix,a,,,6.0,80,8,11.5,39,14,0.0,492,182,0,0,0,0,0,0,0,0.0,25.7,2.8,,4.4,33,12,,,28,10,236,74,89,11,82,19,,,,,,,,0.07,0.02,0.09,1.28,0.0,0.32,1.37,1.02,10.79,1,0,0,0,0,0,0,0,0,0,0,0,0,0,0,0,0,0,0,0.0,0.0,0.0,0.0,0.0,0.0,0.0,0.0,0,0,0,0
560,Mike,Penders,Penders,a,,,4.5,481,43,0.1,473,56,0.0,167,44,0,0,0,0,0,0,0,0.0,0.0,1.9,,0.0,486,60,,,481,60,477,54,467,48,483,60,,,,,,,,0.0,0.0,0.0,0.0,0.0,0.0,0.0,0.0,0.0,1,0,0,0,0,0,0,0,0,0,0,0,0,0,0,0,0,0,0,0.0,0.0,0.0,0.0,0.0,0.0,0.0,0.0,0,0,0,0
561,Aaron,Anselmino,Anselmino,a,,,4.5,505,141,0.0,555,185,0.0,191,114,0,0,0,0,0,0,0,0.0,0.0,1.7,,0.0,494,181,,,493,181,488,181,479,181,493,181,,,,,,,,0.0,0.0,0.0,0.0,0.0,0.0,0.0,0.0,0.0,1,0,0,0,0,0,0,0,0,0,0,0,0,0,0,0,0,0,0,0.0,0.0,0.0,0.0,0.0,0.0,0.0,0.0,0,0,0,0
568,Valentín,Barco,Barco,a,,,5.5,198,124,0.1,469,191,0.0,448,173,0,0,0,0,0,0,0,0.0,0.0,2.0,,0.0,563,247,,,563,247,563,247,562,247,563,247,,,,,,,,0.0,0.0,0.0,0.0,0.0,0.0,0.0,0.0,0.0,1,0,0,0,0,0,0,0,0,0,0,0,0,0,0,0,0,0,0,0.0,0.0,0.0,0.0,0.0,0.0,0.0,0.0,0,0,0,0
104,Frank,Onyeka,Onyeka,a,,,5.0,288,174,0.2,381,143,0.0,267,64,0,0,0,0,0,0,0,0.0,2.4,1.5,,2.0,286,121,,,350,163,332,168,343,175,361,168,,,,,,,,0.0,0.37,0.37,2.07,0.0,0.0,2.05,0.0,10.23,1,0,0,0,0,0,0,0,0,0,0,0,0,0,0,0,0,0,0,0.0,0.0,0.0,0.0,0.0,0.0,0.0,0.0,0,0,0,0
110,Carl,Rushworth,Rushworth,a,,,4.5,455,36,0.9,200,29,0.0,141,37,0,0,0,0,0,0,0,0.0,0.0,1.9,,0.0,474,57,,,469,57,462,48,448,41,471,57,,,,,,,,0.0,0.0,0.0,0.0,0.0,0.0,0.0,0.0,0.0,1,0,0,0,0,0,0,0,0,0,0,0,0,0,0,0,0,0,0,0.0,0.0,0.0,0.0,0.0,0.0,0.0,0.0,0,0,0,0
171,Oliver,Dovin,Dovin,a,,,4.0,555,61,2.5,112,18,0.0,45,17,0,0,0,0,0,0,0,0.0,0.0,1.0,,0.0,439,46,,,433,46,418,30,399,21,435,46,,,,,,,,0.0,0.0,0.0,0.0,0.0,0.0,0.0,0.0,0.0,1,0,0,0,0,0,0,0,0,0,0,0,0,0,0,0,0,0,0,0.0,0.0,0.0,0.0,0.0,0.0,0.0,0.0,0,0,0,0
172,Ben,Wilson,Wilson,a,,,4.5,396,26,0.6,240,32,0.0,82,27,0,0,0,0,0,0,0,0.0,0.0,1.9,,0.0,459,53,,,454,53,443,40,426,31,456,53,,,,,,,,0.0,0.0,0.0,0.0,0.0,0.0,0.0,0.0,0.0,1,0,0,0,0,0,0,0,0,0,0,0,0,0,0,0,0,0,0,0.0,0.0,0.0,0.0,0.0,0.0,0.0,0.0,0,0,0,0
173,Bobby,Thomas,Thomas,a,,,4.0,551,167,8.5,53,20,0.0,41,26,0,0,0,0,0,0,0,0.0,0.0,1.0,,0.0,435,156,,,429,155,414,154,395,150,431,155,,,,,,,,0.0,0.0,0.0,0.0,0.0,0.0,0.0,0.0,0.0,1,0,0,0,0,0,0,0,0,0,0,0,0,0,0,0,0,0,0,0.0,0.0,0.0,0.0,0.0,0.0,0.0,0.0,0,0,0,0
174,Liam,Kitching,Kitching,a,,,4.0,544,162,0.5,250,92,0.0,34,21,0,0,0,0,0,0,0,0.0,0.0,1.0,,0.0,428,151,,,422,150,407,149,388,145,424,150,,,,,,,,0.0,0.0,0.0,0.0,0.0,0.0,0.0,0.0,0.0,1,0,0,0,0,0,0,0,0,0,0,0,0,0,0,0,0,0,0,0.0,0.0,0.0,0.0,0.0,0.0,0.0,0.0,0,0,0,0
175,Milan,van Ewijk,van Ewijk,a,,,4.0,549,165,15.6,26,10,0.0,39,24,0,0,0,0,0,0,0,0.0,0.0,1.0,,0.0,433,154,,,427,153,412,152,393,148,429,153,,,,,,,,0.0,0.0,0.0,0.0,0.0,0.0,0.0,0.0,0.0,1,0,0,0,0,0,0,0,0,0,0,0,0,0,0,0,0,0,0,0.0,0.0,0.0,0.0,0.0,0.0,0.0,0.0,0,0,0,0
176,Jay,Dasilva,Dasilva,a,,,4.0,529,150,0.6,238,86,0.0,19,9,0,0,0,0,0,0,0,0.0,0.0,1.0,,0.0,414,140,,,408,139,393,138,374,134,410,139,,,,,,,,0.0,0.0,0.0,0.0,0.0,0.0,0.0,0.0,0.0,1,0,0,0,0,0,0,0,0,0,0,0,0,0,0,0,0,0,0,0.0,0.0,0.0,0.0,0.0,0.0,0.0,0.0,0,0,0,0
177,Kaine,Kesler-Hayden,Kesler-Hayden,a,,,4.0,553,168,0.1,436,147,0.0,43,27,0,0,0,0,0,0,0,0.0,0.0,1.0,,0.0,437,157,,,431,156,416,155,397,151,433,156,,,,,,,,0.0,0.0,0.0,0.0,0.0,0.0,0.0,0.0,0.0,1,0,0,0,0,0,0,0,0,0,0,0,0,0,0,0,0,0,0,0.0,0.0,0.0,0.0,0.0,0.0,0.0,0.0,0,0,0,0
178,Jake,Bidwell,Bidwell,a,,,4.0,516,142,0.1,422,142,0.0,6,1,0,0,0,0,0,0,0,0.0,0.0,1.0,,0.0,405,135,,,399,134,383,133,364,129,401,134,,,,,,,,0.0,0.0,0.0,0.0,0.0,0.0,0.0,0.0,0.0,1,0,0,0,0,0,0,0,0,0,0,0,0,0,0,0,0,0,0,0.0,0.0,0.0,0.0,0.0,0.0,0.0,0.0,0,0,0,0
179,Joel,Latibeaudiere,Latibeaudiere,a,,,4.0,533,154,0.1,464,157,0.0,23,13,0,0,0,0,0,0,0,0.0,0.0,1.0,,0.0,418,144,,,412,143,397,142,378,138,414,143,,,,,,,,0.0,0.0,0.0,0.0,0.0,0.0,0.0,0.0,0.0,1,0,0,0,0,0,0,0,0,0,0,0,0,0,0,0,0,0,0,0.0,0.0,0.0,0.0,0.0,0.0,0.0,0.0,0,0,0,0
180,Luke,Woolfenden,Woolfenden,a,,,4.0,538,158,0.2,331,119,0.0,28,17,0,0,0,0,0,0,0,0.0,0.0,1.0,,0.0,422,147,,,416,146,401,145,382,141,418,146,,,,,,,,0.0,0.0,0.0,0.0,0.0,0.0,0.0,0.0,0.0,1,0,0,0,0,0,0,0,0,0,0,0,0,0,0,0,0,0,0,0.0,0.0,0.0,0.0,0.0,0.0,0.0,0.0,0,0,0,0
181,Miguel,Brau,Brau,a,,,4.0,569,181,0.1,498,168,0.0,59,40,0,0,0,0,0,0,0,0.0,0.0,1.0,,0.0,448,165,,,443,165,429,165,411,162,445,165,,,,,,,,0.0,0.0,0.0,0.0,0.0,0.0,0.0,0.0,0.0,1,0,0,0,0,0,0,0,0,0,0,0,0,0,0,0,0,0,0,0.0,0.0,0.0,0.0,0.0,0.0,0.0,0.0,0,0,0,0
182,Aurèle,Amenda,Amenda,a,,,4.0,564,176,0.6,237,85,0.0,54,35,0,0,0,0,0,0,0,0.0,0.0,1.0,,0.0,447,164,,,442,164,427,163,408,159,444,164,,,,,,,,0.0,0.0,0.0,0.0,0.0,0.0,0.0,0.0,0.0,1,0,0,0,0,0,0,0,0,0,0,0,0,0,0,0,0,0,0,0.0,0.0,0.0,0.0,0.0,0.0,0.0,0.0,0,0,0,0
183,Jack,Rudoni,Rudoni,d,Shoulder injury - 75% chance of playing,,5.0,312,183,0.2,332,118,0.0,291,73,0,0,0,0,0,0,0,0.0,0.0,1.1,,0.0,525,219,75.0,,525,219,524,219,520,218,525,219,5.0,1.0,,,,,,0.0,0.0,0.0,0.0,0.0,0.0,0.0,0.0,0.0,1,0,0,0,0,0,0,0,0,0,0,0,0,0,0,0,0,0,0,0.0,0.0,0.0,0.0,0.0,0.0,0.0,0.0,0,0,0,0
184,Matt,Grimes,Grimes,a,,,5.0,239,147,0.2,344,124,0.0,218,37,0,0,0,0,0,0,0,0.0,0.0,1.5,,0.0,500,203,,,500,203,496,203,490,202,500,203,4.0,,3.0,,,,,0.0,0.0,0.0,0.0,0.0,0.0,0.0,0.0,0.0,1,0,0,0,0,0,0,0,0,0,0,0,0,0,0,0,0,0,0,0.0,0.0,0.0,0.0,0.0,0.0,0.0,0.0,0,0,0,0
185,Tatsuhiro,Sakamoto,Sakamoto,a,,,5.0,334,195,0.2,386,146,0.0,313,85,0,0,0,0,0,0,0,0.0,0.0,1.5,,0.0,532,224,,,532,224,531,224,528,223,532,224,,,,,,,,0.0,0.0,0.0,0.0,0.0,0.0,0.0,0.0,0.0,1,0,0,0,0,0,0,0,0,0,0,0,0,0,0,0,0,0,0,0.0,0.0,0.0,0.0,0.0,0.0,0.0,0.0,0,0,0,0
186,Ephron,Mason-Clark,Mason-Clark,a,,,5.5,147,91,0.3,322,112,0.0,397,140,0,0,0,0,0,0,0,0.0,0.0,2.0,,0.0,554,238,,,554,238,554,238,553,238,554,238,,,,,,,,0.0,0.0,0.0,0.0,0.0,0.0,0.0,0.0,0.0,1,0,0,0,0,0,0,0,0,0,0,0,0,0,0,0,0,0,0,0.0,0.0,0.0,0.0,0.0,0.0,0.0,0.0,0,0,0,0
187,Josh,Eccles,Eccles,a,,,5.0,293,176,0.0,525,218,0.0,272,66,0,0,0,0,0,0,0,0.0,0.0,1.5,,0.0,517,214,,,517,214,514,214,511,213,517,214,,,,,,,,0.0,0.0,0.0,0.0,0.0,0.0,0.0,0.0,0.0,1,0,0,0,0,0,0,0,0,0,0,0,0,0,0,0,0,0,0,0.0,0.0,0.0,0.0,0.0,0.0,0.0,0.0,0,0,0,0
188,Victor,Torp,Torp,a,,,5.5,144,89,0.2,354,129,0.0,394,138,0,0,0,0,0,0,0,0.0,0.0,2.0,,0.0,553,237,,,553,237,553,237,552,237,553,237,6.0,2.0,2.0,,,,,0.0,0.0,0.0,0.0,0.0,0.0,0.0,0.0,0.0,1,0,0,0,0,0,0,0,0,0,0,0,0,0,0,0,0,0,0,0.0,0.0,0.0,0.0,0.0,0.0,0.0,0.0,0,0,0,0
189,George,Shepherd,Shepherd,a,,,4.5,510,256,0.3,315,107,0.0,196,25,0,0,0,0,0,0,0,0.0,0.0,1.0,,0.0,496,200,,,496,200,490,200,483,199,496,200,,,,,,,,0.0,0.0,0.0,0.0,0.0,0.0,0.0,0.0,0.0,1,0,0,0,0,0,0,0,0,0,0,0,0,0,0,0,0,0,0,0.0,0.0,0.0,0.0,0.0,0.0,0.0,0.0,0,0,0,0
190,Loum,Tchaouna,Tchaouna,a,,,5.5,176,107,0.1,420,167,0.0,426,156,0,0,0,0,0,0,0,0.0,0.0,2.0,,0.0,559,243,,,559,243,559,243,558,243,559,243,,,,,,,,0.0,0.0,0.0,0.0,0.0,0.0,0.0,0.0,0.0,1,0,0,0,0,0,0,0,0,0,0,0,0,0,0,0,0,0,0,0.0,0.0,0.0,0.0,0.0,0.0,0.0,0.0,0,0,0,0
191,Raphael,Borges Rodrigues,Borges Rodrigues,a,,,4.5,465,244,0.2,352,128,0.0,151,13,0,0,0,0,0,0,0,0.0,0.0,1.0,,0.0,477,197,,,472,194,466,196,453,190,474,195,,,,,,,,0.0,0.0,0.0,0.0,0.0,0.0,0.0,0.0,0.0,1,0,0,0,0,0,0,0,0,0,0,0,0,0,0,0,0,0,0,0.0,0.0,0.0,0.0,0.0,0.0,0.0,0.0,0,0,0,0
192,Kaine,Andrews,Andrews,a,,,4.5,506,253,0.7,226,77,0.0,192,22,0,0,0,0,0,0,0,0.0,0.0,1.0,,0.0,495,199,,,494,198,489,199,480,196,494,198,,,,,,,,0.0,0.0,0.0,0.0,0.0,0.0,0.0,0.0,0.0,1,0,0,0,0,0,0,0,0,0,0,0,0,0,0,0,0,0,0,0.0,0.0,0.0,0.0,0.0,0.0,0.0,0.0,0,0,0,0
193,Haji,Wright,Wright,a,,,5.5,124,33,1.8,139,21,0.0,374,29,0,0,0,0,0,0,0,0.0,0.0,1.8,,0.0,552,65,,,552,65,552,65,551,65,552,65,,,1.0,,,,,0.0,0.0,0.0,0.0,0.0,0.0,0.0,0.0,0.0,1,0,0,0,0,0,0,0,0,0,0,0,0,0,0,0,0,0,0,0.0,0.0,0.0,0.0,0.0,0.0,0.0,0.0,0,0,0,0
194,Brandon,Thomas-Asante,Thomas-Asante,a,,,5.0,276,50,0.8,203,33,0.0,255,16,0,0,0,0,0,0,0,0.0,0.0,1.4,,0.0,511,58,,,511,58,507,58,504,58,511,58,,,4.0,,,,,0.0,0.0,0.0,0.0,0.0,0.0,0.0,0.0,0.0,1,0,0,0,0,0,0,0,0,0,0,0,0,0,0,0,0,0,0,0.0,0.0,0.0,0.0,0.0,0.0,0.0,0.0,0,0,0,0
195,Ellis,Simms,Simms,a,,,5.0,265,48,0.6,235,39,0.0,244,14,0,0,0,0,0,0,0,0.0,0.0,1.4,,0.0,507,56,,,507,56,503,56,500,56,507,56,,,,,,,,0.0,0.0,0.0,0.0,0.0,0.0,0.0,0.0,0.0,1,0,0,0,0,0,0,0,0,0,0,0,0,0,0,0,0,0,0,0.0,0.0,0.0,0.0,0.0,0.0,0.0,0.0,0,0,0,0
196,Jahnoah,Markelo,Markelo,a,,,5.0,359,56,0.1,448,64,0.0,338,22,0,0,0,0,0,0,0,0.0,0.0,1.4,,0.0,539,62,,,539,62,539,62,537,62,539,62,,,,,,,,0.0,0.0,0.0,0.0,0.0,0.0,0.0,0.0,0.0,1,0,0,0,0,0,0,0,0,0,0,0,0,0,0,0,0,0,0,0.0,0.0,0.0,0.0,0.0,0.0,0.0,0.0,0,0,0,0
197,Norman,Bassette,Bassette,u,Has joined KVC Westerlo on loan for the rest of the season,,4.5,480,62,0.3,307,55,0.0,166,5,0,0,0,0,0,0,0,0.0,0.0,0.0,,0.0,485,51,0.0,,480,49,476,49,466,49,482,50,,,,,,,,0.0,0.0,0.0,0.0,0.0,0.0,0.0,0.0,0.0,1,0,0,0,0,0,0,0,0,0,0,0,0,0,0,0,0,0,0,0.0,0.0,0.0,0.0,0.0,0.0,0.0,0.0,0,0,0,0
575,Caleb,Yirenkyi,Yirenkyi,a,,,5.0,379,229,0.0,512,212,0.0,358,119,0,0,0,0,0,0,0,0.0,0.0,1.5,,0.0,548,235,,,548,235,548,235,546,235,548,235,,,,,,,,0.0,0.0,0.0,0.0,0.0,0.0,0.0,0.0,0.0,1,0,0,0,0,0,0,0,0,0,0,0,0,0,0,0,0,0,0,0.0,0.0,0.0,0.0,0.0,0.0,0.0,0.0,0,0,0,0
198,Dean,Henderson,Henderson,a,,,5.0,242,9,3.1,96,16,0.0,221,50,0,0,0,0,0,0,0,0.0,26.2,2.6,,3.5,100,10,,,22,6,343,12,492,53,160,7,,,,,,,,0.0,0.0,0.0,1.39,2.86,0.3,1.38,1.0,0.0,1,0,0,0,0,0,0,0,0,0,0,0,0,0,0,0,0,0,0,0.0,0.0,0.0,0.0,0.0,0.0,0.0,0.0,0,0,0,0
199,Walter,Benítez,Benitez,a,,,4.5,397,27,0.1,417,48,0.0,83,28,0,0,0,0,0,0,0,0.0,1.6,1.9,,7.0,1,1,,,355,29,444,41,427,32,370,29,,,,,,,,0.0,0.0,0.0,1.12,3.0,1.0,0.0,1.0,0.0,1,0,0,0,0,0,0,0,0,0,0,0,0,0,0,0,0,0,0,0.0,0.0,0.0,0.0,0.0,0.0,0.0,0.0,0,0,0,0
201,Daniel,Muñoz Mejía,Muñoz,a,,,5.5,151,18,11.5,40,15,0.0,401,164,0,0,0,0,0,0,0,0.0,24.7,2.5,,4.7,17,5,,,79,33,79,19,63,5,62,10,,,,,,,,0.09,0.15,0.24,1.29,0.0,0.38,1.24,1.09,7.35,1,0,0,0,0,0,0,0,0,0,0,0,0,0,0,0,0,0,0,0.0,0.0,0.0,0.0,0.0,0.0,0.0,0.0,0,0,0,0
202,Chris,Richards,Richards,a,,,5.0,287,51,0.8,209,75,0.0,266,133,0,0,0,0,0,0,0,0.0,25.6,2.2,,3.9,65,25,,,40,16,196,51,167,47,109,31,,,,,,,,0.08,0.05,0.13,1.31,0.0,0.35,1.34,0.99,9.91,1,0,0,0,0,0,0,0,0,0,0,0,0,0,0,0,0,0,0,0.0,0.0,0.0,0.0,0.0,0.0,0.0,0.0,0,0,0,0
203,Jaydee,Canvot,Canvot,a,,,5.0,376,74,0.6,241,88,0.0,355,156,0,0,0,0,0,0,0,0.0,14.4,2.2,,3.6,90,37,,,168,70,271,90,272,87,248,80,,,,,,,,0.1,0.02,0.12,1.61,0.0,0.34,1.56,0.95,11.43,1,0,0,0,0,0,0,0,0,0,0,0,0,0,0,0,0,0,0,0.0,0.0,0.0,0.0,0.0,0.0,0.0,0.0,0,0,0,0
204,Tyrick,Mitchell,Mitchell,a,,,4.5,439,111,6.8,62,25,0.0,125,84,0,0,0,0,0,0,0,0.0,30.0,1.7,,3.6,85,33,,,64,28,56,9,124,24,70,14,,,,,,,,0.04,0.07,0.11,1.38,0.0,0.33,1.3,1.0,6.78,1,0,0,0,0,0,0,0,0,0,0,0,0,0,0,0,0,0,0,0.0,0.0,0.0,0.0,0.0,0.0,0.0,0.0,0,0,0,0
205,Borna,Sosa,Sosa,a,,,4.5,419,95,0.0,510,171,0.0,105,68,0,0,0,0,0,0,0,0.0,1.3,1.7,,0.9,390,129,,,367,128,317,110,330,119,362,124,,,,,,,,0.04,0.06,0.1,0.82,0.0,0.0,1.82,0.0,8.18,1,0,0,0,0,0,0,0,0,0,0,0,0,0,0,0,0,0,0,0.0,0.0,0.0,0.0,0.0,0.0,0.0,0.0,0,0,0,0
206,Chadi,Riad Dnanou,Chadi Riad,a,,,4.5,474,128,0.1,444,150,0.0,160,101,0,0,0,0,0,0,0,0.0,4.4,1.7,,2.2,264,102,,,296,106,318,111,283,93,312,107,,,,,,,,0.05,0.02,0.07,1.49,0.0,0.16,1.31,0.98,7.36,1,0,0,0,0,0,0,0,0,0,0,0,0,0,0,0,0,0,0,0.0,0.0,0.0,0.0,0.0,0.0,0.0,0.0,0,0,0,0
207,Oscar,Mingueza,Mingueza,a,,,4.5,434,107,0.1,431,144,0.0,120,80,0,0,0,0,0,0,0,0.0,0.0,1.7,,0.0,467,173,,,462,173,454,173,439,172,464,173,,,,,,,,0.0,0.0,0.0,0.0,0.0,0.0,0.0,0.0,0.0,1,0,0,0,0,0,0,0,0,0,0,0,0,0,0,0,0,0,0,0.0,0.0,0.0,0.0,0.0,0.0,0.0,0.0,0,0,0,0
208,Ismaïla,Sarr,Sarr,a,,,6.5,40,27,8.3,55,19,0.0,532,225,0,0,0,0,0,0,0,0.0,18.0,2.3,,4.2,43,19,,,121,43,134,91,32,18,71,44,,,2.0,,,,,0.45,0.05,0.5,1.29,0.0,0.37,1.2,0.99,5.67,1,0,0,0,0,0,0,0,0,0,0,0,0,0,0,0,0,0,0,0.0,0.0,0.0,0.0,0.0,0.0,0.0,0.0,0,0,0,0
209,Brennan,Johnson,Johnson,a,,,6.0,76,49,0.2,374,139,0.0,488,194,0,0,0,0,0,0,0,0.0,10.8,2.1,,1.9,297,129,,,237,107,118,82,132,76,181,89,4.0,2.0,,,,,,0.13,0.07,0.2,1.49,0.0,0.32,1.26,1.0,6.37,1,0,0,0,0,0,0,0,0,0,0,0,0,0,0,0,0,0,0,0.0,0.0,0.0,0.0,0.0,0.0,0.0,0.0,0,0,0,0
210,Adam,Wharton,Wharton,a,,,5.5,188,115,0.4,298,99,0.0,438,164,0,0,0,0,0,0,0,0.0,20.4,2.0,,3.3,132,54,100.0,,115,39,21,20,174,93,61,40,6.0,,,,,,,0.05,0.26,0.31,1.38,0.0,0.28,1.52,1.02,10.69,1,0,0,0,0,0,0,0,0,0,0,0,0,0,0,0,0,0,0,0.0,0.0,0.0,0.0,0.0,0.0,0.0,0.0,0,0,0,0
211,Yéremy,Pino Santos,Yeremy,a,,,5.5,186,114,0.2,348,126,0.0,436,163,0,0,0,0,0,0,0,0.0,14.0,2.0,,2.3,259,107,,,189,80,22,21,71,43,57,36,7.0,1.0,,,,,,0.2,0.27,0.47,1.3,0.0,0.3,1.22,1.13,7.25,1,0,0,0,0,0,0,0,0,0,0,0,0,0,0,0,0,0,0,0.0,0.0,0.0,0.0,0.0,0.0,0.0,0.0,0,0,0,0
212,Will,Hughes,Hughes,a,,,4.5,393,233,11.1,42,14,0.0,79,2,0,0,0,0,0,0,0,0.0,10.0,1.0,,1.5,328,145,,,253,115,110,79,243,131,220,111,8.0,,,,,,,0.06,0.11,0.17,1.46,0.0,0.29,1.04,1.1,8.54,1,0,0,0,0,0,0,0,0,0,0,0,0,0,0,0,0,0,0,0.0,0.0,0.0,0.0,0.0,0.0,0.0,0.0,0,0,0,0
213,Jefferson,Lerma Solís,Lerma,a,,,5.0,234,142,0.1,412,163,0.0,213,32,0,0,0,0,0,0,0,0.0,13.8,1.5,,2.2,265,110,,,209,93,161,107,129,74,193,98,,,,,,,,0.1,0.08,0.18,1.31,0.0,0.37,1.31,0.94,11.5,1,0,0,0,0,0,0,0,0,0,0,0,0,0,0,0,0,0,0,0.0,0.0,0.0,0.0,0.0,0.0,0.0,0.0,0,0,0,0
214,Daichi,Kamada,Kamada,a,,,5.0,256,158,0.3,325,115,0.0,235,48,0,0,0,0,0,0,0,0.0,13.4,1.5,,2.4,245,98,,,228,100,100,73,192,106,183,91,9.0,,,,,,,0.08,0.15,0.23,1.23,0.0,0.28,1.33,1.04,9.86,1,0,0,0,0,0,0,0,0,0,0,0,0,0,0,0,0,0,0,0.0,0.0,0.0,0.0,0.0,0.0,0.0,0.0,0,0,0,0
215,Justin,Devenny,Devenny,a,,,5.0,320,186,0.0,549,234,0.0,299,76,0,0,0,0,0,0,0,0.0,7.2,1.5,,1.7,315,138,,,297,136,238,139,179,97,271,132,,3.0,3.0,,,,,0.27,0.04,0.31,1.69,0.0,0.11,1.72,0.8,8.25,1,0,0,0,0,0,0,0,0,0,0,0,0,0,0,0,0,0,0,0.0,0.0,0.0,0.0,0.0,0.0,0.0,0.0,0,0,0,0
216,Romain,Esse,Esse,a,,,5.0,367,221,0.1,492,202,0.0,346,111,0,0,0,0,0,0,0,0.0,0.8,1.5,,1.0,384,180,,,373,172,361,179,337,171,379,178,,,,,,,,0.0,0.09,0.09,3.92,0.0,0.0,0.0,0.0,11.25,1,0,0,0,0,0,0,0,0,0,0,0,0,0,0,0,0,0,0,0.0,0.0,0.0,0.0,0.0,0.0,0.0,0.0,0,0,0,0
217,Matheus,França de Oliveira,M.França,a,,,5.0,351,208,0.0,517,214,0.0,330,98,0,0,0,0,0,0,0,0.0,0.0,1.5,,0.0,537,227,,,537,227,537,227,534,226,537,227,,,,,,,,0.0,0.0,0.0,0.0,0.0,0.0,0.0,0.0,0.0,1,0,0,0,0,0,0,0,0,0,0,0,0,0,0,0,0,0,0,0.0,0.0,0.0,0.0,0.0,0.0,0.0,0.0,0,0,0,0
218,Cheick,Doucouré,Doucouré,a,,,5.0,292,175,0.1,475,195,0.0,271,65,0,0,0,0,0,0,0,0.0,0.0,1.5,,0.0,516,213,,,516,213,513,213,510,212,516,213,,,,,,,,0.0,0.0,0.0,0.0,0.0,0.0,0.0,0.0,0.0,1,0,0,0,0,0,0,0,0,0,0,0,0,0,0,0,0,0,0,0.0,0.0,0.0,0.0,0.0,0.0,0.0,0.0,0,0,0,0
219,Jesurun,Rak-Sakyi,J.Rak-Sakyi,a,,,5.0,300,179,0.0,565,247,0.0,279,69,0,0,0,0,0,0,0,0.0,0.0,1.5,,0.0,519,216,,,519,216,517,216,514,215,519,216,,,,,,,,0.0,0.0,0.0,0.0,0.0,0.0,0.0,0.0,0.0,1,0,0,0,0,0,0,0,0,0,0,0,0,0,0,0,0,0,0,0.0,0.0,0.0,0.0,0.0,0.0,0.0,0.0,0,0,0,0
220,Rio,Cardines,Cardines,a,,,4.5,496,137,0.0,540,182,0.0,182,110,0,0,0,0,0,0,0,0.0,0.4,1.7,,2.0,284,109,,,361,126,312,108,340,123,358,122,,,,,,,,0.02,0.16,0.18,2.53,0.0,0.0,2.0,1.0,7.0,1,0,0,0,0,0,0,0,0,0,0,0,0,0,0,0,0,0,0,0.0,0.0,0.0,0.0,0.0,0.0,0.0,0.0,0,0,0,0
221,Joél,Drakes-Thomas,Drakes-Thomas,a,,,4.5,509,255,0.1,435,175,0.0,195,24,0,0,0,0,0,0,0,0.0,0.4,1.0,,1.0,376,172,,,389,182,371,186,482,198,393,185,,,,,,,,0.0,0.0,0.0,9.39,0.0,0.0,12.86,0.0,38.57,1,0,0,0,0,0,0,0,0,0,0,0,0,0,0,0,0,0,0,0.0,0.0,0.0,0.0,0.0,0.0,0.0,0.0,0,0,0,0
222,Jørgen,Strand Larsen,Strand Larsen,a,,,6.0,77,20,0.6,244,41,0.0,489,50,0,0,0,0,0,0,0,0.0,12.5,2.0,,2.1,280,28,,,218,20,165,15,46,17,147,19,,,,,,,,0.21,0.04,0.25,1.41,0.0,0.2,1.6,1.02,3.72,1,0,0,0,0,0,0,0,0,0,0,0,0,0,0,0,0,0,0,0.0,0.0,0.0,0.0,0.0,0.0,0.0,0.0,0,0,0,0
223,Jean-Philippe,Mateta,Mateta,a,,,6.5,39,11,6.6,64,10,0.0,531,58,0,0,0,0,0,0,0,0.0,17.5,2.1,,3.6,95,9,,,87,8,191,18,18,10,51,11,,,1.0,,,,,0.59,0.05,0.64,1.29,0.0,0.33,1.18,1.02,5.09,1,0,0,0,0,0,0,0,0,0,0,0,0,0,0,0,0,0,0,0.0,0.0,0.0,0.0,0.0,0.0,0.0,0.0,0,0,0,0
224,Eddie,Nketiah,Nketiah,a,,,5.5,134,34,0.5,269,45,0.0,384,30,0,0,0,0,0,0,0,0.0,4.2,1.8,,1.9,293,30,,,293,32,247,27,178,34,272,33,,,,,,,,0.38,0.1,0.48,2.06,0.0,0.0,2.61,0.43,8.26,1,0,0,0,0,0,0,0,0,0,0,0,0,0,0,0,0,0,0,0.0,0.0,0.0,0.0,0.0,0.0,0.0,0.0,0,0,0,0
225,Christantus,Uche,Uche,u,has returned to Getafe CF,,5.0,378,57,0.0,577,69,0.0,357,23,0,0,0,0,0,0,0,0.0,3.4,0.0,,1.2,349,39,0.0,,364,41,348,43,257,40,343,41,,,,,,,,0.28,0.01,0.29,2.62,0.0,0.0,2.26,0.0,7.36,1,0,0,0,0,0,0,0,0,0,0,0,0,0,0,0,0,0,0,0.0,0.0,0.0,0.0,0.0,0.0,0.0,0.0,0,0,0,0
555,Remi,Matthews,Matthews,a,,,4.0,528,54,1.7,146,22,0.0,18,10,0,0,0,0,0,0,0,0.0,0.0,1.0,,0.0,413,39,,,407,39,392,23,373,14,409,39,,,,,,,,0.0,0.0,0.0,0.0,0.0,0.0,0.0,0.0,0.0,1,0,0,0,0,0,0,0,0,0,0,0,0,0,0,0,0,0,0,0.0,0.0,0.0,0.0,0.0,0.0,0.0,0.0,0,0,0,0
577,Takehiro,Tomiyasu,Tomiyasu,a,,,4.5,424,99,0.0,521,175,0.0,110,72,0,0,0,0,0,0,0,0.0,0.0,1.7,,0.0,464,172,,,459,172,451,172,436,171,461,172,,,,,,,,0.0,0.0,0.0,0.0,0.0,0.0,0.0,0.0,0.0,1,0,0,0,0,0,0,0,0,0,0,0,0,0,0,0,0,0,0,0.0,0.0,0.0,0.0,0.0,0.0,0.0,0.0,0,0,0,0
21,Christian,Nørgaard,Nørgaard,a,,,5.0,230,140,0.7,229,79,0.0,209,30,0,0,0,0,0,0,0,0.0,1.4,1.5,,1.0,377,173,,,354,164,353,174,327,167,363,169,,,,,,,,0.07,0.04,0.11,2.03,0.0,0.0,0.89,0.89,14.26,1,0,0,0,0,0,0,0,0,0,0,0,0,0,0,0,0,0,0,0.0,0.0,0.0,0.0,0.0,0.0,0.0,0.0,0,0,0,0
226,Jordan,Pickford,Pickford,a,,,5.5,115,2,8.8,51,7,0.0,365,61,0,0,0,0,0,0,0,0.0,24.5,3.3,,3.6,92,9,,,15,4,323,6,357,3,149,5,,,,,,,,0.0,0.01,0.01,1.48,2.63,0.29,1.32,1.0,0.0,1,0,0,0,0,0,0,0,0,0,0,0,0,0,0,0,0,0,0,0.0,0.0,0.0,0.0,0.0,0.0,0.0,0.0,0,0,0,0
227,Mark,Travers,Travers,a,,,5.0,275,12,0.1,489,59,0.0,254,53,0,0,0,0,0,0,0,0.0,0.0,2.6,,0.0,510,62,,,510,62,506,58,503,56,510,62,,,,,,,,0.0,0.0,0.0,0.0,0.0,0.0,0.0,0.0,0.0,1,0,0,0,0,0,0,0,0,0,0,0,0,0,0,0,0,0,0,0.0,0.0,0.0,0.0,0.0,0.0,0.0,0.0,0,0,0,0
228,Tom,King,King,a,,,4.5,400,29,0.1,491,60,0.0,86,30,0,0,0,0,0,0,0,0.0,0.0,1.9,,0.0,461,55,,,456,55,446,43,429,34,458,55,,,,,,,,0.0,0.0,0.0,0.0,0.0,0.0,0.0,0.0,0.0,1,0,0,0,0,0,0,0,0,0,0,0,0,0,0,0,0,0,0,0.0,0.0,0.0,0.0,0.0,0.0,0.0,0.0,0,0,0,0
229,James,Tarkowski,Tarkowski,a,,,6.0,56,5,9.8,48,17,0.0,468,179,0,0,0,0,0,0,0,0.0,28.3,2.8,,4.6,23,8,,,6,3,146,35,57,3,38,5,,,,,,,,0.07,0.06,0.13,1.45,0.0,0.3,1.3,1.0,10.16,1,0,0,0,0,0,0,0,0,0,0,0,0,0,0,0,0,0,0,0.0,0.0,0.0,0.0,0.0,0.0,0.0,0.0,0,0,0,0
230,Jarrad,Branthwaite,Branthwaite,a,,,5.5,180,26,1.9,133,51,0.0,430,172,0,0,0,0,0,0,0,0.0,5.8,2.5,,3.2,149,59,,,261,98,295,100,255,80,291,98,,,,,,,,0.05,0.01,0.06,1.25,0.0,0.13,1.19,0.93,8.89,1,0,0,0,0,0,0,0,0,0,0,0,0,0,0,0,0,0,0,0.0,0.0,0.0,0.0,0.0,0.0,0.0,0.0,0,0,0,0
231,Michael,Keane,Keane,a,,,5.0,226,35,1.6,154,57,0.0,205,117,0,0,0,0,0,0,0,0.0,26.2,2.2,,4.0,50,18,,,33,13,288,97,99,14,104,28,,,,,,,,0.08,0.02,0.1,1.55,0.0,0.24,1.46,1.01,10.5,1,0,0,0,0,0,0,0,0,0,0,0,0,0,0,0,0,0,0,0.0,0.0,0.0,0.0,0.0,0.0,0.0,0.0,0,0,0,0
232,Jake,O'Brien,O'Brien,a,,,5.0,339,68,0.5,251,93,0.0,318,150,0,0,0,0,0,0,0,0.0,23.2,2.2,,3.1,159,65,,,82,34,130,32,148,36,111,32,,,,,,,,0.05,0.03,0.08,1.54,0.0,0.29,1.33,1.01,6.67,1,0,0,0,0,0,0,0,0,0,0,0,0,0,0,0,0,0,0,0.0,0.0,0.0,0.0,0.0,0.0,0.0,0.0,0,0,0,0
233,Vitalii,Mykolenko,Mykolenko,a,,,4.5,425,100,1.3,175,64,0.0,111,73,0,0,0,0,0,0,0,0.0,21.1,1.7,,2.9,181,75,,,91,40,81,20,260,83,124,36,,,,,,,,0.01,0.07,0.08,1.47,0.0,0.27,1.43,1.0,7.03,1,0,0,0,0,0,0,0,0,0,0,0,0,0,0,0,0,0,0,0.0,0.0,0.0,0.0,0.0,0.0,0.0,0.0,0,0,0,0
234,Nathan,Patterson,Patterson,a,,,4.5,438,110,0.0,508,169,0.0,124,83,0,0,0,0,0,0,0,0.0,4.9,1.7,,3.1,156,63,,,327,117,351,123,317,114,342,117,,,,,,,,0.01,0.02,0.03,1.39,0.0,0.76,0.76,1.13,11.72,1,0,0,0,0,0,0,0,0,0,0,0,0,0,0,0,0,0,0,0.0,0.0,0.0,0.0,0.0,0.0,0.0,0.0,0,0,0,0
235,Adam,Aznou,Aznou,a,,,4.0,558,171,0.2,361,131,0.0,48,30,0,0,0,0,0,0,0,0.0,0.0,1.0,,0.0,442,160,,,436,159,421,158,402,154,438,159,,,,,,,,0.0,0.0,0.0,0.0,0.0,0.0,0.0,0.0,0.0,1,0,0,0,0,0,0,0,0,0,0,0,0,0,0,0,0,0,0,0.0,0.0,0.0,0.0,0.0,0.0,0.0,0.0,0,0,0,0
236,Kiernan,Dewsbury-Hall,Dewsbury-Hall,a,,,6.5,37,25,3.7,89,28,0.0,529,223,0,0,0,0,0,0,0,0.0,23.2,2.3,,4.9,14,7,,,70,21,34,33,50,29,37,27,5.0,,,,,,,0.15,0.18,0.33,1.38,0.0,0.27,1.34,1.03,7.87,1,0,0,0,0,0,0,0,0,0,0,0,0,0,0,0,0,0,0,0.0,0.0,0.0,0.0,0.0,0.0,0.0,0.0,0,0,0,0
237,Iliman,Ndiaye,Ndiaye,a,,,6.0,81,52,15.2,27,7,0.0,493,197,0,0,0,0,0,0,0,0.0,21.3,2.1,,4.0,58,25,,,72,22,54,47,35,21,36,26,,,1.0,,,,,0.22,0.14,0.36,1.38,0.0,0.26,1.42,1.04,9.16,1,0,0,0,0,0,0,0,0,0,0,0,0,0,0,0,0,0,0,0.0,0.0,0.0,0.0,0.0,0.0,0.0,0.0,0,0,0,0
239,James,Garner,Garner,i,Groin injury - Expected back 22 Aug,,6.0,75,48,0.5,256,84,0.0,487,193,0,0,0,0,0,0,0,0.0,26.5,0.0,,4.2,42,18,0.0,,14,4,7,7,125,71,17,13,4.0,1.0,3.0,,,,,0.06,0.16,0.22,1.48,0.0,0.29,1.32,1.0,12.08,1,0,0,0,0,0,0,0,0,0,0,0,0,0,0,0,0,0,0,0.0,0.0,0.0,0.0,0.0,0.0,0.0,0.0,0,0,0,0
240,Tim,Iroegbunam,Iroegbunam,a,,,5.0,322,188,0.1,474,194,0.0,301,78,0,0,0,0,0,0,0,0.0,13.6,1.5,,2.3,256,105,,,223,99,222,136,250,133,258,125,,,,,,,,0.03,0.04,0.07,1.5,0.0,0.49,1.1,1.04,11.52,1,0,0,0,0,0,0,0,0,0,0,0,0,0,0,0,0,0,0,0.0,0.0,0.0,0.0,0.0,0.0,0.0,0.0,0,0,0,0
241,Dwight,McNeil,McNeil,a,,,5.5,157,98,0.2,382,144,0.0,407,147,0,0,0,0,0,0,0,0.0,9.6,2.0,,2.4,252,104,,,281,129,140,96,199,110,241,123,6.0,2.0,,,,,,0.11,0.15,0.26,1.46,0.0,0.47,0.7,1.09,8.6,1,0,0,0,0,0,0,0,0,0,0,0,0,0,0,0,0,0,0,0.0,0.0,0.0,0.0,0.0,0.0,0.0,0.0,0,0,0,0
242,Tyrique,George,George,a,,,5.5,204,128,0.2,391,150,0.0,454,177,0,0,0,0,0,0,0,0.0,2.9,2.0,,1.1,355,164,,,339,155,267,148,204,114,303,145,,,,,,,,0.16,0.31,0.47,1.66,0.0,0.26,2.31,0.26,5.9,1,0,0,0,0,0,0,0,0,0,0,0,0,0,0,0,0,0,0,0.0,0.0,0.0,0.0,0.0,0.0,0.0,0.0,0,0,0,0
243,Carlos,Alcaraz Durán,Alcaraz,a,,,5.0,335,196,0.1,456,188,0.0,314,86,0,0,0,0,0,0,0,0.0,5.8,1.5,,1.4,338,152,,,308,139,188,124,186,102,266,128,,,,,,,,0.16,0.07,0.23,1.8,0.0,0.4,1.33,0.8,9.28,1,0,0,0,0,0,0,0,0,0,0,0,0,0,0,0,0,0,0,0.0,0.0,0.0,0.0,0.0,0.0,0.0,0.0,0,0,0,0
244,Harrison,Armstrong,Armstrong,a,,,5.0,369,223,0.1,487,201,0.0,348,113,0,0,0,0,0,0,0,0.0,4.2,1.5,,1.6,324,142,,,330,148,264,146,252,134,308,146,,,,,,,,0.14,0.04,0.18,1.88,0.0,0.17,1.89,1.03,8.59,1,0,0,0,0,0,0,0,0,0,0,0,0,0,0,0,0,0,0,0.0,0.0,0.0,0.0,0.0,0.0,0.0,0.0,0,0,0,0
245,Tyler,Dibling,Dibling,a,,,5.5,189,116,0.1,493,203,0.0,439,165,0,0,0,0,0,0,0,0.0,3.3,2.0,,1.3,346,158,,,336,152,274,150,296,154,324,153,,,,,,,,0.05,0.04,0.09,1.71,0.0,0.52,0.52,1.03,10.32,1,0,0,0,0,0,0,0,0,0,0,0,0,0,0,0,0,0,0,0.0,0.0,0.0,0.0,0.0,0.0,0.0,0.0,0,0,0,0
246,Merlin,Röhl,Röhl,a,,,5.0,340,198,0.1,443,179,0.0,319,88,0,0,0,0,0,0,0,0.0,7.2,1.5,,2.2,270,115,,,300,138,245,140,269,144,300,144,,,,,,,,0.09,0.05,0.14,1.77,0.0,0.27,1.73,0.8,9.07,1,0,0,0,0,0,0,0,0,0,0,0,0,0,0,0,0,0,0,0.0,0.0,0.0,0.0,0.0,0.0,0.0,0.0,0,0,0,0
247,Hayden,Hackney,Hackney,a,,,5.5,150,93,0.3,310,105,0.0,400,142,0,0,0,0,0,0,0,0.0,0.0,2.0,,0.0,555,239,,,555,239,555,239,554,239,555,239,,,,,,,,0.0,0.0,0.0,0.0,0.0,0.0,0.0,0.0,0.0,1,0,0,0,0,0,0,0,0,0,0,0,0,0,0,0,0,0,0,0.0,0.0,0.0,0.0,0.0,0.0,0.0,0.0,0,0,0,0
248,Norberto Bercique,Gomes Betuncal,Beto,a,,,5.5,184,42,3.1,98,13,0.0,434,38,0,0,0,0,0,0,0,0.0,18.9,1.8,,2.8,198,19,,,131,13,194,19,26,14,81,14,,,4.0,,,,,0.52,0.01,0.53,1.4,0.0,0.29,1.1,0.99,5.16,1,0,0,0,0,0,0,0,0,0,0,0,0,0,0,0,0,0,0,0.0,0.0,0.0,0.0,0.0,0.0,0.0,0.0,0,0,0,0
249,Thierno,Barry,Barry,a,,,5.5,212,44,0.9,201,32,0.0,462,40,0,0,0,0,0,0,0,0.0,17.3,1.8,,2.5,238,25,,,177,16,160,14,42,16,123,18,,,2.0,,,,,0.39,0.02,0.41,1.59,0.0,0.33,1.61,1.0,3.51,1,0,0,0,0,0,0,0,0,0,0,0,0,0,0,0,0,0,0,0.0,0.0,0.0,0.0,0.0,0.0,0.0,0.0,0,0,0,0
250,Bernd,Leno,Leno,a,,,4.5,385,22,3.3,95,15,0.0,71,23,0,0,0,0,0,0,0,0.0,27.1,1.9,,3.2,138,18,,,29,9,437,36,420,27,170,9,,,,,,,,0.0,0.0,0.0,1.39,2.58,0.24,1.34,1.0,0.0,1,0,0,0,0,0,0,0,0,0,0,0,0,0,0,0,0,0,0,0.0,0.0,0.0,0.0,0.0,0.0,0.0,0.0,0,0,0,0
251,Benjamin,Lecomte,Lecomte,a,,,4.0,517,50,1.4,168,25,0.0,7,6,0,0,0,0,0,0,0,0.0,0.0,1.0,,0.0,406,36,,,400,36,384,19,365,10,402,36,,,,,,,,0.0,0.0,0.0,0.0,0.0,0.0,0.0,0.0,0.0,1,0,0,0,0,0,0,0,0,0,0,0,0,0,0,0,0,0,0,0.0,0.0,0.0,0.0,0.0,0.0,0.0,0.0,0,0,0,0
252,Alfie,McNally,McNally,a,,,4.0,561,63,0.2,364,41,0.0,51,19,0,0,0,0,0,0,0,0.0,0.0,1.0,,0.0,444,48,,,439,48,424,32,405,23,441,48,,,,,,,,0.0,0.0,0.0,0.0,0.0,0.0,0.0,0.0,0.0,1,0,0,0,0,0,0,0,0,0,0,0,0,0,0,0,0,0,0,0.0,0.0,0.0,0.0,0.0,0.0,0.0,0.0,0,0,0,0
253,Joachim,Andersen,Andersen,s,Suspended until 30 Aug,,5.0,243,39,0.1,494,166,0.0,222,121,0,0,0,0,0,0,0,0.0,24.6,0.0,,3.7,78,31,0.0,,31,12,215,59,195,53,112,33,,,,,,,,0.04,0.06,0.1,1.4,0.0,0.25,1.41,1.03,10.27,1,0,0,0,0,0,0,0,0,0,0,0,0,0,0,0,0,0,0,0.0,0.0,0.0,0.0,0.0,0.0,0.0,0.0,0,0,0,0
254,Antonee,Robinson,Robinson,a,,,4.5,406,86,2.5,110,43,0.0,92,59,0,0,0,0,0,0,0,0.0,14.4,1.7,,3.0,166,69,,,161,66,104,26,248,77,174,61,,,1.0,,,,,0.06,0.1,0.16,1.46,0.0,0.24,1.15,1.03,8.23,1,0,0,0,0,0,0,0,0,0,0,0,0,0,0,0,0,0,0,0.0,0.0,0.0,0.0,0.0,0.0,0.0,0.0,0,0,0,0
255,Jorge,Cuenca Barreno,J.Cuenca,a,,,4.5,441,113,0.0,537,181,0.0,127,86,0,0,0,0,0,0,0,0.0,8.7,1.7,,2.6,220,89,,,224,84,289,98,320,115,286,95,,,,,,,,0.0,0.05,0.05,1.41,0.0,0.19,1.06,1.06,11.26,1,0,0,0,0,0,0,0,0,0,0,0,0,0,0,0,0,0,0,0.0,0.0,0.0,0.0,0.0,0.0,0.0,0.0,0,0,0,0
256,Kenny,Tete,Tete,a,,,4.5,405,85,0.2,346,124,0.0,91,58,0,0,0,0,0,0,0,0.0,18.0,1.7,,3.7,77,30,,,146,59,155,39,224,66,188,64,,,,,,,,0.05,0.07,0.12,1.3,0.0,0.3,1.26,1.06,8.29,1,0,0,0,0,0,0,0,0,0,0,0,0,0,0,0,0,0,0,0.0,0.0,0.0,0.0,0.0,0.0,0.0,0.0,0,0,0,0
257,Calvin,Bassey,Bassey,a,,,4.5,432,106,0.6,245,90,0.0,118,79,0,0,0,0,0,0,0,0.0,22.9,1.7,,3.4,108,45,,,86,37,204,52,222,65,162,56,,,,,,,,0.06,0.01,0.07,1.35,0.0,0.25,1.42,1.0,7.29,1,0,0,0,0,0,0,0,0,0,0,0,0,0,0,0,0,0,0,0.0,0.0,0.0,0.0,0.0,0.0,0.0,0.0,0,0,0,0
258,Timothy,Castagne,Castagne,a,,,4.5,404,84,0.2,335,121,0.0,90,57,0,0,0,0,0,0,0,0.0,13.6,1.7,,2.0,282,107,,,163,67,127,30,159,42,158,54,,,,,,,,0.07,0.07,0.14,1.6,0.0,0.15,1.52,0.98,7.15,1,0,0,0,0,0,0,0,0,0,0,0,0,0,0,0,0,0,0,0.0,0.0,0.0,0.0,0.0,0.0,0.0,0.0,0,0,0,0
261,Alex,Iwobi,Iwobi,a,,,5.5,118,77,0.9,198,68,0.0,368,126,0,0,0,0,0,0,0,0.0,18.7,2.0,,3.6,93,39,,,111,37,20,19,79,48,45,30,5.0,1.0,2.0,,,,,0.07,0.17,0.24,1.33,0.0,0.19,1.49,1.08,6.99,1,0,0,0,0,0,0,0,0,0,0,0,0,0,0,0,0,0,0,0.0,0.0,0.0,0.0,0.0,0.0,0.0,0.0,0,0,0,0
262,Emile,Smith Rowe,Smith Rowe,a,,,5.5,137,85,0.4,287,95,0.0,387,134,0,0,0,0,0,0,0,0.0,14.5,2.0,,2.2,271,116,,,204,91,109,78,62,37,122,70,,,,,,,,0.22,0.05,0.27,1.47,0.0,0.28,1.27,1.04,6.98,1,0,0,0,0,0,0,0,0,0,0,0,0,0,0,0,0,0,0,0.0,0.0,0.0,0.0,0.0,0.0,0.0,0.0,0,0,0,0
263,Kevin,Santos Lopes de Macedo,Kevin,a,,,5.5,206,130,0.1,450,182,0.0,456,179,0,0,0,0,0,0,0,0.0,8.9,2.0,,1.9,296,128,,,241,108,138,95,121,70,199,99,7.0,,,,,,,0.11,0.13,0.24,1.27,0.0,0.35,1.31,0.79,7.51,1,0,0,0,0,0,0,0,0,0,0,0,0,0,0,0,0,0,0,0.0,0.0,0.0,0.0,0.0,0.0,0.0,0.0,0,0,0,0
264,Oscar,Bobb,Bobb,a,,,5.5,179,109,0.4,281,92,0.0,429,158,0,0,0,0,0,0,0,0.0,7.6,2.0,,1.8,308,134,,,282,130,114,81,150,81,207,104,3.0,,,,,,,0.13,0.18,0.31,1.11,0.0,0.35,1.14,0.96,6.64,1,0,0,0,0,0,0,0,0,0,0,0,0,0,0,0,0,0,0,0.0,0.0,0.0,0.0,0.0,0.0,0.0,0.0,0,0,0,0
265,Sander,Berge,Berge,a,,,5.0,253,156,0.4,279,90,0.0,232,46,0,0,0,0,0,0,0,0.0,18.2,1.5,,2.6,222,85,,,137,50,92,67,227,122,148,77,,,,,,,,0.05,0.05,0.1,1.34,0.0,0.25,1.39,1.05,8.68,1,0,0,0,0,0,0,0,0,0,0,0,0,0,0,0,0,0,0,0.0,0.0,0.0,0.0,0.0,0.0,0.0,0.0,0,0,0,0
266,Tom,Cairney,Cairney,a,,,5.0,219,137,0.0,539,226,0.0,198,27,0,0,0,0,0,0,0,0.0,8.2,1.5,,1.7,313,136,,,273,126,174,116,265,141,268,130,,,,,,,,0.14,0.1,0.24,1.39,0.0,0.24,1.19,0.71,7.26,1,0,0,0,0,0,0,0,0,0,0,0,0,0,0,0,0,0,0,0.0,0.0,0.0,0.0,0.0,0.0,0.0,0.0,0,0,0,0
268,Josh,King,King,a,,,5.5,210,133,0.1,392,151,0.0,460,182,0,0,0,0,0,0,0,0.0,11.5,2.0,,2.0,289,123,,,245,110,170,112,82,50,190,95,,,,,,,,0.17,0.05,0.22,1.32,0.0,0.35,1.26,1.05,7.47,1,0,0,0,0,0,0,0,0,0,0,0,0,0,0,0,0,0,0,0.0,0.0,0.0,0.0,0.0,0.0,0.0,0.0,0,0,0,0
269,Ryan,Sessegnon,Sessegnon,a,,,4.5,409,87,0.4,285,108,0.0,95,60,0,0,0,0,0,0,0,0.0,21.1,1.7,,3.5,98,38,,,147,60,150,36,133,26,155,52,,,,,,,,0.08,0.09,0.17,1.3,0.0,0.3,1.44,0.99,10.8,1,0,0,0,0,0,0,0,0,0,0,0,0,0,0,0,0,0,0,0.0,0.0,0.0,0.0,0.0,0.0,0.0,0.0,0,0,0,0
270,Harrison,Reed,Reed,a,,,4.5,402,234,1.1,192,65,0.0,88,3,0,0,0,0,0,0,0,0.0,3.3,1.0,,2.1,273,117,,,342,157,293,157,325,166,338,158,,,,,,,,0.13,0.46,0.59,3.47,0.0,0.0,4.04,1.01,6.07,1,0,0,0,0,0,0,0,0,0,0,0,0,0,0,0,0,0,0,0.0,0.0,0.0,0.0,0.0,0.0,0.0,0.0,0,0,0,0
271,Rodrigo,Muniz Carvalho,Muniz,a,,,5.5,149,36,0.7,228,37,0.0,399,32,0,0,0,0,0,0,0,0.0,6.5,1.8,,1.7,317,33,,,299,33,242,25,103,24,253,31,,,,,,,,0.3,0.01,0.31,1.26,0.0,0.27,1.19,0.91,4.74,1,0,0,0,0,0,0,0,0,0,0,0,0,0,0,0,0,0,0,0.0,0.0,0.0,0.0,0.0,0.0,0.0,0.0,0,0,0,0
272,Jonah,Kusi-Asare,Kusi-Asare,a,,,4.5,507,69,7.6,59,9,0.0,193,12,0,0,0,0,0,0,0,0.0,1.3,1.0,,0.9,393,47,,,383,43,334,42,331,43,371,43,,,,,,,,0.0,0.13,0.13,2.02,0.0,0.0,3.67,0.0,9.18,1,0,0,0,0,0,0,0,0,0,0,0,0,0,0,0,0,0,0,0.0,0.0,0.0,0.0,0.0,0.0,0.0,0.0,0,0,0,0
569,Gonzalo,García,García,a,,,6.0,104,26,1.6,153,27,0.0,516,56,0,0,0,0,0,0,0,0.0,0.0,2.0,,0.0,569,67,,,569,67,569,67,569,67,569,67,,,,,,,,0.0,0.0,0.0,0.0,0.0,0.0,0.0,0.0,0.0,1,0,0,0,0,0,0,0,0,0,0,0,0,0,0,0,0,0,0,0.0,0.0,0.0,0.0,0.0,0.0,0.0,0.0,0,0,0,0
570,César,Palacios,Palacios,a,,,5.5,208,132,0.1,433,174,0.0,458,181,0,0,0,0,0,0,0,0.0,0.0,2.0,,0.0,565,248,,,565,248,565,248,564,248,565,248,,,,,,,,0.0,0.0,0.0,0.0,0.0,0.0,0.0,0.0,0.0,1,0,0,0,0,0,0,0,0,0,0,0,0,0,0,0,0,0,0,0.0,0.0,0.0,0.0,0.0,0.0,0.0,0.0,0,0,0,0
273,Dillon,Phillips,Phillips,a,,,4.0,526,53,2.0,127,21,0.0,16,9,0,0,0,0,0,0,0,0.0,0.0,1.0,,0.0,411,38,,,405,38,390,22,371,13,407,38,,,,,,,,0.0,0.0,0.0,0.0,0.0,0.0,0.0,0.0,0.0,1,0,0,0,0,0,0,0,0,0,0,0,0,0,0,0,0,0,0,0.0,0.0,0.0,0.0,0.0,0.0,0.0,0.0,0,0,0,0
276,Thimothée,Lo-Tutala,Lo-Tutala,a,,,4.0,546,59,0.2,376,43,0.0,36,15,0,0,0,0,0,0,0,0.0,0.0,1.0,,0.0,430,44,,,424,44,409,28,390,19,426,44,,,,,,,,0.0,0.0,0.0,0.0,0.0,0.0,0.0,0.0,0.0,1,0,0,0,0,0,0,0,0,0,0,0,0,0,0,0,0,0,0,0.0,0.0,0.0,0.0,0.0,0.0,0.0,0.0,0,0,0,0
274,Jack,Butland,Butland,i,Arm injury - Unknown return date,,4.5,391,24,0.7,220,30,0.0,77,25,0,0,0,0,0,0,0,0.0,0.0,0.0,,0.0,457,51,0.0,,452,51,441,38,424,29,454,51,,,,,,,,0.0,0.0,0.0,0.0,0.0,0.0,0.0,0.0,0.0,1,0,0,0,0,0,0,0,0,0,0,0,0,0,0,0,0,0,0,0.0,0.0,0.0,0.0,0.0,0.0,0.0,0.0,0,0,0,0
275,Harvey,Cartwright,Cartwright,u,Has joined Grimsby Town on loan for the rest of the season,,4.0,557,62,0.1,466,55,0.0,47,18,0,0,0,0,0,0,0,0.0,0.0,0.0,,0.0,441,47,0.0,,435,47,420,31,401,22,437,47,,,,,,,,0.0,0.0,0.0,0.0,0.0,0.0,0.0,0.0,0.0,1,0,0,0,0,0,0,0,0,0,0,0,0,0,0,0,0,0,0,0.0,0.0,0.0,0.0,0.0,0.0,0.0,0.0,0,0,0,0
277,John,Egan,Egan,a,,,4.0,519,144,1.4,170,62,0.0,9,3,0,0,0,0,0,0,0,0.0,0.0,1.0,,0.0,407,136,,,401,135,385,134,366,130,403,135,,,,,,,,0.0,0.0,0.0,0.0,0.0,0.0,0.0,0.0,0.0,1,0,0,0,0,0,0,0,0,0,0,0,0,0,0,0,0,0,0,0.0,0.0,0.0,0.0,0.0,0.0,0.0,0.0,0,0,0,0
278,Charlie,Hughes,Hughes,i,Groin injury - Unknown return date,,4.0,560,173,0.7,218,81,0.0,50,32,0,0,0,0,0,0,0,0.0,0.0,0.0,,0.0,443,161,0.0,,438,161,423,160,404,156,440,161,,,,,,,,0.0,0.0,0.0,0.0,0.0,0.0,0.0,0.0,0.0,1,0,0,0,0,0,0,0,0,0,0,0,0,0,0,0,0,0,0,0.0,0.0,0.0,0.0,0.0,0.0,0.0,0.0,0,0,0,0
279,Semi,Ajayi,Ajayi,a,,,4.0,522,146,0.8,216,79,0.0,12,5,0,0,0,0,0,0,0,0.0,0.0,1.0,,0.0,409,137,,,403,136,387,135,368,131,405,136,,,,,,,,0.0,0.0,0.0,0.0,0.0,0.0,0.0,0.0,0.0,1,0,0,0,0,0,0,0,0,0,0,0,0,0,0,0,0,0,0,0.0,0.0,0.0,0.0,0.0,0.0,0.0,0.0,0,0,0,0
280,Lewie,Coyle,Coyle,a,,,4.0,532,153,0.5,255,94,0.0,22,12,0,0,0,0,0,0,0,0.0,0.0,1.0,,0.0,417,143,,,411,142,396,141,377,137,413,142,,,,,,,,0.0,0.0,0.0,0.0,0.0,0.0,0.0,0.0,0.0,1,0,0,0,0,0,0,0,0,0,0,0,0,0,0,0,0,0,0,0.0,0.0,0.0,0.0,0.0,0.0,0.0,0.0,0,0,0,0
281,Cody,Drameh,Drameh,i,Hamstring injury - Expected back 29 Aug,,4.0,543,161,0.1,488,164,0.0,33,20,0,0,0,0,0,0,0,0.0,0.0,0.0,,0.0,427,150,0.0,,421,149,406,148,387,144,423,149,,,,,,,,0.0,0.0,0.0,0.0,0.0,0.0,0.0,0.0,0.0,1,0,0,0,0,0,0,0,0,0,0,0,0,0,0,0,0,0,0,0.0,0.0,0.0,0.0,0.0,0.0,0.0,0.0,0,0,0,0
282,Ryan,Giles,Giles,a,,,4.0,540,160,0.7,225,83,0.0,30,19,0,0,0,0,0,0,0,0.0,0.0,1.0,,0.0,424,149,,,418,148,403,147,384,143,420,148,4.0,1.0,,,,,,0.0,0.0,0.0,0.0,0.0,0.0,0.0,0.0,0.0,1,0,0,0,0,0,0,0,0,0,0,0,0,0,0,0,0,0,0,0.0,0.0,0.0,0.0,0.0,0.0,0.0,0.0,0,0,0,0
283,Matty,Jacob,Jacob,d,Hip injury - 75% chance of playing,,4.0,547,163,0.0,509,170,0.0,37,22,0,0,0,0,0,0,0,0.0,0.0,0.8,,0.0,431,152,75.0,,425,151,410,150,391,146,427,151,,,,,,,,0.0,0.0,0.0,0.0,0.0,0.0,0.0,0.0,0.0,1,0,0,0,0,0,0,0,0,0,0,0,0,0,0,0,0,0,0,0.0,0.0,0.0,0.0,0.0,0.0,0.0,0.0,0,0,0,0
284,Cathal,McCarthy,McCarthy,a,,,4.0,577,188,0.1,426,143,0.0,67,47,0,0,0,0,0,0,0,0.0,0.0,1.0,,0.0,453,169,,,448,169,434,169,417,167,450,169,,,,,,,,0.0,0.0,0.0,0.0,0.0,0.0,0.0,0.0,0.0,1,0,0,0,0,0,0,0,0,0,0,0,0,0,0,0,0,0,0,0.0,0.0,0.0,0.0,0.0,0.0,0.0,0.0,0,0,0,0
285,Paddy,McNair,McNair,a,,,4.0,524,147,0.1,410,140,0.0,14,6,0,0,0,0,0,0,0,0.0,0.0,1.0,,0.0,410,138,,,404,137,389,136,370,132,406,137,,,,,,,,0.0,0.0,0.0,0.0,0.0,0.0,0.0,0.0,0.0,1,0,0,0,0,0,0,0,0,0,0,0,0,0,0,0,0,0,0,0.0,0.0,0.0,0.0,0.0,0.0,0.0,0.0,0,0,0,0
286,Mohamed,Belloumi,Belloumi,a,,,5.0,353,210,0.5,253,83,0.0,332,100,0,0,0,0,0,0,0,0.0,0.0,1.5,,0.0,538,228,,,538,228,538,228,535,227,538,228,5.0,2.0,,,,,,0.0,0.0,0.0,0.0,0.0,0.0,0.0,0.0,0.0,1,0,0,0,0,0,0,0,0,0,0,0,0,0,0,0,0,0,0,0.0,0.0,0.0,0.0,0.0,0.0,0.0,0.0,0,0,0,0
287,Liam,Millar,Millar,a,,,5.0,280,169,0.1,441,177,0.0,259,59,0,0,0,0,0,0,0,0.0,0.0,1.5,,0.0,513,211,,,513,211,509,211,506,210,513,211,,,,,,,,0.0,0.0,0.0,0.0,0.0,0.0,0.0,0.0,0.0,1,0,0,0,0,0,0,0,0,0,0,0,0,0,0,0,0,0,0,0.0,0.0,0.0,0.0,0.0,0.0,0.0,0.0,0,0,0,0
288,Kieran,Dowell,Dowell,a,,,4.5,407,235,0.5,264,87,0.0,93,4,0,0,0,0,0,0,0,0.0,0.0,1.0,,0.0,462,190,,,457,187,447,189,430,183,459,188,,,,,,,,0.0,0.0,0.0,0.0,0.0,0.0,0.0,0.0,0.0,1,0,0,0,0,0,0,0,0,0,0,0,0,0,0,0,0,0,0,0.0,0.0,0.0,0.0,0.0,0.0,0.0,0.0,0,0,0,0
289,Matt,Crooks,Crooks,a,,,4.5,390,232,0.7,227,78,0.0,76,1,0,0,0,0,0,0,0,0.0,0.0,1.0,,0.0,456,189,,,451,186,440,188,423,182,453,187,,,1.0,,,,,0.0,0.0,0.0,0.0,0.0,0.0,0.0,0.0,0.0,1,0,0,0,0,0,0,0,0,0,0,0,0,0,0,0,0,0,0,0.0,0.0,0.0,0.0,0.0,0.0,0.0,0.0,0,0,0,0
290,Regan,Slater,Slater,a,,,4.5,436,238,2.1,120,37,0.0,122,7,0,0,0,0,0,0,0,0.0,0.0,1.0,,0.0,468,192,,,463,189,455,191,440,185,465,190,6.0,,,,,,,0.0,0.0,0.0,0.0,0.0,0.0,0.0,0.0,0.0,1,0,0,0,0,0,0,0,0,0,0,0,0,0,0,0,0,0,0,0.0,0.0,0.0,0.0,0.0,0.0,0.0,0.0,0,0,0,0
291,Eliot,Matazo,Matazo,i,Knee injury - Unknown return date,,4.5,450,240,0.0,571,252,0.0,136,9,0,0,0,0,0,0,0,0.0,0.0,0.0,,0.0,472,194,0.0,,467,191,460,193,446,187,469,192,,,,,,,,0.0,0.0,0.0,0.0,0.0,0.0,0.0,0.0,0.0,1,0,0,0,0,0,0,0,0,0,0,0,0,0,0,0,0,0,0,0.0,0.0,0.0,0.0,0.0,0.0,0.0,0.0,0,0,0,0
292,Abdülkadir,Ömür,Ömür,a,,,5.0,254,157,0.0,531,222,0.0,233,47,0,0,0,0,0,0,0,0.0,0.0,1.5,,0.0,503,206,,,503,206,499,206,495,205,503,206,,,,,,,,0.0,0.0,0.0,0.0,0.0,0.0,0.0,0.0,0.0,1,0,0,0,0,0,0,0,0,0,0,0,0,0,0,0,0,0,0,0.0,0.0,0.0,0.0,0.0,0.0,0.0,0.0,0,0,0,0
293,Abu,Kamara,Kamara,a,,,5.0,323,189,0.0,505,209,0.0,302,79,0,0,0,0,0,0,0,0.0,0.0,1.5,,0.0,528,220,,,528,220,527,220,523,219,528,220,,,,,,,,0.0,0.0,0.0,0.0,0.0,0.0,0.0,0.0,0.0,1,0,0,0,0,0,0,0,0,0,0,0,0,0,0,0,0,0,0,0.0,0.0,0.0,0.0,0.0,0.0,0.0,0.0,0,0,0,0
294,Óscar,Zambrano,Zambrano,i,Thigh injury - Unknown return date,,4.5,484,247,0.4,291,97,0.0,170,16,0,0,0,0,0,0,0,0.0,0.0,0.0,,0.0,487,198,0.0,,482,195,478,197,468,193,484,196,,,,,,,,0.0,0.0,0.0,0.0,0.0,0.0,0.0,0.0,0.0,1,0,0,0,0,0,0,0,0,0,0,0,0,0,0,0,0,0,0,0.0,0.0,0.0,0.0,0.0,0.0,0.0,0.0,0,0,0,0
295,Oli,McBurnie,McBurnie,a,,,5.5,120,30,1.6,151,26,0.0,370,26,0,0,0,0,0,0,0,0.0,0.0,1.8,,0.0,551,64,,,551,64,551,64,550,64,551,64,,,2.0,,,,,0.0,0.0,0.0,0.0,0.0,0.0,0.0,0.0,0.0,1,0,0,0,0,0,0,0,0,0,0,0,0,0,0,0,0,0,0,0.0,0.0,0.0,0.0,0.0,0.0,0.0,0.0,0,0,0,0
296,David,Akintola,Akintola,a,,,5.0,259,161,0.0,507,211,0.0,238,51,0,0,0,0,0,0,0,0.0,0.0,1.5,,0.0,504,207,,,504,207,500,207,496,206,504,207,,,,,,,,0.0,0.0,0.0,0.0,0.0,0.0,0.0,0.0,0.0,1,0,0,0,0,0,0,0,0,0,0,0,0,0,0,0,0,0,0,0.0,0.0,0.0,0.0,0.0,0.0,0.0,0.0,0,0,0,0
297,Darko,Gyabi,Gyabi,i,Thigh injury - Unknown return date,,4.5,452,241,0.1,404,159,0.0,138,10,0,0,0,0,0,0,0,0.0,0.0,0.0,,0.0,473,195,0.0,,468,192,461,194,447,188,470,193,,,,,,,,0.0,0.0,0.0,0.0,0.0,0.0,0.0,0.0,0.0,1,0,0,0,0,0,0,0,0,0,0,0,0,0,0,0,0,0,0,0.0,0.0,0.0,0.0,0.0,0.0,0.0,0.0,0,0,0,0
298,Enis,Destan,Destan,a,,,4.5,470,60,2.4,113,15,0.0,156,3,0,0,0,0,0,0,0,0.0,0.0,1.0,,0.0,480,49,,,475,47,469,47,457,47,477,48,,,,,,,,0.0,0.0,0.0,0.0,0.0,0.0,0.0,0.0,0.0,1,0,0,0,0,0,0,0,0,0,0,0,0,0,0,0,0,0,0,0.0,0.0,0.0,0.0,0.0,0.0,0.0,0.0,0,0,0,0
299,Mason,Burstow,Burstow,u,Has joined Sheffield Wednesday on loan for the rest of the season,,4.5,477,61,0.5,270,46,0.0,163,4,0,0,0,0,0,0,0,0.0,0.0,0.0,,0.0,482,50,0.0,,477,48,473,48,463,48,479,49,,,,,,,,0.0,0.0,0.0,0.0,0.0,0.0,0.0,0.0,0.0,1,0,0,0,0,0,0,0,0,0,0,0,0,0,0,0,0,0,0,0.0,0.0,0.0,0.0,0.0,0.0,0.0,0.0,0,0,0,0
556,Matt,Targett,Targett,a,,,4.0,527,149,2.8,105,40,0.0,17,8,0,0,0,0,0,0,0,0.0,0.0,1.0,,0.0,412,139,,,406,138,391,137,372,133,408,138,,,,,,,,0.0,0.0,0.0,0.0,0.0,0.0,0.0,0.0,0.0,1,0,0,0,0,0,0,0,0,0,0,0,0,0,0,0,0,0,0,0.0,0.0,0.0,0.0,0.0,0.0,0.0,0.0,0,0,0,0
563,Hidemasa,Morita,Morita,a,,,5.0,297,177,0.1,465,190,0.0,276,67,0,0,0,0,0,0,0,0.0,0.0,1.5,,0.0,518,215,,,518,215,515,215,512,214,518,215,,,,,,,,0.0,0.0,0.0,0.0,0.0,0.0,0.0,0.0,0.0,1,0,0,0,0,0,0,0,0,0,0,0,0,0,0,0,0,0,0,0.0,0.0,0.0,0.0,0.0,0.0,0.0,0.0,0,0,0,0
572,Konstantinos,Tzolakis,Tzolakis,a,,,4.5,456,37,0.2,339,39,0.0,142,38,0,0,0,0,0,0,0,0.0,0.0,1.9,,0.0,475,58,,,470,58,463,49,449,42,472,58,,,,,,,,0.0,0.0,0.0,0.0,0.0,0.0,0.0,0.0,0.0,1,0,0,0,0,0,0,0,0,0,0,0,0,0,0,0,0,0,0,0.0,0.0,0.0,0.0,0.0,0.0,0.0,0.0,0,0,0,0
574,Jens,Hjertø-Dahl,Hjertø-Dahl,a,,,5.0,360,215,0.0,566,248,0.0,339,105,0,0,0,0,0,0,0,0.0,0.0,1.5,,0.0,540,229,,,540,229,540,229,538,229,540,229,,,,,,,,0.0,0.0,0.0,0.0,0.0,0.0,0.0,0.0,0.0,1,0,0,0,0,0,0,0,0,0,0,0,0,0,0,0,0,0,0,0.0,0.0,0.0,0.0,0.0,0.0,0.0,0.0,0,0,0,0
576,Elliot,Stroud,Stroud,a,,,5.0,368,222,0.0,562,245,0.0,347,112,0,0,0,0,0,0,0,0.0,0.0,1.5,,0.0,543,231,,,543,231,543,231,541,231,543,231,,,,,,,,0.0,0.0,0.0,0.0,0.0,0.0,0.0,0.0,0.0,1,0,0,0,0,0,0,0,0,0,0,0,0,0,0,0,0,0,0,0.0,0.0,0.0,0.0,0.0,0.0,0.0,0.0,0,0,0,0
259,Issa,Diop,Diop,a,,,4.0,537,157,18.7,19,6,0.0,27,16,0,0,0,0,0,0,0,0.0,7.8,1.0,,2.4,242,98,,,255,96,345,119,297,100,306,105,,,,,,,,0.09,0.01,0.1,1.38,0.0,0.11,1.44,0.89,6.76,1,0,0,0,0,0,0,0,0,0,0,0,0,0,0,0,0,0,0,0.0,0.0,0.0,0.0,0.0,0.0,0.0,0.0,0,0,0,0
267,Saša,Lukić,Lukić,a,,,5.0,258,160,0.1,440,176,0.0,237,50,0,0,0,0,0,0,0,0.0,13.4,1.5,,2.6,223,86,,,194,83,63,49,176,95,144,76,,,,,,,,0.12,0.1,0.22,1.44,0.0,0.31,1.14,1.04,9.52,1,0,0,0,0,0,0,0,0,0,0,0,0,0,0,0,0,0,0,0.0,0.0,0.0,0.0,0.0,0.0,0.0,0.0,0,0,0,0
300,Christian,Walton,Walton,a,,,4.5,394,25,0.6,247,34,0.0,80,26,0,0,0,0,0,0,0,0.0,0.0,1.9,,0.0,458,52,,,453,52,442,39,425,30,455,52,,,,,,,,0.0,0.0,0.0,0.0,0.0,0.0,0.0,0.0,0.0,1,0,0,0,0,0,0,0,0,0,0,0,0,0,0,0,0,0,0,0.0,0.0,0.0,0.0,0.0,0.0,0.0,0.0,0,0,0,0
301,Alex,Palmer,Palmer,a,,,4.0,520,51,5.8,67,8,0.0,10,7,0,0,0,0,0,0,0,0.0,0.0,1.0,,0.0,408,37,,,402,37,386,20,367,11,404,37,,,,,,,,0.0,0.0,0.0,0.0,0.0,0.0,0.0,0.0,0.0,1,0,0,0,0,0,0,0,0,0,0,0,0,0,0,0,0,0,0,0.0,0.0,0.0,0.0,0.0,0.0,0.0,0.0,0,0,0,0
302,David,Button,Button,a,,,4.0,514,48,0.5,261,35,0.0,4,4,0,0,0,0,0,0,0,0.0,0.0,1.0,,0.0,404,35,,,398,35,381,17,362,8,400,35,,,,,,,,0.0,0.0,0.0,0.0,0.0,0.0,0.0,0.0,0.0,1,0,0,0,0,0,0,0,0,0,0,0,0,0,0,0,0,0,0,0.0,0.0,0.0,0.0,0.0,0.0,0.0,0.0,0,0,0,0
303,Cédric,Kipré,Kipré,a,,,4.0,531,152,0.5,262,98,0.0,21,11,0,0,0,0,0,0,0,0.0,0.0,1.0,,0.0,416,142,,,410,141,395,140,376,136,412,141,,,,,,,,0.0,0.0,0.0,0.0,0.0,0.0,0.0,0.0,0.0,1,0,0,0,0,0,0,0,0,0,0,0,0,0,0,0,0,0,0,0.0,0.0,0.0,0.0,0.0,0.0,0.0,0.0,0,0,0,0
304,Dara,O'Shea,O'Shea,a,,,4.0,536,156,2.2,118,47,0.0,26,15,0,0,0,0,0,0,0,0.0,0.0,1.0,,0.0,421,146,,,415,145,400,144,381,140,417,145,,,,,,,,0.0,0.0,0.0,0.0,0.0,0.0,0.0,0.0,0.0,1,0,0,0,0,0,0,0,0,0,0,0,0,0,0,0,0,0,0,0.0,0.0,0.0,0.0,0.0,0.0,0.0,0.0,0,0,0,0
305,Leif,Davis,Davis,a,,,4.0,550,166,4.6,77,30,0.0,40,25,0,0,0,0,0,0,0,0.0,0.0,1.0,,0.0,434,155,,,428,154,413,153,394,149,430,154,6.0,2.0,,,,,,0.0,0.0,0.0,0.0,0.0,0.0,0.0,0.0,0.0,1,0,0,0,0,0,0,0,0,0,0,0,0,0,0,0,0,0,0,0.0,0.0,0.0,0.0,0.0,0.0,0.0,0.0,0,0,0,0
306,Jacob,Greaves,Greaves,a,,,4.0,548,164,0.6,242,89,0.0,38,23,0,0,0,0,0,0,0,0.0,0.0,1.0,,0.0,432,153,,,426,152,411,151,392,147,428,152,,,,,,,,0.0,0.0,0.0,0.0,0.0,0.0,0.0,0.0,0.0,1,0,0,0,0,0,0,0,0,0,0,0,0,0,0,0,0,0,0,0.0,0.0,0.0,0.0,0.0,0.0,0.0,0.0,0,0,0,0
307,Ben,Johnson,Johnson,a,,,4.0,539,159,0.1,408,139,0.0,29,18,0,0,0,0,0,0,0,0.0,0.0,1.0,,0.0,423,148,,,417,147,402,146,383,142,419,147,,,,,,,,0.0,0.0,0.0,0.0,0.0,0.0,0.0,0.0,0.0,1,0,0,0,0,0,0,0,0,0,0,0,0,0,0,0,0,0,0,0.0,0.0,0.0,0.0,0.0,0.0,0.0,0.0,0,0,0,0
308,Darnell,Furlong,Furlong,a,,,4.0,530,151,0.5,267,101,0.0,20,10,0,0,0,0,0,0,0,0.0,0.0,1.0,,0.0,415,141,,,409,140,394,139,375,135,411,140,,,,,,,,0.0,0.0,0.0,0.0,0.0,0.0,0.0,0.0,0.0,1,0,0,0,0,0,0,0,0,0,0,0,0,0,0,0,0,0,0,0.0,0.0,0.0,0.0,0.0,0.0,0.0,0.0,0,0,0,0
309,Marcelino,Núñez,Núñez,a,,,5.0,333,194,0.2,384,145,0.0,312,84,0,0,0,0,0,0,0,0.0,0.0,1.5,,0.0,531,223,,,531,223,530,223,527,222,531,223,7.0,1.0,,,,,,0.0,0.0,0.0,0.0,0.0,0.0,0.0,0.0,0.0,1,0,0,0,0,0,0,0,0,0,0,0,0,0,0,0,0,0,0,0.0,0.0,0.0,0.0,0.0,0.0,0.0,0.0,0,0,0,0
310,Azor,Matusiwa,Matusiwa,i,Muscular injury - Unknown return date,,5.0,282,170,0.0,532,223,0.0,261,60,0,0,0,0,0,0,0,0.0,0.0,0.0,,0.0,514,212,0.0,,514,212,510,212,507,211,514,212,,,,,,,,0.0,0.0,0.0,0.0,0.0,0.0,0.0,0.0,0.0,1,0,0,0,0,0,0,0,0,0,0,0,0,0,0,0,0,0,0,0.0,0.0,0.0,0.0,0.0,0.0,0.0,0.0,0,0,0,0
311,Wes,Burns,Burns,u,Has joined Leicester City permanently,,5.0,233,141,0.0,504,208,0.0,212,31,0,0,0,0,0,0,0,0.0,0.0,0.0,,0.0,498,201,0.0,,498,201,494,201,488,200,498,201,,,,,,,,0.0,0.0,0.0,0.0,0.0,0.0,0.0,0.0,0.0,1,0,0,0,0,0,0,0,0,0,0,0,0,0,0,0,0,0,0,0.0,0.0,0.0,0.0,0.0,0.0,0.0,0.0,0,0,0,0
312,Jack,Taylor,Taylor,i,Knee injury - Unknown return date,,4.5,430,237,0.2,368,133,0.0,116,6,0,0,0,0,0,0,0,0.0,0.0,0.0,,0.0,465,191,0.0,,460,188,452,190,437,184,462,189,,,,,,,,0.0,0.0,0.0,0.0,0.0,0.0,0.0,0.0,0.0,1,0,0,0,0,0,0,0,0,0,0,0,0,0,0,0,0,0,0,0.0,0.0,0.0,0.0,0.0,0.0,0.0,0.0,0,0,0,0
313,Jack,Clarke,Clarke,a,,,5.5,163,102,0.3,319,110,0.0,413,151,0,0,0,0,0,0,0,0.0,0.0,2.0,,0.0,558,242,,,558,242,558,242,557,242,558,242,8.0,3.0,2.0,,,,,0.0,0.0,0.0,0.0,0.0,0.0,0.0,0.0,0.0,1,0,0,0,0,0,0,0,0,0,0,0,0,0,0,0,0,0,0,0.0,0.0,0.0,0.0,0.0,0.0,0.0,0.0,0,0,0,0
314,Chiedozie,Ogbene,Ogbene,a,,,5.0,274,165,0.0,541,227,0.0,253,55,0,0,0,0,0,0,0,0.0,0.0,1.5,,0.0,509,209,,,509,209,505,209,502,208,509,209,,,,,,,,0.0,0.0,0.0,0.0,0.0,0.0,0.0,0.0,0.0,1,0,0,0,0,0,0,0,0,0,0,0,0,0,0,0,0,0,0,0.0,0.0,0.0,0.0,0.0,0.0,0.0,0.0,0,0,0,0
315,Abdul,Fatawu,Fatawu,a,,,5.5,197,123,0.3,318,109,0.0,447,172,0,0,0,0,0,0,0,0.0,0.0,2.0,,0.0,562,246,,,562,246,562,246,561,246,562,246,,,,,,,,0.0,0.0,0.0,0.0,0.0,0.0,0.0,0.0,0.0,1,0,0,0,0,0,0,0,0,0,0,0,0,0,0,0,0,0,0,0.0,0.0,0.0,0.0,0.0,0.0,0.0,0.0,0,0,0,0
316,Emersonn,Correia da Silva,Emersonn,a,,,5.5,199,43,0.3,306,54,0.0,449,39,0,0,0,0,0,0,0,0.0,0.0,1.8,,0.0,564,66,,,564,66,564,66,563,66,564,66,,,,,,,,0.0,0.0,0.0,0.0,0.0,0.0,0.0,0.0,0.0,1,0,0,0,0,0,0,0,0,0,0,0,0,0,0,0,0,0,0,0.0,0.0,0.0,0.0,0.0,0.0,0.0,0.0,0,0,0,0
317,George,Hirst,Hirst,a,,,5.0,270,49,0.4,276,48,0.0,249,15,0,0,0,0,0,0,0,0.0,0.0,1.4,,0.0,508,57,,,508,57,504,57,501,57,508,57,,,1.0,,,,,0.0,0.0,0.0,0.0,0.0,0.0,0.0,0.0,0.0,1,0,0,0,0,0,0,0,0,0,0,0,0,0,0,0,0,0,0,0.0,0.0,0.0,0.0,0.0,0.0,0.0,0.0,0,0,0,0
318,Jaden,Philogene,Philogene,a,,,5.5,181,110,0.2,366,132,0.0,431,159,0,0,0,0,0,0,0,0.0,0.0,2.0,,0.0,560,244,,,560,244,560,244,559,244,560,244,5.0,,3.0,,,,,0.0,0.0,0.0,0.0,0.0,0.0,0.0,0.0,0.0,1,0,0,0,0,0,0,0,0,0,0,0,0,0,0,0,0,0,0,0.0,0.0,0.0,0.0,0.0,0.0,0.0,0.0,0,0,0,0
319,Sam,Szmodics,Szmodics,a,,,5.0,241,148,0.1,451,183,0.0,220,38,0,0,0,0,0,0,0,0.0,0.0,1.5,,0.0,501,204,,,501,204,497,204,491,203,501,204,,,,,,,,0.0,0.0,0.0,0.0,0.0,0.0,0.0,0.0,0.0,1,0,0,0,0,0,0,0,0,0,0,0,0,0,0,0,0,0,0,0.0,0.0,0.0,0.0,0.0,0.0,0.0,0.0,0,0,0,0
320,Chuba,Akpom,Akpom,a,,,5.0,232,47,0.5,254,44,0.0,211,13,0,0,0,0,0,0,0,0.0,0.0,1.4,,0.0,497,55,,,497,55,493,55,487,55,497,55,,,,,,,,0.0,0.0,0.0,0.0,0.0,0.0,0.0,0.0,0.0,1,0,0,0,0,0,0,0,0,0,0,0,0,0,0,0,0,0,0,0.0,0.0,0.0,0.0,0.0,0.0,0.0,0.0,0,0,0,0
321,Sindre,Walle Egeli,Walle Egeli,a,,,4.5,487,63,2.1,122,18,0.0,173,6,0,0,0,0,0,0,0,0.0,0.0,1.0,,0.0,489,52,,,485,50,481,50,471,50,487,51,,,,,,,,0.0,0.0,0.0,0.0,0.0,0.0,0.0,0.0,0.0,1,0,0,0,0,0,0,0,0,0,0,0,0,0,0,0,0,0,0,0.0,0.0,0.0,0.0,0.0,0.0,0.0,0.0,0,0,0,0
322,Ali,Al-Hamadi,Al-Hamadi,a,,,5.0,304,52,0.2,379,61,0.0,283,18,0,0,0,0,0,0,0,0.0,0.0,1.4,,0.0,521,59,,,521,59,519,59,516,59,521,59,,,,,,,,0.0,0.0,0.0,0.0,0.0,0.0,0.0,0.0,0.0,1,0,0,0,0,0,0,0,0,0,0,0,0,0,0,0,0,0,0,0.0,0.0,0.0,0.0,0.0,0.0,0.0,0.0,0,0,0,0
323,Kasey,McAteer,McAteer,a,,,4.5,449,239,1.5,159,50,0.0,135,8,0,0,0,0,0,0,0,0.0,0.0,1.0,,0.0,471,193,,,466,190,459,192,445,186,468,191,,,,,,,,0.0,0.0,0.0,0.0,0.0,0.0,0.0,0.0,0.0,1,0,0,0,0,0,0,0,0,0,0,0,0,0,0,0,0,0,0,0.0,0.0,0.0,0.0,0.0,0.0,0.0,0.0,0,0,0,0
324,Anis,Mehmeti,Mehmeti,a,,,5.0,278,167,0.1,472,193,0.0,257,57,0,0,0,0,0,0,0,0.0,0.0,1.5,,0.0,512,210,,,512,210,508,210,505,209,512,210,,,,,,,,0.0,0.0,0.0,0.0,0.0,0.0,0.0,0.0,0.0,1,0,0,0,0,0,0,0,0,0,0,0,0,0,0,0,0,0,0,0.0,0.0,0.0,0.0,0.0,0.0,0.0,0.0,0,0,0,0
554,Kayne,van Oevelen,Van Oevelen,a,,,4.5,478,42,0.1,449,53,0.0,164,43,0,0,0,0,0,0,0,0.0,0.0,1.9,,0.0,483,59,,,478,59,474,53,464,47,480,59,,,,,,,,0.0,0.0,0.0,0.0,0.0,0.0,0.0,0.0,0.0,1,0,0,0,0,0,0,0,0,0,0,0,0,0,0,0,0,0,0,0.0,0.0,0.0,0.0,0.0,0.0,0.0,0.0,0,0,0,0
562,Daizen,Maeda,Maeda,a,,,5.5,162,101,0.4,273,88,0.0,412,150,0,0,0,0,0,0,0,0.0,0.0,2.0,,0.0,557,241,,,557,241,557,241,556,241,557,241,,,,,,,,0.0,0.0,0.0,0.0,0.0,0.0,0.0,0.0,0.0,1,0,0,0,0,0,0,0,0,0,0,0,0,0,0,0,0,0,0,0.0,0.0,0.0,0.0,0.0,0.0,0.0,0.0,0,0,0,0
564,Kjell,Scherpen,Scherpen,a,,,4.5,433,33,0.4,296,37,0.0,119,34,0,0,0,0,0,0,0,0.0,0.0,1.9,,0.0,466,56,,,461,56,453,46,438,38,463,56,,,,,,,,0.0,0.0,0.0,0.0,0.0,0.0,0.0,0.0,0.0,1,0,0,0,0,0,0,0,0,0,0,0,0,0,0,0,0,0,0,0.0,0.0,0.0,0.0,0.0,0.0,0.0,0.0,0,0,0,0
571,Florentino Ibrain,Morris Luís,Florentino,a,,,5.0,264,162,0.0,506,210,0.0,243,52,0,0,0,0,0,0,0,0.0,0.0,1.5,,0.0,506,208,,,506,208,502,208,499,207,506,208,,,,,,,,0.0,0.0,0.0,0.0,0.0,0.0,0.0,0.0,0.0,1,0,0,0,0,0,0,0,0,0,0,0,0,0,0,0,0,0,0,0.0,0.0,0.0,0.0,0.0,0.0,0.0,0.0,0,0,0,0
260,Harry,Wilson,Wilson,a,,,6.5,33,21,8.1,56,20,0.0,525,219,0,0,0,0,0,0,0,0.0,25.8,2.3,,4.7,20,9,,,46,12,28,27,31,17,24,20,2.0,,,,,,,0.2,0.16,0.36,1.35,0.0,0.3,1.28,1.08,5.96,1,0,0,0,0,0,0,0,0,0,0,0,0,0,0,0,0,0,0,0.0,0.0,0.0,0.0,0.0,0.0,0.0,0.0,0,0,0,0
326,Lucas Estella,Perri,Perri,a,,,4.5,415,31,0.7,230,31,0.0,101,32,0,0,0,0,0,0,0,0.0,9.6,1.9,,2.7,203,24,,,192,19,448,44,432,36,284,19,,,,,,,,0.0,0.0,0.0,1.67,2.38,0.19,1.81,1.0,0.0,1,0,0,0,0,0,0,0,0,0,0,0,0,0,0,0,0,0,0,0.0,0.0,0.0,0.0,0.0,0.0,0.0,0.0,0,0,0,0
327,Jaka,Bijol,Bijol,a,,,5.0,290,52,0.3,302,112,0.0,269,134,0,0,0,0,0,0,0,0.0,19.8,2.2,,4.0,53,21,,,104,46,248,81,120,21,159,55,,,,,,,,0.04,0.04,0.08,1.5,0.0,0.24,1.24,1.0,10.44,1,0,0,0,0,0,0,0,0,0,0,0,0,0,0,0,0,0,0,0.0,0.0,0.0,0.0,0.0,0.0,0.0,0.0,0,0,0,0
329,Joe,Rodon,Rodon,a,,,4.5,418,94,1.9,134,52,0.0,104,67,0,0,0,0,0,0,0,0.0,24.2,1.7,,3.1,155,62,,,45,18,210,56,122,22,108,30,,,,,,,,0.04,0.02,0.06,1.48,0.0,0.18,1.62,1.01,8.35,1,0,0,0,0,0,0,0,0,0,0,0,0,0,0,0,0,0,0,0.0,0.0,0.0,0.0,0.0,0.0,0.0,0.0,0,0,0,0
330,Jayden,Bogle,Bogle,a,,,4.5,426,101,0.5,271,103,0.0,112,74,0,0,0,0,0,0,0,0.0,21.3,1.7,,2.8,190,78,,,139,57,103,25,141,30,128,37,,,,,,,,0.07,0.1,0.17,1.29,0.0,0.19,1.42,1.03,5.73,1,0,0,0,0,0,0,0,0,0,0,0,0,0,0,0,0,0,0,0.0,0.0,0.0,0.0,0.0,0.0,0.0,0.0,0,0,0,0
331,Gabriel,Gudmundsson,Gudmundsson,i,Hamstring injury - Expected back 30 Aug,,4.5,437,109,0.3,304,113,0.0,123,82,0,0,0,0,0,0,0,0.0,15.1,0.0,,2.1,275,105,0.0,,134,56,93,23,189,51,138,46,,,,,,,,0.04,0.1,0.14,1.4,0.0,0.17,1.54,1.06,6.28,1,0,0,0,0,0,0,0,0,0,0,0,0,0,0,0,0,0,0,0.0,0.0,0.0,0.0,0.0,0.0,0.0,0.0,0,0,0,0
332,James,Justin,Justin,a,,,4.5,421,97,0.5,258,96,0.0,107,70,0,0,0,0,0,0,0,0.0,20.9,1.7,,3.2,140,54,,,124,51,177,43,137,29,151,49,,,,,,,,0.09,0.06,0.15,1.57,0.0,0.29,1.24,1.0,8.7,1,0,0,0,0,0,0,0,0,0,0,0,0,0,0,0,0,0,0,0.0,0.0,0.0,0.0,0.0,0.0,0.0,0.0,0,0,0,0
333,Sebastiaan,Bornauw,Bornauw,a,,,4.5,444,116,0.0,545,183,0.0,130,89,0,0,0,0,0,0,0,0.0,5.6,1.7,,2.1,276,106,,,305,110,352,124,312,110,329,113,,,,,,,,0.04,0.0,0.04,1.83,0.0,0.42,1.05,1.05,10.28,1,0,0,0,0,0,0,0,0,0,0,0,0,0,0,0,0,0,0,0.0,0.0,0.0,0.0,0.0,0.0,0.0,0.0,0,0,0,0
334,Tarik,Muharemović,Muharemović,a,,,5.0,345,69,1.6,155,58,0.0,324,151,0,0,0,0,0,0,0,0.0,0.0,2.2,,0.0,535,185,,,535,185,535,185,532,185,535,185,,,,,,,,0.0,0.0,0.0,0.0,0.0,0.0,0.0,0.0,0.0,1,0,0,0,0,0,0,0,0,0,0,0,0,0,0,0,0,0,0,0.0,0.0,0.0,0.0,0.0,0.0,0.0,0.0,0,0,0,0
335,Anton,Stach,Stach,a,,,6.0,91,58,1.2,186,62,0.0,503,203,0,0,0,0,0,0,0,0.0,22.8,2.1,,4.7,19,8,,,62,18,8,8,90,56,26,21,5.0,1.0,,,,,,0.11,0.17,0.28,1.29,0.0,0.27,1.37,1.06,10.11,1,0,0,0,0,0,0,0,0,0,0,0,0,0,0,0,0,0,0,0.0,0.0,0.0,0.0,0.0,0.0,0.0,0.0,0,0,0,0
336,Noah,Okafor,Okafor,a,,,6.0,79,51,0.7,232,81,0.0,491,196,0,0,0,0,0,0,0,0.0,18.2,2.1,,3.9,67,30,,,135,48,131,89,52,31,96,55,,,,,,,,0.3,0.08,0.38,1.42,0.0,0.35,1.51,1.1,6.55,1,0,0,0,0,0,0,0,0,0,0,0,0,0,0,0,0,0,0,0.0,0.0,0.0,0.0,0.0,0.0,0.0,0.0,0,0,0,0
337,Brenden,Aaronson,Aaronson,a,,,5.5,153,95,0.8,210,72,0.0,403,144,0,0,0,0,0,0,0,0.0,22.9,2.0,,3.4,115,45,,,119,42,51,45,43,26,54,34,,3.0,,,,,,0.17,0.13,0.3,1.36,0.0,0.33,1.18,1.1,7.94,1,0,0,0,0,0,0,0,0,0,0,0,0,0,0,0,0,0,0,0.0,0.0,0.0,0.0,0.0,0.0,0.0,0.0,0,0,0,0
338,Ethan,Ampadu,Ampadu,a,,,5.5,129,80,1.6,156,49,0.0,379,129,0,0,0,0,0,0,0,0.0,24.4,2.0,,3.8,72,32,,,80,26,86,64,181,99,97,56,,,,,,,,0.07,0.06,0.13,1.4,0.0,0.23,1.41,1.01,12.0,1,0,0,0,0,0,0,0,0,0,0,0,0,0,0,0,0,0,0,0.0,0.0,0.0,0.0,0.0,0.0,0.0,0.0,0,0,0,0
339,Sean,Longstaff,Longstaff,a,,,5.0,244,149,0.2,378,141,0.0,223,39,0,0,0,0,0,0,0,0.0,11.2,1.5,,2.4,244,97,,,203,90,74,56,220,120,171,83,6.0,2.0,,,,,,0.11,0.17,0.28,1.42,0.0,0.09,1.79,0.9,9.87,1,0,0,0,0,0,0,0,0,0,0,0,0,0,0,0,0,0,0,0.0,0.0,0.0,0.0,0.0,0.0,0.0,0.0,0,0,0,0
340,Joe,Gelhardt,Gelhardt,a,,,5.0,305,181,0.0,518,215,0.0,284,71,0,0,0,0,0,0,0,0.0,0.0,1.5,,0.0,522,217,,,522,217,520,217,517,216,522,217,,,,,,,,0.0,0.0,0.0,0.0,0.0,0.0,0.0,0.0,0.0,1,0,0,0,0,0,0,0,0,0,0,0,0,0,0,0,0,0,0,0.0,0.0,0.0,0.0,0.0,0.0,0.0,0.0,0,0,0,0
341,Wilfried,Gnonto,Gnonto,a,,,5.0,327,191,0.1,446,180,0.0,306,81,0,0,0,0,0,0,0,0.0,6.4,1.5,,1.4,336,150,,,313,142,218,135,270,145,294,141,,,,,,,,0.07,0.13,0.2,2.07,0.0,0.17,2.42,0.69,10.19,1,0,0,0,0,0,0,0,0,0,0,0,0,0,0,0,0,0,0,0.0,0.0,0.0,0.0,0.0,0.0,0.0,0.0,0,0,0,0
342,Jack,Harrison,Harrison,u,Has joined New England Revolution permanently,,5.0,267,163,0.0,559,242,0.0,246,53,0,0,0,0,0,0,0,0.0,2.4,0.0,,1.1,352,162,0.0,,348,161,285,154,294,153,332,155,,,,,,,,0.1,0.08,0.18,1.31,0.0,0.0,1.72,0.34,8.24,1,0,0,0,0,0,0,0,0,0,0,0,0,0,0,0,0,0,0,0.0,0.0,0.0,0.0,0.0,0.0,0.0,0.0,0,0,0,0
343,Daniel,James,James,a,,,5.0,247,152,0.1,423,169,0.0,226,42,0,0,0,0,0,0,0,0.0,4.6,1.5,,1.2,348,160,,,321,146,214,133,203,113,281,137,,,,,,,,0.15,0.12,0.27,2.37,0.0,0.16,2.63,0.99,5.76,1,0,0,0,0,0,0,0,0,0,0,0,0,0,0,0,0,0,0,0.0,0.0,0.0,0.0,0.0,0.0,0.0,0.0,0,0,0,0
344,Ilia,Gruev,Gruev,a,,,5.0,317,185,0.0,542,228,0.0,296,75,0,0,0,0,0,0,0,0.0,11.2,1.5,,2.4,247,100,,,252,114,186,122,266,142,263,126,,,,,,,,0.03,0.06,0.09,1.73,0.0,0.34,1.57,1.02,7.78,1,0,0,0,0,0,0,0,0,0,0,0,0,0,0,0,0,0,0,0.0,0.0,0.0,0.0,0.0,0.0,0.0,0.0,0,0,0,0
345,Tanaka,Ao,Tanaka,a,,,5.0,285,172,0.3,323,113,0.0,264,62,0,0,0,0,0,0,0,0.0,13.4,1.5,,2.4,246,99,,,236,106,120,83,228,123,214,109,7.0,,,,,,,0.1,0.1,0.2,1.48,0.0,0.21,1.51,0.96,10.12,1,0,0,0,0,0,0,0,0,0,0,0,0,0,0,0,0,0,0,0.0,0.0,0.0,0.0,0.0,0.0,0.0,0.0,0,0,0,0
346,Dominic,Calvert-Lewin,Calvert-Lewin,a,,,6.0,63,16,24.8,9,3,0.0,475,46,0,0,0,0,0,0,0,0.0,23.7,2.0,,4.1,47,6,,,69,5,117,8,5,4,25,5,,,1.0,,,,,0.51,0.04,0.55,1.18,0.0,0.26,1.12,0.99,3.47,1,0,0,0,0,0,0,0,0,0,0,0,0,0,0,0,0,0,0,0.0,0.0,0.0,0.0,0.0,0.0,0.0,0.0,0,0,0,0
347,Lukas,Nmecha,Nmecha,a,,,5.5,123,32,0.6,236,40,0.0,373,28,0,0,0,0,0,0,0,0.0,13.3,1.8,,2.4,250,26,,,207,19,202,22,54,20,152,20,,,2.0,,,,,0.61,0.13,0.74,1.85,0.0,0.25,1.94,0.85,4.82,1,0,0,0,0,0,0,0,0,0,0,0,0,0,0,0,0,0,0,0.0,0.0,0.0,0.0,0.0,0.0,0.0,0.0,0,0,0,0
348,Joël,Piroe,Piroe,a,,,5.0,281,51,0.5,249,42,0.0,260,17,0,0,0,0,0,0,0,0.0,3.4,1.4,,1.1,353,41,,,362,40,300,38,216,37,319,39,,,3.0,,,,,0.33,0.05,0.38,2.51,0.0,0.37,3.32,0.74,5.16,1,0,0,0,0,0,0,0,0,0,0,0,0,0,0,0,0,0,0,0.0,0.0,0.0,0.0,0.0,0.0,0.0,0.0,0,0,0,0
349,Mateo,Joseph Fernández-Regatillo,Mateo Joseph,i,Knee injury - Unknown return date,,4.5,488,64,0.2,347,59,0.0,174,7,0,0,0,0,0,0,0,0.0,0.0,0.0,,0.0,490,53,0.0,,486,51,482,51,472,51,488,52,,,,,,,,0.0,0.0,0.0,0.0,0.0,0.0,0.0,0.0,0.0,1,0,0,0,0,0,0,0,0,0,0,0,0,0,0,0,0,0,0,0.0,0.0,0.0,0.0,0.0,0.0,0.0,0.0,0,0,0,0
385,James,Trafford,Trafford,a,,,5.0,289,13,2.2,119,19,0.0,268,54,0,0,0,0,0,0,0,0.0,2.6,2.6,,3.2,147,20,,,295,23,511,59,508,57,331,23,,,,,,,,0.0,0.0,0.0,1.44,3.5,0.25,1.5,1.0,0.0,1,0,0,0,0,0,0,0,0,0,0,0,0,0,0,0,0,0,0,0.0,0.0,0.0,0.0,0.0,0.0,0.0,0.0,0,0,0,0
350,Alisson,Becker,A.Becker,a,,,5.5,116,3,4.0,84,13,0.0,366,62,0,0,0,0,0,0,0,0.0,16.5,3.3,,3.5,104,11,,,120,18,377,13,549,63,250,18,,,,,,,,0.0,0.0,0.0,1.14,2.19,0.31,1.19,1.0,0.0,1,0,0,0,0,0,0,0,0,0,0,0,0,0,0,0,0,0,0,0.0,0.0,0.0,0.0,0.0,0.0,0.0,0.0,0,0,0,0
351,Giorgi,Mamardashvili,Mamardashvili,a,,,5.0,298,15,0.2,367,42,0.0,277,56,0,0,0,0,0,0,0,0.0,6.8,2.6,,3.4,112,14,,,215,20,516,61,513,59,293,20,,,,,,,,0.0,0.0,0.0,1.38,3.53,0.21,1.87,1.04,0.0,1,0,0,0,0,0,0,0,0,0,0,0,0,0,0,0,0,0,0,0.0,0.0,0.0,0.0,0.0,0.0,0.0,0.0,0,0,0,0
352,Freddie,Woodman,Woodman,a,,,4.0,523,52,1.2,180,26,0.0,13,8,0,0,0,0,0,0,0,0.0,1.5,1.0,,2.0,281,27,,,314,25,388,21,369,12,344,25,,,,,,,,0.0,0.0,0.0,2.02,3.82,0.0,1.7,0.85,0.0,1,0,0,0,0,0,0,0,0,0,0,0,0,0,0,0,0,0,0,0.0,0.0,0.0,0.0,0.0,0.0,0.0,0.0,0,0,0,0
353,Armin,Pecsi,Pecsi,a,,,4.0,572,64,0.1,437,52,0.0,62,20,0,0,0,0,0,0,0,0.0,0.0,1.0,,0.0,451,49,,,446,49,432,33,414,24,448,49,,,,,,,,0.0,0.0,0.0,0.0,0.0,0.0,0.0,0.0,0.0,1,0,0,0,0,0,0,0,0,0,0,0,0,0,0,0,0,0,0,0.0,0.0,0.0,0.0,0.0,0.0,0.0,0.0,0,0,0,0
354,Vitezslav,Jaros,Jaros,i,Knee injury - Unknown return date,,4.0,542,57,0.0,522,64,0.0,32,13,0,0,0,0,0,0,0,0.0,0.0,0.0,,0.0,426,42,0.0,,420,42,405,26,386,17,422,42,,,,,,,,0.0,0.0,0.0,0.0,0.0,0.0,0.0,0.0,0.0,1,0,0,0,0,0,0,0,0,0,0,0,0,0,0,0,0,0,0,0.0,0.0,0.0,0.0,0.0,0.0,0.0,0.0,0,0,0,0
355,Harvey,Davies,Davies,a,,,4.0,552,60,0.1,414,47,0.0,42,16,0,0,0,0,0,0,0,0.0,0.0,1.0,,0.0,436,45,,,430,45,415,29,396,20,432,45,,,,,,,,0.0,0.0,0.0,0.0,0.0,0.0,0.0,0.0,0.0,1,0,0,0,0,0,0,0,0,0,0,0,0,0,0,0,0,0,0,0.0,0.0,0.0,0.0,0.0,0.0,0.0,0.0,0,0,0,0
356,Virgil,van Dijk,Virgil,a,,,6.5,31,2,16.6,23,8,0.0,523,185,0,0,0,0,0,0,0,0.0,26.9,3.1,,4.6,24,9,,,3,1,154,38,44,2,27,1,,,,,,,,0.1,0.04,0.14,1.25,0.0,0.26,1.39,1.0,9.26,1,0,0,0,0,0,0,0,0,0,0,0,0,0,0,0,0,0,0,0.0,0.0,0.0,0.0,0.0,0.0,0.0,0.0,0,0,0,0
357,Jeremie,Frimpong,Frimpong,a,,,5.5,140,15,3.0,102,38,0.0,390,161,0,0,0,0,0,0,0,0.0,11.5,2.5,,3.0,172,72,,,287,103,139,33,166,46,231,72,,,,,,,,0.04,0.14,0.18,1.13,0.0,0.44,1.13,1.05,2.62,1,0,0,0,0,0,0,0,0,0,0,0,0,0,0,0,0,0,0,0.0,0.0,0.0,0.0,0.0,0.0,0.0,0.0,0,0,0,0
358,Milos,Kerkez,Kerkez,a,,,5.5,200,29,5.2,71,27,0.0,450,175,0,0,0,0,0,0,0,0.0,15.5,2.5,,2.5,237,97,,,141,58,69,16,197,54,131,40,,,,,,,,0.06,0.03,0.09,1.2,0.0,0.24,1.48,1.08,5.36,1,0,0,0,0,0,0,0,0,0,0,0,0,0,0,0,0,0,0,0.0,0.0,0.0,0.0,0.0,0.0,0.0,0.0,0,0,0,0
359,Joe,Gomez,Gomez,i,Muscular injury - Unknown return date,,5.0,240,38,0.1,481,163,0.0,219,120,0,0,0,0,0,0,0,0.0,6.6,0.0,,1.6,321,117,0.0,,291,105,259,86,298,101,305,104,,,,,,,,0.04,0.1,0.14,1.41,0.0,0.3,2.12,1.06,6.97,1,0,0,0,0,0,0,0,0,0,0,0,0,0,0,0,0,0,0,0.0,0.0,0.0,0.0,0.0,0.0,0.0,0.0,0,0,0,0
360,Conor,Bradley,Bradley,i,Knee injury - Unknown return date,,5.0,326,66,0.0,564,186,0.0,305,148,0,0,0,0,0,0,0,0.0,8.4,0.0,,2.8,195,83,0.0,,271,100,237,75,268,85,283,94,,,,,,,,0.02,0.08,0.1,1.04,0.0,0.39,1.26,1.16,6.3,1,0,0,0,0,0,0,0,0,0,0,0,0,0,0,0,0,0,0,0.0,0.0,0.0,0.0,0.0,0.0,0.0,0.0,0,0,0,0
361,Wellity,Lucky,Lucky,a,,,4.0,562,174,0.1,405,138,0.0,52,33,0,0,0,0,0,0,0,0.0,0.0,1.0,,0.0,445,162,,,440,162,425,161,406,157,442,162,,,,,,,,0.0,0.0,0.0,0.0,0.0,0.0,0.0,0.0,0.0,1,0,0,0,0,0,0,0,0,0,0,0,0,0,0,0,0,0,0,0.0,0.0,0.0,0.0,0.0,0.0,0.0,0.0,0,0,0,0
362,Jeremy,Jacquet,Jacquet,a,,,5.0,366,71,1.4,171,63,0.0,345,153,0,0,0,0,0,0,0,0.0,0.0,2.2,,0.0,542,186,100.0,,542,186,542,186,540,186,542,186,,,,,,,,0.0,0.0,0.0,0.0,0.0,0.0,0.0,0.0,0.0,1,0,0,0,0,0,0,0,0,0,0,0,0,0,0,0,0,0,0,0.0,0.0,0.0,0.0,0.0,0.0,0.0,0.0,0,0,0,0
363,Giovanni,Leoni,Leoni,i,Knee injury - Unknown return date,,4.0,576,187,0.1,459,154,0.0,66,46,0,0,0,0,0,0,0,0.0,0.0,0.0,,0.0,452,168,0.0,,447,168,433,168,416,166,449,168,,,,,,,,0.0,0.0,0.0,0.0,0.0,0.0,0.0,0.0,0.0,1,0,0,0,0,0,0,0,0,0,0,0,0,0,0,0,0,0,0,0.0,0.0,0.0,0.0,0.0,0.0,0.0,0.0,0,0,0,0
364,Kostas,Tsimikas,Tsimikas,a,,,5.0,260,42,0.1,434,146,0.0,239,124,0,0,0,0,0,0,0,0.0,0.0,2.2,,0.0,505,182,,,505,182,501,182,497,182,505,182,,,,,,,,0.0,0.0,0.0,0.0,0.0,0.0,0.0,0.0,0.0,1,0,0,0,0,0,0,0,0,0,0,0,0,0,0,0,0,0,0,0.0,0.0,0.0,0.0,0.0,0.0,0.0,0.0,0,0,0,0
365,Calvin,Ramsay,Ramsay,a,,,4.0,556,170,0.2,333,120,0.0,46,29,0,0,0,0,0,0,0,0.0,0.0,1.0,,0.0,440,159,,,434,158,419,157,400,153,436,158,,,,,,,,0.0,0.0,0.0,0.0,0.0,0.0,0.0,0.0,0.0,1,0,0,0,0,0,0,0,0,0,0,0,0,0,0,0,0,0,0,0.0,0.0,0.0,0.0,0.0,0.0,0.0,0.0,0,0,0,0
366,Florian,Wirtz,Wirtz,a,,,7.5,20,12,14.1,29,8,0.0,563,248,0,0,0,0,0,0,0,0.0,16.7,2.6,,3.8,75,34,,,107,35,10,10,25,12,16,12,6.0,2.0,4.0,,,,,0.26,0.19,0.45,1.29,0.0,0.38,1.21,1.02,6.67,1,0,0,0,0,0,0,0,0,0,0,0,0,0,0,0,0,0,0,0.0,0.0,0.0,0.0,0.0,0.0,0.0,0.0,0,0,0,0
367,Cody,Gakpo,Gakpo,a,,,7.0,26,17,3.4,94,32,0.0,551,241,0,0,0,0,0,0,0,0.0,18.7,2.5,,3.6,96,41,,,97,29,23,22,10,5,18,14,5.0,,3.0,,,,,0.27,0.15,0.42,1.15,0.0,0.33,1.28,1.05,5.0,1,0,0,0,0,0,0,0,0,0,0,0,0,0,0,0,0,0,0,0.0,0.0,0.0,0.0,0.0,0.0,0.0,0.0,0,0,0,0
368,Dominik,Szoboszlai,Szoboszlai,a,,,7.0,27,18,44.4,4,2,0.0,552,242,0,0,0,0,0,0,0,0.0,22.9,2.5,,4.4,35,14,,,18,5,2,2,58,34,4,3,4.0,1.0,2.0,,,,,0.13,0.19,0.32,1.27,0.0,0.25,1.45,1.0,9.41,1,0,0,0,0,0,0,0,0,0,0,0,0,0,0,0,0,0,0,0.0,0.0,0.0,0.0,0.0,0.0,0.0,0.0,0,0,0,0
369,Rio,Ngumoha,Ngumoha,a,,,6.0,109,71,1.5,162,52,0.0,521,216,0,0,0,0,0,0,0,0.0,7.2,2.1,,2.3,261,109,,,260,118,151,102,152,83,222,112,,,,,,,,0.22,0.33,0.55,1.47,0.0,0.33,1.97,0.82,4.94,1,0,0,0,0,0,0,0,0,0,0,0,0,0,0,0,0,0,0,0.0,0.0,0.0,0.0,0.0,0.0,0.0,0.0,0,0,0,0
370,Federico,Chiesa,Chiesa,a,,,5.5,142,88,0.2,358,131,0.0,392,137,0,0,0,0,0,0,0,0.0,6.7,2.0,,1.4,340,154,,,292,135,287,155,172,91,278,136,,,,,,,,0.41,0.17,0.58,1.85,0.0,0.0,2.56,0.28,8.52,1,0,0,0,0,0,0,0,0,0,0,0,0,0,0,0,0,0,0,0.0,0.0,0.0,0.0,0.0,0.0,0.0,0.0,0,0,0,0
371,Ryan,Gravenberch,Gravenberch,a,,,6.0,83,53,2.0,131,41,0.0,495,198,0,0,0,0,0,0,0,0.0,24.0,2.1,,4.0,59,26,,,50,13,50,44,140,80,58,37,,,,,,,,0.06,0.07,0.13,1.16,0.0,0.27,1.26,1.02,8.97,1,0,0,0,0,0,0,0,0,0,0,0,0,0,0,0,0,0,0,0.0,0.0,0.0,0.0,0.0,0.0,0.0,0.0,0,0,0,0
372,Alexis,Mac Allister,Mac Allister,a,,,5.5,148,92,1.9,135,42,0.0,398,141,0,0,0,0,0,0,0,0.0,19.6,2.0,,2.9,184,69,,,123,44,40,37,73,44,59,38,,,5.0,,,,,0.13,0.06,0.19,1.25,0.0,0.24,1.39,1.05,7.77,1,0,0,0,0,0,0,0,0,0,0,0,0,0,0,0,0,0,0,0.0,0.0,0.0,0.0,0.0,0.0,0.0,0.0,0,0,0,0
373,Curtis,Jones,C.Jones,a,,,5.5,135,83,0.2,390,149,0.0,385,132,0,0,0,0,0,0,0,0.0,14.7,2.0,,2.4,251,103,,,149,57,72,54,134,77,119,67,,,,,,,,0.1,0.13,0.23,1.47,0.0,0.14,1.73,0.84,11.09,1,0,0,0,0,0,0,0,0,0,0,0,0,0,0,0,0,0,0,0.0,0.0,0.0,0.0,0.0,0.0,0.0,0.0,0,0,0,0
374,Endo,Wataru,Endo,a,,,5.0,238,146,0.0,561,244,0.0,217,36,0,0,0,0,0,0,0,0.0,2.4,1.5,,1.5,330,146,100.0,,333,149,325,166,335,170,346,163,,,,,,,,0.02,0.03,0.05,2.18,0.0,0.53,2.65,0.53,12.18,1,0,0,0,0,0,0,0,0,0,0,0,0,0,0,0,0,0,0,0.0,0.0,0.0,0.0,0.0,0.0,0.0,0.0,0,0,0,0
375,Trey,Nyoni,Nyoni,a,,,5.0,365,220,0.1,478,197,0.0,344,110,0,0,0,0,0,0,0,0.0,1.2,1.5,,1.0,383,179,,,378,175,333,169,344,176,372,172,,,,,,,,1.59,0.09,1.68,3.64,0.0,0.0,4.29,0.0,21.43,1,0,0,0,0,0,0,0,0,0,0,0,0,0,0,0,0,0,0,0.0,0.0,0.0,0.0,0.0,0.0,0.0,0.0,0,0,0,0
376,Stefan,Bajčetić Maquieira,Bajcetic,i,Hamstring injury - Expected back 23 Aug,,5.0,349,206,0.0,575,255,0.0,328,96,0,0,0,0,0,0,0,0.0,0.0,0.0,,0.0,536,226,0.0,,536,226,536,226,533,225,536,226,,,,,,,,0.0,0.0,0.0,0.0,0.0,0.0,0.0,0.0,0.0,1,0,0,0,0,0,0,0,0,0,0,0,0,0,0,0,0,0,0,0.0,0.0,0.0,0.0,0.0,0.0,0.0,0.0,0,0,0,0
377,Victor,Munoz,Munoz,a,,,6.5,54,38,0.8,212,73,0.0,546,236,0,0,0,0,0,0,0,0.0,0.0,2.3,,0.0,576,255,,,576,255,576,255,576,255,576,255,,,,,,,,0.0,0.0,0.0,0.0,0.0,0.0,0.0,0.0,0.0,1,0,0,0,0,0,0,0,0,0,0,0,0,0,0,0,0,0,0,0.0,0.0,0.0,0.0,0.0,0.0,0.0,0.0,0,0,0,0
378,James,McConnell,McConnell,a,,,4.5,464,243,0.2,342,123,0.0,150,12,0,0,0,0,0,0,0,0.0,0.0,1.0,,0.0,476,196,,,471,193,465,195,452,189,473,194,,,,,,,,0.0,0.0,0.0,0.0,0.0,0.0,0.0,0.0,0.0,1,0,0,0,0,0,0,0,0,0,0,0,0,0,0,0,0,0,0,0.0,0.0,0.0,0.0,0.0,0.0,0.0,0.0,0,0,0,0
379,Alexander,Isak,Isak,a,,,9.0,5,2,12.9,32,7,0.0,573,68,0,0,0,0,0,0,0,0.0,4.6,2.7,,2.9,188,18,,,277,28,299,37,162,33,273,34,,,1.0,,,,,0.34,0.01,0.35,1.09,0.0,0.13,1.17,1.04,3.89,1,0,0,0,0,0,0,0,0,0,0,0,0,0,0,0,0,0,0,0.0,0.0,0.0,0.0,0.0,0.0,0.0,0.0,0,0,0,0
380,Hugo,Ekitiké,Ekitiké,i,Achilles injury - Unknown return date,,7.5,21,8,0.2,338,58,0.0,564,65,0,0,0,0,0,0,0,0.0,16.7,0.0,,4.5,28,4,0.0,,109,10,121,10,21,12,47,9,,,,,,,,0.51,0.12,0.63,1.31,0.0,0.35,1.25,1.05,4.26,1,0,0,0,0,0,0,0,0,0,0,0,0,0,0,0,0,0,0,0.0,0.0,0.0,0.0,0.0,0.0,0.0,0.0,0,0,0,0
381,Lewis,Koumas,Koumas,a,,,5.0,343,201,0.0,547,232,0.0,322,91,0,0,0,0,0,0,0,0.0,0.0,1.5,,0.0,534,225,,,534,225,534,225,531,224,534,225,,,,,,,,0.0,0.0,0.0,0.0,0.0,0.0,0.0,0.0,0.0,1,0,0,0,0,0,0,0,0,0,0,0,0,0,0,0,0,0,0,0.0,0.0,0.0,0.0,0.0,0.0,0.0,0.0,0,0,0,0
382,Jayden,Danns,Danns,i,Unspecified injury - Unknown return date,,4.5,468,59,0.0,502,66,0.0,154,2,0,0,0,0,0,0,0,0.0,0.0,0.0,,0.0,479,48,0.0,,474,46,468,46,456,46,476,47,,,,,,,,0.0,0.0,0.0,0.0,0.0,0.0,0.0,0.0,0.0,1,0,0,0,0,0,0,0,0,0,0,0,0,0,0,0,0,0,0,0.0,0.0,0.0,0.0,0.0,0.0,0.0,0.0,0,0,0,0
383,Harvey,Elliott,Elliott,a,,,5.5,164,103,0.1,427,171,0.0,414,152,0,0,0,0,0,0,0,0.0,0.9,2.0,,1.0,387,183,,,368,168,309,162,299,155,352,165,,,,,,,,0.24,0.07,0.31,1.42,0.0,0.0,1.64,0.82,4.91,1,0,0,0,0,0,0,0,0,0,0,0,0,0,0,0,0,0,0,0.0,0.0,0.0,0.0,0.0,0.0,0.0,0.0,0,0,0,0
238,Jack,Grealish,Grealish,d,Foot injury - 75% chance of playing,,6.5,32,20,0.1,396,154,0.0,524,218,0,0,0,0,0,0,0,0.0,12.2,1.7,,4.0,60,27,75.0,,162,64,46,42,68,41,75,46,,,,,,,,0.11,0.19,0.3,1.43,0.0,0.39,1.27,1.0,7.47,1,0,0,0,0,0,0,0,0,0,0,0,0,0,0,0,0,0,0,0.0,0.0,0.0,0.0,0.0,0.0,0.0,0.0,0,0,0,0
384,Gianluigi,Donnarumma,Donnarumma,a,,,5.5,133,4,11.0,43,6,0.0,383,63,0,0,0,0,0,0,0,0.0,24.5,3.3,,4.0,55,4,,,56,14,338,7,358,4,204,14,,,,,,,,0.0,0.0,0.0,1.13,2.29,0.44,0.85,1.0,0.0,1,0,0,0,0,0,0,0,0,0,0,0,0,0,0,0,0,0,0,0.0,0.0,0.0,0.0,0.0,0.0,0.0,0.0,0,0,0,0
386,Marcus,Bettinelli,Bettinelli,a,,,4.5,398,28,0.0,511,63,0.0,84,29,0,0,0,0,0,0,0,0.0,0.0,1.9,,0.0,460,54,,,455,54,445,42,428,33,457,54,,,,,,,,0.0,0.0,0.0,0.0,0.0,0.0,0.0,0.0,0.0,1,0,0,0,0,0,0,0,0,0,0,0,0,0,0,0,0,0,0,0.0,0.0,0.0,0.0,0.0,0.0,0.0,0.0,0,0,0,0
387,Nico,O'Reilly,O'Reilly,a,,,6.5,49,4,22.3,15,5,0.0,541,187,0,0,0,0,0,0,0,0.0,24.6,3.1,,4.7,22,7,,,61,26,70,17,36,1,40,6,,,,,,,,0.21,0.09,0.3,1.19,0.0,0.48,0.85,0.99,5.86,1,0,0,0,0,0,0,0,0,0,0,0,0,0,0,0,0,0,0,0.0,0.0,0.0,0.0,0.0,0.0,0.0,0.0,0,0,0,0
388,Marc,Guéhi,Guéhi,a,,,6.0,69,6,23.1,12,4,0.0,481,180,0,0,0,0,0,0,0,0.0,29.8,2.8,,5.1,8,2,,,13,5,125,29,65,6,44,8,,,,,,,,0.12,0.07,0.19,1.27,0.0,0.4,1.0,1.0,7.94,1,0,0,0,0,0,0,0,0,0,0,0,0,0,0,0,0,0,0,0.0,0.0,0.0,0.0,0.0,0.0,0.0,0.0,0,0,0,0
389,Matheus,Nunes,Matheus N.,a,,,6.0,90,10,4.7,76,29,0.0,502,184,0,0,0,0,0,0,0,0.0,25.7,2.8,,4.5,26,10,,,48,20,42,4,205,55,66,12,,,5.0,,,,,0.01,0.07,0.08,1.1,0.0,0.38,0.88,1.01,6.13,1,0,0,0,0,0,0,0,0,0,0,0,0,0,0,0,0,0,0,0.0,0.0,0.0,0.0,0.0,0.0,0.0,0.0,0,0,0,0
390,Rúben,dos Santos Gato Alves Dias,Rúben,a,,,5.5,121,11,1.6,158,60,0.0,371,157,0,0,0,0,0,0,0,0.0,20.5,2.5,,4.3,38,14,,,89,38,205,53,237,73,172,60,,,,,,,,0.02,0.03,0.05,1.1,0.0,0.5,0.93,1.01,7.03,1,0,0,0,0,0,0,0,0,0,0,0,0,0,0,0,0,0,0,0.0,0.0,0.0,0.0,0.0,0.0,0.0,0.0,0,0,0,0
391,Joško,Gvardiol,Gvardiol,a,,,5.5,178,25,13.4,30,12,0.0,428,171,0,0,0,0,0,0,0,0.0,14.4,2.5,,4.4,31,11,,,165,69,232,71,143,32,200,67,,,,,,,,0.15,0.05,0.2,1.05,0.0,0.39,0.85,1.05,6.77,1,0,0,0,0,0,0,0,0,0,0,0,0,0,0,0,0,0,0,0.0,0.0,0.0,0.0,0.0,0.0,0.0,0.0,0,0,0,0
392,Rayan,Aït-Nouri,Aït-Nouri,a,,,5.5,167,22,1.2,184,67,0.0,417,168,0,0,0,0,0,0,0,0.0,10.9,2.5,,3.5,106,44,,,254,95,153,37,244,75,244,78,,,,,,,,0.05,0.19,0.24,1.14,0.0,0.46,0.74,1.11,6.21,1,0,0,0,0,0,0,0,0,0,0,0,0,0,0,0,0,0,0,0.0,0.0,0.0,0.0,0.0,0.0,0.0,0.0,0,0,0,0
393,Abdukodir,Khusanov,Khusanov,a,,,5.5,211,31,2.0,132,50,0.0,461,177,0,0,0,0,0,0,0,0.0,12.2,2.5,,3.2,151,60,,,202,76,230,69,305,105,261,86,,,,,,,,0.04,0.08,0.12,1.32,0.0,0.38,0.82,0.95,7.76,1,0,0,0,0,0,0,0,0,0,0,0,0,0,0,0,0,0,0,0.0,0.0,0.0,0.0,0.0,0.0,0.0,0.0,0,0,0,0
394,Max,Alleyne,Alleyne,a,,,5.0,328,67,0.0,514,173,0.0,307,149,0,0,0,0,0,0,0,0.0,1.0,2.2,,2.5,232,96,,,345,120,330,116,304,104,349,119,,,,,,,,0.17,0.04,0.21,1.03,0.0,0.0,0.67,1.33,7.33,1,0,0,0,0,0,0,0,0,0,0,0,0,0,0,0,0,0,0,0.0,0.0,0.0,0.0,0.0,0.0,0.0,0.0,0,0,0,0
395,Rico,Lewis,Lewis,a,,,4.5,457,122,0.2,343,123,0.0,143,95,0,0,0,0,0,0,0,0.0,4.2,1.7,,1.7,312,115,,,320,114,229,68,274,88,304,103,,,,,,,,0.04,0.31,0.35,1.53,0.0,0.22,1.57,0.9,4.26,1,0,0,0,0,0,0,0,0,0,0,0,0,0,0,0,0,0,0,0.0,0.0,0.0,0.0,0.0,0.0,0.0,0.0,0,0,0,0
396,Vitor,de Oliveira Nunes dos Reis,Vitor Reis,a,,,4.5,504,140,0.0,534,179,0.0,190,113,0,0,0,0,0,0,0,0.0,0.0,1.7,,0.0,493,180,,,492,180,487,180,478,180,492,180,,,,,,,,0.0,0.0,0.0,0.0,0.0,0.0,0.0,0.0,0.0,1,0,0,0,0,0,0,0,0,0,0,0,0,0,0,0,0,0,0,0.0,0.0,0.0,0.0,0.0,0.0,0.0,0.0,0,0,0,0
397,Antoine,Semenyo,Semenyo,a,,,8.5,6,4,25.8,8,4,0.0,572,253,0,0,0,0,0,0,0,0.0,23.8,2.9,,5.5,5,2,,,10,2,32,31,4,1,5,4,,,3.0,,,,,0.31,0.09,0.4,1.34,0.0,0.34,1.46,1.04,6.64,1,0,0,0,0,0,0,0,0,0,0,0,0,0,0,0,0,0,0,0.0,0.0,0.0,0.0,0.0,0.0,0.0,0.0,0,0,0,0
398,Phil,Foden,Foden,a,,,7.0,25,16,6.7,63,22,0.0,550,240,0,0,0,0,0,0,0,0.0,18.7,2.5,,4.0,61,28,,,81,27,9,9,40,24,23,19,5.0,3.0,,,,,,0.26,0.21,0.47,1.19,0.0,0.48,0.82,1.0,6.93,1,0,0,0,0,0,0,0,0,0,0,0,0,0,0,0,0,0,0,0.0,0.0,0.0,0.0,0.0,0.0,0.0,0.0,0,0,0,0
399,Rayan,Cherki,Cherki,a,,,7.5,18,11,9.0,50,18,0.0,561,247,0,0,0,0,0,0,0,0.0,18.0,2.6,,4.1,49,23,,,73,23,5,5,34,20,13,10,6.0,1.0,,,,,,0.22,0.45,0.67,1.28,0.0,0.41,0.91,0.97,6.86,1,0,0,0,0,0,0,0,0,0,0,0,0,0,0,0,0,0,0,0.0,0.0,0.0,0.0,0.0,0.0,0.0,0.0,0,0,0,0
400,Jérémy,Doku,Doku,a,,,7.5,17,10,6.4,65,23,0.0,560,246,0,0,0,0,0,0,0,0.0,16.0,2.6,,4.0,62,29,,,98,30,13,12,27,13,21,17,,,4.0,,,,,0.15,0.3,0.45,1.18,0.0,0.41,0.91,0.96,6.4,1,0,0,0,0,0,0,0,0,0,0,0,0,0,0,0,0,0,0,0.0,0.0,0.0,0.0,0.0,0.0,0.0,0.0,0,0,0,0
401,Omar,Marmoush,Marmoush,a,,,7.0,28,9,0.8,213,35,0.0,553,60,0,0,0,0,0,0,0,0.0,8.0,2.2,,2.7,216,23,,,250,24,195,20,106,26,211,22,,2.0,2.0,,,,,0.36,0.1,0.46,1.03,0.0,0.52,0.65,1.04,5.08,1,0,0,0,0,0,0,0,0,0,0,0,0,0,0,0,0,0,0,0.0,0.0,0.0,0.0,0.0,0.0,0.0,0.0,0,0,0,0
402,Rodrigo 'Rodri',Hernandez Cascante,Rodrigo,i,Back injury - Unknown return date,,6.5,38,26,0.1,454,186,0.0,530,224,0,0,0,0,0,0,0,0.0,10.6,0.0,,3.3,136,56,0.0,,170,68,67,52,214,118,150,78,,,,,,,,0.07,0.15,0.22,1.24,0.0,0.3,0.89,1.01,12.28,1,0,0,0,0,0,0,0,0,0,0,0,0,0,0,0,0,0,0,0.0,0.0,0.0,0.0,0.0,0.0,0.0,0.0,0,0,0,0
403,Sávio,Moreira de Oliveira,Savinho,a,,,6.5,51,36,0.1,416,166,0.0,543,234,0,0,0,0,0,0,0,0.0,6.6,2.3,,1.8,310,135,,,286,132,171,113,88,55,209,106,,,,,,,,0.28,0.18,0.46,1.24,0.0,0.33,0.77,0.77,6.5,1,0,0,0,0,0,0,0,0,0,0,0,0,0,0,0,0,0,0,0.0,0.0,0.0,0.0,0.0,0.0,0.0,0.0,0,0,0,0
404,Tijjani,Reijnders,Reijnders,a,,,6.0,78,50,0.4,286,94,0.0,490,195,0,0,0,0,0,0,0,0.0,15.3,2.1,,3.3,134,55,,,178,74,102,74,51,30,105,61,7.0,4.0,,,,,,0.26,0.13,0.39,1.04,0.0,0.39,1.0,1.05,5.55,1,0,0,0,0,0,0,0,0,0,0,0,0,0,0,0,0,0,0,0.0,0.0,0.0,0.0,0.0,0.0,0.0,0.0,0,0,0,0
405,Nico,González Iglesias,N.Gonzalez,a,,,5.5,174,106,0.1,421,168,0.0,424,155,0,0,0,0,0,0,0,0.0,11.5,2.0,,2.5,236,92,,,197,86,147,99,259,137,219,110,,,,,,,,0.04,0.06,0.1,1.17,0.0,0.4,1.04,0.98,11.88,1,0,0,0,0,0,0,0,0,0,0,0,0,0,0,0,0,0,0,0.0,0.0,0.0,0.0,0.0,0.0,0.0,0.0,0,0,0,0
406,Mateo,Kovačić,Kovačić,a,,,5.5,114,75,0.0,501,207,0.0,364,124,0,0,0,0,0,0,0,0.0,1.6,2.0,,1.5,331,147,,,335,151,270,149,345,177,333,156,,,,,,,,0.09,0.3,0.39,2.88,0.0,0.0,2.16,0.72,12.96,1,0,0,0,0,0,0,0,0,0,0,0,0,0,0,0,0,0,0,0.0,0.0,0.0,0.0,0.0,0.0,0.0,0.0,0,0,0,0
407,Claudio,Echeverri,Echeverri,a,,,5.0,362,217,0.0,548,233,0.0,341,107,0,0,0,0,0,0,0,0.0,0.0,1.5,,0.0,541,230,,,541,230,541,230,539,230,541,230,,,,,,,,0.0,0.0,0.0,0.0,0.0,0.0,0.0,0.0,0.0,1,0,0,0,0,0,0,0,0,0,0,0,0,0,0,0,0,0,0,0.0,0.0,0.0,0.0,0.0,0.0,0.0,0.0,0,0,0,0
408,Kalvin,Phillips,Phillips,a,,,5.0,235,143,0.0,526,219,0.0,214,33,0,0,0,0,0,0,0,0.0,0.0,1.5,,0.0,499,202,,,499,202,495,202,489,201,499,202,,,,,,,,0.0,0.0,0.0,0.0,0.0,0.0,0.0,0.0,0.0,1,0,0,0,0,0,0,0,0,0,0,0,0,0,0,0,0,0,0,0.0,0.0,0.0,0.0,0.0,0.0,0.0,0.0,0,0,0,0
409,Divine,Mukasa,Mukasa,a,,,4.5,497,251,0.1,395,153,0.0,183,20,0,0,0,0,0,0,0,0.0,0.4,1.0,,1.0,372,170,,,377,174,313,163,341,173,364,170,,,,,,,,0.0,0.76,0.76,1.22,0.0,0.0,0.0,0.0,3.6,1,0,0,0,0,0,0,0,0,0,0,0,0,0,0,0,0,0,0,0.0,0.0,0.0,0.0,0.0,0.0,0.0,0.0,0,0,0,0
410,Jeremy,Monga,Monga,a,,,5.0,375,227,0.0,543,229,0.0,354,117,0,0,0,0,0,0,0,0.0,0.0,1.5,,0.0,547,234,,,547,234,547,234,545,234,547,234,,,,,,,,0.0,0.0,0.0,0.0,0.0,0.0,0.0,0.0,0.0,1,0,0,0,0,0,0,0,0,0,0,0,0,0,0,0,0,0,0,0.0,0.0,0.0,0.0,0.0,0.0,0.0,0.0,0,0,0,0
411,Erling,Haaland,Haaland,a,,,15.5,1,1,73.8,1,1,0.0,577,69,0,0,0,0,0,0,0,0.0,15.4,4.0,,6.8,2,1,,,2,1,111,6,1,1,2,1,,,1.0,,,,,0.78,0.08,0.86,1.18,0.0,0.4,0.98,1.04,3.17,1,0,0,0,0,0,0,0,0,0,0,0,0,0,0,0,0,0,0,0.0,0.0,0.0,0.0,0.0,0.0,0.0,0.0,0,0,0,0
481,Elliot,Anderson,Anderson,a,,,6.5,36,24,11.6,37,11,0.0,528,222,0,0,0,0,0,0,0,0.0,27.7,2.3,,4.7,21,10,,,11,3,6,6,95,60,12,9,3.0,,,,,,,0.08,0.13,0.21,1.45,0.0,0.27,1.35,1.0,13.91,1,0,0,0,0,0,0,0,0,0,0,0,0,0,0,0,0,0,0,0.0,0.0,0.0,0.0,0.0,0.0,0.0,0.0,0,0,0,0
43,Youri,Tielemans,Tielemans,a,,,6.0,62,41,1.3,177,59,0.0,474,186,0,0,0,0,0,0,0,0.0,11.3,2.1,,2.7,215,84,100.0,,143,54,48,43,170,89,102,59,,,3.0,,,,,0.06,0.16,0.22,1.52,0.0,0.19,1.31,1.02,9.84,1,0,0,0,0,0,0,0,0,0,0,0,0,0,0,0,0,0,0,0.0,0.0,0.0,0.0,0.0,0.0,0.0,0.0,0,0,0,0
162,Andrey,Nascimento dos Santos,Andrey Santos,a,,,5.0,346,203,1.4,172,57,0.0,325,93,0,0,0,0,0,0,0,0.0,9.4,1.5,,1.7,316,139,,,233,103,200,128,241,129,251,124,,,,,,,,0.14,0.06,0.2,1.36,0.0,0.07,1.3,0.94,9.31,1,0,0,0,0,0,0,0,0,0,0,0,0,0,0,0,0,0,0,0.0,0.0,0.0,0.0,0.0,0.0,0.0,0.0,0,0,0,0
325,Karl,Darlow,Darlow,d,Unspecified injury - 75% chance of playing,,4.5,383,20,0.0,500,61,0.0,69,21,0,0,0,0,0,0,0,0.0,15.8,1.5,,3.2,137,17,75.0,,105,17,435,34,418,25,238,17,,,,,,,,0.0,0.0,0.0,1.29,2.86,0.23,1.23,1.0,0.0,1,0,0,0,0,0,0,0,0,0,0,0,0,0,0,0,0,0,0,0.0,0.0,0.0,0.0,0.0,0.0,0.0,0.0,0,0,0,0
412,Senne,Lammens,Lammens,a,,,5.0,306,16,19.9,17,3,0.0,285,57,0,0,0,0,0,0,0,0.0,21.8,2.6,,3.4,113,15,,,66,15,521,62,355,2,213,15,,,,,,,,0.0,0.0,0.0,1.23,2.47,0.25,1.22,1.0,0.0,1,0,0,0,0,0,0,0,0,0,0,0,0,0,0,0,0,0,0,0.0,0.0,0.0,0.0,0.0,0.0,0.0,0.0,0,0,0,0
413,Altay,Bayındır,Bayindir,u,Has joined Celta Vigo on loan for the rest of the season,,4.5,446,34,0.1,393,44,0.0,132,35,0,0,0,0,0,0,0,0.0,2.4,0.0,,1.8,300,29,0.0,,294,22,340,9,442,39,326,22,,,,,,,,0.0,0.01,0.01,1.54,2.17,0.0,1.83,1.0,0.0,1,0,0,0,0,0,0,0,0,0,0,0,0,0,0,0,0,0,0,0.0,0.0,0.0,0.0,0.0,0.0,0.0,0.0,0,0,0,0
414,Tom,Heaton,Heaton,a,,,4.0,511,45,0.3,321,38,0.0,1,1,0,0,0,0,0,0,0,0.0,0.0,1.0,,0.0,401,32,,,395,32,378,14,359,5,397,32,,,,,,,,0.0,0.0,0.0,0.0,0.0,0.0,0.0,0.0,0.0,1,0,0,0,0,0,0,0,0,0,0,0,0,0,0,0,0,0,0,0.0,0.0,0.0,0.0,0.0,0.0,0.0,0.0,0,0,0,0
415,Patrick,Dorgu,Dorgu,a,,,6.0,107,69,1.6,150,47,0.0,519,214,0,0,0,0,0,0,0,0.0,15.8,2.1,,3.7,82,36,,,125,45,80,59,80,49,89,52,,,,,,,,0.15,0.12,0.27,1.23,0.0,0.25,1.25,0.94,6.12,1,0,0,0,0,0,0,0,0,0,0,0,0,0,0,0,0,0,0,0.0,0.0,0.0,0.0,0.0,0.0,0.0,0.0,0,0,0,0
416,Matthijs,de Ligt,De Ligt,i,Back injury - Unknown return date,,5.0,255,41,0.0,524,176,0.0,234,123,0,0,0,0,0,0,0,0.0,8.6,0.0,,3.3,127,49,0.0,,214,82,275,93,213,60,259,84,,,,,,,,0.11,0.06,0.17,1.44,0.0,0.08,1.54,1.0,8.23,1,0,0,0,0,0,0,0,0,0,0,0,0,0,0,0,0,0,0,0.0,0.0,0.0,0.0,0.0,0.0,0.0,0.0,0,0,0,0
417,Diogo,Dalot Teixeira,Dalot,a,,,5.0,263,44,3.1,100,37,0.0,242,126,0,0,0,0,0,0,0,0.0,22.2,2.2,,3.3,128,50,,,102,45,57,10,153,38,90,24,,,,,,,,0.07,0.09,0.16,1.26,0.0,0.24,1.38,1.0,6.21,1,0,0,0,0,0,0,0,0,0,0,0,0,0,0,0,0,0,0,0.0,0.0,0.0,0.0,0.0,0.0,0.0,0.0,0,0,0,0
418,Harry,Maguire,Maguire,a,,,5.0,223,34,9.3,49,18,0.0,202,116,0,0,0,0,0,0,0,0.0,18.0,2.2,,3.9,63,24,,,158,64,273,92,169,48,215,69,,,,,,,,0.06,0.03,0.09,1.25,0.0,0.38,1.09,1.04,8.24,1,0,0,0,0,0,0,0,0,0,0,0,0,0,0,0,0,0,0,0.0,0.0,0.0,0.0,0.0,0.0,0.0,0.0,0,0,0,0
419,Lisandro,Martínez,Martinez,d,Thigh injury - 75% chance of playing,,5.0,269,47,0.5,257,95,0.0,248,129,0,0,0,0,0,0,0,0.0,10.2,1.6,,2.8,193,81,75.0,,201,75,241,78,313,111,264,88,,,,,,,,0.01,0.04,0.05,1.11,0.0,0.37,1.1,0.95,7.69,1,0,0,0,0,0,0,0,0,0,0,0,0,0,0,0,0,0,0,0.0,0.0,0.0,0.0,0.0,0.0,0.0,0.0,0,0,0,0
420,Leny,Yoro,Yoro,a,,,5.0,358,70,0.8,214,77,0.0,337,152,0,0,0,0,0,0,0,0.0,11.2,2.2,,1.8,306,113,,,188,73,251,82,211,59,239,75,,,,,,,,0.07,0.03,0.1,1.4,0.0,0.1,1.72,0.94,8.12,1,0,0,0,0,0,0,0,0,0,0,0,0,0,0,0,0,0,0,0.0,0.0,0.0,0.0,0.0,0.0,0.0,0.0,0,0,0,0
421,Ayden,Heaven,Heaven,a,,,4.5,502,138,0.3,301,111,0.0,188,111,0,0,0,0,0,0,0,0.0,9.3,1.7,,2.5,230,94,,,231,87,307,105,303,103,292,99,,,,,,,,0.03,0.02,0.05,1.17,0.0,0.2,1.47,1.08,9.1,1,0,0,0,0,0,0,0,0,0,0,0,0,0,0,0,0,0,0,0.0,0.0,0.0,0.0,0.0,0.0,0.0,0.0,0,0,0,0
422,Noussair,Mazraoui,Mazraoui,a,,,4.5,427,102,0.7,217,80,0.0,113,75,0,0,0,0,0,0,0,0.0,11.8,1.7,,2.6,218,87,,,244,93,224,64,289,96,274,90,,,,,,,,0.02,0.03,0.05,1.2,0.0,0.46,0.92,1.01,8.66,1,0,0,0,0,0,0,0,0,0,0,0,0,0,0,0,0,0,0,0.0,0.0,0.0,0.0,0.0,0.0,0.0,0.0,0,0,0,0
423,Luke,Shaw,Shaw,a,,,4.5,392,79,24.4,10,2,0.0,78,52,0,0,0,0,0,0,0,0.0,25.1,1.7,,3.0,165,68,,,90,39,115,28,233,70,137,45,3.0,,,,,,,0.02,0.06,0.08,1.25,0.0,0.28,1.26,1.06,6.26,1,0,0,0,0,0,0,0,0,0,0,0,0,0,0,0,0,0,0,0.0,0.0,0.0,0.0,0.0,0.0,0.0,0.0,0,0,0,0
424,Harry,Amass,Amass,a,,,4.0,570,182,0.2,353,127,0.0,60,41,0,0,0,0,0,0,0,0.0,0.0,1.0,,0.0,449,166,,,444,166,430,166,412,163,446,166,,,,,,,,0.0,0.0,0.0,0.0,0.0,0.0,0.0,0.0,0.0,1,0,0,0,0,0,0,0,0,0,0,0,0,0,0,0,0,0,0,0.0,0.0,0.0,0.0,0.0,0.0,0.0,0.0,0,0,0,0
425,Tyler,Fredricson,Fredricson,a,,,4.0,566,178,0.1,462,156,0.0,56,37,0,0,0,0,0,0,0,0.0,0.2,1.0,,1.0,358,123,,,379,131,428,164,409,160,390,132,,,,,,,,0.0,0.0,0.0,13.5,0.0,0.0,0.0,0.0,90.0,1,0,0,0,0,0,0,0,0,0,0,0,0,0,0,0,0,0,0,0.0,0.0,0.0,0.0,0.0,0.0,0.0,0.0,0,0,0,0
426,Bruno,Borges Fernandes,B.Fernandes,a,,,12.0,2,1,48.3,3,1,0.0,576,256,0,0,0,0,0,0,0,0.0,19.6,4.0,,6.7,3,1,,,1,1,1,1,29,15,1,1,5.0,1.0,1.0,,,,,0.32,0.36,0.68,1.3,0.0,0.21,1.35,1.03,8.43,1,0,0,0,0,0,0,0,0,0,0,0,0,0,0,0,0,0,0,0.0,0.0,0.0,0.0,0.0,0.0,0.0,0.0,0,0,0,0
427,Bryan,Mbeumo,Mbeumo,a,,,8.0,11,7,23.1,13,5,0.0,570,252,0,0,0,0,0,0,0,0.0,18.5,2.8,,4.5,30,13,,,67,19,17,16,7,2,9,7,6.0,2.0,2.0,,,,,0.41,0.17,0.58,1.24,0.0,0.28,1.28,1.07,4.79,1,0,0,0,0,0,0,0,0,0,0,0,0,0,0,0,0,0,0,0.0,0.0,0.0,0.0,0.0,0.0,0.0,0.0,0,0,0,0
428,Matheus,Santos Carneiro da Cunha,Cunha,a,,,8.0,10,6,12.9,34,10,0.0,569,251,0,0,0,0,0,0,0,0.0,17.9,2.8,,4.3,40,17,,,54,15,41,38,17,8,22,18,,,,,,,,0.25,0.12,0.37,1.29,0.0,0.29,1.26,1.05,7.62,1,0,0,0,0,0,0,0,0,0,0,0,0,0,0,0,0,0,0,0.0,0.0,0.0,0.0,0.0,0.0,0.0,0.0,0,0,0,0
429,Marcus,Rashford,Rashford,a,,,7.0,23,14,1.4,165,54,0.0,548,238,0,0,0,0,0,0,0,0.0,0.0,2.5,,0.0,577,256,,,577,256,577,256,577,256,577,256,,,,,,,,0.0,0.0,0.0,0.0,0.0,0.0,0.0,0.0,0.0,1,0,0,0,0,0,0,0,0,0,0,0,0,0,0,0,0,0,0,0.0,0.0,0.0,0.0,0.0,0.0,0.0,0.0,0,0,0,0
430,Mason,Mount,Mount,a,,,5.5,127,79,0.1,401,157,0.0,377,128,0,0,0,0,0,0,0,0.0,10.5,2.0,,2.5,234,91,,,251,113,156,104,184,101,227,116,,3.0,,,,,,0.14,0.14,0.28,1.11,0.0,0.45,1.34,1.07,9.09,1,0,0,0,0,0,0,0,0,0,0,0,0,0,0,0,0,0,0,0.0,0.0,0.0,0.0,0.0,0.0,0.0,0.0,0,0,0,0
431,Amad,Diallo,Amad,a,,,6.0,96,61,1.7,147,46,0.0,508,206,0,0,0,0,0,0,0,0.0,15.2,2.1,,2.8,200,76,,,138,51,35,34,33,19,41,28,7.0,,,,,,,0.21,0.18,0.39,1.22,0.0,0.23,1.27,1.04,7.62,1,0,0,0,0,0,0,0,0,0,0,0,0,0,0,0,0,0,0,0.0,0.0,0.0,0.0,0.0,0.0,0.0,0.0,0,0,0,0
432,Kobbie,Mainoo,Mainoo,a,,,5.5,196,122,1.3,178,60,0.0,446,171,0,0,0,0,0,0,0,0.0,13.3,2.0,,2.6,228,88,,,167,66,94,68,240,128,169,82,,,,,,,,0.03,0.07,0.1,1.25,0.0,0.33,1.2,0.87,10.18,1,0,0,0,0,0,0,0,0,0,0,0,0,0,0,0,0,0,0,0.0,0.0,0.0,0.0,0.0,0.0,0.0,0.0,0,0,0,0
433,Manuel,Ugarte Ribeiro,Ugarte,i,Knee injury - Unknown return date,,5.0,277,166,0.0,572,253,0.0,256,56,0,0,0,0,0,0,0,0.0,7.6,0.0,,1.7,314,137,0.0,,263,119,250,141,278,148,289,140,,,,,,,,0.07,0.02,0.09,1.87,0.0,0.1,2.36,0.82,14.59,1,0,0,0,0,0,0,0,0,0,0,0,0,0,0,0,0,0,0,0.0,0.0,0.0,0.0,0.0,0.0,0.0,0.0,0,0,0,0
434,Jack,Fletcher,J.Fletcher,a,,,5.0,355,212,0.0,554,238,0.0,334,102,0,0,0,0,0,0,0,0.0,0.6,1.5,,1.0,381,177,,,358,165,316,164,339,172,360,167,,,,,,,,0.03,0.02,0.05,1.56,0.0,0.0,0.0,0.0,9.25,1,0,0,0,0,0,0,0,0,0,0,0,0,0,0,0,0,0,0,0.0,0.0,0.0,0.0,0.0,0.0,0.0,0.0,0,0,0,0
435,Shea,Lacey,Lacey,a,,,5.0,363,218,0.1,452,184,0.0,342,108,0,0,0,0,0,0,0,0.0,0.6,1.5,,1.0,382,178,,,381,177,366,182,318,161,375,174,,,,,,,,0.22,0.02,0.24,1.15,0.0,0.0,0.0,0.0,6.75,1,0,0,0,0,0,0,0,0,0,0,0,0,0,0,0,0,0,0,0.0,0.0,0.0,0.0,0.0,0.0,0.0,0.0,0,0,0,0
436,Toby,Collyer,Collyer,a,,,5.0,324,190,0.0,536,224,0.0,303,80,0,0,0,0,0,0,0,0.0,0.0,1.5,,0.0,529,221,,,529,221,528,221,524,220,529,221,,,,,,,,0.0,0.0,0.0,0.0,0.0,0.0,0.0,0.0,0.0,1,0,0,0,0,0,0,0,0,0,0,0,0,0,0,0,0,0,0,0.0,0.0,0.0,0.0,0.0,0.0,0.0,0.0,0,0,0,0
437,Bendito,Mantato,Bendito Mantato,a,,,4.5,493,249,0.2,355,130,0.0,179,18,0,0,0,0,0,0,0,0.0,0.2,1.0,,1.0,370,168,,,386,181,335,170,475,195,381,180,,,,,,,,0.0,0.06,0.06,0.3,0.0,0.0,0.0,0.0,0.0,1,0,0,0,0,0,0,0,0,0,0,0,0,0,0,0,0,0,0,0.0,0.0,0.0,0.0,0.0,0.0,0.0,0.0,0,0,0,0
438,Tyler,Fletcher,Fletcher,a,,,4.5,476,246,0.3,308,103,0.0,162,15,0,0,0,0,0,0,0,0.0,0.4,1.0,,1.0,366,166,,,391,183,360,178,462,192,391,183,,,,,,,,0.0,0.05,0.05,1.75,0.0,0.0,0.0,0.0,10.59,1,0,0,0,0,0,0,0,0,0,0,0,0,0,0,0,0,0,0,0.0,0.0,0.0,0.0,0.0,0.0,0.0,0.0,0,0,0,0
439,Benjamin,Sesko,Šeško,d,Shin injury - 75% chance of playing,,7.0,30,10,2.4,114,16,0.0,555,61,0,0,0,0,0,0,0,0.0,15.9,1.7,,3.7,84,8,75.0,,118,11,199,21,16,9,56,12,,,,,,,,0.51,0.02,0.53,1.49,0.0,0.11,1.66,0.94,3.53,1,0,0,0,0,0,0,0,0,0,0,0,0,0,0,0,0,0,0,0.0,0.0,0.0,0.0,0.0,0.0,0.0,0.0,0,0,0,0
440,Joshua,Zirkzee,Zirkzee,a,,,5.5,169,38,0.6,234,38,0.0,419,34,0,0,0,0,0,0,0,0.0,7.6,1.8,,1.8,307,31,,,268,26,185,17,117,30,225,25,,,,,,,,0.41,0.05,0.46,1.4,0.0,0.3,1.19,0.74,6.52,1,0,0,0,0,0,0,0,0,0,0,0,0,0,0,0,0,0,0,0.0,0.0,0.0,0.0,0.0,0.0,0.0,0.0,0,0,0,0
441,Chido,Obi,Obi,a,,,4.5,499,67,1.2,181,29,0.0,185,10,0,0,0,0,0,0,0,0.0,0.0,1.0,,0.0,492,54,,,490,53,485,53,477,54,491,54,,,,,,,,0.0,0.0,0.0,0.0,0.0,0.0,0.0,0.0,0.0,1,0,0,0,0,0,0,0,0,0,0,0,0,0,0,0,0,0,0,0.0,0.0,0.0,0.0,0.0,0.0,0.0,0.0,0,0,0,0
442,Nick,Pope,Pope,a,,,5.0,224,6,1.2,185,27,0.0,203,47,0,0,0,0,0,0,0,0.0,19.2,2.6,,3.6,86,8,,,55,13,491,56,293,1,197,13,,,,,,,,0.01,0.0,0.01,1.23,3.32,0.26,1.42,1.01,0.0,1,0,0,0,0,0,0,0,0,0,0,0,0,0,0,0,0,0,0,0.0,0.0,0.0,0.0,0.0,0.0,0.0,0.0,0,0,0,0
443,Mark,Gillespie,Gillespie,a,,,4.5,386,23,0.0,503,62,0.0,72,24,0,0,0,0,0,0,0,0.0,0.0,1.9,,0.0,454,50,,,449,50,438,37,421,28,451,50,,,,,,,,0.0,0.0,0.0,0.0,0.0,0.0,0.0,0.0,0.0,1,0,0,0,0,0,0,0,0,0,0,0,0,0,0,0,0,0,0,0.0,0.0,0.0,0.0,0.0,0.0,0.0,0.0,0,0,0,0
444,Ewen,Jaouen,Jaouen,a,,,4.5,485,44,0.1,484,57,0.0,171,45,0,0,0,0,0,0,0,0.0,0.0,1.9,,0.0,488,61,,,483,61,479,55,469,49,485,61,,,,,,,,0.0,0.0,0.0,0.0,0.0,0.0,0.0,0.0,0.0,1,0,0,0,0,0,0,0,0,0,0,0,0,0,0,0,0,0,0,0.0,0.0,0.0,0.0,0.0,0.0,0.0,0.0,0,0,0,0
445,Malick,Thiaw,Thiaw,a,,,5.0,307,58,2.0,126,49,0.0,286,140,0,0,0,0,0,0,0,0.0,25.2,2.2,,3.6,88,35,,,17,6,228,67,61,4,64,11,,,,,,,,0.15,0.03,0.18,1.49,0.0,0.15,1.58,1.0,8.87,1,0,0,0,0,0,0,0,0,0,0,0,0,0,0,0,0,0,0,0.0,0.0,0.0,0.0,0.0,0.0,0.0,0.0,0,0,0,0
446,Fabian,Schär,Schär,a,,,5.0,229,36,0.2,350,126,0.0,208,118,0,0,0,0,0,0,0,0.0,10.2,2.2,,3.2,143,57,100.0,,205,77,272,91,225,67,256,82,,3.0,,,,,,0.08,0.05,0.13,1.14,0.0,0.33,1.07,0.91,9.5,1,0,0,0,0,0,0,0,0,0,0,0,0,0,0,0,0,0,0,0.0,0.0,0.0,0.0,0.0,0.0,0.0,0.0,0,0,0,0
447,Sven,Botman,Botman,a,,,5.0,266,45,0.4,277,105,0.0,245,127,0,0,0,0,0,0,0,0.0,17.8,2.2,,3.6,87,34,,,78,32,246,80,163,44,153,50,,,,,,,,0.08,0.04,0.12,1.35,0.0,0.25,1.32,1.03,10.6,1,0,0,0,0,0,0,0,0,0,0,0,0,0,0,0,0,0,0,0.0,0.0,0.0,0.0,0.0,0.0,0.0,0.0,0,0,0,0
448,Dan,Burn,Burn,a,,,5.0,220,33,2.7,108,42,0.0,199,115,0,0,0,0,0,0,0,0.0,18.6,2.2,,3.2,142,56,,,108,47,234,73,165,45,168,59,,,,,,,,0.04,0.01,0.05,1.24,0.0,0.25,1.48,1.03,9.23,1,0,0,0,0,0,0,0,0,0,0,0,0,0,0,0,0,0,0,0.0,0.0,0.0,0.0,0.0,0.0,0.0,0.0,0,0,0,0
449,Lewis,Hall,Hall,a,,,5.0,319,64,4.0,86,35,0.0,298,146,0,0,0,0,0,0,0,0.0,15.8,2.2,,2.6,226,93,,,93,42,64,14,158,41,92,25,6.0,1.0,,,,,,0.04,0.11,0.15,1.56,0.0,0.17,1.61,0.99,7.16,1,0,0,0,0,0,0,0,0,0,0,0,0,0,0,0,0,0,0,0.0,0.0,0.0,0.0,0.0,0.0,0.0,0.0,0,0,0,0
450,Tino,Livramento,Livramento,d,Calf injury - 75% chance of playing,,5.0,294,53,0.1,432,145,0.0,273,135,0,0,0,0,0,0,0,0.0,11.8,1.6,,3.5,102,41,75.0,,238,89,169,42,282,92,257,83,,,,,,,,0.01,0.06,0.07,1.26,0.0,0.41,0.95,0.95,4.62,1,0,0,0,0,0,0,0,0,0,0,0,0,0,0,0,0,0,0,0.0,0.0,0.0,0.0,0.0,0.0,0.0,0.0,0,0,0,0
451,Alex,Murphy,A.Murphy,a,,,4.0,565,177,0.8,208,74,0.0,55,36,0,0,0,0,0,0,0,0.0,0.5,1.0,,1.0,357,122,,,370,129,372,130,346,124,382,129,,,,,,,,0.0,0.0,0.0,6.3,0.0,0.0,12.86,0.0,51.43,1,0,0,0,0,0,0,0,0,0,0,0,0,0,0,0,0,0,0,0.0,0.0,0.0,0.0,0.0,0.0,0.0,0.0,0,0,0,0
453,Harvey,Barnes,Barnes,a,,,6.0,67,45,1.2,182,61,0.0,479,190,0,0,0,0,0,0,0,0.0,17.7,2.1,,2.9,185,70,,,151,58,84,62,24,11,53,33,,,,,,,,0.32,0.13,0.45,1.4,0.0,0.23,1.43,0.88,4.61,1,0,0,0,0,0,0,0,0,0,0,0,0,0,0,0,0,0,0,0.0,0.0,0.0,0.0,0.0,0.0,0.0,0.0,0,0,0,0
454,Anthony,Elanga,Elanga,a,,,6.0,86,55,0.7,219,74,0.0,498,200,0,0,0,0,0,0,0,0.0,8.0,2.1,,1.5,332,148,,,290,134,135,92,168,88,228,117,9.0,,,,,,,0.11,0.12,0.23,1.46,0.0,0.14,1.94,0.97,3.8,1,0,0,0,0,0,0,0,0,0,0,0,0,0,0,0,0,0,0,0.0,0.0,0.0,0.0,0.0,0.0,0.0,0.0,0,0,0,0
456,Jacob,Ramsey,J.Ramsey,a,,,5.0,279,168,0.4,275,89,0.0,258,58,0,0,0,0,0,0,0,0.0,12.4,1.5,,2.2,267,112,,,198,87,108,77,183,100,173,84,,,,,,,,0.07,0.09,0.16,1.7,0.0,0.06,1.94,0.94,9.31,1,0,0,0,0,0,0,0,0,0,0,0,0,0,0,0,0,0,0,0.0,0.0,0.0,0.0,0.0,0.0,0.0,0.0,0,0,0,0
457,Jacob,Murphy,J.Murphy,a,,,6.0,59,40,0.2,375,140,0.0,471,185,0,0,0,0,0,0,0,0.0,13.7,2.1,,2.5,239,93,,,186,79,82,60,78,47,117,65,3.0,,,,,,,0.17,0.15,0.32,1.36,0.0,0.45,1.12,1.06,5.04,1,0,0,0,0,0,0,0,0,0,0,0,0,0,0,0,0,0,0,0.0,0.0,0.0,0.0,0.0,0.0,0.0,0.0,0,0,0,0
458,Joelinton Cássio,Apolinário de Lira,Joelinton,a,,,5.5,126,78,0.1,476,196,0.0,376,127,0,0,0,0,0,0,0,0.0,13.3,2.0,,2.7,208,80,100.0,,191,82,126,87,84,52,139,74,,,,,,,,0.11,0.06,0.17,1.33,0.0,0.23,1.25,1.06,10.98,1,0,0,0,0,0,0,0,0,0,0,0,0,0,0,0,0,0,0,0.0,0.0,0.0,0.0,0.0,0.0,0.0,0.0,0,0,0,0
459,Lewis,Miley,L.Miley,i,Leg injury - Expected back 30 Aug,,5.5,202,126,0.0,569,250,0.0,452,175,0,0,0,0,0,0,0,0.0,13.1,0.0,,3.1,161,61,0.0,,176,73,136,93,201,111,191,96,8.0,,,,,,,0.08,0.13,0.21,1.28,0.0,0.12,1.33,0.9,9.34,1,0,0,0,0,0,0,0,0,0,0,0,0,0,0,0,0,0,0,0.0,0.0,0.0,0.0,0.0,0.0,0.0,0.0,0,0,0,0
460,Joe,Willock,Willock,a,,,5.0,246,151,0.1,413,164,0.0,225,41,0,0,0,0,0,0,0,0.0,7.6,1.5,,1.6,322,140,,,278,128,164,110,151,82,233,119,,,,,,,,0.12,0.1,0.22,1.65,0.0,0.28,1.67,0.93,8.24,1,0,0,0,0,0,0,0,0,0,0,0,0,0,0,0,0,0,0,0.0,0.0,0.0,0.0,0.0,0.0,0.0,0.0,0,0,0,0
461,Bazoumana,Touré,Touré,a,,,6.0,108,70,0.3,326,116,0.0,520,215,0,0,0,0,0,0,0,0.0,0.0,2.1,,0.0,571,251,,,571,251,571,251,571,251,571,251,,,,,,,,0.0,0.0,0.0,0.0,0.0,0.0,0.0,0.0,0.0,1,0,0,0,0,0,0,0,0,0,0,0,0,0,0,0,0,0,0,0.0,0.0,0.0,0.0,0.0,0.0,0.0,0.0,0,0,0,0
462,Sean,Steur,Steur,a,,,5.0,374,226,0.1,407,161,0.0,353,116,0,0,0,0,0,0,0,0.0,0.0,1.5,,0.0,546,233,,,546,233,546,233,544,233,546,233,,,,,,,,0.0,0.0,0.0,0.0,0.0,0.0,0.0,0.0,0.0,1,0,0,0,0,0,0,0,0,0,0,0,0,0,0,0,0,0,0,0.0,0.0,0.0,0.0,0.0,0.0,0.0,0.0,0,0,0,0
463,Nick,Woltemade,Woltemade,a,,,6.0,92,23,1.7,141,23,0.0,504,53,0,0,0,0,0,0,0,0.0,18.0,2.0,,3.3,135,12,,,130,12,116,7,56,21,93,15,,,1.0,,,,,0.31,0.07,0.38,1.22,0.0,0.38,1.38,1.14,4.98,1,0,0,0,0,0,0,0,0,0,0,0,0,0,0,0,0,0,0,0.0,0.0,0.0,0.0,0.0,0.0,0.0,0.0,0,0,0,0
464,Yoane,Wissa,Wissa,a,,,6.0,72,19,1.6,148,25,0.0,484,49,0,0,0,0,0,0,0,0.0,4.5,2.0,,1.4,342,37,,,331,38,291,35,185,35,301,36,,,4.0,,,,,0.54,0.09,0.63,1.74,0.0,0.17,1.91,0.7,3.83,1,0,0,0,0,0,0,0,0,0,0,0,0,0,0,0,0,0,0,0.0,0.0,0.0,0.0,0.0,0.0,0.0,0.0,0,0,0,0
465,William,Osula,Osula,a,,,6.0,102,25,1.4,173,28,0.0,514,55,0,0,0,0,0,0,0,0.0,12.7,2.0,,3.2,153,14,,,222,21,252,29,105,25,218,24,,,2.0,,,,,0.48,0.07,0.55,1.62,0.0,0.22,1.57,0.89,3.47,1,0,0,0,0,0,0,0,0,0,0,0,0,0,0,0,0,0,0,0.0,0.0,0.0,0.0,0.0,0.0,0.0,0.0,0,0,0,0
466,Sean,Neave,Neave,a,,,4.5,501,68,0.7,223,36,0.0,187,11,0,0,0,0,0,0,0,0.0,0.2,1.0,,1.0,374,45,,,491,54,486,54,338,44,389,45,,,,,,,,0.21,0.0,0.21,2.56,0.0,0.0,6.92,0.0,0.0,1,0,0,0,0,0,0,0,0,0,0,0,0,0,0,0,0,0,0,0.0,0.0,0.0,0.0,0.0,0.0,0.0,0.0,0,0,0,0
559,Aladji,Bamba,Bamba,a,,,5.0,373,225,0.1,399,156,0.0,352,115,0,0,0,0,0,0,0,0.0,0.0,1.5,,0.0,545,232,,,545,232,545,232,543,232,545,232,,,,,,,,0.0,0.0,0.0,0.0,0.0,0.0,0.0,0.0,0.0,1,0,0,0,0,0,0,0,0,0,0,0,0,0,0,0,0,0,0,0.0,0.0,0.0,0.0,0.0,0.0,0.0,0.0,0,0,0,0
567,Lukás,Hornícek,Horníček,a,,,5.0,311,17,0.4,289,36,0.0,290,58,0,0,0,0,0,0,0,0.0,0.0,2.6,,0.0,524,64,,,524,64,523,63,519,60,524,64,,,,,,,,0.0,0.0,0.0,0.0,0.0,0.0,0.0,0.0,0.0,1,0,0,0,0,0,0,0,0,0,0,0,0,0,0,0,0,0,0,0.0,0.0,0.0,0.0,0.0,0.0,0.0,0.0,0,0,0,0
467,Matz,Sels,Sels,a,,,5.0,221,5,1.5,163,23,0.0,200,46,0,0,0,0,0,0,0,0.0,21.0,2.6,,3.4,110,13,,,39,11,342,11,484,50,186,11,,,,,,,,0.0,0.0,0.0,1.52,3.21,0.24,1.32,1.01,0.0,1,0,0,0,0,0,0,0,0,0,0,0,0,0,0,0,0,0,0,0.0,0.0,0.0,0.0,0.0,0.0,0.0,0.0,0,0,0,0
468,John Victor,Maciel Furtado,John,a,,,4.5,422,32,0.1,460,54,0.0,108,33,0,0,0,0,0,0,0,0.0,2.4,1.9,,2.2,263,26,,,332,28,450,45,434,37,355,28,,,,,,,,0.0,0.0,0.0,1.26,1.24,0.21,1.65,1.03,0.0,1,0,0,0,0,0,0,0,0,0,0,0,0,0,0,0,0,0,0,0.0,0.0,0.0,0.0,0.0,0.0,0.0,0.0,0,0,0,0
469,Neco,Williams,N.Williams,a,,,5.0,262,43,12.2,36,13,0.0,241,125,0,0,0,0,0,0,0,0.0,25.6,2.2,,3.5,101,40,,,30,11,38,3,70,7,32,3,6.0,3.0,,,,,,0.06,0.11,0.17,1.44,0.0,0.25,1.35,1.01,6.94,1,0,0,0,0,0,0,0,0,0,0,0,0,0,0,0,0,0,0,0.0,0.0,0.0,0.0,0.0,0.0,0.0,0.0,0,0,0,0
470,Felipe,Rodrigues da Silva,Morato,a,,,5.0,316,63,0.1,477,161,0.0,295,145,0,0,0,0,0,0,0,0.0,10.6,2.2,,2.5,231,95,,,164,68,301,102,236,72,243,77,,,,,,,,0.09,0.01,0.1,1.63,0.0,0.13,1.54,0.94,9.67,1,0,0,0,0,0,0,0,0,0,0,0,0,0,0,0,0,0,0,0.0,0.0,0.0,0.0,0.0,0.0,0.0,0.0,0,0,0,0
471,Nikola,Milenković,Milenković,a,,,5.5,145,17,2.3,116,45,0.0,395,163,0,0,0,0,0,0,0,0.0,21.6,2.5,,3.1,160,66,,,53,23,266,88,217,62,154,51,,,,,,,,0.02,0.02,0.04,1.47,0.0,0.24,1.36,0.99,8.29,1,0,0,0,0,0,0,0,0,0,0,0,0,0,0,0,0,0,0,0.0,0.0,0.0,0.0,0.0,0.0,0.0,0.0,0,0,0,0
472,Murillo,Costa dos Santos,Murillo,a,,,5.5,209,30,0.5,266,100,0.0,459,176,0,0,0,0,0,0,0,0.0,15.1,2.5,,3.3,133,52,100.0,,95,44,226,65,249,78,187,63,,2.0,,,,,,0.03,0.02,0.05,1.39,0.0,0.25,1.23,1.06,9.42,1,0,0,0,0,0,0,0,0,0,0,0,0,0,0,0,0,0,0,0.0,0.0,0.0,0.0,0.0,0.0,0.0,0.0,0,0,0,0
473,Ola,Aina,Aina,a,,,4.5,403,83,4.3,79,31,0.0,89,56,0,0,0,0,0,0,0,0.0,14.9,1.7,,3.7,76,29,,,210,79,193,50,271,86,242,76,,,,,,,,0.02,0.05,0.07,1.44,0.0,0.34,1.08,1.02,7.37,1,0,0,0,0,0,0,0,0,0,0,0,0,0,0,0,0,0,0,0.0,0.0,0.0,0.0,0.0,0.0,0.0,0.0,0,0,0,0
474,Jair,Paula da Cunha Filho,Jair Cunha,a,,,4.5,492,135,0.4,294,109,0.0,178,108,0,0,0,0,0,0,0,0.0,2.9,1.7,,1.4,335,120,,,307,112,329,115,300,102,322,111,,,,,,,,0.05,0.01,0.06,1.81,0.0,0.0,1.23,1.05,8.23,1,0,0,0,0,0,0,0,0,0,0,0,0,0,0,0,0,0,0,0.0,0.0,0.0,0.0,0.0,0.0,0.0,0.0,0,0,0,0
475,Nicolò,Savona,Savona,i,Knee injury - Unknown return date,,4.5,469,126,0.0,574,188,0.0,155,99,0,0,0,0,0,0,0,0.0,8.7,0.0,,2.8,192,80,0.0,,240,91,223,63,239,74,262,87,,,,,,,,0.12,0.04,0.16,1.32,0.0,0.26,1.58,0.97,5.0,1,0,0,0,0,0,0,0,0,0,0,0,0,0,0,0,0,0,0,0.0,0.0,0.0,0.0,0.0,0.0,0.0,0.0,0,0,0,0
476,Omar,Richards,O.Richards,a,,,4.0,534,155,0.2,349,125,0.0,24,14,0,0,0,0,0,0,0,0.0,0.0,1.0,,0.0,419,145,,,413,144,398,143,379,139,415,144,,,,,,,,0.0,0.0,0.0,0.0,0.0,0.0,0.0,0.0,0.0,1,0,0,0,0,0,0,0,0,0,0,0,0,0,0,0,0,0,0,0.0,0.0,0.0,0.0,0.0,0.0,0.0,0.0,0,0,0,0
477,Zach,Abbott,Abbott,a,,,4.0,567,179,0.2,365,133,0.0,57,38,0,0,0,0,0,0,0,0.0,0.8,1.0,,1.0,359,124,,,352,123,350,122,410,161,367,127,,,,,,,,0.0,0.01,0.01,1.89,0.0,0.0,2.18,1.09,7.09,1,0,0,0,0,0,0,0,0,0,0,0,0,0,0,0,0,0,0,0.0,0.0,0.0,0.0,0.0,0.0,0.0,0.0,0,0,0,0
478,Luca,Netz,Netz,a,,,4.5,453,120,0.0,533,178,0.0,139,93,0,0,0,0,0,0,0,0.0,2.4,1.7,,1.6,320,116,,,329,118,311,107,326,117,335,116,,,,,,,,0.0,0.1,0.1,2.01,0.0,0.0,1.27,0.76,6.88,1,0,0,0,0,0,0,0,0,0,0,0,0,0,0,0,0,0,0,0.0,0.0,0.0,0.0,0.0,0.0,0.0,0.0,0,0,0,0
479,Tyler,Bindon,Bindon,a,,,4.0,563,175,0.2,383,135,0.0,53,34,0,0,0,0,0,0,0,0.0,0.0,1.0,,0.0,446,163,,,441,163,426,162,407,158,443,163,,,,,,,,0.0,0.0,0.0,0.0,0.0,0.0,0.0,0.0,0.0,1,0,0,0,0,0,0,0,0,0,0,0,0,0,0,0,0,0,0,0.0,0.0,0.0,0.0,0.0,0.0,0.0,0.0,0,0,0,0
480,Morgan,Gibbs-White,Gibbs-White,a,,,8.0,8,5,11.6,38,12,0.0,567,250,0,0,0,0,0,0,0,0.0,23.5,2.8,,5.1,11,5,,,21,6,19,18,9,4,7,5,,1.0,2.0,,,,,0.31,0.08,0.39,1.44,0.0,0.29,1.31,1.02,5.17,1,0,0,0,0,0,0,0,0,0,0,0,0,0,0,0,0,0,0,0.0,0.0,0.0,0.0,0.0,0.0,0.0,0.0,0,0,0,0
482,Callum,Hudson-Odoi,Hudson-Odoi,a,,,6.0,70,46,0.1,455,187,0.0,482,191,0,0,0,0,0,0,0,0.0,14.7,2.1,,2.9,186,71,100.0,,166,65,31,30,83,51,74,45,,4.0,,,,,,0.14,0.15,0.29,1.51,0.0,0.29,1.27,1.03,5.19,1,0,0,0,0,0,0,0,0,0,0,0,0,0,0,0,0,0,0,0.0,0.0,0.0,0.0,0.0,0.0,0.0,0.0,0,0,0,0
483,Dan,Ndoye,Ndoye,a,,,5.5,168,105,0.5,263,86,0.0,418,154,0,0,0,0,0,0,0,0.0,9.1,2.0,,2.1,277,118,,,265,121,152,103,173,92,230,118,3.0,,,,,,,0.08,0.12,0.2,1.23,0.0,0.15,1.31,1.08,7.4,1,0,0,0,0,0,0,0,0,0,0,0,0,0,0,0,0,0,0,0.0,0.0,0.0,0.0,0.0,0.0,0.0,0.0,0,0,0,0
484,Omari,Hutchinson,Hutchinson,a,,,5.5,193,119,0.2,380,142,0.0,443,168,0,0,0,0,0,0,0,0.0,14.9,2.0,,2.6,227,87,,,183,77,45,41,74,45,85,50,5.0,,,,,,,0.11,0.21,0.32,1.31,0.0,0.32,1.29,0.91,6.93,1,0,0,0,0,0,0,0,0,0,0,0,0,0,0,0,0,0,0,0.0,0.0,0.0,0.0,0.0,0.0,0.0,0.0,0,0,0,0
485,Dilane,Bakwa,Bakwa,a,,,5.5,177,108,0.0,544,230,0.0,427,157,0,0,0,0,0,0,0,0.0,4.7,2.0,,1.9,294,126,,,312,141,184,121,238,127,277,135,7.0,,,,,,,0.09,0.17,0.26,1.79,0.0,0.33,1.64,0.98,5.74,1,0,0,0,0,0,0,0,0,0,0,0,0,0,0,0,0,0,0,0.0,0.0,0.0,0.0,0.0,0.0,0.0,0.0,0,0,0,0
486,James,McAtee,McAtee,a,,,5.5,155,97,0.0,499,206,0.0,405,146,0,0,0,0,0,0,0,0.0,3.1,2.0,,1.2,351,161,,,334,150,255,142,287,151,316,151,,,,,,,,0.06,0.12,0.18,2.29,0.0,0.0,2.81,0.62,10.0,1,0,0,0,0,0,0,0,0,0,0,0,0,0,0,0,0,0,0,0.0,0.0,0.0,0.0,0.0,0.0,0.0,0.0,0,0,0,0
487,Nicolás,Domínguez,Dominguez,a,,,5.0,286,173,0.1,463,189,0.0,265,63,0,0,0,0,0,0,0,0.0,9.6,1.5,,1.8,303,132,,,219,96,175,117,198,109,223,113,,,,,,,,0.11,0.06,0.17,1.79,0.0,0.23,1.54,1.31,11.02,1,0,0,0,0,0,0,0,0,0,0,0,0,0,0,0,0,0,0,0.0,0.0,0.0,0.0,0.0,0.0,0.0,0.0,0,0,0,0
488,Ibrahim,Sangaré,Sangaré,a,,,5.0,257,159,0.6,243,82,0.0,236,49,0,0,0,0,0,0,0,0.0,17.8,1.5,,3.2,144,57,,,142,53,162,108,209,116,179,87,,,,,,,,0.05,0.08,0.13,1.44,0.0,0.35,1.13,1.09,11.59,1,0,0,0,0,0,0,0,0,0,0,0,0,0,0,0,0,0,0,0.0,0.0,0.0,0.0,0.0,0.0,0.0,0.0,0,0,0,0
489,Ryan,Yates,Yates,a,,,4.5,417,236,7.0,60,21,0.0,103,5,0,0,0,0,0,0,0,0.0,6.7,1.0,,1.4,333,149,,,284,131,257,143,273,146,295,142,,,,,,,,0.07,0.06,0.13,1.28,0.0,0.0,1.05,0.3,10.32,1,0,0,0,0,0,0,0,0,0,0,0,0,0,0,0,0,0,0,0.0,0.0,0.0,0.0,0.0,0.0,0.0,0.0,0,0,0,0
490,Chris,Wood,Wood,a,,,6.0,58,14,1.8,140,22,0.0,470,44,0,0,0,0,0,0,0,0.0,6.8,2.0,,2.7,213,21,,,285,31,244,26,111,28,249,29,,,1.0,,,,,0.43,0.03,0.46,1.45,0.0,0.2,1.41,1.1,2.91,1,0,0,0,0,0,0,0,0,0,0,0,0,0,0,0,0,0,0,0.0,0.0,0.0,0.0,0.0,0.0,0.0,0.0,0,0,0,0
491,Igor Jesus,Maciel da Cruz,Igor Jesus,a,,,6.0,93,24,5.2,72,11,0.0,505,54,0,0,0,0,0,0,0,0.0,19.0,2.0,,3.1,162,15,,,145,14,142,12,22,13,69,13,,,3.0,,,,,0.25,0.05,0.3,1.52,0.0,0.35,1.45,1.1,4.83,1,0,0,0,0,0,0,0,0,0,0,0,0,0,0,0,0,0,0,0.0,0.0,0.0,0.0,0.0,0.0,0.0,0.0,0,0,0,0
492,Taiwo,Awoniyi,Awoniyi,a,,,5.5,138,35,0.4,293,51,0.0,388,31,0,0,0,0,0,0,0,0.0,7.8,1.8,,2.5,235,24,,,258,25,258,30,126,31,247,28,,,,,,,,0.69,0.14,0.83,1.94,0.0,0.19,0.75,0.56,4.88,1,0,0,0,0,0,0,0,0,0,0,0,0,0,0,0,0,0,0,0.0,0.0,0.0,0.0,0.0,0.0,0.0,0.0,0,0,0,0
493,Arnaud,Kalimuendo,Kalimuendo,a,,,5.5,173,41,0.1,482,65,0.0,423,37,0,0,0,0,0,0,0,0.0,1.6,1.8,,1.0,388,46,,,374,42,327,41,288,42,353,42,,,,,,,,0.44,0.02,0.46,1.59,0.0,0.0,3.03,0.0,6.07,1,0,0,0,0,0,0,0,0,0,0,0,0,0,0,0,0,0,0,0.0,0.0,0.0,0.0,0.0,0.0,0.0,0.0,0,0,0,0
558,Xaver,Schlager,Schlager,a,,,5.0,251,154,0.1,415,165,0.0,230,44,0,0,0,0,0,0,0,0.0,0.0,1.5,,0.0,502,205,,,502,205,498,205,494,204,502,205,,,,,,,,0.0,0.0,0.0,0.0,0.0,0.0,0.0,0.0,0.0,1,0,0,0,0,0,0,0,0,0,0,0,0,0,0,0,0,0,0,0.0,0.0,0.0,0.0,0.0,0.0,0.0,0.0,0,0,0,0
112,Jan Paul,van Hecke,Van Hecke,a,,,5.0,309,60,8.4,54,21,0.0,288,142,0,0,0,0,0,0,0,0.0,29.6,2.2,,4.1,45,17,,,7,4,143,34,102,16,50,9,,,,,,,,0.09,0.04,0.13,1.3,0.0,0.28,1.23,1.01,8.89,1,0,0,0,0,0,0,0,0,0,0,0,0,0,0,0,0,0,0,0.0,0.0,0.0,0.0,0.0,0.0,0.0,0.0,0,0,0,0
455,Sandro,Tonali,Tonali,a,,,5.5,154,96,4.2,80,26,0.0,404,145,0,0,0,0,0,0,0,0.0,14.7,2.0,,2.3,257,106,,,154,59,43,39,157,85,100,58,10.0,4.0,,,,,,0.06,0.1,0.16,1.29,0.0,0.25,1.35,1.1,9.13,1,0,0,0,0,0,0,0,0,0,0,0,0,0,0,0,0,0,0,0.0,0.0,0.0,0.0,0.0,0.0,0.0,0.0,0,0,0,0
494,Guglielmo,Vicario,Vicario,a,,,4.5,408,30,1.4,166,24,0.0,94,31,0,0,0,0,0,0,0,0.0,20.0,1.9,,2.9,179,21,,,44,12,339,8,431,35,194,12,,,,,,,,0.0,0.0,0.0,1.49,2.68,0.23,1.61,1.0,0.0,1,0,0,0,0,0,0,0,0,0,0,0,0,0,0,0,0,0,0,0.0,0.0,0.0,0.0,0.0,0.0,0.0,0.0,0,0,0,0
495,Brandon,Austin,Austin,a,,,4.0,535,55,0.6,246,33,0.0,25,11,0,0,0,0,0,0,0,0.0,0.0,1.0,,0.0,420,40,,,414,40,399,24,380,15,416,40,,,,,,,,0.0,0.0,0.0,0.0,0.0,0.0,0.0,0.0,0.0,1,0,0,0,0,0,0,0,0,0,0,0,0,0,0,0,0,0,0,0.0,0.0,0.0,0.0,0.0,0.0,0.0,0.0,0,0,0,0
496,Antonín,Kinský,Kinsky,a,,,4.5,458,38,19.5,18,4,0.0,144,39,0,0,0,0,0,0,0,0.0,4.4,1.9,,2.9,182,22,,,303,24,464,50,450,43,336,24,,,,,,,,0.0,0.0,0.0,0.79,1.43,0.29,1.0,1.0,0.0,1,0,0,0,0,0,0,0,0,0,0,0,0,0,0,0,0,0,0,0.0,0.0,0.0,0.0,0.0,0.0,0.0,0.0,0,0,0,0
497,Martin,Dubravka,Dubravka,a,,,4.0,515,49,22.8,14,2,0.0,5,5,0,0,0,0,0,0,0,0.0,24.0,1.0,,2.7,202,23,,,8,1,382,18,363,9,135,1,,,,,,,,0.0,0.0,0.0,2.04,3.63,0.11,2.03,1.0,0.0,1,0,0,0,0,0,0,0,0,0,0,0,0,0,0,0,0,0,0,0.0,0.0,0.0,0.0,0.0,0.0,0.0,0.0,0,0,0,0
498,Marcos,Senesi Barón,Senesi,a,,,6.0,73,7,10.5,45,16,0.0,485,181,0,0,0,0,0,0,0,0.0,29.2,2.8,,4.7,18,6,,,4,2,91,22,156,40,34,4,,,,,,,,0.04,0.13,0.17,1.5,0.0,0.3,1.45,1.01,11.47,1,0,0,0,0,0,0,0,0,0,0,0,0,0,0,0,0,0,0,0.0,0.0,0.0,0.0,0.0,0.0,0.0,0.0,0,0,0,0
499,Pedro,Porro Sauceda,Pedro Porro,a,,,5.5,161,20,23.3,11,3,0.0,411,166,0,0,0,0,0,0,0,0.0,21.3,2.5,,3.4,117,46,,,49,21,11,1,154,39,31,2,6.0,1.0,,,,,,0.03,0.14,0.17,1.22,0.0,0.29,1.29,1.03,7.02,1,0,0,0,0,0,0,0,0,0,0,0,0,0,0,0,0,0,0,0.0,0.0,0.0,0.0,0.0,0.0,0.0,0.0,0,0,0,0
500,Cristian,Romero,Romero,a,,,5.0,268,46,1.1,191,70,0.0,247,128,0,0,0,0,0,0,0,0.0,18.2,2.2,,4.0,51,19,,,85,36,212,57,135,27,145,48,,,,,,,,0.07,0.06,0.13,1.36,0.0,0.24,1.59,1.06,9.49,1,0,0,0,0,0,0,0,0,0,0,0,0,0,0,0,0,0,0,0.0,0.0,0.0,0.0,0.0,0.0,0.0,0.0,0,0,0,0
501,Kevin,Danso,Danso,a,,,5.0,231,37,0.2,363,132,0.0,210,119,0,0,0,0,0,0,0,0.0,12.6,2.2,,2.6,221,90,,,150,61,284,96,235,71,232,73,,,,,,,,0.04,0.02,0.06,1.22,0.0,0.24,1.51,1.03,11.61,1,0,0,0,0,0,0,0,0,0,0,0,0,0,0,0,0,0,0,0.0,0.0,0.0,0.0,0.0,0.0,0.0,0.0,0,0,0,0
502,Andrew,Robertson,Robertson,a,,,4.5,399,81,1.9,136,53,0.0,85,54,0,0,0,0,0,0,0,0.0,12.2,1.7,,2.3,254,99,,,227,86,113,27,215,61,202,68,,,,,,,,0.08,0.11,0.19,1.35,0.0,0.31,1.24,0.85,4.25,1,0,0,0,0,0,0,0,0,0,0,0,0,0,0,0,0,0,0,0.0,0.0,0.0,0.0,0.0,0.0,0.0,0.0,0,0,0,0
503,Micky,van de Ven,Van de Ven,a,,,5.0,325,65,7.0,61,24,0.0,304,147,0,0,0,0,0,0,0,0.0,23.2,2.2,,3.3,129,51,,,52,22,240,77,142,31,130,39,,,,,,,,0.08,0.01,0.09,1.27,0.0,0.27,1.48,1.04,6.27,1,0,0,0,0,0,0,0,0,0,0,0,0,0,0,0,0,0,0,0.0,0.0,0.0,0.0,0.0,0.0,0.0,0.0,0,0,0,0
505,Djed,Spence,Spence,a,,,4.5,431,105,8.6,52,19,0.0,117,78,0,0,0,0,0,0,0,0.0,17.3,1.7,,2.6,219,88,,,206,78,159,40,147,35,198,66,,,,,,,,0.04,0.08,0.12,1.38,0.0,0.4,1.36,1.01,5.1,1,0,0,0,0,0,0,0,0,0,0,0,0,0,0,0,0,0,0,0.0,0.0,0.0,0.0,0.0,0.0,0.0,0.0,0,0,0,0
506,Destiny,Udogie,Udogie,a,,,4.5,459,123,0.4,278,106,0.0,145,96,0,0,0,0,0,0,0,0.0,6.4,1.7,,1.4,334,119,,,246,94,179,44,230,69,246,79,,,,,,,,0.01,0.05,0.06,1.29,0.0,0.07,1.69,0.94,4.58,1,0,0,0,0,0,0,0,0,0,0,0,0,0,0,0,0,0,0,0.0,0.0,0.0,0.0,0.0,0.0,0.0,0.0,0,0,0,0
507,Ashley,Phillips,Phillips,a,,,4.5,479,130,0.1,470,160,0.0,165,103,0,0,0,0,0,0,0,0.0,0.0,1.7,,0.0,484,178,,,479,178,475,178,465,178,481,178,,,,,,,,0.0,0.0,0.0,0.0,0.0,0.0,0.0,0.0,0.0,1,0,0,0,0,0,0,0,0,0,0,0,0,0,0,0,0,0,0,0.0,0.0,0.0,0.0,0.0,0.0,0.0,0.0,0,0,0,0
508,Ben,Davies,Davies,a,,,4.0,521,145,0.8,204,73,0.0,11,4,0,0,0,0,0,0,0,0.0,2.5,1.0,,3.3,124,47,,,324,115,322,112,276,90,321,110,,,,,,,,0.32,0.05,0.37,0.73,0.0,0.0,1.99,1.32,9.26,1,0,0,0,0,0,0,0,0,0,0,0,0,0,0,0,0,0,0,0.0,0.0,0.0,0.0,0.0,0.0,0.0,0.0,0,0,0,0
509,Jun'ai,Byfield,Byfield,a,,,4.0,575,186,0.1,480,162,0.0,65,45,0,0,0,0,0,0,0,0.0,0.2,1.0,,1.0,361,126,,,393,133,373,131,415,165,396,133,,,,,,,,0.0,0.0,0.0,0.0,0.0,0.0,0.0,0.0,0.0,1,0,0,0,0,0,0,0,0,0,0,0,0,0,0,0,0,0,0,0.0,0.0,0.0,0.0,0.0,0.0,0.0,0.0,0,0,0,0
510,James,Rowswell,Rowswell,a,,,4.0,559,172,0.1,457,152,0.0,49,31,0,0,0,0,0,0,0,0.0,0.2,1.0,,1.0,356,121,,,437,160,422,159,403,155,439,160,,,,,,,,0.0,0.0,0.0,32.4,0.0,0.0,0.0,0.0,0.0,1,0,0,0,0,0,0,0,0,0,0,0,0,0,0,0,0,0,0,0.0,0.0,0.0,0.0,0.0,0.0,0.0,0.0,0,0,0,0
511,João Victor,de Souza Menezes,Souza,a,,,4.0,574,185,0.3,312,115,0.0,64,44,0,0,0,0,0,0,0,0.0,0.8,1.0,,0.8,396,133,,,366,127,308,106,316,113,354,120,,,,,,,,0.01,0.02,0.03,1.65,0.0,0.0,1.9,1.27,3.8,1,0,0,0,0,0,0,0,0,0,0,0,0,0,0,0,0,0,0,0.0,0.0,0.0,0.0,0.0,0.0,0.0,0.0,0,0,0,0
512,Mohammed,Kudus,Kudus,d,Thigh injury - 75% chance of playing,,6.5,48,34,0.2,351,127,0.0,540,232,0,0,0,0,0,0,0,0.0,11.5,1.7,,3.9,68,31,75.0,,185,78,71,53,98,62,118,66,7.0,3.0,2.0,,,,,0.11,0.14,0.25,1.33,0.0,0.41,1.17,1.11,7.8,1,0,0,0,0,0,0,0,0,0,0,0,0,0,0,0,0,0,0,0.0,0.0,0.0,0.0,0.0,0.0,0.0,0.0,0,0,0,0
513,Xavi,Simons,Xavi,i,Knee injury - Unknown return date,,6.0,97,62,0.0,553,237,0.0,509,207,0,0,0,0,0,0,0,0.0,13.3,0.0,,2.9,187,72,0.0,,173,70,44,40,115,67,98,57,8.0,2.0,3.0,,,,,0.16,0.2,0.36,1.58,0.0,0.21,1.85,0.98,7.68,1,0,0,0,0,0,0,0,0,0,0,0,0,0,0,0,0,0,0,0.0,0.0,0.0,0.0,0.0,0.0,0.0,0.0,0,0,0,0
514,Mathys,Tel,Tel,a,,,6.0,99,64,0.4,280,91,0.0,511,209,0,0,0,0,0,0,0,0.0,13.0,2.1,,2.5,241,95,,,200,89,58,48,94,59,110,63,9.0,,,,,,,0.17,0.16,0.33,1.17,0.0,0.2,1.55,0.88,7.49,1,0,0,0,0,0,0,0,0,0,0,0,0,0,0,0,0,0,0,0.0,0.0,0.0,0.0,0.0,0.0,0.0,0.0,0,0,0,0
515,James,Maddison,Maddison,a,,,6.5,34,22,1.8,138,44,0.0,526,220,0,0,0,0,0,0,0,0.0,0.5,2.3,,1.0,389,184,,,385,180,344,172,319,162,368,171,,,,,,,,0.56,0.16,0.72,1.72,0.0,0.0,0.0,0.0,13.24,1,0,0,0,0,0,0,0,0,0,0,0,0,0,0,0,0,0,0,0.0,0.0,0.0,0.0,0.0,0.0,0.0,0.0,0,0,0,0
516,Rodrigo,Bentancur,Bentancur,a,,,5.5,132,82,0.2,388,147,0.0,382,131,0,0,0,0,0,0,0,0.0,15.6,2.0,,3.3,130,52,,,174,71,172,114,212,117,206,103,,,,,,,,0.03,0.04,0.07,1.13,0.0,0.38,1.2,1.1,13.31,1,0,0,0,0,0,0,0,0,0,0,0,0,0,0,0,0,0,0,0.0,0.0,0.0,0.0,0.0,0.0,0.0,0.0,0,0,0,0
517,Wilson,Odobert,Odobert,i,Knee injury - Unknown return date,,5.5,205,129,0.0,576,256,0.0,455,178,0,0,0,0,0,0,0,0.0,8.4,0.0,,1.9,295,127,0.0,,270,125,129,88,128,73,205,102,,,,,,,,0.18,0.11,0.29,1.32,0.0,0.19,1.2,0.93,7.13,1,0,0,0,0,0,0,0,0,0,0,0,0,0,0,0,0,0,0,0.0,0.0,0.0,0.0,0.0,0.0,0.0,0.0,0,0,0,0
518,Pape Matar,Sarr,P.M.Sarr,a,,,5.0,313,184,0.4,288,96,0.0,292,74,0,0,0,0,0,0,0,0.0,14.2,1.5,,2.7,206,79,,,182,76,178,119,191,105,203,101,,,,,,,,0.11,0.07,0.18,1.73,0.0,0.19,1.49,0.84,11.87,1,0,0,0,0,0,0,0,0,0,0,0,0,0,0,0,0,0,0,0.0,0.0,0.0,0.0,0.0,0.0,0.0,0.0,0,0,0,0
519,Conor,Gallagher,Gallagher,a,,,5.5,146,90,0.3,324,114,0.0,396,139,0,0,0,0,0,0,0,0.0,8.0,2.0,,2.8,197,74,,,256,116,163,109,194,107,235,121,,,,,,,,0.09,0.05,0.14,1.45,0.0,0.15,1.75,1.07,9.43,1,0,0,0,0,0,0,0,0,0,0,0,0,0,0,0,0,0,0,0.0,0.0,0.0,0.0,0.0,0.0,0.0,0.0,0,0,0,0
520,Lucas,Bergvall,Bergvall,a,,,5.5,207,131,0.2,369,134,0.0,457,180,0,0,0,0,0,0,0,0.0,8.9,2.0,,2.1,279,120,,,267,123,235,138,196,108,267,129,,,,,,,,0.12,0.04,0.16,1.29,0.0,0.28,1.7,1.04,7.45,1,0,0,0,0,0,0,0,0,0,0,0,0,0,0,0,0,0,0,0.0,0.0,0.0,0.0,0.0,0.0,0.0,0.0,0,0,0,0
521,Dejan,Kulusevski,Kulusevski,i,Knee injury - Unknown return date,,6.5,46,33,0.0,563,246,0.0,538,231,0,0,0,0,0,0,0,0.0,0.0,0.0,,0.0,574,254,0.0,,574,254,574,254,574,254,574,254,,,,,,,,0.0,0.0,0.0,0.0,0.0,0.0,0.0,0.0,0.0,1,0,0,0,0,0,0,0,0,0,0,0,0,0,0,0,0,0,0,0.0,0.0,0.0,0.0,0.0,0.0,0.0,0.0,0,0,0,0
522,Archie,Gray,Gray,a,,,5.0,356,213,0.2,334,119,0.0,335,103,0,0,0,0,0,0,0,0.0,12.2,1.5,,2.5,233,90,,,220,97,209,132,190,104,234,120,,,,,,,,0.09,0.08,0.17,1.52,0.0,0.31,1.71,1.1,8.08,1,0,0,0,0,0,0,0,0,0,0,0,0,0,0,0,0,0,0,0.0,0.0,0.0,0.0,0.0,0.0,0.0,0.0,0,0,0,0
523,Mikey,Moore,Moore,a,,,5.0,332,193,0.1,447,181,0.0,311,83,0,0,0,0,0,0,0,0.0,0.0,1.5,,0.0,530,222,,,530,222,529,222,526,221,530,222,,,,,,,,0.0,0.0,0.0,0.0,0.0,0.0,0.0,0.0,0.0,1,0,0,0,0,0,0,0,0,0,0,0,0,0,0,0,0,0,0,0.0,0.0,0.0,0.0,0.0,0.0,0.0,0.0,0,0,0,0
524,Callum,Olusesi,Olusesi,a,,,4.5,467,245,0.9,202,69,0.0,153,14,0,0,0,0,0,0,0,0.0,0.2,1.0,,1.0,363,165,,,392,184,367,183,455,191,394,186,,,,,,,,0.0,0.06,0.06,4.82,0.0,0.0,0.0,0.0,12.86,1,0,0,0,0,0,0,0,0,0,0,0,0,0,0,0,0,0,0,0.0,0.0,0.0,0.0,0.0,0.0,0.0,0.0,0,0,0,0
525,Mateus,Fernandes,Fernandes,a,,,6.0,103,67,3.1,101,34,0.0,515,212,0,0,0,0,0,0,0,0.0,22.5,2.1,,3.8,74,33,,,59,16,30,29,171,90,55,35,,,,,,,,0.06,0.09,0.15,1.44,0.0,0.24,1.49,1.04,11.01,1,0,0,0,0,0,0,0,0,0,0,0,0,0,0,0,0,0,0,0.0,0.0,0.0,0.0,0.0,0.0,0.0,0.0,0,0,0,0
526,Dominic,Solanke-Mitchell,Solanke,a,,,6.0,61,15,2.4,115,17,0.0,473,45,0,0,0,0,0,0,0,0.0,6.7,2.0,,2.7,214,22,,,248,23,249,28,81,23,217,23,,,1.0,,,,,0.27,0.03,0.3,1.61,0.0,0.0,1.9,0.99,6.41,1,0,0,0,0,0,0,0,0,0,0,0,0,0,0,0,0,0,0,0.0,0.0,0.0,0.0,0.0,0.0,0.0,0.0,0,0,0,0
527,Richarlison,de Andrade,Richarlison,a,,,6.0,71,18,2.0,130,20,0.0,483,48,0,0,0,0,0,0,0,0.0,19.8,2.0,,3.7,80,7,,,75,6,144,13,13,6,39,7,,,4.0,,,,,0.4,0.07,0.47,1.18,0.0,0.32,1.24,0.92,6.77,1,0,0,0,0,0,0,0,0,0,0,0,0,0,0,0,0,0,0,0.0,0.0,0.0,0.0,0.0,0.0,0.0,0.0,0,0,0,0
528,Dane,Scarlett,Scarlett,a,,,4.5,462,58,1.7,142,24,0.0,148,1,0,0,0,0,0,0,0,0.0,0.4,1.0,,1.0,362,42,,,390,45,356,44,350,45,386,44,,,,,,,,0.0,0.13,0.13,0.39,0.0,0.0,0.0,0.0,12.86,1,0,0,0,0,0,0,0,0,0,0,0,0,0,0,0,0,0,0,0.0,0.0,0.0,0.0,0.0,0.0,0.0,0.0,0,0,0,0
529,Robin,Roefs,Roefs,a,,,5.0,330,18,5.0,73,10,0.0,309,59,0,0,0,0,0,0,0,0.0,27.2,2.6,,3.9,66,6,,,16,5,283,2,525,61,146,4,,,,,,,,0.0,0.0,0.0,1.43,3.11,0.29,1.31,1.0,0.0,1,0,0,0,0,0,0,0,0,0,0,0,0,0,0,0,0,0,0,0.0,0.0,0.0,0.0,0.0,0.0,0.0,0.0,0,0,0,0
530,Anthony,Patterson,Patterson,a,,,4.0,541,56,1.0,193,28,0.0,31,12,0,0,0,0,0,0,0,0.0,0.0,1.0,,0.0,425,41,,,419,41,404,25,385,16,421,41,,,,,,,,0.0,0.0,0.0,0.0,0.0,0.0,0.0,0.0,0.0,1,0,0,0,0,0,0,0,0,0,0,0,0,0,0,0,0,0,0,0.0,0.0,0.0,0.0,0.0,0.0,0.0,0.0,0,0,0,0
531,Melker,Ellborg,Ellborg,a,,,4.5,473,41,0.1,419,49,0.0,159,42,0,0,0,0,0,0,0,0.0,3.6,1.9,,5.3,6,2,,,317,27,472,52,460,46,350,27,,,,,,,,0.0,0.01,0.01,1.37,3.33,0.33,0.67,1.0,0.0,1,0,0,0,0,0,0,0,0,0,0,0,0,0,0,0,0,0,0,0.0,0.0,0.0,0.0,0.0,0.0,0.0,0.0,0,0,0,0
532,Daniel,Ballard,Ballard,a,,,5.0,272,49,4.1,83,33,0.0,251,131,0,0,0,0,0,0,0,0.0,23.2,2.2,,4.0,52,20,,,57,24,183,47,72,8,86,22,,,,,,,,0.1,0.03,0.13,1.39,0.0,0.25,1.47,1.01,11.08,1,0,0,0,0,0,0,0,0,0,0,0,0,0,0,0,0,0,0,0.0,0.0,0.0,0.0,0.0,0.0,0.0,0.0,0,0,0,0
533,Nordi,Mukiele,Mukiele,d,Knock - 75% chance of playing,,5.5,131,14,5.8,66,26,0.0,381,160,0,0,0,0,0,0,0,0.0,27.5,1.9,,4.7,16,4,75.0,,38,15,97,24,123,23,72,15,,,,,,,,0.05,0.09,0.14,1.45,0.0,0.29,1.29,1.03,8.83,1,0,0,0,0,0,0,0,0,0,0,0,0,0,0,0,0,0,0,0.0,0.0,0.0,0.0,0.0,0.0,0.0,0.0,0,0,0,0
534,Trai,Hume,Hume,a,,,4.5,460,124,4.2,81,32,0.0,146,97,0,0,0,0,0,0,0,0.0,24.4,1.7,,2.9,183,76,,,94,43,68,15,116,20,88,23,5.0,,,,,,,0.07,0.06,0.13,1.4,0.0,0.27,1.25,1.01,6.03,1,0,0,0,0,0,0,0,0,0,0,0,0,0,0,0,0,0,0,0.0,0.0,0.0,0.0,0.0,0.0,0.0,0.0,0,0,0,0
535,Omar,Alderete,Alderete,d,Knock - 75% chance of playing,,5.0,250,40,0.9,199,72,0.0,229,122,0,0,0,0,0,0,0,0.0,25.0,1.6,,3.8,70,26,75.0,,36,14,208,55,108,18,94,26,,,,,,,,0.05,0.03,0.08,1.43,0.0,0.32,1.29,1.03,10.04,1,0,0,0,0,0,0,0,0,0,0,0,0,0,0,0,0,0,0,0.0,0.0,0.0,0.0,0.0,0.0,0.0,0.0,0,0,0,0
536,Reinildo,Mandava,Reinildo,a,,,4.5,442,114,0.5,259,97,0.0,128,87,0,0,0,0,0,0,0,0.0,16.4,1.7,,3.0,168,71,,,160,65,217,60,285,95,236,74,,,,,,,,0.01,0.03,0.04,1.22,0.0,0.27,1.24,1.05,7.51,1,0,0,0,0,0,0,0,0,0,0,0,0,0,0,0,0,0,0,0.0,0.0,0.0,0.0,0.0,0.0,0.0,0.0,0,0,0,0
537,Jenson,Seelt,Seelt,a,,,4.5,475,129,0.0,552,184,0.0,161,102,0,0,0,0,0,0,0,0.0,0.4,1.7,,1.0,365,127,,,346,121,363,128,461,177,366,126,,,,,,,,0.0,0.01,0.01,0.9,0.0,0.0,1.35,0.68,8.12,1,0,0,0,0,0,0,0,0,0,0,0,0,0,0,0,0,0,0,0.0,0.0,0.0,0.0,0.0,0.0,0.0,0.0,0,0,0,0
538,Leo Fuhr,Hjelde,Hjelde,a,,,4.0,554,169,0.3,300,110,0.0,44,28,0,0,0,0,0,0,0,0.0,0.0,1.0,,0.0,438,158,,,432,157,417,156,398,152,434,157,,,,,,,,0.0,0.0,0.0,0.0,0.0,0.0,0.0,0.0,0.0,1,0,0,0,0,0,0,0,0,0,0,0,0,0,0,0,0,0,0,0.0,0.0,0.0,0.0,0.0,0.0,0.0,0.0,0,0,0,0
539,Luke,O'Nien,O'Nien,a,,,4.0,525,148,2.5,111,44,0.0,15,7,0,0,0,0,0,0,0,0.0,6.5,1.0,,2.2,262,101,,,301,107,314,109,284,94,317,108,,,,,,,,0.02,0.02,0.04,1.47,0.0,0.32,1.12,0.8,6.85,1,0,0,0,0,0,0,0,0,0,0,0,0,0,0,0,0,0,0,0.0,0.0,0.0,0.0,0.0,0.0,0.0,0.0,0,0,0,0
540,Arthur,Masuaku,Masuaku,a,,,4.0,518,143,1.5,160,61,0.0,8,2,0,0,0,0,0,0,0,0.0,0.2,1.0,,0.3,399,134,,,356,124,324,113,332,120,357,121,,,,,,,,0.05,0.06,0.11,1.5,0.0,0.0,1.44,1.44,7.2,1,0,0,0,0,0,0,0,0,0,0,0,0,0,0,0,0,0,0,0.0,0.0,0.0,0.0,0.0,0.0,0.0,0.0,0,0,0,0
541,Thomas,Meunier,Meunier,a,,,4.5,388,77,0.5,268,102,0.0,74,50,0,0,0,0,0,0,0,0.0,0.0,1.7,,0.0,455,170,,,450,170,439,170,422,168,452,170,,,,,,,,0.0,0.0,0.0,0.0,0.0,0.0,0.0,0.0,0.0,1,0,0,0,0,0,0,0,0,0,0,0,0,0,0,0,0,0,0,0.0,0.0,0.0,0.0,0.0,0.0,0.0,0.0,0,0,0,0
542,Enzo,Le Fée,E.Le Fée,a,,,6.0,94,59,12.9,33,9,0.0,506,204,0,0,0,0,0,0,0,0.0,24.5,2.1,,4.1,48,22,,,41,11,16,15,87,54,28,22,6.0,2.0,2.0,,,,,0.16,0.18,0.34,1.43,0.0,0.31,1.32,1.01,9.8,1,0,0,0,0,0,0,0,0,0,0,0,0,0,0,0,0,0,0,0.0,0.0,0.0,0.0,0.0,0.0,0.0,0.0,0,0,0,0
543,Habib,Diarra,Diarra,a,,,5.5,201,125,0.1,429,173,0.0,451,174,0,0,0,0,0,0,0,0.0,11.8,2.0,,3.2,150,59,,,266,122,201,129,127,72,237,122,,,1.0,,,,,0.21,0.05,0.26,1.38,0.0,0.32,1.22,0.96,5.07,1,0,0,0,0,0,0,0,0,0,0,0,0,0,0,0,0,0,0,0.0,0.0,0.0,0.0,0.0,0.0,0.0,0.0,0,0,0,0
544,Granit,Xhaka,Xhaka,a,,,5.5,113,74,5.4,70,25,0.0,363,123,0,0,0,0,0,0,0,0.0,22.5,2.0,,3.6,91,38,,,51,14,36,35,232,125,65,42,4.0,1.0,,,,,,0.03,0.12,0.15,1.42,0.0,0.28,1.21,0.99,11.23,1,0,0,0,0,0,0,0,0,0,0,0,0,0,0,0,0,0,0,0.0,0.0,0.0,0.0,0.0,0.0,0.0,0.0,0,0,0,0
545,Noah,Sadiki,Sadiki,a,,,5.0,364,219,0.4,283,93,0.0,343,109,0,0,0,0,0,0,0,0.0,16.0,1.5,,2.4,249,102,,,175,72,105,75,187,103,161,79,,,,,,,,0.04,0.05,0.09,1.29,0.0,0.28,1.31,1.03,7.72,1,0,0,0,0,0,0,0,0,0,0,0,0,0,0,0,0,0,0,0.0,0.0,0.0,0.0,0.0,0.0,0.0,0.0,0,0,0,0
546,Simon,Adingra,Adingra,a,,,5.0,348,205,0.3,314,106,0.0,327,95,0,0,0,0,0,0,0,0.0,6.8,1.5,,2.4,248,101,,,315,143,225,137,254,136,298,143,,,,,,,,0.05,0.09,0.14,1.57,0.0,0.55,1.11,1.25,6.24,1,0,0,0,0,0,0,0,0,0,0,0,0,0,0,0,0,0,0,0.0,0.0,0.0,0.0,0.0,0.0,0.0,0.0,0,0,0,0
547,Romaine,Mundle,Mundle,a,,,5.0,303,180,0.0,557,240,0.0,282,70,0,0,0,0,0,0,0,0.0,2.8,1.5,,1.0,379,175,,,349,162,303,160,262,138,327,154,,,,,,,,0.2,0.11,0.31,1.93,0.0,0.0,2.48,0.45,7.44,1,0,0,0,0,0,0,0,0,0,0,0,0,0,0,0,0,0,0,0.0,0.0,0.0,0.0,0.0,0.0,0.0,0.0,0,0,0,0
548,Chris,Rigg,Rigg,a,,,5.0,361,216,0.1,453,185,0.0,340,106,0,0,0,0,0,0,0,0.0,7.2,1.5,,2.0,287,122,,,298,137,207,131,231,124,276,134,,,,,,,,0.1,0.11,0.21,1.48,0.0,0.36,1.31,1.31,6.77,1,0,0,0,0,0,0,0,0,0,0,0,0,0,0,0,0,0,0,0.0,0.0,0.0,0.0,0.0,0.0,0.0,0.0,0,0,0,0
549,Chemsdine,Talbi,Talbi,a,,,5.5,203,127,0.2,336,120,0.0,453,176,0,0,0,0,0,0,0,0.0,15.1,2.0,,3.0,174,67,,,229,101,158,106,118,68,201,100,,,,,,,,0.12,0.07,0.19,1.29,0.0,0.41,0.81,0.93,5.33,1,0,0,0,0,0,0,0,0,0,0,0,0,0,0,0,0,0,0,0.0,0.0,0.0,0.0,0.0,0.0,0.0,0.0,0,0,0,0
550,Djiamgone Jocelin Ta,Bi,Jocelin.T,a,,,5.0,380,230,0.0,567,249,0.0,359,120,0,0,0,0,0,0,0,0.0,0.2,1.5,,1.0,386,182,,,382,178,355,176,356,181,385,181,,,,,,,,0.0,0.09,0.09,0.57,0.0,0.0,0.0,2.37,7.11,1,0,0,0,0,0,0,0,0,0,0,0,0,0,0,0,0,0,0,0.0,0.0,0.0,0.0,0.0,0.0,0.0,0.0,0,0,0,0
551,Nilson,Angulo,Angulo,a,,,5.0,350,207,0.1,479,198,0.0,329,97,0,0,0,0,0,0,0,0.0,2.6,1.5,,1.6,323,141,,,337,153,294,158,246,132,313,149,,,,,,,,0.17,0.03,0.2,1.63,0.0,0.22,1.35,1.12,7.86,1,0,0,0,0,0,0,0,0,0,0,0,0,0,0,0,0,0,0,0.0,0.0,0.0,0.0,0.0,0.0,0.0,0.0,0,0,0,0
552,Brian,Brobbey,Brobbey,a,,,6.0,82,21,17.6,20,4,0.0,494,51,0,0,0,0,0,0,0,0.0,15.3,2.0,,3.0,176,16,,,184,18,168,16,38,15,113,17,,,,,,,,0.28,0.03,0.31,1.47,0.0,0.28,1.41,1.03,3.47,1,0,0,0,0,0,0,0,0,0,0,0,0,0,0,0,0,0,0,0.0,0.0,0.0,0.0,0.0,0.0,0.0,0.0,0,0,0,0
553,Wilson,Isidor,Isidor,a,,,5.5,158,37,1.2,183,30,0.0,408,33,0,0,0,0,0,0,0,0.0,13.5,1.8,,2.3,258,27,,,225,22,310,39,49,19,195,21,,,,,,,,0.37,0.03,0.4,1.55,0.0,0.31,1.33,0.86,4.0,1,0,0,0,0,0,0,0,0,0,0,0,0,0,0,0,0,0,0,0.0,0.0,0.0,0.0,0.0,0.0,0.0,0.0,0,0,0,0
